-- Wix member import — generated 2026-02-26T18:08:37.480Z
-- Do NOT edit by hand.  Re-run import-wix-members.mjs to regenerate.


INSERT OR IGNORE INTO user (id, email, email_verified, hashed_password, name, first_name, last_name, wix_member_id, blocked, role, created_at) VALUES ('d18089bc451b4c0ca368b122637e7ccf', 'hello@janetmariefntp.com', 1, '', 'Janet Wickenheiser', 'Janet', 'Wickenheiser', NULL, 0, 'member', '2024-06-28 17:34');
INSERT OR IGNORE INTO user_label (user_id, label) VALUES ('d18089bc451b4c0ca368b122637e7ccf', 'RRM Academy Members Group member');
INSERT OR IGNORE INTO user_label (user_id, label) VALUES ('d18089bc451b4c0ca368b122637e7ccf', 'Long Term Endometriosis Management');
INSERT OR IGNORE INTO user_label (user_id, label) VALUES ('d18089bc451b4c0ca368b122637e7ccf', 'Restorative Reproductive Medicine (RRM) vs Standard ART: A New Approach to Infertility');
INSERT OR IGNORE INTO user_label (user_id, label) VALUES ('d18089bc451b4c0ca368b122637e7ccf', 'Masterclass in Endometriosis & Surgery');
INSERT OR IGNORE INTO user_label (user_id, label) VALUES ('d18089bc451b4c0ca368b122637e7ccf', 'Pre-SQSP 🪨');
INSERT OR IGNORE INTO enrollment (id, user_id, course_id, enrolled_at) VALUES ('094f7acf7cc14e419bb0dd491700eaa6', 'd18089bc451b4c0ca368b122637e7ccf', 'long-term-endo-management', '2024-06-28 17:34');
INSERT OR IGNORE INTO enrollment (id, user_id, course_id, enrolled_at) VALUES ('01fdb5c87e544acdb5a31fc633623124', 'd18089bc451b4c0ca368b122637e7ccf', 'rrm-vs-ivf', '2024-06-28 17:34');
INSERT OR IGNORE INTO enrollment (id, user_id, course_id, enrolled_at) VALUES ('15978826dcf84d749c7a565a2e700968', 'd18089bc451b4c0ca368b122637e7ccf', 'masterclass-endo-surgery', '2024-06-28 17:34');

INSERT OR IGNORE INTO user (id, email, email_verified, hashed_password, name, first_name, last_name, wix_member_id, blocked, role, created_at) VALUES ('4d7f0ae529404c359ed5ed597979f451', 'administrator+wix@rrmacademy.org', 1, '', 'RRM Academy', 'RRM', 'Academy', NULL, 0, 'member', '2024-04-25 01:16');
INSERT OR IGNORE INTO user_label (user_id, label) VALUES ('4d7f0ae529404c359ed5ed597979f451', 'RRM Academy Members Group member');
INSERT OR IGNORE INTO user_label (user_id, label) VALUES ('4d7f0ae529404c359ed5ed597979f451', 'Long Term Endometriosis Management');
INSERT OR IGNORE INTO user_label (user_id, label) VALUES ('4d7f0ae529404c359ed5ed597979f451', 'Postpartum Depression & Anxiety: a restorative approach to recovery');
INSERT OR IGNORE INTO user_label (user_id, label) VALUES ('4d7f0ae529404c359ed5ed597979f451', 'Masterclass Members Group member');
INSERT OR IGNORE INTO user_label (user_id, label) VALUES ('4d7f0ae529404c359ed5ed597979f451', 'Save the Uterus Club Group member');
INSERT OR IGNORE INTO user_label (user_id, label) VALUES ('4d7f0ae529404c359ed5ed597979f451', 'Restorative Reproductive Medicine (RRM) vs Standard ART: A New Approach to Infertility');
INSERT OR IGNORE INTO user_label (user_id, label) VALUES ('4d7f0ae529404c359ed5ed597979f451', 'PCOS Masterclass Members Group member');
INSERT OR IGNORE INTO user_label (user_id, label) VALUES ('4d7f0ae529404c359ed5ed597979f451', 'Masterclass in Endometriosis & Surgery');
INSERT OR IGNORE INTO enrollment (id, user_id, course_id, enrolled_at) VALUES ('d66012776594499f86c5cfc6a1955e77', '4d7f0ae529404c359ed5ed597979f451', 'long-term-endo-management', '2024-04-25 01:16');
INSERT OR IGNORE INTO enrollment (id, user_id, course_id, enrolled_at) VALUES ('f04761faf5e54adba7b1ed33ff3b3c99', '4d7f0ae529404c359ed5ed597979f451', 'postpartum-depression-anxiety', '2024-04-25 01:16');
INSERT OR IGNORE INTO enrollment (id, user_id, course_id, enrolled_at) VALUES ('e78c1713166b4bd0b23fb3f5974ba124', '4d7f0ae529404c359ed5ed597979f451', 'rrm-vs-ivf', '2024-04-25 01:16');
INSERT OR IGNORE INTO enrollment (id, user_id, course_id, enrolled_at) VALUES ('57af64e02c8140d39f240e143ae040d9', '4d7f0ae529404c359ed5ed597979f451', 'masterclass-endo-surgery', '2024-04-25 01:16');

INSERT OR IGNORE INTO user (id, email, email_verified, hashed_password, name, first_name, last_name, wix_member_id, blocked, role, created_at) VALUES ('710134def83240b7b47b22a9c9579c0c', 'naomimwhittaker@gmail.com', 1, '', 'Naomi Whittaker, MD', 'Naomi', 'Whittaker, MD', NULL, 0, 'member', '2024-06-18 23:12');
INSERT OR IGNORE INTO user_label (user_id, label) VALUES ('710134def83240b7b47b22a9c9579c0c', 'Donor 👏');
INSERT OR IGNORE INTO user_label (user_id, label) VALUES ('710134def83240b7b47b22a9c9579c0c', 'EndoSelfSurvey 📋');
INSERT OR IGNORE INTO user_label (user_id, label) VALUES ('710134def83240b7b47b22a9c9579c0c', 'RRM Academy Members Group member');
INSERT OR IGNORE INTO user_label (user_id, label) VALUES ('710134def83240b7b47b22a9c9579c0c', 'Customers');
INSERT OR IGNORE INTO user_label (user_id, label) VALUES ('710134def83240b7b47b22a9c9579c0c', 'Save the Uterus Club 🏷️');
INSERT OR IGNORE INTO user_label (user_id, label) VALUES ('710134def83240b7b47b22a9c9579c0c', 'Masterclass Members Group member');
INSERT OR IGNORE INTO user_label (user_id, label) VALUES ('710134def83240b7b47b22a9c9579c0c', 'Uterus Super Hero 🦸‍♀️');
INSERT OR IGNORE INTO user_label (user_id, label) VALUES ('710134def83240b7b47b22a9c9579c0c', 'SQSP ◼️');
INSERT OR IGNORE INTO user_label (user_id, label) VALUES ('710134def83240b7b47b22a9c9579c0c', 'Save the Uterus Club Group member');
INSERT OR IGNORE INTO user_label (user_id, label) VALUES ('710134def83240b7b47b22a9c9579c0c', 'Restorative Reproductive Medicine (RRM) vs Standard ART: A New Approach to Infertility');
INSERT OR IGNORE INTO user_label (user_id, label) VALUES ('710134def83240b7b47b22a9c9579c0c', 'Masterclass in Endometriosis & Surgery');
INSERT OR IGNORE INTO user_label (user_id, label) VALUES ('710134def83240b7b47b22a9c9579c0c', 'Circle of Impact 📥');
INSERT OR IGNORE INTO enrollment (id, user_id, course_id, enrolled_at) VALUES ('7452e0b6aaae43b0b385b92a14fdd6f2', '710134def83240b7b47b22a9c9579c0c', 'rrm-vs-ivf', '2024-06-18 23:12');
INSERT OR IGNORE INTO enrollment (id, user_id, course_id, enrolled_at) VALUES ('8ca45c0487664a5ca520a55191d25c1a', '710134def83240b7b47b22a9c9579c0c', 'masterclass-endo-surgery', '2024-06-18 23:12');

INSERT OR IGNORE INTO user (id, email, email_verified, hashed_password, name, first_name, last_name, wix_member_id, blocked, role, created_at) VALUES ('33afe7980f8642ddb568a9b928618a82', 'administrator+test@rrmacademy.org', 1, '', '', '', '', NULL, 0, 'member', '2024-06-13 13:00');

INSERT OR IGNORE INTO user (id, email, email_verified, hashed_password, name, first_name, last_name, wix_member_id, blocked, role, created_at) VALUES ('ac19c03ffc794f32aec369b00ec841f4', '5047c79d-cb83-4cb5-a92d-78f0e14e8016@offline-members-wix.com', 1, '', 'Naomi Whittaker, MD', 'Naomi Whittaker, MD', '', NULL, 0, 'member', '2024-04-25 15:08');

INSERT OR IGNORE INTO user (id, email, email_verified, hashed_password, name, first_name, last_name, wix_member_id, blocked, role, created_at) VALUES ('56e9c01333034249b8ca677d57032bdf', 'nomiking0072012@gmail.com', 1, '', 'Muhammad Nouman Attique', 'Muhammad Nouman', 'Attique', NULL, 0, 'member', '2024-07-16 19:45');

INSERT OR IGNORE INTO user (id, email, email_verified, hashed_password, name, first_name, last_name, wix_member_id, blocked, role, created_at) VALUES ('24942b64a4024519a49a9aa815ca4030', 'kendalfertility@gmail.com', 1, '', 'Kendal Fraser ''- Reproductive Health Education', 'Kendal Fraser', '''- Reproductive Health Education', NULL, 0, 'member', '2024-07-13 23:59');
INSERT OR IGNORE INTO user_label (user_id, label) VALUES ('24942b64a4024519a49a9aa815ca4030', 'RRM Academy Members Group member');
INSERT OR IGNORE INTO user_label (user_id, label) VALUES ('24942b64a4024519a49a9aa815ca4030', 'Long Term Endometriosis Management');
INSERT OR IGNORE INTO user_label (user_id, label) VALUES ('24942b64a4024519a49a9aa815ca4030', 'Masterclass Members Group member');
INSERT OR IGNORE INTO user_label (user_id, label) VALUES ('24942b64a4024519a49a9aa815ca4030', 'Masterclass in Endometriosis and Surgery');
INSERT OR IGNORE INTO user_label (user_id, label) VALUES ('24942b64a4024519a49a9aa815ca4030', 'Masterclass in Endometriosis & Surgery');
INSERT OR IGNORE INTO enrollment (id, user_id, course_id, enrolled_at) VALUES ('c30d478b6e3d46caa6776a90ab4bf3ab', '24942b64a4024519a49a9aa815ca4030', 'long-term-endo-management', '2024-07-13 23:59');
INSERT OR IGNORE INTO enrollment (id, user_id, course_id, enrolled_at) VALUES ('893578d431944a9d847f69e1cde33053', '24942b64a4024519a49a9aa815ca4030', 'masterclass-endo-surgery', '2024-07-13 23:59');

INSERT OR IGNORE INTO user (id, email, email_verified, hashed_password, name, first_name, last_name, wix_member_id, blocked, role, created_at) VALUES ('09e0af26b3524e06a35cc8079f0d14b5', 'sidrahafeez.covers@gmail.com', 1, '', 'Sidra Covers', 'Sidra', 'Covers', NULL, 0, 'member', '2024-07-15 22:02');

INSERT OR IGNORE INTO user (id, email, email_verified, hashed_password, name, first_name, last_name, wix_member_id, blocked, role, created_at) VALUES ('200cd6039756419d819c0ffc837597ab', 'kathleen.copeland@gmail.com', 1, '', '', '', '', NULL, 0, 'member', '2024-07-03 15:44');
INSERT OR IGNORE INTO user_label (user_id, label) VALUES ('200cd6039756419d819c0ffc837597ab', 'Restorative Reproductive Medicine (RRM) vs Standard ART: A New Approach to Infertility');
INSERT OR IGNORE INTO user_label (user_id, label) VALUES ('200cd6039756419d819c0ffc837597ab', 'RRM Academy Members Group member');
INSERT OR IGNORE INTO user_label (user_id, label) VALUES ('200cd6039756419d819c0ffc837597ab', 'Research Sub 🧪');
INSERT OR IGNORE INTO enrollment (id, user_id, course_id, enrolled_at) VALUES ('fce01fac59ab435fa7299af12b4e5eff', '200cd6039756419d819c0ffc837597ab', 'rrm-vs-ivf', '2024-07-03 15:44');

INSERT OR IGNORE INTO user (id, email, email_verified, hashed_password, name, first_name, last_name, wix_member_id, blocked, role, created_at) VALUES ('c8c14bbb481d4e969067ca02ec5e9486', 'kirstenwhite04@gmail.com', 1, '', 'Kirsten Kuchta', 'Kirsten', 'Kuchta', NULL, 0, 'member', '2024-07-29 19:21');

INSERT OR IGNORE INTO user (id, email, email_verified, hashed_password, name, first_name, last_name, wix_member_id, blocked, role, created_at) VALUES ('be42956d48634d5c90ecea86968bd5ec', 'canned_husky@hotmail.co.uk', 1, '', 'Anna Hop', 'Anna', 'Hop', NULL, 0, 'member', '2024-07-30 13:23');

INSERT OR IGNORE INTO user (id, email, email_verified, hashed_password, name, first_name, last_name, wix_member_id, blocked, role, created_at) VALUES ('82af798e46644c05b78e6ba26f6265c5', 'lemccarthy690679@gmail.com', 1, '', 'Lauren McCarthy', 'Lauren', 'McCarthy', NULL, 0, 'member', '2024-07-31 17:11');

INSERT OR IGNORE INTO user (id, email, email_verified, hashed_password, name, first_name, last_name, wix_member_id, blocked, role, created_at) VALUES ('a34263de49174d41ab57624b5269e2ed', 'kpmiller112@gmail.com', 1, '', '', '', '', NULL, 0, 'member', '2024-08-04 23:01');

INSERT OR IGNORE INTO user (id, email, email_verified, hashed_password, name, first_name, last_name, wix_member_id, blocked, role, created_at) VALUES ('58b6ea56485d44abb4ff02dcace1b6ce', 'anniekleiny@gmail.com', 1, '', 'Ann Kleinschmidt', 'Ann', 'Kleinschmidt', NULL, 0, 'member', '2024-07-25 20:56');
INSERT OR IGNORE INTO user_label (user_id, label) VALUES ('58b6ea56485d44abb4ff02dcace1b6ce', 'Restorative Reproductive Medicine (RRM) vs Standard ART: A New Approach to Infertility');
INSERT OR IGNORE INTO user_label (user_id, label) VALUES ('58b6ea56485d44abb4ff02dcace1b6ce', 'RRM Academy Members Group member');
INSERT OR IGNORE INTO user_label (user_id, label) VALUES ('58b6ea56485d44abb4ff02dcace1b6ce', 'Postpartum Depression & Anxiety: a restorative approach to recovery');
INSERT OR IGNORE INTO enrollment (id, user_id, course_id, enrolled_at) VALUES ('ec55897ff70345e8bd753b7a317babf0', '58b6ea56485d44abb4ff02dcace1b6ce', 'rrm-vs-ivf', '2024-07-25 20:56');
INSERT OR IGNORE INTO enrollment (id, user_id, course_id, enrolled_at) VALUES ('403ad017ebca4b88b0ae465ffddb33c9', '58b6ea56485d44abb4ff02dcace1b6ce', 'postpartum-depression-anxiety', '2024-07-25 20:56');

INSERT OR IGNORE INTO user (id, email, email_verified, hashed_password, name, first_name, last_name, wix_member_id, blocked, role, created_at) VALUES ('e8897676625c4763a6902e5b3b1a9fbc', 'ebetterini@gmail.com', 1, '', 'Eve Betterini', 'Eve', 'Betterini', NULL, 0, 'member', '2024-08-05 10:53');

INSERT OR IGNORE INTO user (id, email, email_verified, hashed_password, name, first_name, last_name, wix_member_id, blocked, role, created_at) VALUES ('17d757eeffa04e609fb27b85fa434c73', 'jackiecoseglia@aol.com', 1, '', '', '', '', NULL, 0, 'member', '2024-08-05 15:54');

INSERT OR IGNORE INTO user (id, email, email_verified, hashed_password, name, first_name, last_name, wix_member_id, blocked, role, created_at) VALUES ('aea21134d29949a4a7ef8a08a0556898', 'theindytutor@gmail.com', 1, '', 'Ameetha Widdershins', 'Ameetha', 'Widdershins', NULL, 0, 'member', '2024-07-31 21:52');

INSERT OR IGNORE INTO user (id, email, email_verified, hashed_password, name, first_name, last_name, wix_member_id, blocked, role, created_at) VALUES ('54df7ed9ed0f4c778b8b94117e7aec67', 'kyzr@live.com', 1, '', '', '', '', NULL, 0, 'member', '2024-07-27 23:55');
INSERT OR IGNORE INTO user_label (user_id, label) VALUES ('54df7ed9ed0f4c778b8b94117e7aec67', 'Restorative Reproductive Medicine (RRM) vs Standard ART: A New Approach to Infertility');
INSERT OR IGNORE INTO user_label (user_id, label) VALUES ('54df7ed9ed0f4c778b8b94117e7aec67', 'RRM Academy Members Group member');
INSERT OR IGNORE INTO enrollment (id, user_id, course_id, enrolled_at) VALUES ('3abbf23acc404db5aaa7f12cc2308e9e', '54df7ed9ed0f4c778b8b94117e7aec67', 'rrm-vs-ivf', '2024-07-27 23:55');

INSERT OR IGNORE INTO user (id, email, email_verified, hashed_password, name, first_name, last_name, wix_member_id, blocked, role, created_at) VALUES ('4046633f12c14d3a856f7fb80b59fac4', 'mcrutch13@yahoo.com', 1, '', '', '', '', NULL, 0, 'member', '2024-07-28 17:46');

INSERT OR IGNORE INTO user (id, email, email_verified, hashed_password, name, first_name, last_name, wix_member_id, blocked, role, created_at) VALUES ('daad674729474bcc955486d9d7ebbd1b', 'ameward5@gmail.com', 1, '', '', '', '', NULL, 0, 'member', '2024-08-01 15:17');

INSERT OR IGNORE INTO user (id, email, email_verified, hashed_password, name, first_name, last_name, wix_member_id, blocked, role, created_at) VALUES ('1068aedcc7d34a5db11b62dd47db9126', 'slreid06@gmail.com', 1, '', '', '', '', NULL, 0, 'member', '2024-08-01 15:37');

INSERT OR IGNORE INTO user (id, email, email_verified, hashed_password, name, first_name, last_name, wix_member_id, blocked, role, created_at) VALUES ('6895fd345ccc47f5b3443d106cca3ab0', 'featheredgypsy@gmail.com', 1, '', '', '', '', NULL, 0, 'member', '2024-07-31 12:08');

INSERT OR IGNORE INTO user (id, email, email_verified, hashed_password, name, first_name, last_name, wix_member_id, blocked, role, created_at) VALUES ('565436618bc84b67b0afd6cd2b660741', 'alanamcg1@yahoo.com', 1, '', '', '', '', NULL, 0, 'member', '2024-07-29 16:03');

INSERT OR IGNORE INTO user (id, email, email_verified, hashed_password, name, first_name, last_name, wix_member_id, blocked, role, created_at) VALUES ('7f2b2559836546de80ec36f69fccddb5', 'kdyoder7@gmail.com', 1, '', 'Kimmy Y', 'Kimmy', 'Y', NULL, 0, 'member', '2024-08-04 19:50');

INSERT OR IGNORE INTO user (id, email, email_verified, hashed_password, name, first_name, last_name, wix_member_id, blocked, role, created_at) VALUES ('38d03498e9d64cbeaad746ede0df5b48', 'zivanovic.jovana@gmail.com', 1, '', '', '', '', NULL, 0, 'member', '2024-08-01 23:19');

INSERT OR IGNORE INTO user (id, email, email_verified, hashed_password, name, first_name, last_name, wix_member_id, blocked, role, created_at) VALUES ('57bca58bb9e945c4b87b19b48c893c5a', 'cecilie.bwinkelmann@gmail.con', 1, '', '', '', '', NULL, 0, 'member', '2024-07-29 06:14');

INSERT OR IGNORE INTO user (id, email, email_verified, hashed_password, name, first_name, last_name, wix_member_id, blocked, role, created_at) VALUES ('2cded9840f2f4374bad95d85de34cb91', 'restorativereproductivemed@gmail.com', 1, '', 'RRM Academy Administrator', 'RRM Academy', 'Administrator', NULL, 0, 'member', '2024-07-29 16:23');
INSERT OR IGNORE INTO user_label (user_id, label) VALUES ('2cded9840f2f4374bad95d85de34cb91', 'Donor 👏');
INSERT OR IGNORE INTO user_label (user_id, label) VALUES ('2cded9840f2f4374bad95d85de34cb91', 'RRM Academy Members Group member');
INSERT OR IGNORE INTO user_label (user_id, label) VALUES ('2cded9840f2f4374bad95d85de34cb91', 'Customers');
INSERT OR IGNORE INTO user_label (user_id, label) VALUES ('2cded9840f2f4374bad95d85de34cb91', 'Save the Uterus Club 🏷️');
INSERT OR IGNORE INTO user_label (user_id, label) VALUES ('2cded9840f2f4374bad95d85de34cb91', 'Restorative Reproductive Medicine (RRM) vs Standard ART: A New Approach to Infertility');
INSERT OR IGNORE INTO enrollment (id, user_id, course_id, enrolled_at) VALUES ('e71ece43bac4461c81a1d52a548a0878', '2cded9840f2f4374bad95d85de34cb91', 'rrm-vs-ivf', '2024-07-29 16:23');

INSERT OR IGNORE INTO user (id, email, email_verified, hashed_password, name, first_name, last_name, wix_member_id, blocked, role, created_at) VALUES ('18fef0f68b0f43bca7d3fc8fcfe5b47a', 'cullen.lauren@outlook.com', 1, '', '', '', '', NULL, 0, 'member', '2024-07-31 01:58');

INSERT OR IGNORE INTO user (id, email, email_verified, hashed_password, name, first_name, last_name, wix_member_id, blocked, role, created_at) VALUES ('85bed0193d484e0ca3f674b8303810e9', 'rachel.bouwhuis@gmail.com', 1, '', '', '', '', NULL, 0, 'member', '2024-07-24 13:18');
INSERT OR IGNORE INTO user_label (user_id, label) VALUES ('85bed0193d484e0ca3f674b8303810e9', 'Long Term Endometriosis Management');
INSERT OR IGNORE INTO user_label (user_id, label) VALUES ('85bed0193d484e0ca3f674b8303810e9', 'Restorative Reproductive Medicine (RRM) vs Standard ART: A New Approach to Infertility');
INSERT OR IGNORE INTO user_label (user_id, label) VALUES ('85bed0193d484e0ca3f674b8303810e9', 'Masterclass in Endometriosis & Surgery');
INSERT OR IGNORE INTO enrollment (id, user_id, course_id, enrolled_at) VALUES ('bf8ca78398c94c87916e2e6cf37025fc', '85bed0193d484e0ca3f674b8303810e9', 'long-term-endo-management', '2024-07-24 13:18');
INSERT OR IGNORE INTO enrollment (id, user_id, course_id, enrolled_at) VALUES ('1f1336f3979049de8114289eb6c09c08', '85bed0193d484e0ca3f674b8303810e9', 'rrm-vs-ivf', '2024-07-24 13:18');
INSERT OR IGNORE INTO enrollment (id, user_id, course_id, enrolled_at) VALUES ('74b1a455f9d7462a9a9a394de0b03f1b', '85bed0193d484e0ca3f674b8303810e9', 'masterclass-endo-surgery', '2024-07-24 13:18');

INSERT OR IGNORE INTO user (id, email, email_verified, hashed_password, name, first_name, last_name, wix_member_id, blocked, role, created_at) VALUES ('5989c2e207714e3487f7108e1b00f170', 'brieconb@gmail.com', 1, '', 'Brie', 'Brie', '', NULL, 0, 'member', '2024-08-05 14:24');

INSERT OR IGNORE INTO user (id, email, email_verified, hashed_password, name, first_name, last_name, wix_member_id, blocked, role, created_at) VALUES ('38d7076a22f24fd6b017d5efb03baeec', 'cassie-jones@cox.net', 1, '', '', '', '', NULL, 0, 'member', '2024-08-05 04:16');

INSERT OR IGNORE INTO user (id, email, email_verified, hashed_password, name, first_name, last_name, wix_member_id, blocked, role, created_at) VALUES ('14da3909e56340a993119bcc2bf6b90c', 'cynthiatirso@gmail.com', 1, '', 'Cynthia Fagelman', 'Cynthia', 'Fagelman', NULL, 0, 'member', '2024-09-13 18:25');
INSERT OR IGNORE INTO user_label (user_id, label) VALUES ('14da3909e56340a993119bcc2bf6b90c', 'Donor 👏');
INSERT OR IGNORE INTO user_label (user_id, label) VALUES ('14da3909e56340a993119bcc2bf6b90c', 'Customers');
INSERT OR IGNORE INTO user_label (user_id, label) VALUES ('14da3909e56340a993119bcc2bf6b90c', 'Save the Uterus Club 🏷️');
INSERT OR IGNORE INTO user_label (user_id, label) VALUES ('14da3909e56340a993119bcc2bf6b90c', 'Save the Uterus Club Group member');
INSERT OR IGNORE INTO user_label (user_id, label) VALUES ('14da3909e56340a993119bcc2bf6b90c', 'Uterus Member 🐻');
INSERT OR IGNORE INTO user_label (user_id, label) VALUES ('14da3909e56340a993119bcc2bf6b90c', 'Circle of Impact 📥');

INSERT OR IGNORE INTO user (id, email, email_verified, hashed_password, name, first_name, last_name, wix_member_id, blocked, role, created_at) VALUES ('30717b7827cd4d5385cfc3240f697546', 'vrojasmadrid2@gmail.com', 1, '', 'Viviana Rojas Madrid', 'Viviana', 'Rojas Madrid', NULL, 0, 'member', '2024-09-03 18:01');

INSERT OR IGNORE INTO user (id, email, email_verified, hashed_password, name, first_name, last_name, wix_member_id, blocked, role, created_at) VALUES ('37f4e0d44c304f5a8e6312aa11d4105d', 'sarahdoering19@gmail.com', 1, '', '', '', '', NULL, 0, 'member', '2024-08-07 21:53');

INSERT OR IGNORE INTO user (id, email, email_verified, hashed_password, name, first_name, last_name, wix_member_id, blocked, role, created_at) VALUES ('ed5d0f73445944b29fc45d03c7cd105b', 'estores.emz@gmail.com', 1, '', 'Emma Estores', 'Emma', 'Estores', NULL, 0, 'member', '2024-08-09 16:29');
INSERT OR IGNORE INTO user_label (user_id, label) VALUES ('ed5d0f73445944b29fc45d03c7cd105b', 'RRM Academy Members Group member');

INSERT OR IGNORE INTO user (id, email, email_verified, hashed_password, name, first_name, last_name, wix_member_id, blocked, role, created_at) VALUES ('19a4e115b7d84f08805ccfd11acd1138', 'jessikaruso@gmail.com', 1, '', 'Jessika Caruso', 'Jessika', 'Caruso', NULL, 0, 'member', '2024-09-03 14:33');

INSERT OR IGNORE INTO user (id, email, email_verified, hashed_password, name, first_name, last_name, wix_member_id, blocked, role, created_at) VALUES ('f7fc4343820d49b286588cc26ee85534', 'kulsumabdali@gmail.com', 1, '', 'Kulsum A', 'Kulsum', 'A', NULL, 0, 'member', '2024-08-17 17:26');
INSERT OR IGNORE INTO user_label (user_id, label) VALUES ('f7fc4343820d49b286588cc26ee85534', 'RRM Academy Members Group member');

INSERT OR IGNORE INTO user (id, email, email_verified, hashed_password, name, first_name, last_name, wix_member_id, blocked, role, created_at) VALUES ('0ab0c107bb554cae9e4a68dc2cb7201c', 'mmhohensinner@gmail.com', 1, '', 'Megan Hohensinner', 'Megan', 'Hohensinner', NULL, 0, 'member', '2024-09-13 19:50');

INSERT OR IGNORE INTO user (id, email, email_verified, hashed_password, name, first_name, last_name, wix_member_id, blocked, role, created_at) VALUES ('0ca7d7b4a8984a68b725fc2536a08dd7', 'fr.mariateresa@gmail.com', 1, '', 'Maria Teresa Fernandez', 'Maria Teresa', 'Fernandez', NULL, 0, 'member', '2024-09-09 14:46');

INSERT OR IGNORE INTO user (id, email, email_verified, hashed_password, name, first_name, last_name, wix_member_id, blocked, role, created_at) VALUES ('ac938c3ab5e9497080205401cd11b66b', 'newsletterlorena24@gmail.com', 1, '', '', '', '', NULL, 0, 'member', '2024-09-13 18:24');

INSERT OR IGNORE INTO user (id, email, email_verified, hashed_password, name, first_name, last_name, wix_member_id, blocked, role, created_at) VALUES ('19271dd5fd824ec6b41174be92badc8d', 'abbychristy20@gmail.com', 1, '', '', '', '', NULL, 0, 'member', '2024-08-07 07:09');

INSERT OR IGNORE INTO user (id, email, email_verified, hashed_password, name, first_name, last_name, wix_member_id, blocked, role, created_at) VALUES ('de3f246f8892497a8fdd4dc406184b8d', 'tony.clarke@gmail.com', 1, '', 'Tony Clarke', 'Tony', 'Clarke', NULL, 0, 'member', '2024-08-07 00:42');
INSERT OR IGNORE INTO user_label (user_id, label) VALUES ('de3f246f8892497a8fdd4dc406184b8d', 'RRM Academy Members Group member');

INSERT OR IGNORE INTO user (id, email, email_verified, hashed_password, name, first_name, last_name, wix_member_id, blocked, role, created_at) VALUES ('337d9872cc3f47629fa0d78b92d90425', 'eahenderson93@gmail.com', 1, '', 'Elizabeth Anne Henderson', 'Elizabeth Anne', 'Henderson', NULL, 0, 'member', '2024-08-30 21:35');

INSERT OR IGNORE INTO user (id, email, email_verified, hashed_password, name, first_name, last_name, wix_member_id, blocked, role, created_at) VALUES ('bffc50fa275b488ca3cbda4b4540e443', 'broz89a@gmail.com', 1, '', 'Amanda Brosnan', 'Amanda', 'Brosnan', NULL, 0, 'member', '2024-08-17 21:06');

INSERT OR IGNORE INTO user (id, email, email_verified, hashed_password, name, first_name, last_name, wix_member_id, blocked, role, created_at) VALUES ('379b1f5919cf4e4691c146b84a1bbba5', 'tiffanypoteat@mail.adelphi.edu', 1, '', '', '', '', NULL, 0, 'member', '2024-09-12 09:10');

INSERT OR IGNORE INTO user (id, email, email_verified, hashed_password, name, first_name, last_name, wix_member_id, blocked, role, created_at) VALUES ('1c46947c5b26489a915a9d1ae97a229c', 'rigee86@gmail.com', 1, '', 'Ri G', 'Ri', 'G', NULL, 0, 'member', '2024-09-13 18:23');
INSERT OR IGNORE INTO user_label (user_id, label) VALUES ('1c46947c5b26489a915a9d1ae97a229c', 'RRM Academy Members Group member');

INSERT OR IGNORE INTO user (id, email, email_verified, hashed_password, name, first_name, last_name, wix_member_id, blocked, role, created_at) VALUES ('3f584a8bb1644415896544a54a947f16', 'stephaniedaulong@gmail.com', 1, '', '', '', '', NULL, 0, 'member', '2024-08-17 20:09');

INSERT OR IGNORE INTO user (id, email, email_verified, hashed_password, name, first_name, last_name, wix_member_id, blocked, role, created_at) VALUES ('34af374d1a1b44339a9ca6b2fc25303c', 'dramagirl727@gmail.com', 1, '', 'Grace Plue', 'Grace', 'Plue', NULL, 0, 'member', '2024-08-27 21:22');

INSERT OR IGNORE INTO user (id, email, email_verified, hashed_password, name, first_name, last_name, wix_member_id, blocked, role, created_at) VALUES ('08bb1bad192a4eb8851be66b0d837c08', 'breeanna.b.greene@gmail.com', 1, '', '', '', '', NULL, 0, 'member', '2024-08-18 02:52');

INSERT OR IGNORE INTO user (id, email, email_verified, hashed_password, name, first_name, last_name, wix_member_id, blocked, role, created_at) VALUES ('abb8c8f6f4f54ceea382ec84b5c51ebc', 'lahlers8788@yahoo.com', 1, '', 'Lauren Byrnes', 'Lauren', 'Byrnes', NULL, 0, 'member', '2024-08-15 14:49');

INSERT OR IGNORE INTO user (id, email, email_verified, hashed_password, name, first_name, last_name, wix_member_id, blocked, role, created_at) VALUES ('d38718ca64354a6f89a42001e05a9278', 'hello@laramathers.com', 1, '', '', '', '', NULL, 0, 'member', '2024-08-14 11:08');

INSERT OR IGNORE INTO user (id, email, email_verified, hashed_password, name, first_name, last_name, wix_member_id, blocked, role, created_at) VALUES ('72c392d3ddee4440b343a6037ee91595', 'braet31@gmail.com', 1, '', '', '', '', NULL, 0, 'member', '2024-08-15 02:28');

INSERT OR IGNORE INTO user (id, email, email_verified, hashed_password, name, first_name, last_name, wix_member_id, blocked, role, created_at) VALUES ('14c8de6375a04e94ac8e4a78da57acd1', 'alexataylor416@gmail.com', 1, '', '', '', '', NULL, 0, 'member', '2024-09-11 01:31');

INSERT OR IGNORE INTO user (id, email, email_verified, hashed_password, name, first_name, last_name, wix_member_id, blocked, role, created_at) VALUES ('de5c7d4355674e808981f843c5ce376f', 'caitlyngeyer@gmail.com', 1, '', 'Caitlyn Geyer', 'Caitlyn', 'Geyer', NULL, 0, 'member', '2024-08-11 16:48');
INSERT OR IGNORE INTO user_label (user_id, label) VALUES ('de5c7d4355674e808981f843c5ce376f', 'RRM Academy Members Group member');

INSERT OR IGNORE INTO user (id, email, email_verified, hashed_password, name, first_name, last_name, wix_member_id, blocked, role, created_at) VALUES ('7529112acf0749d8a1c95a58ff4d8c2b', 'erika.nelson12@gmail.com', 1, '', 'Erika Moore', 'Erika', 'Moore', NULL, 0, 'member', '2024-08-19 22:46');

INSERT OR IGNORE INTO user (id, email, email_verified, hashed_password, name, first_name, last_name, wix_member_id, blocked, role, created_at) VALUES ('02ff0dd09b6e4ab9b8d2f09b89fa963e', 'roseturner4572@gmail.com', 1, '', 'Rose Turner', 'Rose', 'Turner', NULL, 0, 'member', '2024-08-13 21:49');

INSERT OR IGNORE INTO user (id, email, email_verified, hashed_password, name, first_name, last_name, wix_member_id, blocked, role, created_at) VALUES ('5da7b5c278544edeae8fc76fa875fb0f', 'rachel_vernon1028@yahoo.com', 1, '', '', '', '', NULL, 0, 'member', '2024-09-13 18:27');

INSERT OR IGNORE INTO user (id, email, email_verified, hashed_password, name, first_name, last_name, wix_member_id, blocked, role, created_at) VALUES ('8db8d6c88165491e862ebb8ea69b0848', 'elizabethcledbetter@gmail.com', 1, '', '', '', '', NULL, 0, 'member', '2024-08-08 20:35');

INSERT OR IGNORE INTO user (id, email, email_verified, hashed_password, name, first_name, last_name, wix_member_id, blocked, role, created_at) VALUES ('dc07ced32b3744b6b4e8f20744f8fdeb', 'tamara.m.brown@gmail.com', 1, '', 'Tamara Brown', 'Tamara', 'Brown', NULL, 0, 'member', '2024-09-12 22:51');

INSERT OR IGNORE INTO user (id, email, email_verified, hashed_password, name, first_name, last_name, wix_member_id, blocked, role, created_at) VALUES ('47f2b9b670f0438db3482752b2510cf9', 'andijorogers@gmail.com', 1, '', 'Andi Olsen', 'Andi', 'Olsen', NULL, 0, 'member', '2024-09-13 20:57');

INSERT OR IGNORE INTO user (id, email, email_verified, hashed_password, name, first_name, last_name, wix_member_id, blocked, role, created_at) VALUES ('e177463bab804baca28b4e6b9e1ce0bd', 'anniedeppeler@gmail.com', 1, '', '', '', '', NULL, 0, 'member', '2024-08-19 05:02');

INSERT OR IGNORE INTO user (id, email, email_verified, hashed_password, name, first_name, last_name, wix_member_id, blocked, role, created_at) VALUES ('a2ded599b75e4d8884771d7330620c2b', 'elizabethanng@gmail.com', 1, '', '', '', '', NULL, 0, 'member', '2024-09-07 15:21');

INSERT OR IGNORE INTO user (id, email, email_verified, hashed_password, name, first_name, last_name, wix_member_id, blocked, role, created_at) VALUES ('a3c965ebcaed43ff8beee29867cb25ba', 'linzdank@yahoo.com', 1, '', 'Lindsey Dankenbring Dean', 'Lindsey', 'Dankenbring Dean', NULL, 0, 'member', '2024-09-12 03:50');

INSERT OR IGNORE INTO user (id, email, email_verified, hashed_password, name, first_name, last_name, wix_member_id, blocked, role, created_at) VALUES ('c7f2673d49f748f8821db8615cf01577', 'aimeeoverby@gmail.com', 1, '', '', '', '', NULL, 0, 'member', '2024-08-20 12:17');

INSERT OR IGNORE INTO user (id, email, email_verified, hashed_password, name, first_name, last_name, wix_member_id, blocked, role, created_at) VALUES ('c1b0bdcf779a4598b5d5d398a9fb5879', 'frkovic.nika@gmail.com', 1, '', '', '', '', NULL, 0, 'member', '2024-09-10 00:25');

INSERT OR IGNORE INTO user (id, email, email_verified, hashed_password, name, first_name, last_name, wix_member_id, blocked, role, created_at) VALUES ('3ed9fd05e72b44b59fa87d9b7a5298c7', 'maddykearns@googlemail.com', 1, '', 'Maddy Kearns', 'Maddy', 'Kearns', NULL, 0, 'member', '2024-09-07 22:30');

INSERT OR IGNORE INTO user (id, email, email_verified, hashed_password, name, first_name, last_name, wix_member_id, blocked, role, created_at) VALUES ('a38eea3fe3be430289621aa48b55ef3f', 'lewinm28@gmail.com', 1, '', '', '', '', NULL, 0, 'member', '2024-08-18 20:03');

INSERT OR IGNORE INTO user (id, email, email_verified, hashed_password, name, first_name, last_name, wix_member_id, blocked, role, created_at) VALUES ('3c4465e98539427097293ffeb0d1b873', 'cej310@gmail.com', 1, '', 'Christina Behney', 'Christina', 'Behney', NULL, 0, 'member', '2024-09-13 19:38');

INSERT OR IGNORE INTO user (id, email, email_verified, hashed_password, name, first_name, last_name, wix_member_id, blocked, role, created_at) VALUES ('3dfc4a3e584b4ab3aca59f7f68b63d99', 'kpkoronko@gmail.com', 1, '', '', '', '', NULL, 0, 'member', '2024-08-29 23:32');

INSERT OR IGNORE INTO user (id, email, email_verified, hashed_password, name, first_name, last_name, wix_member_id, blocked, role, created_at) VALUES ('1020f5442930494c88440f94682e145d', 'jeanne@flourishptl.com', 1, '', 'Jeanne Pichoff', 'Jeanne', 'Pichoff', NULL, 0, 'member', '2024-09-05 17:56');
INSERT OR IGNORE INTO user_label (user_id, label) VALUES ('1020f5442930494c88440f94682e145d', 'Postpartum Depression & Anxiety: a restorative approach to recovery');
INSERT OR IGNORE INTO user_label (user_id, label) VALUES ('1020f5442930494c88440f94682e145d', 'RRM Academy Members Group member');
INSERT OR IGNORE INTO enrollment (id, user_id, course_id, enrolled_at) VALUES ('89fe08808419418c85fcbe5931b943af', '1020f5442930494c88440f94682e145d', 'postpartum-depression-anxiety', '2024-09-05 17:56');

INSERT OR IGNORE INTO user (id, email, email_verified, hashed_password, name, first_name, last_name, wix_member_id, blocked, role, created_at) VALUES ('64d87285c5934e4488febe1769340750', 'kocur77!@gmail.com', 1, '', '', '', '', NULL, 0, 'member', '2024-08-31 13:02');

INSERT OR IGNORE INTO user (id, email, email_verified, hashed_password, name, first_name, last_name, wix_member_id, blocked, role, created_at) VALUES ('30c89fc81d0046f4a874da49512d0862', 'rachrumohr@gmail.com', 1, '', '', '', '', NULL, 0, 'member', '2024-08-15 04:12');

INSERT OR IGNORE INTO user (id, email, email_verified, hashed_password, name, first_name, last_name, wix_member_id, blocked, role, created_at) VALUES ('c6b034637cbd4961846098cbb307b475', 'emily.a.hurst@gmail.com', 1, '', '', '', '', NULL, 0, 'member', '2024-09-04 22:46');
INSERT OR IGNORE INTO user_label (user_id, label) VALUES ('c6b034637cbd4961846098cbb307b475', 'RRM Academy Members Group member');

INSERT OR IGNORE INTO user (id, email, email_verified, hashed_password, name, first_name, last_name, wix_member_id, blocked, role, created_at) VALUES ('80dc821e3cd64bb9a560f061fd9e350d', 'nataliemydske@gmail.com', 1, '', '', '', '', NULL, 0, 'member', '2024-08-09 15:35');

INSERT OR IGNORE INTO user (id, email, email_verified, hashed_password, name, first_name, last_name, wix_member_id, blocked, role, created_at) VALUES ('31abb5371c4846ffbb02a7cad1603eed', 'pantinac@gmail.com', 1, '', 'Alexandra Pantin', 'Alexandra', 'Pantin', NULL, 0, 'member', '2024-09-13 18:45');

INSERT OR IGNORE INTO user (id, email, email_verified, hashed_password, name, first_name, last_name, wix_member_id, blocked, role, created_at) VALUES ('63af96ac12fe460da7c9eed85c4179f9', 'jennysmith07@hotmail.co.uk', 1, '', '', '', '', NULL, 0, 'member', '2024-09-13 18:51');

INSERT OR IGNORE INTO user (id, email, email_verified, hashed_password, name, first_name, last_name, wix_member_id, blocked, role, created_at) VALUES ('851ab947bc164b249e501f6101abb4f9', 'moni.larag@gmail.com', 1, '', '', '', '', NULL, 0, 'member', '2024-08-05 16:59');
INSERT OR IGNORE INTO user_label (user_id, label) VALUES ('851ab947bc164b249e501f6101abb4f9', 'RRM Academy Members Group member');

INSERT OR IGNORE INTO user (id, email, email_verified, hashed_password, name, first_name, last_name, wix_member_id, blocked, role, created_at) VALUES ('798346396e4043b9b09d11557ffb5490', 'laurenrcardenas@gmail.com', 1, '', 'Lauren Ramirez-Cardenas', 'Lauren', 'Ramirez-Cardenas', NULL, 0, 'member', '2024-08-21 00:14');

INSERT OR IGNORE INTO user (id, email, email_verified, hashed_password, name, first_name, last_name, wix_member_id, blocked, role, created_at) VALUES ('47cb275bdbd24087ab21f04aa8d1f09b', 'wendymcollins1@gmail.com', 1, '', '', '', '', NULL, 0, 'member', '2024-08-21 00:21');

INSERT OR IGNORE INTO user (id, email, email_verified, hashed_password, name, first_name, last_name, wix_member_id, blocked, role, created_at) VALUES ('58e20764370c4dc48987ca42f73503f9', 'mrsalexandrapeoples@gmail.com', 1, '', '', '', '', NULL, 0, 'member', '2024-08-17 18:37');

INSERT OR IGNORE INTO user (id, email, email_verified, hashed_password, name, first_name, last_name, wix_member_id, blocked, role, created_at) VALUES ('d4800d07fae2450ab8e48075238993e1', 'laurelin08@gmail.com', 1, '', '', '', '', NULL, 0, 'member', '2024-08-12 22:01');

INSERT OR IGNORE INTO user (id, email, email_verified, hashed_password, name, first_name, last_name, wix_member_id, blocked, role, created_at) VALUES ('ef1b160e018f4d539bb12bb9104ab5ab', 'addiefunderburg@gmail.com', 1, '', 'Addie Funderburg', 'Addie', 'Funderburg', NULL, 0, 'member', '2024-09-10 01:57');
INSERT OR IGNORE INTO user_label (user_id, label) VALUES ('ef1b160e018f4d539bb12bb9104ab5ab', 'Endo Surgeon Workbook 🏷️');
INSERT OR IGNORE INTO user_label (user_id, label) VALUES ('ef1b160e018f4d539bb12bb9104ab5ab', 'Long Term Endometriosis Management');
INSERT OR IGNORE INTO user_label (user_id, label) VALUES ('ef1b160e018f4d539bb12bb9104ab5ab', 'Contacted Me');
INSERT OR IGNORE INTO user_label (user_id, label) VALUES ('ef1b160e018f4d539bb12bb9104ab5ab', 'Masterclass in Endometriosis & Surgery');
INSERT OR IGNORE INTO enrollment (id, user_id, course_id, enrolled_at) VALUES ('b993c6c91f954e539ddba724723671c5', 'ef1b160e018f4d539bb12bb9104ab5ab', 'long-term-endo-management', '2024-09-10 01:57');
INSERT OR IGNORE INTO enrollment (id, user_id, course_id, enrolled_at) VALUES ('3d8359270c8e492da10e4e3d2fcde3ab', 'ef1b160e018f4d539bb12bb9104ab5ab', 'masterclass-endo-surgery', '2024-09-10 01:57');

INSERT OR IGNORE INTO user (id, email, email_verified, hashed_password, name, first_name, last_name, wix_member_id, blocked, role, created_at) VALUES ('c21869e480be41bbbf4144b6ddea7d87', 'jodi.kwarciany@gmail.com', 1, '', 'Jodi Kwarciany', 'Jodi', 'Kwarciany', NULL, 0, 'member', '2024-09-10 13:02');

INSERT OR IGNORE INTO user (id, email, email_verified, hashed_password, name, first_name, last_name, wix_member_id, blocked, role, created_at) VALUES ('c9631074a12b4ddf90f4069ad036d007', 'marykatecervin@gmail.com', 1, '', 'Mary Kate Cervin', 'Mary Kate', 'Cervin', NULL, 0, 'member', '2024-09-07 20:53');

INSERT OR IGNORE INTO user (id, email, email_verified, hashed_password, name, first_name, last_name, wix_member_id, blocked, role, created_at) VALUES ('bb222b81d01a416695aa56554dad9d75', 'klbell13@yahoo.com', 1, '', '', '', '', NULL, 0, 'member', '2024-08-17 23:07');

INSERT OR IGNORE INTO user (id, email, email_verified, hashed_password, name, first_name, last_name, wix_member_id, blocked, role, created_at) VALUES ('8ac04e43538c44268e0f6c3ddcd5a2ae', 'ashleyagodfrey@gmail.com', 1, '', 'Ashley Smith', 'Ashley', 'Smith', NULL, 0, 'member', '2024-08-22 17:37');
INSERT OR IGNORE INTO user_label (user_id, label) VALUES ('8ac04e43538c44268e0f6c3ddcd5a2ae', 'RRM Academy Members Group member');

INSERT OR IGNORE INTO user (id, email, email_verified, hashed_password, name, first_name, last_name, wix_member_id, blocked, role, created_at) VALUES ('b7479890fea04bcb92e503ca0ddf6383', 'jayzhoufanatic@gmail.com', 1, '', 'Mei C', 'Mei', 'C', NULL, 0, 'member', '2024-08-25 02:04');

INSERT OR IGNORE INTO user (id, email, email_verified, hashed_password, name, first_name, last_name, wix_member_id, blocked, role, created_at) VALUES ('79d8f5c0cae445e1abc00a5ffec38cb1', 'juliaclaregavin@gmail.com', 1, '', '', '', '', NULL, 0, 'member', '2024-08-30 19:22');

INSERT OR IGNORE INTO user (id, email, email_verified, hashed_password, name, first_name, last_name, wix_member_id, blocked, role, created_at) VALUES ('c09f7e45fad34a2c9d9ef8dd877928eb', 'chesser3@gmail.com', 1, '', '', '', '', NULL, 0, 'member', '2024-08-16 23:39');

INSERT OR IGNORE INTO user (id, email, email_verified, hashed_password, name, first_name, last_name, wix_member_id, blocked, role, created_at) VALUES ('8f5fdb59ce1840a9b8ae26d1cff1db57', 'anna.scheuringpv@gmail.com', 1, '', 'aes2498', 'aes2498', '', NULL, 0, 'member', '2024-08-19 15:11');

INSERT OR IGNORE INTO user (id, email, email_verified, hashed_password, name, first_name, last_name, wix_member_id, blocked, role, created_at) VALUES ('8e3fcc1feed74bb1900b69c98efbf4cf', 'sarahevelyngeyer@gmail.com', 1, '', 'Sarah Geyer', 'Sarah', 'Geyer', NULL, 0, 'member', '2024-08-12 02:27');

INSERT OR IGNORE INTO user (id, email, email_verified, hashed_password, name, first_name, last_name, wix_member_id, blocked, role, created_at) VALUES ('6f9a312eb98b421992f6cc548274753d', 'sarahmessner1008@gmail.com', 1, '', '', '', '', NULL, 0, 'member', '2024-09-02 18:47');

INSERT OR IGNORE INTO user (id, email, email_verified, hashed_password, name, first_name, last_name, wix_member_id, blocked, role, created_at) VALUES ('d73987fcad8c4fa787de1debf9cb4131', 'k.liberty@gmail.com', 1, '', '', '', '', NULL, 0, 'member', '2024-08-23 12:14');

INSERT OR IGNORE INTO user (id, email, email_verified, hashed_password, name, first_name, last_name, wix_member_id, blocked, role, created_at) VALUES ('62383dedb7244f3dbea2a39a07ac051f', 'smbaker9508@gmail.com', 1, '', '', '', '', NULL, 0, 'member', '2024-08-21 20:32');

INSERT OR IGNORE INTO user (id, email, email_verified, hashed_password, name, first_name, last_name, wix_member_id, blocked, role, created_at) VALUES ('61f73871341d45748aa627e0a1c717da', 'emmrottman@gmail.com', 1, '', '', '', '', NULL, 0, 'member', '2024-08-07 00:10');

INSERT OR IGNORE INTO user (id, email, email_verified, hashed_password, name, first_name, last_name, wix_member_id, blocked, role, created_at) VALUES ('f10fc9e0d859470e8785670201e139be', 'andrea.gleiter@gmail.com', 1, '', '', '', '', NULL, 0, 'member', '2024-09-01 21:16');

INSERT OR IGNORE INTO user (id, email, email_verified, hashed_password, name, first_name, last_name, wix_member_id, blocked, role, created_at) VALUES ('37810caa096844499e9385750d46d8ec', 'mmr1rodriguez4@gmail.com', 1, '', '', '', '', NULL, 0, 'member', '2024-08-17 21:11');
INSERT OR IGNORE INTO user_label (user_id, label) VALUES ('37810caa096844499e9385750d46d8ec', 'RRM Academy Members Group member');

INSERT OR IGNORE INTO user (id, email, email_verified, hashed_password, name, first_name, last_name, wix_member_id, blocked, role, created_at) VALUES ('c6f5785294e3433dbb94c78364b17fd4', 'prov31inprogress@gmail.com', 1, '', '', '', '', NULL, 0, 'member', '2024-08-11 19:24');

INSERT OR IGNORE INTO user (id, email, email_verified, hashed_password, name, first_name, last_name, wix_member_id, blocked, role, created_at) VALUES ('fe8b7cdec4a740f28c79cce4a01dc864', 'a@gmail.com', 1, '', '', '', '', NULL, 0, 'member', '2024-08-15 21:10');

INSERT OR IGNORE INTO user (id, email, email_verified, hashed_password, name, first_name, last_name, wix_member_id, blocked, role, created_at) VALUES ('959e12d2c6074ccabae9bd954b504cff', 'michelekent1@gmail.com', 1, '', '', '', '', NULL, 0, 'member', '2024-09-07 11:53');

INSERT OR IGNORE INTO user (id, email, email_verified, hashed_password, name, first_name, last_name, wix_member_id, blocked, role, created_at) VALUES ('e51421f667c240c289b35d1cf4cc15ee', 'elham.feizi87@gmail.com', 1, '', 'Elham F', 'Elham', 'F', NULL, 0, 'member', '2024-09-13 19:22');

INSERT OR IGNORE INTO user (id, email, email_verified, hashed_password, name, first_name, last_name, wix_member_id, blocked, role, created_at) VALUES ('f79740fec59a47528cf9320bbef00ff1', 'ceciliabyers98@gmail.com', 1, '', 'Cecilia Gargano', 'Cecilia', 'Gargano', NULL, 0, 'member', '2024-09-10 00:02');

INSERT OR IGNORE INTO user (id, email, email_verified, hashed_password, name, first_name, last_name, wix_member_id, blocked, role, created_at) VALUES ('f72e3e2143e945d999c28f3fb0a69987', 'jessicaorendorf@gmail.com', 1, '', '', '', '', NULL, 0, 'member', '2024-09-01 15:06');

INSERT OR IGNORE INTO user (id, email, email_verified, hashed_password, name, first_name, last_name, wix_member_id, blocked, role, created_at) VALUES ('bfe7fc7c3ed3485d883c3d7560125ef8', 'madelynaparker@gmail.com', 1, '', '', '', '', NULL, 0, 'member', '2024-08-28 02:31');

INSERT OR IGNORE INTO user (id, email, email_verified, hashed_password, name, first_name, last_name, wix_member_id, blocked, role, created_at) VALUES ('b1e2c48b7f314abfa996a24fd2ccc78b', 'ecarrillo101891@gmail.com', 1, '', '', '', '', NULL, 0, 'member', '2024-08-15 14:26');

INSERT OR IGNORE INTO user (id, email, email_verified, hashed_password, name, first_name, last_name, wix_member_id, blocked, role, created_at) VALUES ('7d931a54a6b24906b3ff9663eaf061f5', 'chaylaadder@gmail.com', 1, '', 'Chayla Adder', 'Chayla', 'Adder', NULL, 0, 'member', '2024-08-25 05:08');

INSERT OR IGNORE INTO user (id, email, email_verified, hashed_password, name, first_name, last_name, wix_member_id, blocked, role, created_at) VALUES ('ab7a27cab5b04ab280571cf6b7e4e669', 'meowzasaurusrex@gmail.com', 1, '', 'Meowzasaurus Rex', 'Meowzasaurus', 'Rex', NULL, 0, 'member', '2024-09-06 03:04');

INSERT OR IGNORE INTO user (id, email, email_verified, hashed_password, name, first_name, last_name, wix_member_id, blocked, role, created_at) VALUES ('839fa41dc95b4157814645693e2a2419', 'hofstater02@msn.com', 1, '', '', '', '', NULL, 0, 'member', '2024-08-19 02:25');

INSERT OR IGNORE INTO user (id, email, email_verified, hashed_password, name, first_name, last_name, wix_member_id, blocked, role, created_at) VALUES ('921439566b8d4122b94380226afec805', 'amoskoyes@gmail.com', 1, '', 'Athena', 'Athena', '', NULL, 0, 'member', '2024-08-05 21:41');

INSERT OR IGNORE INTO user (id, email, email_verified, hashed_password, name, first_name, last_name, wix_member_id, blocked, role, created_at) VALUES ('aa21311f51f94523b6f52fc09d54dc90', 'jtutino@jacustommarketing.com', 1, '', 'Jillian Tutino', 'Jillian', 'Tutino', NULL, 0, 'member', '2024-09-07 11:35');

INSERT OR IGNORE INTO user (id, email, email_verified, hashed_password, name, first_name, last_name, wix_member_id, blocked, role, created_at) VALUES ('2604fe27f69d492c8e01ce689cd695fa', 'amhenderson15@gmail.com', 1, '', '', '', '', NULL, 0, 'member', '2024-08-24 02:36');

INSERT OR IGNORE INTO user (id, email, email_verified, hashed_password, name, first_name, last_name, wix_member_id, blocked, role, created_at) VALUES ('8df393cdb1be428aae909953fdadae15', 'annelise@federmail.com', 1, '', '', '', '', NULL, 0, 'member', '2024-09-13 18:22');

INSERT OR IGNORE INTO user (id, email, email_verified, hashed_password, name, first_name, last_name, wix_member_id, blocked, role, created_at) VALUES ('cbd6d4c1b2bd4135918ecdc90ef11e6d', 'krice405@gmail.com', 1, '', 'Katie Rice', 'Katie', 'Rice', NULL, 0, 'member', '2024-08-12 19:49');

INSERT OR IGNORE INTO user (id, email, email_verified, hashed_password, name, first_name, last_name, wix_member_id, blocked, role, created_at) VALUES ('47d2b12000714f2583b6eed4a9047fdb', 'hannah.j.adkins@gmail.com', 1, '', 'Hannah Barringer', 'Hannah', 'Barringer', NULL, 0, 'member', '2024-09-09 11:23');
INSERT OR IGNORE INTO user_label (user_id, label) VALUES ('47d2b12000714f2583b6eed4a9047fdb', 'Donor 👏');
INSERT OR IGNORE INTO user_label (user_id, label) VALUES ('47d2b12000714f2583b6eed4a9047fdb', 'RRM Academy Members Group member');
INSERT OR IGNORE INTO user_label (user_id, label) VALUES ('47d2b12000714f2583b6eed4a9047fdb', 'Customers');
INSERT OR IGNORE INTO user_label (user_id, label) VALUES ('47d2b12000714f2583b6eed4a9047fdb', 'Postpartum Depression & Anxiety: a restorative approach to recovery');
INSERT OR IGNORE INTO user_label (user_id, label) VALUES ('47d2b12000714f2583b6eed4a9047fdb', 'Save the Uterus Club Group member');
INSERT OR IGNORE INTO user_label (user_id, label) VALUES ('47d2b12000714f2583b6eed4a9047fdb', 'Circle of Impact 📥');
INSERT OR IGNORE INTO user_label (user_id, label) VALUES ('47d2b12000714f2583b6eed4a9047fdb', 'Uterus Member 🐻');
INSERT OR IGNORE INTO user_label (user_id, label) VALUES ('47d2b12000714f2583b6eed4a9047fdb', 'Save the Uterus Club 🏷️');
INSERT OR IGNORE INTO enrollment (id, user_id, course_id, enrolled_at) VALUES ('11da1e91baba46d8aa5f57f60bca91c3', '47d2b12000714f2583b6eed4a9047fdb', 'postpartum-depression-anxiety', '2024-09-09 11:23');

INSERT OR IGNORE INTO user (id, email, email_verified, hashed_password, name, first_name, last_name, wix_member_id, blocked, role, created_at) VALUES ('390b414baac04e4ca39da46ff52f8dca', 'agurtowed@gmail.com', 1, '', '', '', '', NULL, 0, 'member', '2024-09-13 20:09');

INSERT OR IGNORE INTO user (id, email, email_verified, hashed_password, name, first_name, last_name, wix_member_id, blocked, role, created_at) VALUES ('1c12600e52b5462cb1c1335df105e896', 'theresecj13@gmail.com', 1, '', '', '', '', NULL, 0, 'member', '2024-08-12 21:42');
INSERT OR IGNORE INTO user_label (user_id, label) VALUES ('1c12600e52b5462cb1c1335df105e896', 'Masterclass in Endometriosis and Surgery');
INSERT OR IGNORE INTO user_label (user_id, label) VALUES ('1c12600e52b5462cb1c1335df105e896', 'Masterclass Members Group member');
INSERT OR IGNORE INTO user_label (user_id, label) VALUES ('1c12600e52b5462cb1c1335df105e896', 'Endo Surgeon Workbook 🏷️');
INSERT OR IGNORE INTO enrollment (id, user_id, course_id, enrolled_at) VALUES ('da19279b1a4a46ffbcff5f49354ee20a', '1c12600e52b5462cb1c1335df105e896', 'masterclass-endo-surgery', '2024-08-12 21:42');

INSERT OR IGNORE INTO user (id, email, email_verified, hashed_password, name, first_name, last_name, wix_member_id, blocked, role, created_at) VALUES ('d87379aed9754abfa9b1009a4997386a', 'palomboamandaj@gmail.com', 1, '', 'Amanda Palombo', 'Amanda', 'Palombo', NULL, 0, 'member', '2024-09-13 18:27');

INSERT OR IGNORE INTO user (id, email, email_verified, hashed_password, name, first_name, last_name, wix_member_id, blocked, role, created_at) VALUES ('6d38552ec6fb477d8a8fdbfb6c135fa7', 'dasovickfamily@gmail.com', 1, '', '', '', '', NULL, 0, 'member', '2024-09-08 12:47');

INSERT OR IGNORE INTO user (id, email, email_verified, hashed_password, name, first_name, last_name, wix_member_id, blocked, role, created_at) VALUES ('ab59867a6484441eb631c8038d8abdfb', 'mkgy@me.com', 1, '', '', '', '', NULL, 0, 'member', '2024-08-18 03:34');

INSERT OR IGNORE INTO user (id, email, email_verified, hashed_password, name, first_name, last_name, wix_member_id, blocked, role, created_at) VALUES ('50f98c9112624808b6ea0e5888e24553', 'rdabish06@gmail.com', 1, '', 'Reem Dabish', 'Reem', 'Dabish', NULL, 0, 'member', '2024-09-13 16:01');

INSERT OR IGNORE INTO user (id, email, email_verified, hashed_password, name, first_name, last_name, wix_member_id, blocked, role, created_at) VALUES ('7609fc2d560941c4a54064fdadfc7320', 'narisalimnd@gmail.com', 1, '', 'Dr. Nari Bielecki', 'Dr. Nari', 'Bielecki', NULL, 0, 'member', '2024-08-27 19:51');

INSERT OR IGNORE INTO user (id, email, email_verified, hashed_password, name, first_name, last_name, wix_member_id, blocked, role, created_at) VALUES ('b805903af4a54a5fae39452905a45d60', 'mshlimon57@gmail.com', 1, '', 'Mary S. Murphy', 'Mary', 'S. Murphy', NULL, 0, 'member', '2024-09-13 19:19');

INSERT OR IGNORE INTO user (id, email, email_verified, hashed_password, name, first_name, last_name, wix_member_id, blocked, role, created_at) VALUES ('2dfc552ccff648f7ab687d302c279c8c', 'aine.mcgillen@gmail.com', 1, '', 'Aine McGillen', 'Aine', 'McGillen', NULL, 0, 'member', '2024-08-19 22:03');

INSERT OR IGNORE INTO user (id, email, email_verified, hashed_password, name, first_name, last_name, wix_member_id, blocked, role, created_at) VALUES ('7e7d27801d884528abc78ebc63f50d16', 'ncthomas3@gmail.com', 1, '', '', '', '', NULL, 0, 'member', '2024-09-10 15:11');

INSERT OR IGNORE INTO user (id, email, email_verified, hashed_password, name, first_name, last_name, wix_member_id, blocked, role, created_at) VALUES ('68423a6f91ad45ea829f59722dc5cedc', 'jessicallandry@gmail.com', 1, '', 'Jessica Landry', 'Jessica', 'Landry', NULL, 0, 'member', '2024-09-13 18:33');

INSERT OR IGNORE INTO user (id, email, email_verified, hashed_password, name, first_name, last_name, wix_member_id, blocked, role, created_at) VALUES ('e43753a8445d4049bd5e161efe529130', 'kylinmarie1@gmail.com', 1, '', '', '', '', NULL, 0, 'member', '2024-09-08 01:24');

INSERT OR IGNORE INTO user (id, email, email_verified, hashed_password, name, first_name, last_name, wix_member_id, blocked, role, created_at) VALUES ('8088fac30061449ebb69c3cd7d2788ad', 'maddie.flores07@gmail.com', 1, '', '', '', '', NULL, 0, 'member', '2024-08-18 02:14');

INSERT OR IGNORE INTO user (id, email, email_verified, hashed_password, name, first_name, last_name, wix_member_id, blocked, role, created_at) VALUES ('dca556dc16564877ab686057bbcec24b', 'valeespinoza@me.com', 1, '', '', '', '', NULL, 0, 'member', '2024-09-02 16:18');

INSERT OR IGNORE INTO user (id, email, email_verified, hashed_password, name, first_name, last_name, wix_member_id, blocked, role, created_at) VALUES ('a7a4068416a44e8c823d4168fdb79261', 'bateje01@gmail.com', 1, '', '', '', '', NULL, 0, 'member', '2024-10-08 00:30');

INSERT OR IGNORE INTO user (id, email, email_verified, hashed_password, name, first_name, last_name, wix_member_id, blocked, role, created_at) VALUES ('2553488c41414c668be18119c6cf2bc0', 'nafiene@yahoo.com', 1, '', '', '', '', NULL, 0, 'member', '2024-10-07 23:48');

INSERT OR IGNORE INTO user (id, email, email_verified, hashed_password, name, first_name, last_name, wix_member_id, blocked, role, created_at) VALUES ('31d82cb4beb34efcb6a88e52fd6b5bbf', 'sweet.em@live.com', 1, '', '', '', '', NULL, 0, 'member', '2024-10-08 02:45');

INSERT OR IGNORE INTO user (id, email, email_verified, hashed_password, name, first_name, last_name, wix_member_id, blocked, role, created_at) VALUES ('b44e597a76874c8c85b15f244c6dd67d', 'stefaniejosullivan@gmail.com', 1, '', 'Stefanie O''Sullivan', 'Stefanie', 'O''Sullivan', NULL, 0, 'member', '2024-10-08 05:13');
INSERT OR IGNORE INTO user_label (user_id, label) VALUES ('b44e597a76874c8c85b15f244c6dd67d', 'RRM Academy Members Group member');

INSERT OR IGNORE INTO user (id, email, email_verified, hashed_password, name, first_name, last_name, wix_member_id, blocked, role, created_at) VALUES ('f3b3239a6ad442838fa145b2964b100c', 'kristenmclayton@gmail.com', 1, '', 'Kristen Clayton', 'Kristen', 'Clayton', NULL, 0, 'member', '2024-10-08 06:01');

INSERT OR IGNORE INTO user (id, email, email_verified, hashed_password, name, first_name, last_name, wix_member_id, blocked, role, created_at) VALUES ('2757067143c949c888ebd8d6fe5d17f1', 'jschweissrc@gmail.com', 1, '', 'Jamie Schweiss', 'Jamie', 'Schweiss', NULL, 0, 'member', '2024-10-08 00:07');
INSERT OR IGNORE INTO user_label (user_id, label) VALUES ('2757067143c949c888ebd8d6fe5d17f1', 'RRM Academy Members Group member');

INSERT OR IGNORE INTO user (id, email, email_verified, hashed_password, name, first_name, last_name, wix_member_id, blocked, role, created_at) VALUES ('ec7794ac8e33490585b31a2e143c8e8c', 'lindseyfallon12@gmail.com', 1, '', '', '', '', NULL, 0, 'member', '2024-10-08 00:34');

INSERT OR IGNORE INTO user (id, email, email_verified, hashed_password, name, first_name, last_name, wix_member_id, blocked, role, created_at) VALUES ('8f0116af73c24dc38b23151d4ad4efa7', 'arusk317@gmail.com', 1, '', '', '', '', NULL, 0, 'member', '2024-09-15 02:35');

INSERT OR IGNORE INTO user (id, email, email_verified, hashed_password, name, first_name, last_name, wix_member_id, blocked, role, created_at) VALUES ('477f6f71b63d438f9943ccf4d938e87f', 'aljilia@gmail.com', 1, '', '', '', '', NULL, 0, 'member', '2024-09-15 07:31');

INSERT OR IGNORE INTO user (id, email, email_verified, hashed_password, name, first_name, last_name, wix_member_id, blocked, role, created_at) VALUES ('2037ac2f760548a89371f1fa81efa7d1', 'sarahyutzy09@gmail.com', 1, '', '', '', '', NULL, 0, 'member', '2024-10-08 00:13');

INSERT OR IGNORE INTO user (id, email, email_verified, hashed_password, name, first_name, last_name, wix_member_id, blocked, role, created_at) VALUES ('b7cafb41596d47cfbdc8e079e1373e2f', 'mary.beth.cumbie@gmail.com', 1, '', 'Mary Cumbie Prince', 'Mary', 'Cumbie Prince', NULL, 0, 'member', '2024-09-30 23:59');

INSERT OR IGNORE INTO user (id, email, email_verified, hashed_password, name, first_name, last_name, wix_member_id, blocked, role, created_at) VALUES ('20b29814019e49a3b70e50c767830b36', 'tmkovacs92@gmail.com', 1, '', 'Tara Baker', 'Tara', 'Baker', NULL, 0, 'member', '2024-10-07 19:57');
INSERT OR IGNORE INTO user_label (user_id, label) VALUES ('20b29814019e49a3b70e50c767830b36', 'Restorative Reproductive Medicine (RRM) vs Standard ART: A New Approach to Infertility');
INSERT OR IGNORE INTO user_label (user_id, label) VALUES ('20b29814019e49a3b70e50c767830b36', 'RRM Academy Members Group member');
INSERT OR IGNORE INTO enrollment (id, user_id, course_id, enrolled_at) VALUES ('606b68936a804b408f654e099b78e7e8', '20b29814019e49a3b70e50c767830b36', 'rrm-vs-ivf', '2024-10-07 19:57');

INSERT OR IGNORE INTO user (id, email, email_verified, hashed_password, name, first_name, last_name, wix_member_id, blocked, role, created_at) VALUES ('cc30eda84b2c442799c8750ed5e88011', 'gabby.gbr13@gmail.com', 1, '', '', '', '', NULL, 0, 'member', '2024-10-07 22:29');

INSERT OR IGNORE INTO user (id, email, email_verified, hashed_password, name, first_name, last_name, wix_member_id, blocked, role, created_at) VALUES ('e85b3fb84c1944e1a765189b29bde071', 'velena.oc@gmail.com', 1, '', '', '', '', NULL, 0, 'member', '2024-10-07 19:05');

INSERT OR IGNORE INTO user (id, email, email_verified, hashed_password, name, first_name, last_name, wix_member_id, blocked, role, created_at) VALUES ('0029fdb1c067488eb2605adb0f4fbccc', 'angelagorman02@aol.com', 1, '', '', '', '', NULL, 0, 'member', '2024-10-08 02:16');

INSERT OR IGNORE INTO user (id, email, email_verified, hashed_password, name, first_name, last_name, wix_member_id, blocked, role, created_at) VALUES ('5151353b71cb4885bcd86be07b2eb091', 'myhootie@gmail.com', 1, '', 'Mykaela Hall', 'Mykaela', 'Hall', NULL, 0, 'member', '2024-10-08 02:28');

INSERT OR IGNORE INTO user (id, email, email_verified, hashed_password, name, first_name, last_name, wix_member_id, blocked, role, created_at) VALUES ('54725cf0d7954e33a263cfd3971ece35', 'gracemariaoshea@gmail.com', 1, '', 'Grace O''Shea', 'Grace', 'O''Shea', NULL, 0, 'member', '2024-10-08 04:59');

INSERT OR IGNORE INTO user (id, email, email_verified, hashed_password, name, first_name, last_name, wix_member_id, blocked, role, created_at) VALUES ('1862c584f0cb43aab4859df5ac487015', 'mhasbrouck@maine.rr.com', 1, '', '', '', '', NULL, 0, 'member', '2024-09-14 00:48');

INSERT OR IGNORE INTO user (id, email, email_verified, hashed_password, name, first_name, last_name, wix_member_id, blocked, role, created_at) VALUES ('45f1f52693d543cf8848d6ee8d537f95', 'sparksabby710@gmail.com', 1, '', '', '', '', NULL, 0, 'member', '2024-09-26 16:06');

INSERT OR IGNORE INTO user (id, email, email_verified, hashed_password, name, first_name, last_name, wix_member_id, blocked, role, created_at) VALUES ('a16c192e4a594c77b403b018ed721791', 'brooklynfriesen10@gmail.com', 1, '', 'Brooklyn Friesen', 'Brooklyn', 'Friesen', NULL, 0, 'member', '2024-09-17 23:32');

INSERT OR IGNORE INTO user (id, email, email_verified, hashed_password, name, first_name, last_name, wix_member_id, blocked, role, created_at) VALUES ('2df8955aadbb448bb03da9f1accc1a7c', 'dthompson011615@gmail.com', 1, '', '', '', '', NULL, 0, 'member', '2024-09-19 19:45');

INSERT OR IGNORE INTO user (id, email, email_verified, hashed_password, name, first_name, last_name, wix_member_id, blocked, role, created_at) VALUES ('4a396a6dfc8e4c358e765ceb5640f000', 'arstratton23@gmail.com', 1, '', '', '', '', NULL, 0, 'member', '2024-10-03 16:57');

INSERT OR IGNORE INTO user (id, email, email_verified, hashed_password, name, first_name, last_name, wix_member_id, blocked, role, created_at) VALUES ('bfdd8a8827e44514a36945402c40be95', 'cstowell85@gmail.com', 1, '', 'Carolyn Stowell', 'Carolyn', 'Stowell', NULL, 0, 'member', '2024-09-14 14:17');
INSERT OR IGNORE INTO user_label (user_id, label) VALUES ('bfdd8a8827e44514a36945402c40be95', 'RRM Academy Members Group member');

INSERT OR IGNORE INTO user (id, email, email_verified, hashed_password, name, first_name, last_name, wix_member_id, blocked, role, created_at) VALUES ('56a69907941642a090d30f85c4ca215e', 'audrey.pattillo@gmail.com', 1, '', 'Audrey L', 'Audrey', 'L', NULL, 0, 'member', '2024-09-24 01:30');
INSERT OR IGNORE INTO user_label (user_id, label) VALUES ('56a69907941642a090d30f85c4ca215e', 'RRM Academy Members Group member');

INSERT OR IGNORE INTO user (id, email, email_verified, hashed_password, name, first_name, last_name, wix_member_id, blocked, role, created_at) VALUES ('77ebf7e144fa4d0f985b1f148703284a', 'jessicanicolini89@gmail.com', 1, '', '', '', '', NULL, 0, 'member', '2024-09-21 22:41');

INSERT OR IGNORE INTO user (id, email, email_verified, hashed_password, name, first_name, last_name, wix_member_id, blocked, role, created_at) VALUES ('de10f8d37b4e41dd89a6927c3ba1c1d4', 'dirtydancenlady@aol.com', 1, '', '', '', '', NULL, 0, 'member', '2024-09-26 03:29');

INSERT OR IGNORE INTO user (id, email, email_verified, hashed_password, name, first_name, last_name, wix_member_id, blocked, role, created_at) VALUES ('a0dd3b8ef5c24df0b66698fa4baf83f3', 'yvlsaveri@gmail.com', 1, '', 'Saveri Yvl', 'Saveri', 'Yvl', NULL, 0, 'member', '2024-09-20 02:23');

INSERT OR IGNORE INTO user (id, email, email_verified, hashed_password, name, first_name, last_name, wix_member_id, blocked, role, created_at) VALUES ('dd0e3a6040ec487c9c387b1eb7a17d56', 'lael.johannah@gmail.com', 1, '', '', '', '', NULL, 0, 'member', '2024-10-07 22:38');

INSERT OR IGNORE INTO user (id, email, email_verified, hashed_password, name, first_name, last_name, wix_member_id, blocked, role, created_at) VALUES ('c5640d7ac5fd45a18765240b8d206b74', 'jordynstrahm@gmail.com', 1, '', 'Jordyn McCloud', 'Jordyn', 'McCloud', NULL, 0, 'member', '2024-09-13 20:57');

INSERT OR IGNORE INTO user (id, email, email_verified, hashed_password, name, first_name, last_name, wix_member_id, blocked, role, created_at) VALUES ('b90c7451a60e4e5ab2a7e877c2b877a7', 'kansasang@gmail.com', 1, '', 'Angela Beachy', 'Angela', 'Beachy', NULL, 0, 'member', '2024-09-22 23:10');

INSERT OR IGNORE INTO user (id, email, email_verified, hashed_password, name, first_name, last_name, wix_member_id, blocked, role, created_at) VALUES ('4d5678cae66344b18634ff942abd8c05', 'michelleaneitzke@gmail.com', 1, '', '', '', '', NULL, 0, 'member', '2024-10-01 00:31');

INSERT OR IGNORE INTO user (id, email, email_verified, hashed_password, name, first_name, last_name, wix_member_id, blocked, role, created_at) VALUES ('66c05b140c3840789dbdbe56ae79902b', 'espinallopez35@gmail.com', 1, '', '', '', '', NULL, 0, 'member', '2024-10-02 13:35');

INSERT OR IGNORE INTO user (id, email, email_verified, hashed_password, name, first_name, last_name, wix_member_id, blocked, role, created_at) VALUES ('34785646c65b40aa9e09050896aaf9cc', 'cmkniesler@email.msmary.edu', 1, '', '', '', '', NULL, 0, 'member', '2024-10-02 01:13');

INSERT OR IGNORE INTO user (id, email, email_verified, hashed_password, name, first_name, last_name, wix_member_id, blocked, role, created_at) VALUES ('e0e76819019349bb9da43a61744791e0', 'hseidman44@gmail.com', 1, '', 'Haley Seidman', 'Haley', 'Seidman', NULL, 0, 'member', '2024-09-14 04:33');

INSERT OR IGNORE INTO user (id, email, email_verified, hashed_password, name, first_name, last_name, wix_member_id, blocked, role, created_at) VALUES ('42f6ad3bb7174043926b4e186b103730', 'aecsnider@gmail.com', 1, '', 'Amy Snider', 'Amy', 'Snider', NULL, 0, 'member', '2024-09-15 22:55');
INSERT OR IGNORE INTO user_label (user_id, label) VALUES ('42f6ad3bb7174043926b4e186b103730', 'RRM Academy Members Group member');

INSERT OR IGNORE INTO user (id, email, email_verified, hashed_password, name, first_name, last_name, wix_member_id, blocked, role, created_at) VALUES ('024ae2c9417b408bb62b7eaa280a52c6', 'karly.raklovits@gmail.com', 1, '', 'Karly Raklovits', 'Karly', 'Raklovits', NULL, 0, 'member', '2024-09-25 17:59');

INSERT OR IGNORE INTO user (id, email, email_verified, hashed_password, name, first_name, last_name, wix_member_id, blocked, role, created_at) VALUES ('a84735faa06c48bb8a4ae49f10a24174', 'erikalynnbay@gmail.com', 1, '', 'Erika B.', 'Erika', 'B.', NULL, 0, 'member', '2024-10-07 23:05');

INSERT OR IGNORE INTO user (id, email, email_verified, hashed_password, name, first_name, last_name, wix_member_id, blocked, role, created_at) VALUES ('21b28acb70f946c793da116e66fdd259', 'kaliannyates@gmail.com', 1, '', 'Kali Yates', 'Kali', 'Yates', NULL, 0, 'member', '2024-10-08 01:31');

INSERT OR IGNORE INTO user (id, email, email_verified, hashed_password, name, first_name, last_name, wix_member_id, blocked, role, created_at) VALUES ('0309f666d1b645538a0c14c45a4ef071', 'kadee20259@gmail.com', 1, '', '', '', '', NULL, 0, 'member', '2024-10-08 04:26');

INSERT OR IGNORE INTO user (id, email, email_verified, hashed_password, name, first_name, last_name, wix_member_id, blocked, role, created_at) VALUES ('0f67c858f46f44c98a3f7eaa682e3113', 'sam_johnson.1@outlook.com', 1, '', '', '', '', NULL, 0, 'member', '2024-10-03 17:14');

INSERT OR IGNORE INTO user (id, email, email_verified, hashed_password, name, first_name, last_name, wix_member_id, blocked, role, created_at) VALUES ('d1bed9941e2747c9a28bf25e5241979f', 'alexandraclarkrn@gmail.com', 1, '', '', '', '', NULL, 0, 'member', '2024-09-26 23:52');

INSERT OR IGNORE INTO user (id, email, email_verified, hashed_password, name, first_name, last_name, wix_member_id, blocked, role, created_at) VALUES ('2b6367fd5dfa44a3b3917b7e00d214e7', 'mrpatterson17@gmail.com', 1, '', '', '', '', NULL, 0, 'member', '2024-10-08 05:01');

INSERT OR IGNORE INTO user (id, email, email_verified, hashed_password, name, first_name, last_name, wix_member_id, blocked, role, created_at) VALUES ('1ee1e77acc2b4b3c8cd5f9815e89b736', 'apegirl23@hotmail.com', 1, '', '', '', '', NULL, 0, 'member', '2024-10-01 17:27');

INSERT OR IGNORE INTO user (id, email, email_verified, hashed_password, name, first_name, last_name, wix_member_id, blocked, role, created_at) VALUES ('0831ad97f8944c42a6c26dbb3260b724', 'sunalinadendla@gmail.com', 1, '', '', '', '', NULL, 0, 'member', '2024-10-02 12:34');

INSERT OR IGNORE INTO user (id, email, email_verified, hashed_password, name, first_name, last_name, wix_member_id, blocked, role, created_at) VALUES ('b69c3dd8ccee48c586194ab9c147f948', 'anchoredjheart@gmail.com', 1, '', 'Jaise Baptiste', 'Jaise', 'Baptiste', NULL, 0, 'member', '2024-09-14 00:15');

INSERT OR IGNORE INTO user (id, email, email_verified, hashed_password, name, first_name, last_name, wix_member_id, blocked, role, created_at) VALUES ('dbc6f9ec23ae4a16a3272b03bc758989', 'monzathemongolia@gmail.com', 1, '', 'Mon Maree', 'Mon', 'Maree', NULL, 0, 'member', '2024-10-08 01:11');

INSERT OR IGNORE INTO user (id, email, email_verified, hashed_password, name, first_name, last_name, wix_member_id, blocked, role, created_at) VALUES ('1518c4b6782e4167b7a2fd28c053963e', 'arollins51@gmail.com', 1, '', '', '', '', NULL, 0, 'member', '2024-09-16 12:20');

INSERT OR IGNORE INTO user (id, email, email_verified, hashed_password, name, first_name, last_name, wix_member_id, blocked, role, created_at) VALUES ('6fedb8ba864f45839e58f3ef3534d523', 'kathryn.weidner9@gmail.com', 1, '', '', '', '', NULL, 0, 'member', '2024-10-04 13:38');

INSERT OR IGNORE INTO user (id, email, email_verified, hashed_password, name, first_name, last_name, wix_member_id, blocked, role, created_at) VALUES ('3699d2d778a94557874d01131ca83289', 'peachy_keen@verizon.net', 1, '', 'Paula Belocura', 'Paula', 'Belocura', NULL, 0, 'member', '2024-09-25 21:04');

INSERT OR IGNORE INTO user (id, email, email_verified, hashed_password, name, first_name, last_name, wix_member_id, blocked, role, created_at) VALUES ('162a9b26013f4c249eff4c52e7ccc120', 'akmasottorn@gmail.com', 1, '', '', '', '', NULL, 0, 'member', '2024-10-02 02:26');

INSERT OR IGNORE INTO user (id, email, email_verified, hashed_password, name, first_name, last_name, wix_member_id, blocked, role, created_at) VALUES ('f1c092e4944a46de9c21517330edb79b', 'retucker1@gmail.com', 1, '', '', '', '', NULL, 0, 'member', '2024-10-08 02:25');

INSERT OR IGNORE INTO user (id, email, email_verified, hashed_password, name, first_name, last_name, wix_member_id, blocked, role, created_at) VALUES ('670966c8531443bfac739d7fff3c6769', 'ipekocoglu@gmail.com', 1, '', 'Ipek Koçoğlu', 'Ipek', 'Koçoğlu', NULL, 0, 'member', '2024-10-04 16:02');

INSERT OR IGNORE INTO user (id, email, email_verified, hashed_password, name, first_name, last_name, wix_member_id, blocked, role, created_at) VALUES ('069765564ccc471c95f685af5f2ba59c', 'mc.gallego264@gmail.com', 1, '', '', '', '', NULL, 0, 'member', '2024-10-07 22:36');

INSERT OR IGNORE INTO user (id, email, email_verified, hashed_password, name, first_name, last_name, wix_member_id, blocked, role, created_at) VALUES ('2a09bec67d1d4952888cf9e653d2ca94', 'layneeblair@hotmail.com', 1, '', '', '', '', NULL, 0, 'member', '2024-09-14 02:46');

INSERT OR IGNORE INTO user (id, email, email_verified, hashed_password, name, first_name, last_name, wix_member_id, blocked, role, created_at) VALUES ('03ac051e93004fc8830f9ddcba5cef8a', 'kwitcher622@gmail.com', 1, '', '', '', '', NULL, 0, 'member', '2024-10-08 04:43');

INSERT OR IGNORE INTO user (id, email, email_verified, hashed_password, name, first_name, last_name, wix_member_id, blocked, role, created_at) VALUES ('8e1f4de4f3544d63b09702ebbe8df25f', 'laynee.heasley@outlook.com', 1, '', 'Laynee Heasley', 'Laynee', 'Heasley', NULL, 0, 'member', '2024-09-14 02:46');

INSERT OR IGNORE INTO user (id, email, email_verified, hashed_password, name, first_name, last_name, wix_member_id, blocked, role, created_at) VALUES ('2605c1ff93964d489b69aec773017d21', 'alyssadisenhour@gmail.com', 1, '', '', '', '', NULL, 0, 'member', '2024-10-08 01:27');

INSERT OR IGNORE INTO user (id, email, email_verified, hashed_password, name, first_name, last_name, wix_member_id, blocked, role, created_at) VALUES ('05931c2d2a8e4de0b9aa61235e186e6f', 'kaitlynsheaffer@gmail.com', 1, '', '', '', '', NULL, 0, 'member', '2024-10-07 22:33');

INSERT OR IGNORE INTO user (id, email, email_verified, hashed_password, name, first_name, last_name, wix_member_id, blocked, role, created_at) VALUES ('f1fed800cfc044f4864cb9d5abe8edcc', 'miller.hannahgrace@gmail.com', 1, '', 'Hannah Martin', 'Hannah', 'Martin', NULL, 0, 'member', '2024-10-02 02:15');
INSERT OR IGNORE INTO user_label (user_id, label) VALUES ('f1fed800cfc044f4864cb9d5abe8edcc', 'RRM Academy Members Group member');

INSERT OR IGNORE INTO user (id, email, email_verified, hashed_password, name, first_name, last_name, wix_member_id, blocked, role, created_at) VALUES ('b4fd7a3a63a046b3ba323ec52fd973ac', 'janelleauker94@gmail.com', 1, '', '', '', '', NULL, 0, 'member', '2024-10-07 22:40');

INSERT OR IGNORE INTO user (id, email, email_verified, hashed_password, name, first_name, last_name, wix_member_id, blocked, role, created_at) VALUES ('309fac53e05d419f848575e72ecc7e36', 'kclausen74@gmail.com', 1, '', '', '', '', NULL, 0, 'member', '2024-10-08 02:47');

INSERT OR IGNORE INTO user (id, email, email_verified, hashed_password, name, first_name, last_name, wix_member_id, blocked, role, created_at) VALUES ('545c7e80fe424dbfbe87864a579fcbe1', 'bz_mira01@hotmail.com', 1, '', '', '', '', NULL, 0, 'member', '2024-10-03 03:10');

INSERT OR IGNORE INTO user (id, email, email_verified, hashed_password, name, first_name, last_name, wix_member_id, blocked, role, created_at) VALUES ('803b8cf07dfd40c89924feac554dd35b', 'carolinebender91@gmail.com', 1, '', '', '', '', NULL, 0, 'member', '2024-10-07 23:22');
INSERT OR IGNORE INTO user_label (user_id, label) VALUES ('803b8cf07dfd40c89924feac554dd35b', 'RRM Academy Members Group member');

INSERT OR IGNORE INTO user (id, email, email_verified, hashed_password, name, first_name, last_name, wix_member_id, blocked, role, created_at) VALUES ('4910953f11594852bfdbd4ff71b2eb6b', 'hhall88@me.com', 1, '', '', '', '', NULL, 0, 'member', '2024-09-13 21:13');

INSERT OR IGNORE INTO user (id, email, email_verified, hashed_password, name, first_name, last_name, wix_member_id, blocked, role, created_at) VALUES ('a4b58189233744f98b578e2cfeda067d', 'faithmstocks@gmail.com', 1, '', '', '', '', NULL, 0, 'member', '2024-09-23 21:38');

INSERT OR IGNORE INTO user (id, email, email_verified, hashed_password, name, first_name, last_name, wix_member_id, blocked, role, created_at) VALUES ('95481ad70d424180ac5a39dd3f5482e7', 'erinhackett88@gmail.com', 1, '', '', '', '', NULL, 0, 'member', '2024-09-17 02:22');

INSERT OR IGNORE INTO user (id, email, email_verified, hashed_password, name, first_name, last_name, wix_member_id, blocked, role, created_at) VALUES ('a8fa54ba0e804401835598e029a894f7', 'annaecarmack@gmail.com', 1, '', '', '', '', NULL, 0, 'member', '2024-10-03 02:51');

INSERT OR IGNORE INTO user (id, email, email_verified, hashed_password, name, first_name, last_name, wix_member_id, blocked, role, created_at) VALUES ('6cbf8b7339c24d72992e36fcfe399c85', 'farahamin1@outlook.com', 1, '', '', '', '', NULL, 0, 'member', '2024-09-15 23:01');

INSERT OR IGNORE INTO user (id, email, email_verified, hashed_password, name, first_name, last_name, wix_member_id, blocked, role, created_at) VALUES ('80afa51486ef4e80ae8f636d9f3e36f8', 'abadab12@yahoo.com', 1, '', '', '', '', NULL, 0, 'member', '2024-09-23 01:56');

INSERT OR IGNORE INTO user (id, email, email_verified, hashed_password, name, first_name, last_name, wix_member_id, blocked, role, created_at) VALUES ('11975d7e044b45bf90c3ff5a8a427739', 'rockmintswirl@outlook.com', 1, '', '', '', '', NULL, 0, 'member', '2024-09-19 08:25');

INSERT OR IGNORE INTO user (id, email, email_verified, hashed_password, name, first_name, last_name, wix_member_id, blocked, role, created_at) VALUES ('98afc8e8a0f34252a3d782f38db77ba9', 'kayla_collins5@hotmail.com', 1, '', '', '', '', NULL, 0, 'member', '2024-09-14 12:52');

INSERT OR IGNORE INTO user (id, email, email_verified, hashed_password, name, first_name, last_name, wix_member_id, blocked, role, created_at) VALUES ('317a9c667e684378be2cc499e5dab058', 'stephlovesben@gmail.com', 1, '', 'Stephanie Young', 'Stephanie', 'Young', NULL, 0, 'member', '2024-09-24 01:39');

INSERT OR IGNORE INTO user (id, email, email_verified, hashed_password, name, first_name, last_name, wix_member_id, blocked, role, created_at) VALUES ('d629c67723f84f9283ac7b172f6bdcf0', 'schakides@aol.com', 1, '', '', '', '', NULL, 0, 'member', '2024-10-02 01:31');

INSERT OR IGNORE INTO user (id, email, email_verified, hashed_password, name, first_name, last_name, wix_member_id, blocked, role, created_at) VALUES ('35a89d8f65b64106a0251cc9f3287ec1', 'gabriela.c.schuman@gmail.com', 1, '', 'Gabriela Schuman', 'Gabriela', 'Schuman', NULL, 0, 'member', '2024-10-06 01:37');
INSERT OR IGNORE INTO user_label (user_id, label) VALUES ('35a89d8f65b64106a0251cc9f3287ec1', 'Restorative Reproductive Medicine (RRM) vs Standard ART: A New Approach to Infertility');
INSERT OR IGNORE INTO user_label (user_id, label) VALUES ('35a89d8f65b64106a0251cc9f3287ec1', 'RRM Academy Members Group member');
INSERT OR IGNORE INTO enrollment (id, user_id, course_id, enrolled_at) VALUES ('7241fa69f1a3404da814dba730e5d471', '35a89d8f65b64106a0251cc9f3287ec1', 'rrm-vs-ivf', '2024-10-06 01:37');

INSERT OR IGNORE INTO user (id, email, email_verified, hashed_password, name, first_name, last_name, wix_member_id, blocked, role, created_at) VALUES ('d197828e24bf4f2ab769c2bf63d3fe45', 'ichoffel8373@mysvc.skagit.edu', 1, '', 'Isabel Choffel', 'Isabel', 'Choffel', NULL, 0, 'member', '2024-10-07 21:56');

INSERT OR IGNORE INTO user (id, email, email_verified, hashed_password, name, first_name, last_name, wix_member_id, blocked, role, created_at) VALUES ('527cdadc61cb4e7cb06736d3974c3193', 'pamela.gadbaw@gmail.com', 1, '', '', '', '', NULL, 0, 'member', '2024-09-26 16:30');

INSERT OR IGNORE INTO user (id, email, email_verified, hashed_password, name, first_name, last_name, wix_member_id, blocked, role, created_at) VALUES ('0babaf58a8e34033a8734787430c382a', 'lynchcmb@gmail.com', 1, '', '', '', '', NULL, 0, 'member', '2024-09-14 03:33');

INSERT OR IGNORE INTO user (id, email, email_verified, hashed_password, name, first_name, last_name, wix_member_id, blocked, role, created_at) VALUES ('c978e351bc3e490abe657c7eff0b4313', 'rachelelizmay@gmail.com', 1, '', 'Rachel May Krach', 'Rachel', 'May Krach', NULL, 0, 'member', '2024-10-01 20:47');

INSERT OR IGNORE INTO user (id, email, email_verified, hashed_password, name, first_name, last_name, wix_member_id, blocked, role, created_at) VALUES ('79b06ae946924c4bb2794a038fff6afb', 'skyedvdiego@gmail.com', 1, '', 'Skye Diego', 'Skye', 'Diego', NULL, 0, 'member', '2024-09-22 20:03');

INSERT OR IGNORE INTO user (id, email, email_verified, hashed_password, name, first_name, last_name, wix_member_id, blocked, role, created_at) VALUES ('ee805c5b2a6b42848ab73ff0f6ef6cb1', 'kateskinner5@gmail.com', 1, '', '', '', '', NULL, 0, 'member', '2024-10-02 13:20');

INSERT OR IGNORE INTO user (id, email, email_verified, hashed_password, name, first_name, last_name, wix_member_id, blocked, role, created_at) VALUES ('631883f8e1c34377a991c736b3591785', 'perriconnell@gmail.com', 1, '', 'Perri Connell', 'Perri', 'Connell', NULL, 0, 'member', '2024-10-08 00:08');

INSERT OR IGNORE INTO user (id, email, email_verified, hashed_password, name, first_name, last_name, wix_member_id, blocked, role, created_at) VALUES ('c2dec545789946dda0ebb462cad44d86', 'michaelandcary2023@gmail.com', 1, '', 'Michael and Cary Cox', 'Michael and Cary', 'Cox', NULL, 0, 'member', '2024-09-29 05:56');
INSERT OR IGNORE INTO user_label (user_id, label) VALUES ('c2dec545789946dda0ebb462cad44d86', 'RRM Academy Members Group member');
INSERT OR IGNORE INTO user_label (user_id, label) VALUES ('c2dec545789946dda0ebb462cad44d86', 'Long Term Endometriosis Management');
INSERT OR IGNORE INTO enrollment (id, user_id, course_id, enrolled_at) VALUES ('4aa7b7d3c74b4332aa85d79682bff204', 'c2dec545789946dda0ebb462cad44d86', 'long-term-endo-management', '2024-09-29 05:56');

INSERT OR IGNORE INTO user (id, email, email_verified, hashed_password, name, first_name, last_name, wix_member_id, blocked, role, created_at) VALUES ('df0d52ca10404411a39fbf9299d2a7a2', 'jessica.miller.au@gmail.com', 1, '', '', '', '', NULL, 0, 'member', '2024-09-24 23:29');

INSERT OR IGNORE INTO user (id, email, email_verified, hashed_password, name, first_name, last_name, wix_member_id, blocked, role, created_at) VALUES ('266f971735304702a5d07b34ed0c2bd5', 't.landego@gmail.com', 1, '', '', '', '', NULL, 0, 'member', '2024-10-03 22:09');

INSERT OR IGNORE INTO user (id, email, email_verified, hashed_password, name, first_name, last_name, wix_member_id, blocked, role, created_at) VALUES ('6f403c27b41a40f08c45d747bf4cfc35', 'agpolley@outlook.com', 1, '', '', '', '', NULL, 0, 'member', '2024-09-14 12:34');

INSERT OR IGNORE INTO user (id, email, email_verified, hashed_password, name, first_name, last_name, wix_member_id, blocked, role, created_at) VALUES ('fdf695d484644fbda48599aa6e202026', 'bree_girl4891@hotmail.com', 1, '', '', '', '', NULL, 0, 'member', '2024-10-02 19:29');

INSERT OR IGNORE INTO user (id, email, email_verified, hashed_password, name, first_name, last_name, wix_member_id, blocked, role, created_at) VALUES ('880d07b74e5142bf9264ecf3ca6667b7', 'ashleemsmalley@gmail.com', 1, '', 'Ashlee Smalley', 'Ashlee', 'Smalley', NULL, 0, 'member', '2024-09-14 04:55');

INSERT OR IGNORE INTO user (id, email, email_verified, hashed_password, name, first_name, last_name, wix_member_id, blocked, role, created_at) VALUES ('4bf7516089bb494ca593f9bcb0b171b2', 'e.deevy1@gmail.com', 1, '', '', '', '', NULL, 0, 'member', '2024-10-06 20:11');

INSERT OR IGNORE INTO user (id, email, email_verified, hashed_password, name, first_name, last_name, wix_member_id, blocked, role, created_at) VALUES ('cfa220b5d5944c3dbe526166ff6c6c82', 'katietorvinen@gmail.com', 1, '', 'Katie Ortega', 'Katie', 'Ortega', NULL, 0, 'member', '2024-09-14 17:36');
INSERT OR IGNORE INTO user_label (user_id, label) VALUES ('cfa220b5d5944c3dbe526166ff6c6c82', 'RRM Academy Members Group member');

INSERT OR IGNORE INTO user (id, email, email_verified, hashed_password, name, first_name, last_name, wix_member_id, blocked, role, created_at) VALUES ('7c2543f9178b4b578c54f67d15b8d7be', 'bre.espen@gmail.com', 1, '', 'Bre Espen', 'Bre', 'Espen', NULL, 0, 'member', '2024-10-07 23:21');

INSERT OR IGNORE INTO user (id, email, email_verified, hashed_password, name, first_name, last_name, wix_member_id, blocked, role, created_at) VALUES ('34dac476dd7a4d97946e926aedcffd0c', 'stephanieslaski@gmail.com', 1, '', '', '', '', NULL, 0, 'member', '2024-09-13 22:34');

INSERT OR IGNORE INTO user (id, email, email_verified, hashed_password, name, first_name, last_name, wix_member_id, blocked, role, created_at) VALUES ('b7616813c8e64c5bb66487e03dc802ae', 'ireneoptpm@gmail.com', 1, '', 'irene Perez', 'irene', 'Perez', NULL, 0, 'member', '2024-09-13 20:58');

INSERT OR IGNORE INTO user (id, email, email_verified, hashed_password, name, first_name, last_name, wix_member_id, blocked, role, created_at) VALUES ('7e7c67d4b3d64c69b8af2a63dcc4eebf', 'taybrooks09@yahoo.com', 1, '', '', '', '', NULL, 0, 'member', '2024-10-01 17:01');

INSERT OR IGNORE INTO user (id, email, email_verified, hashed_password, name, first_name, last_name, wix_member_id, blocked, role, created_at) VALUES ('1bb429a608104f0aa66056257e82c18c', 'dmytriw93@gmail.com', 1, '', '', '', '', NULL, 0, 'member', '2024-10-04 20:52');

INSERT OR IGNORE INTO user (id, email, email_verified, hashed_password, name, first_name, last_name, wix_member_id, blocked, role, created_at) VALUES ('d3b4e130d0dd4892872c02a3f8d50cfa', 'jess.of.the.midwest@gmail.com', 1, '', 'Jess M', 'Jess', 'M', NULL, 0, 'member', '2024-09-15 14:22');
INSERT OR IGNORE INTO user_label (user_id, label) VALUES ('d3b4e130d0dd4892872c02a3f8d50cfa', 'Contacted Me');

INSERT OR IGNORE INTO user (id, email, email_verified, hashed_password, name, first_name, last_name, wix_member_id, blocked, role, created_at) VALUES ('967158f0c49445c98089b902e36e715d', 'oldfangled12@gmail.com', 1, '', '', '', '', NULL, 0, 'member', '2024-10-07 23:53');

INSERT OR IGNORE INTO user (id, email, email_verified, hashed_password, name, first_name, last_name, wix_member_id, blocked, role, created_at) VALUES ('7a6b52964fc24acf8d68ef8443e2027a', 'ack_twilight@yahoo.com', 1, '', '', '', '', NULL, 0, 'member', '2024-10-01 14:16');

INSERT OR IGNORE INTO user (id, email, email_verified, hashed_password, name, first_name, last_name, wix_member_id, blocked, role, created_at) VALUES ('6060ba9c0ba04a30a63339f54088e337', 'erinannmills@gmail.com', 1, '', '', '', '', NULL, 0, 'member', '2024-10-11 00:25');

INSERT OR IGNORE INTO user (id, email, email_verified, hashed_password, name, first_name, last_name, wix_member_id, blocked, role, created_at) VALUES ('5c4869514d5e4bbf8109fbafc13cb216', 'marissagrzechowski95@gmail.com', 1, '', '', '', '', NULL, 0, 'member', '2024-10-10 21:43');

INSERT OR IGNORE INTO user (id, email, email_verified, hashed_password, name, first_name, last_name, wix_member_id, blocked, role, created_at) VALUES ('104813bf31c44f968817fb9716b14d63', 'louismeusmauren@yahoo.com', 1, '', '', '', '', NULL, 0, 'member', '2024-10-11 12:16');

INSERT OR IGNORE INTO user (id, email, email_verified, hashed_password, name, first_name, last_name, wix_member_id, blocked, role, created_at) VALUES ('eecffbd0d788415e9fc781816220f717', 'riouxkatie@gmail.com', 1, '', '', '', '', NULL, 0, 'member', '2024-10-16 01:54');

INSERT OR IGNORE INTO user (id, email, email_verified, hashed_password, name, first_name, last_name, wix_member_id, blocked, role, created_at) VALUES ('54c8e8bffdcc4fe4854203c5e7fd3607', 'samscullion25@gmail.com', 1, '', 'Samantha Scullion', 'Samantha', 'Scullion', NULL, 0, 'member', '2024-10-11 12:28');

INSERT OR IGNORE INTO user (id, email, email_verified, hashed_password, name, first_name, last_name, wix_member_id, blocked, role, created_at) VALUES ('0cda77534d0f4d57a33a0d5c06a02b85', 'raeannkiley@gmail.com', 1, '', '', '', '', NULL, 0, 'member', '2024-10-08 07:32');

INSERT OR IGNORE INTO user (id, email, email_verified, hashed_password, name, first_name, last_name, wix_member_id, blocked, role, created_at) VALUES ('3726fbbe053c4a64a626eff22d77a7c3', 'annavmarroquin@hotmail.com', 1, '', '', '', '', NULL, 0, 'member', '2024-10-15 02:56');

INSERT OR IGNORE INTO user (id, email, email_verified, hashed_password, name, first_name, last_name, wix_member_id, blocked, role, created_at) VALUES ('35eb584625a34c2492589c9ff3526a00', 'monterrosoevelyn522@gmail.com', 1, '', '', '', '', NULL, 0, 'member', '2024-10-11 00:07');

INSERT OR IGNORE INTO user (id, email, email_verified, hashed_password, name, first_name, last_name, wix_member_id, blocked, role, created_at) VALUES ('5ff593348c2f4cd68955d5f1300f21a6', 'emmalongdpt@gmail.com', 1, '', 'Emma Long', 'Emma', 'Long', NULL, 0, 'member', '2024-10-08 14:03');

INSERT OR IGNORE INTO user (id, email, email_verified, hashed_password, name, first_name, last_name, wix_member_id, blocked, role, created_at) VALUES ('14136fce7f754f799b3433db6afde952', 'cordner.kelsey@gmail.com', 1, '', 'Kelsey Cordner', 'Kelsey', 'Cordner', NULL, 0, 'member', '2024-10-10 23:02');

INSERT OR IGNORE INTO user (id, email, email_verified, hashed_password, name, first_name, last_name, wix_member_id, blocked, role, created_at) VALUES ('654b16c5f04943ae8101a1a94e48a47e', 'mariam.saab92@gmail.com', 1, '', '', '', '', NULL, 0, 'member', '2024-10-08 06:14');

INSERT OR IGNORE INTO user (id, email, email_verified, hashed_password, name, first_name, last_name, wix_member_id, blocked, role, created_at) VALUES ('5459c7a5a4ee4e9e805b39ec7d8bd76c', 'kaliksu@gmail.com', 1, '', '', '', '', NULL, 0, 'member', '2024-10-16 02:47');

INSERT OR IGNORE INTO user (id, email, email_verified, hashed_password, name, first_name, last_name, wix_member_id, blocked, role, created_at) VALUES ('e103c1588728464d98b0a932526e05d6', 'ashleeanneking@gmail.com', 1, '', '', '', '', NULL, 0, 'member', '2024-10-14 14:01');

INSERT OR IGNORE INTO user (id, email, email_verified, hashed_password, name, first_name, last_name, wix_member_id, blocked, role, created_at) VALUES ('32d981b7e45040a08578fc552957b9c7', 'gratia8fish@gmail.com', 1, '', '', '', '', NULL, 0, 'member', '2024-10-15 19:05');

INSERT OR IGNORE INTO user (id, email, email_verified, hashed_password, name, first_name, last_name, wix_member_id, blocked, role, created_at) VALUES ('c6dbd3a16b344c2a9f432cc0001cbaab', 'brookewideman@gmail.com', 1, '', '', '', '', NULL, 0, 'member', '2024-10-08 21:54');

INSERT OR IGNORE INTO user (id, email, email_verified, hashed_password, name, first_name, last_name, wix_member_id, blocked, role, created_at) VALUES ('9e43807f5e6548bda4a30a0706581e99', 'erin.bechtel1@gmail.com', 1, '', '', '', '', NULL, 0, 'member', '2024-10-11 04:35');

INSERT OR IGNORE INTO user (id, email, email_verified, hashed_password, name, first_name, last_name, wix_member_id, blocked, role, created_at) VALUES ('717aaaf5298b4bc4a1edf64078c5c678', 'lindsay.d.sinclair@gmail.com', 1, '', '', '', '', NULL, 0, 'member', '2024-10-18 23:22');

INSERT OR IGNORE INTO user (id, email, email_verified, hashed_password, name, first_name, last_name, wix_member_id, blocked, role, created_at) VALUES ('b6ce2019203b4e50852ef725a4683e1b', 'helayna123@yahoo.com', 1, '', '', '', '', NULL, 0, 'member', '2024-10-10 21:40');

INSERT OR IGNORE INTO user (id, email, email_verified, hashed_password, name, first_name, last_name, wix_member_id, blocked, role, created_at) VALUES ('beeadd1dd76f48d9ac432e3a7116f4f7', 'bryepatton@gmail.com', 1, '', 'Brye Patton', 'Brye', 'Patton', NULL, 0, 'member', '2024-10-16 12:27');

INSERT OR IGNORE INTO user (id, email, email_verified, hashed_password, name, first_name, last_name, wix_member_id, blocked, role, created_at) VALUES ('5e025578539e4abaae6e1632cb5ccb74', 'sweetheartf5120@gmail.com', 1, '', 'Sweetheart F', 'Sweetheart', 'F', NULL, 0, 'member', '2024-10-15 02:03');

INSERT OR IGNORE INTO user (id, email, email_verified, hashed_password, name, first_name, last_name, wix_member_id, blocked, role, created_at) VALUES ('669bd549d2b14727a41d4591fd6f113d', 'lsavaryn@gmail.com', 1, '', '', '', '', NULL, 0, 'member', '2024-10-16 03:18');

INSERT OR IGNORE INTO user (id, email, email_verified, hashed_password, name, first_name, last_name, wix_member_id, blocked, role, created_at) VALUES ('4f7e941df11a4a72b8193294196017f4', 'alisha.b.neal@gmail.com', 1, '', 'Alisha Neal', 'Alisha', 'Neal', NULL, 0, 'member', '2024-10-19 00:40');

INSERT OR IGNORE INTO user (id, email, email_verified, hashed_password, name, first_name, last_name, wix_member_id, blocked, role, created_at) VALUES ('15ab61c4ec7149f88fca0edde600c654', 'danyelleangle@gmail.com', 1, '', '', '', '', NULL, 0, 'member', '2024-10-08 23:13');

INSERT OR IGNORE INTO user (id, email, email_verified, hashed_password, name, first_name, last_name, wix_member_id, blocked, role, created_at) VALUES ('fe758244c9d14007ba02c8d904bafd38', 'derken22@hotmail.com', 1, '', '', '', '', NULL, 0, 'member', '2024-10-08 06:08');

INSERT OR IGNORE INTO user (id, email, email_verified, hashed_password, name, first_name, last_name, wix_member_id, blocked, role, created_at) VALUES ('6c3df7ac11b24177a31f28555c650a20', 'theronamber@outlook.com', 1, '', '', '', '', NULL, 0, 'member', '2024-10-17 18:58');

INSERT OR IGNORE INTO user (id, email, email_verified, hashed_password, name, first_name, last_name, wix_member_id, blocked, role, created_at) VALUES ('5f9ff1b22e954f25b43f67f4aed3ee80', 'abbystrite27@gmail.com', 1, '', '', '', '', NULL, 0, 'member', '2024-10-14 22:52');

INSERT OR IGNORE INTO user (id, email, email_verified, hashed_password, name, first_name, last_name, wix_member_id, blocked, role, created_at) VALUES ('e70e9ddd3fc345cfa44b7279a93a20a4', 'diane.beltran@yahoo.com', 1, '', '', '', '', NULL, 0, 'member', '2024-10-14 01:25');

INSERT OR IGNORE INTO user (id, email, email_verified, hashed_password, name, first_name, last_name, wix_member_id, blocked, role, created_at) VALUES ('de2f4fd9d1f14b2495753f14e675b9db', 'cardoso.mrsara@gmail.com', 1, '', '', '', '', NULL, 0, 'member', '2024-10-08 11:44');

INSERT OR IGNORE INTO user (id, email, email_verified, hashed_password, name, first_name, last_name, wix_member_id, blocked, role, created_at) VALUES ('f3b29059b9984584be99e2d3af75b078', 'chavezjjess@gmail.com', 1, '', '', '', '', NULL, 0, 'member', '2024-10-09 02:26');

INSERT OR IGNORE INTO user (id, email, email_verified, hashed_password, name, first_name, last_name, wix_member_id, blocked, role, created_at) VALUES ('004947f3d32a45729c1e5eb7e281be89', 'wendy.pu95@gmail.com', 1, '', 'Wendy Pu', 'Wendy', 'Pu', NULL, 0, 'member', '2024-10-16 20:20');

INSERT OR IGNORE INTO user (id, email, email_verified, hashed_password, name, first_name, last_name, wix_member_id, blocked, role, created_at) VALUES ('007fe05844c543d7b2259de366881c28', 'cffurst@hotmail.com', 1, '', '', '', '', NULL, 0, 'member', '2024-10-11 02:51');

INSERT OR IGNORE INTO user (id, email, email_verified, hashed_password, name, first_name, last_name, wix_member_id, blocked, role, created_at) VALUES ('824daae15f534897ad26c0c07dbea952', 'mbonvissuto@hotmail.com', 1, '', '', '', '', NULL, 0, 'member', '2024-10-11 20:33');

INSERT OR IGNORE INTO user (id, email, email_verified, hashed_password, name, first_name, last_name, wix_member_id, blocked, role, created_at) VALUES ('3a636f120ca34107b5a205b6fb490c7c', 'ke0245@pcom.edu', 1, '', 'Karissa Edwards', 'Karissa', 'Edwards', NULL, 0, 'member', '2024-10-15 16:52');

INSERT OR IGNORE INTO user (id, email, email_verified, hashed_password, name, first_name, last_name, wix_member_id, blocked, role, created_at) VALUES ('2ca7dc382aa5485dab0c34b44be8cbc1', 'mgladieux3@att.net', 1, '', '', '', '', NULL, 0, 'member', '2024-10-11 01:35');

INSERT OR IGNORE INTO user (id, email, email_verified, hashed_password, name, first_name, last_name, wix_member_id, blocked, role, created_at) VALUES ('a15429a802db4bf8a4d52383565d733d', 'annemarie12215@gmail.com', 1, '', 'Anne Marie Allen', 'Anne Marie', 'Allen', NULL, 0, 'member', '2024-10-16 14:24');

INSERT OR IGNORE INTO user (id, email, email_verified, hashed_password, name, first_name, last_name, wix_member_id, blocked, role, created_at) VALUES ('46b602d5e9c24a3c9f1759073f25896f', 'diniagrant.hs@gmail.com', 1, '', '', '', '', NULL, 0, 'member', '2024-10-14 03:44');

INSERT OR IGNORE INTO user (id, email, email_verified, hashed_password, name, first_name, last_name, wix_member_id, blocked, role, created_at) VALUES ('9b21bcd53bac4d3eb7b8b79133b47e0a', 'hmsargent1014@outlook.com', 1, '', '', '', '', NULL, 0, 'member', '2024-10-18 06:05');

INSERT OR IGNORE INTO user (id, email, email_verified, hashed_password, name, first_name, last_name, wix_member_id, blocked, role, created_at) VALUES ('224c0074208b495393bcf3f1b7fe8c14', 'angelic_curls@hotmail.co.uk', 1, '', '', '', '', NULL, 0, 'member', '2024-10-08 07:10');

INSERT OR IGNORE INTO user (id, email, email_verified, hashed_password, name, first_name, last_name, wix_member_id, blocked, role, created_at) VALUES ('7a1e0dcbe7384d85896f50778c7f5c15', 'annabanana24jc@yahoo.com', 1, '', '', '', '', NULL, 0, 'member', '2024-10-10 23:23');

INSERT OR IGNORE INTO user (id, email, email_verified, hashed_password, name, first_name, last_name, wix_member_id, blocked, role, created_at) VALUES ('09cbfffc0b60457ab8ac097b7af08427', 'aaskier2001@gmail.com', 1, '', 'Allison Askier', 'Allison', 'Askier', NULL, 0, 'member', '2024-10-13 16:30');

INSERT OR IGNORE INTO user (id, email, email_verified, hashed_password, name, first_name, last_name, wix_member_id, blocked, role, created_at) VALUES ('43c30f9015c44ad691eaff338da8f3c8', 'ninalblanchard@gmail.com', 1, '', '', '', '', NULL, 0, 'member', '2024-10-16 03:29');

INSERT OR IGNORE INTO user (id, email, email_verified, hashed_password, name, first_name, last_name, wix_member_id, blocked, role, created_at) VALUES ('bbce215e9c1d416c8622db5f1cf34585', 'xdemix-@hotmail.com', 1, '', '', '', '', NULL, 0, 'member', '2024-10-11 18:54');

INSERT OR IGNORE INTO user (id, email, email_verified, hashed_password, name, first_name, last_name, wix_member_id, blocked, role, created_at) VALUES ('7ec958b7080a401d85a0e1266773abb1', 'cjbfertilitycare@gmail.com', 1, '', '', '', '', NULL, 0, 'member', '2024-10-11 01:30');

INSERT OR IGNORE INTO user (id, email, email_verified, hashed_password, name, first_name, last_name, wix_member_id, blocked, role, created_at) VALUES ('815ed0b96bc74d76ae5515bb690e6fed', 'korlowski89@gmail.com', 1, '', 'Karen Banea', 'Karen', 'Banea', NULL, 0, 'member', '2024-10-08 21:34');

INSERT OR IGNORE INTO user (id, email, email_verified, hashed_password, name, first_name, last_name, wix_member_id, blocked, role, created_at) VALUES ('f83aada672994f589b52e4bb0fc69a42', 'mary.corso.ips@divinemercy.edu', 1, '', '', '', '', NULL, 0, 'member', '2024-10-08 18:35');

INSERT OR IGNORE INTO user (id, email, email_verified, hashed_password, name, first_name, last_name, wix_member_id, blocked, role, created_at) VALUES ('ab936eb509444601ba2510fef2bc53ba', 'astrogirl788@gmail.com', 1, '', '', '', '', NULL, 0, 'member', '2024-10-12 23:11');

INSERT OR IGNORE INTO user (id, email, email_verified, hashed_password, name, first_name, last_name, wix_member_id, blocked, role, created_at) VALUES ('1329cf6b881b4e13a4f132a037b284f2', 'aediamantoni@gmail.com', 1, '', '', '', '', NULL, 0, 'member', '2024-10-11 00:31');

INSERT OR IGNORE INTO user (id, email, email_verified, hashed_password, name, first_name, last_name, wix_member_id, blocked, role, created_at) VALUES ('9f57219f07b3453099b973254410b7b8', 'kimberlyjoyberggren@gmail.com', 1, '', 'Kim Berggren', 'Kim', 'Berggren', NULL, 0, 'member', '2024-10-19 01:07');

INSERT OR IGNORE INTO user (id, email, email_verified, hashed_password, name, first_name, last_name, wix_member_id, blocked, role, created_at) VALUES ('a61bab12e23a41eb9af4e8f07569332f', 'tlayne1490@gmail.com', 1, '', 'Taylor Wiedenfeld', 'Taylor', 'Wiedenfeld', NULL, 0, 'member', '2024-10-11 01:24');
INSERT OR IGNORE INTO user_label (user_id, label) VALUES ('a61bab12e23a41eb9af4e8f07569332f', 'Long Term Endometriosis Management');
INSERT OR IGNORE INTO user_label (user_id, label) VALUES ('a61bab12e23a41eb9af4e8f07569332f', 'Masterclass in Endometriosis & Surgery');
INSERT OR IGNORE INTO enrollment (id, user_id, course_id, enrolled_at) VALUES ('64b2e324f567474098ae399ef71a2287', 'a61bab12e23a41eb9af4e8f07569332f', 'long-term-endo-management', '2024-10-11 01:24');
INSERT OR IGNORE INTO enrollment (id, user_id, course_id, enrolled_at) VALUES ('fe34388affc142f6a17f368781b57c97', 'a61bab12e23a41eb9af4e8f07569332f', 'masterclass-endo-surgery', '2024-10-11 01:24');

INSERT OR IGNORE INTO user (id, email, email_verified, hashed_password, name, first_name, last_name, wix_member_id, blocked, role, created_at) VALUES ('80f201ca3acc4eafad89df79deb9c198', 'kbdownham@gmail.com', 1, '', '', '', '', NULL, 0, 'member', '2024-10-08 12:08');

INSERT OR IGNORE INTO user (id, email, email_verified, hashed_password, name, first_name, last_name, wix_member_id, blocked, role, created_at) VALUES ('95c43569ad0f4736bcf926238c6a3efa', 'zuglewis@gmail.com', 1, '', 'Carol Lewis', 'Carol', 'Lewis', NULL, 0, 'member', '2024-10-17 15:58');

INSERT OR IGNORE INTO user (id, email, email_verified, hashed_password, name, first_name, last_name, wix_member_id, blocked, role, created_at) VALUES ('4b17301f5f1f4ade824efb0387167c86', 'jessicaledgecomb@gmail.com', 1, '', 'J Edgecomb', 'J', 'Edgecomb', NULL, 0, 'member', '2024-10-08 21:29');

INSERT OR IGNORE INTO user (id, email, email_verified, hashed_password, name, first_name, last_name, wix_member_id, blocked, role, created_at) VALUES ('c3d86ed2e8dc4e89ab2d855e3b4c0c44', 'mrs.sarahtmoore@gmail.con', 1, '', '', '', '', NULL, 0, 'member', '2024-10-08 22:39');

INSERT OR IGNORE INTO user (id, email, email_verified, hashed_password, name, first_name, last_name, wix_member_id, blocked, role, created_at) VALUES ('50deb0b2615d47eb9fb3e4f6cbb8359e', 'beata.sestakova@gmail.com', 1, '', 'Beáta Brunovská', 'Beáta', 'Brunovská', NULL, 0, 'member', '2024-10-08 14:01');

INSERT OR IGNORE INTO user (id, email, email_verified, hashed_password, name, first_name, last_name, wix_member_id, blocked, role, created_at) VALUES ('08dfc3ed71cf4bf5b39b9a7b14273a72', 'chelsea.gemme@gmail.com', 1, '', 'Chelsea Gemme', 'Chelsea', 'Gemme', NULL, 0, 'member', '2024-10-08 21:48');

INSERT OR IGNORE INTO user (id, email, email_verified, hashed_password, name, first_name, last_name, wix_member_id, blocked, role, created_at) VALUES ('8d2ea0e3fe9f407cba0087b95ca28f3b', 'gincualla92k@gmail.com', 1, '', '', '', '', NULL, 0, 'member', '2024-10-15 08:08');

INSERT OR IGNORE INTO user (id, email, email_verified, hashed_password, name, first_name, last_name, wix_member_id, blocked, role, created_at) VALUES ('04eebc83d30d49a686bad00cef6fcb70', 'rubyroyjobs@gmail.com', 1, '', 'Ruby Roy', 'Ruby', 'Roy', NULL, 0, 'member', '2024-10-12 19:40');

INSERT OR IGNORE INTO user (id, email, email_verified, hashed_password, name, first_name, last_name, wix_member_id, blocked, role, created_at) VALUES ('87db83f2b39b42248d3b2915d08b8521', 'kathleenranne@gmail.com', 1, '', '', '', '', NULL, 0, 'member', '2024-10-16 02:02');

INSERT OR IGNORE INTO user (id, email, email_verified, hashed_password, name, first_name, last_name, wix_member_id, blocked, role, created_at) VALUES ('a3e8706b5e754c1997da294193e9121a', 'gabriellelima307@gmail.com', 1, '', '', '', '', NULL, 0, 'member', '2024-10-19 03:17');

INSERT OR IGNORE INTO user (id, email, email_verified, hashed_password, name, first_name, last_name, wix_member_id, blocked, role, created_at) VALUES ('154f02acf9a3464d8e279647a05c20c0', 'kilcoyne.abigail@gmail.com', 1, '', '', '', '', NULL, 0, 'member', '2024-10-14 19:56');

INSERT OR IGNORE INTO user (id, email, email_verified, hashed_password, name, first_name, last_name, wix_member_id, blocked, role, created_at) VALUES ('44a411517e75421f8e6b0a603910d55c', 'lizbell865@gmail.com', 1, '', 'Liz Crivello', 'Liz', 'Crivello', NULL, 0, 'member', '2024-10-13 21:45');

INSERT OR IGNORE INTO user (id, email, email_verified, hashed_password, name, first_name, last_name, wix_member_id, blocked, role, created_at) VALUES ('68dfba631583406294e84783a57126cc', 'breanna.burris@yahoo.com', 1, '', 'Breanna Burris', 'Breanna', 'Burris', NULL, 0, 'member', '2024-10-09 03:55');

INSERT OR IGNORE INTO user (id, email, email_verified, hashed_password, name, first_name, last_name, wix_member_id, blocked, role, created_at) VALUES ('d814204931054710a51d77536235a8ee', 'crwilhelm92@gmail.com', 1, '', 'Caroline Wilhelm', 'Caroline', 'Wilhelm', NULL, 0, 'member', '2024-10-12 01:03');

INSERT OR IGNORE INTO user (id, email, email_verified, hashed_password, name, first_name, last_name, wix_member_id, blocked, role, created_at) VALUES ('344b1ca5b36b472d9ec8c7050295f5bf', 'vandbl36@gmail.com', 1, '', '', '', '', NULL, 0, 'member', '2024-10-18 22:13');

INSERT OR IGNORE INTO user (id, email, email_verified, hashed_password, name, first_name, last_name, wix_member_id, blocked, role, created_at) VALUES ('c6278e476c6b45b2a2fb24f7109a79c5', 'tricia_86_2004@yahoo.com', 1, '', '', '', '', NULL, 0, 'member', '2024-10-11 03:34');

INSERT OR IGNORE INTO user (id, email, email_verified, hashed_password, name, first_name, last_name, wix_member_id, blocked, role, created_at) VALUES ('8b2bce0995094072aab1f8f2e5c6ac12', 'gina.witmer21@gmail.com', 1, '', '', '', '', NULL, 0, 'member', '2024-10-11 00:15');

INSERT OR IGNORE INTO user (id, email, email_verified, hashed_password, name, first_name, last_name, wix_member_id, blocked, role, created_at) VALUES ('4b6e81388a784642929e6e7c8ec9bf97', 'cecilia.eschbach@gmail.com', 1, '', '', '', '', NULL, 0, 'member', '2024-10-14 18:02');

INSERT OR IGNORE INTO user (id, email, email_verified, hashed_password, name, first_name, last_name, wix_member_id, blocked, role, created_at) VALUES ('7a1dbb2c6efd4ea7aa253ca98e3ab59a', 'trc8604@gmail.com', 1, '', '', '', '', NULL, 0, 'member', '2024-10-18 23:12');

INSERT OR IGNORE INTO user (id, email, email_verified, hashed_password, name, first_name, last_name, wix_member_id, blocked, role, created_at) VALUES ('f3a574e55c1b41c5ba3addcfc6d77f30', 'hrboyd1@att.net', 1, '', '', '', '', NULL, 0, 'member', '2024-10-18 23:38');

INSERT OR IGNORE INTO user (id, email, email_verified, hashed_password, name, first_name, last_name, wix_member_id, blocked, role, created_at) VALUES ('29c673ee799d4f559730c6fb0f137884', 'courtneyscarsella@gmail.com', 1, '', '', '', '', NULL, 0, 'member', '2024-10-10 21:31');

INSERT OR IGNORE INTO user (id, email, email_verified, hashed_password, name, first_name, last_name, wix_member_id, blocked, role, created_at) VALUES ('7fb143aca19e437d95a56394d7b1447d', 'baileynlong@gmail.com', 1, '', 'Bailey Guy', 'Bailey', 'Guy', NULL, 0, 'member', '2024-10-11 00:00');

INSERT OR IGNORE INTO user (id, email, email_verified, hashed_password, name, first_name, last_name, wix_member_id, blocked, role, created_at) VALUES ('0c2bd1892d12406c9e8ac2bc90bee8f1', 'virginia.hunter.vh@gmail.com', 1, '', 'Ginny Hunter', 'Ginny', 'Hunter', NULL, 0, 'member', '2024-10-19 01:43');

INSERT OR IGNORE INTO user (id, email, email_verified, hashed_password, name, first_name, last_name, wix_member_id, blocked, role, created_at) VALUES ('ec65f04e8df34f97aaaf78f63e681ddf', 'khuss2010@aol.com', 1, '', '', '', '', NULL, 0, 'member', '2024-10-14 02:52');

INSERT OR IGNORE INTO user (id, email, email_verified, hashed_password, name, first_name, last_name, wix_member_id, blocked, role, created_at) VALUES ('c1b47c43c4bf4596a2190043277579b3', 'keegankmccue@gmail.com', 1, '', '', '', '', NULL, 0, 'member', '2024-10-11 00:38');

INSERT OR IGNORE INTO user (id, email, email_verified, hashed_password, name, first_name, last_name, wix_member_id, blocked, role, created_at) VALUES ('e467189d95304982bcfea063849c9147', 'tayvickery@gmail.com', 1, '', '', '', '', NULL, 0, 'member', '2024-10-12 18:26');

INSERT OR IGNORE INTO user (id, email, email_verified, hashed_password, name, first_name, last_name, wix_member_id, blocked, role, created_at) VALUES ('144851528e8842c4a8168226e9756a44', 'pamelachieffallo@hotmail.com', 1, '', '', '', '', NULL, 0, 'member', '2024-10-08 13:30');

INSERT OR IGNORE INTO user (id, email, email_verified, hashed_password, name, first_name, last_name, wix_member_id, blocked, role, created_at) VALUES ('1f5fd9bba0d04ba089c9f039665d8700', 'jessicagrace.0622@gmail.com', 1, '', '', '', '', NULL, 0, 'member', '2024-10-11 14:33');

INSERT OR IGNORE INTO user (id, email, email_verified, hashed_password, name, first_name, last_name, wix_member_id, blocked, role, created_at) VALUES ('a6cbf0874a3a453cba4a07941e131a52', 'ford.rachel.a@gmail.com', 1, '', 'Rachel Ford', 'Rachel', 'Ford', NULL, 0, 'member', '2024-10-10 16:25');

INSERT OR IGNORE INTO user (id, email, email_verified, hashed_password, name, first_name, last_name, wix_member_id, blocked, role, created_at) VALUES ('a990915417834dcbaaa96303972b9bcd', 'lorenandtracey@gmail.com', 1, '', '', '', '', NULL, 0, 'member', '2024-10-11 12:39');

INSERT OR IGNORE INTO user (id, email, email_verified, hashed_password, name, first_name, last_name, wix_member_id, blocked, role, created_at) VALUES ('cfa43caa71454668a5c027c3aadab58b', 'mariemejia88@gmail.com', 1, '', 'Ashley Mejia-Lane', 'Ashley', 'Mejia-Lane', NULL, 0, 'member', '2024-10-10 21:17');

INSERT OR IGNORE INTO user (id, email, email_verified, hashed_password, name, first_name, last_name, wix_member_id, blocked, role, created_at) VALUES ('f4ed51d7fba24a52b0d169f136869032', 'kass.kontak@gmail.com', 1, '', 'Kassie Kontak', 'Kassie', 'Kontak', NULL, 0, 'member', '2024-10-14 23:54');

INSERT OR IGNORE INTO user (id, email, email_verified, hashed_password, name, first_name, last_name, wix_member_id, blocked, role, created_at) VALUES ('a6ea78216e284bf6b92b0861481d8436', 'chelseakarasch@gmail.com', 1, '', '', '', '', NULL, 0, 'member', '2024-10-16 02:35');

INSERT OR IGNORE INTO user (id, email, email_verified, hashed_password, name, first_name, last_name, wix_member_id, blocked, role, created_at) VALUES ('784ec4960a94443891d7c4317f55ddd0', 'kathleen.fayard@gmail.com', 1, '', '', '', '', NULL, 0, 'member', '2024-10-11 02:33');

INSERT OR IGNORE INTO user (id, email, email_verified, hashed_password, name, first_name, last_name, wix_member_id, blocked, role, created_at) VALUES ('1d588bf4a3494935a8c3238e0e80c5ba', 'hassle_07try@icloud.com', 1, '', '', '', '', NULL, 0, 'member', '2024-10-09 16:17');

INSERT OR IGNORE INTO user (id, email, email_verified, hashed_password, name, first_name, last_name, wix_member_id, blocked, role, created_at) VALUES ('1dad4d8f2b034afd9e1804ddea902208', 'nicoleavarello@gmail.com', 1, '', '', '', '', NULL, 0, 'member', '2024-10-16 02:49');

INSERT OR IGNORE INTO user (id, email, email_verified, hashed_password, name, first_name, last_name, wix_member_id, blocked, role, created_at) VALUES ('e04b089177d0408f8a4c341bd3f8380a', 'evabraun_21@hotmail.com', 1, '', '', '', '', NULL, 0, 'member', '2024-10-10 23:09');

INSERT OR IGNORE INTO user (id, email, email_verified, hashed_password, name, first_name, last_name, wix_member_id, blocked, role, created_at) VALUES ('431bdb95177145e8900c1f79551db893', 'lrtenery@gmail.com', 1, '', 'lindsay tenery', 'lindsay', 'tenery', NULL, 0, 'member', '2024-10-09 02:04');

INSERT OR IGNORE INTO user (id, email, email_verified, hashed_password, name, first_name, last_name, wix_member_id, blocked, role, created_at) VALUES ('d190ec73766f44d4bf18c6d5264c44d1', 'robynw@ymail.com', 1, '', '', '', '', NULL, 0, 'member', '2024-10-16 04:09');

INSERT OR IGNORE INTO user (id, email, email_verified, hashed_password, name, first_name, last_name, wix_member_id, blocked, role, created_at) VALUES ('466fb25cf538464f9435c7b333a09077', 'paigebriggs@hotmail.com', 1, '', '', '', '', NULL, 0, 'member', '2024-10-11 04:01');

INSERT OR IGNORE INTO user (id, email, email_verified, hashed_password, name, first_name, last_name, wix_member_id, blocked, role, created_at) VALUES ('034e4131e11f41ebb0fbd58d3bfda428', 'bruffm@mail.gvsu.edu', 1, '', '', '', '', NULL, 0, 'member', '2024-10-17 02:41');

INSERT OR IGNORE INTO user (id, email, email_verified, hashed_password, name, first_name, last_name, wix_member_id, blocked, role, created_at) VALUES ('621c28667adb4054a8d0411224ce6b84', 'chinsu6893@gmail.com', 1, '', 'Chinsu Shajan', 'Chinsu', 'Shajan', NULL, 0, 'member', '2024-10-08 23:28');

INSERT OR IGNORE INTO user (id, email, email_verified, hashed_password, name, first_name, last_name, wix_member_id, blocked, role, created_at) VALUES ('a1b5c1e35f114267a42b19ffe3f41b20', 'piper.barnes@yahoo.com', 1, '', '', '', '', NULL, 0, 'member', '2024-10-08 20:23');

INSERT OR IGNORE INTO user (id, email, email_verified, hashed_password, name, first_name, last_name, wix_member_id, blocked, role, created_at) VALUES ('ae1c56f75f3349e2b281fdbe53120129', 'mgetsloff@yahoo.com', 1, '', '', '', '', NULL, 0, 'member', '2024-10-15 12:00');

INSERT OR IGNORE INTO user (id, email, email_verified, hashed_password, name, first_name, last_name, wix_member_id, blocked, role, created_at) VALUES ('5a8038f9b18b4d20aa2b0cfd970a2d8c', 's.brightwell93@gmail.com', 1, '', '', '', '', NULL, 0, 'member', '2024-10-18 23:48');

INSERT OR IGNORE INTO user (id, email, email_verified, hashed_password, name, first_name, last_name, wix_member_id, blocked, role, created_at) VALUES ('a80e81f61e6c49ba9810ed84552586da', 'roxyv327@gmail.com', 1, '', 'Roxy Velazquez', 'Roxy', 'Velazquez', NULL, 0, 'member', '2024-10-10 23:52');

INSERT OR IGNORE INTO user (id, email, email_verified, hashed_password, name, first_name, last_name, wix_member_id, blocked, role, created_at) VALUES ('d5da6a77500a4f9c93edd60d6df7e200', 'elyse@lenharts1.com', 1, '', '', '', '', NULL, 0, 'member', '2024-10-12 18:37');

INSERT OR IGNORE INTO user (id, email, email_verified, hashed_password, name, first_name, last_name, wix_member_id, blocked, role, created_at) VALUES ('6e5981f82fed4349a2e10df4f85c8f17', 'wengermalinda@gmail.com', 1, '', 'Malinda Wenger', 'Malinda', 'Wenger', NULL, 0, 'member', '2024-10-09 15:16');

INSERT OR IGNORE INTO user (id, email, email_verified, hashed_password, name, first_name, last_name, wix_member_id, blocked, role, created_at) VALUES ('f8e7866ad9a941cea14c5b7527536313', 'adri.oliva11@gmail.com', 1, '', 'Adrienne Wilson', 'Adrienne', 'Wilson', NULL, 0, 'member', '2024-10-15 00:22');

INSERT OR IGNORE INTO user (id, email, email_verified, hashed_password, name, first_name, last_name, wix_member_id, blocked, role, created_at) VALUES ('1efe7d41880b46b1999562c27eb5f731', 'samanthajohess@gmail.com', 1, '', '', '', '', NULL, 0, 'member', '2024-10-18 23:10');

INSERT OR IGNORE INTO user (id, email, email_verified, hashed_password, name, first_name, last_name, wix_member_id, blocked, role, created_at) VALUES ('efb6053fd6a2458d9fc2f6a6b6bed66d', 'natashkab@yahoo.com', 1, '', '', '', '', NULL, 0, 'member', '2024-10-08 16:25');

INSERT OR IGNORE INTO user (id, email, email_verified, hashed_password, name, first_name, last_name, wix_member_id, blocked, role, created_at) VALUES ('4f97d1ff7bb4470dba2d6a8aea82f4e2', 'maddy.krause@yahoo.com', 1, '', '', '', '', NULL, 0, 'member', '2024-10-23 15:51');

INSERT OR IGNORE INTO user (id, email, email_verified, hashed_password, name, first_name, last_name, wix_member_id, blocked, role, created_at) VALUES ('bbc8f8a47d2140db86482c80f542ab0b', 'alexa.braaten@gmail.com', 1, '', '', '', '', NULL, 0, 'member', '2024-10-20 19:27');

INSERT OR IGNORE INTO user (id, email, email_verified, hashed_password, name, first_name, last_name, wix_member_id, blocked, role, created_at) VALUES ('b57257aa543648f298058a56ab205076', 'katied13@gmail.com', 1, '', 'Katie Walker', 'Katie', 'Walker', NULL, 0, 'member', '2024-10-21 14:52');

INSERT OR IGNORE INTO user (id, email, email_verified, hashed_password, name, first_name, last_name, wix_member_id, blocked, role, created_at) VALUES ('a4b6404f107b4c6aadf686f70925690e', 'anice.byrd@gmail.com', 1, '', 'Anice Byrd', 'Anice', 'Byrd', NULL, 0, 'member', '2024-10-24 18:33');

INSERT OR IGNORE INTO user (id, email, email_verified, hashed_password, name, first_name, last_name, wix_member_id, blocked, role, created_at) VALUES ('634e4f82cfae4e36af06408aad07e1bb', 'krystinroehl@gmail.com', 1, '', '', '', '', NULL, 0, 'member', '2024-10-20 16:27');

INSERT OR IGNORE INTO user (id, email, email_verified, hashed_password, name, first_name, last_name, wix_member_id, blocked, role, created_at) VALUES ('3b59d43322264978a5ebc20dace38342', 'littleredhead2606@gmail.com', 1, '', '', '', '', NULL, 0, 'member', '2024-10-21 19:01');

INSERT OR IGNORE INTO user (id, email, email_verified, hashed_password, name, first_name, last_name, wix_member_id, blocked, role, created_at) VALUES ('de9473fce67f4b18a72ec44eedd0e574', 'annielaurenowens@gmail.com', 1, '', '', '', '', NULL, 0, 'member', '2024-10-24 19:28');

INSERT OR IGNORE INTO user (id, email, email_verified, hashed_password, name, first_name, last_name, wix_member_id, blocked, role, created_at) VALUES ('cacb1988b78540e5a9cf97db8ceec1a3', 'shannonjpahls@gmail.com', 1, '', '', '', '', NULL, 0, 'member', '2024-10-19 14:48');

INSERT OR IGNORE INTO user (id, email, email_verified, hashed_password, name, first_name, last_name, wix_member_id, blocked, role, created_at) VALUES ('50abb74fb33c461dae81279786f34960', 'laciclistaansiosa@gmail.com', 1, '', 'Ciclista Ansiosa', 'Ciclista', 'Ansiosa', NULL, 0, 'member', '2024-10-24 18:28');

INSERT OR IGNORE INTO user (id, email, email_verified, hashed_password, name, first_name, last_name, wix_member_id, blocked, role, created_at) VALUES ('cc38bf1bd0b740fb905c0f07779c243b', 'mrsjrsnyder@gmail.com', 1, '', 'Judith Snyder', 'Judith', 'Snyder', NULL, 0, 'member', '2024-10-20 02:57');

INSERT OR IGNORE INTO user (id, email, email_verified, hashed_password, name, first_name, last_name, wix_member_id, blocked, role, created_at) VALUES ('c5f27e5582914926943213dde2dea69a', 'aqhicks96@yahoo.com', 1, '', '', '', '', NULL, 0, 'member', '2024-10-19 22:33');

INSERT OR IGNORE INTO user (id, email, email_verified, hashed_password, name, first_name, last_name, wix_member_id, blocked, role, created_at) VALUES ('12bf159bf4f143c1b8ac51a80e48dfc1', 'mila.dekempenaer@gmail.com', 1, '', 'Mila de Kempenaer', 'Mila', 'de Kempenaer', NULL, 0, 'member', '2024-10-20 06:13');

INSERT OR IGNORE INTO user (id, email, email_verified, hashed_password, name, first_name, last_name, wix_member_id, blocked, role, created_at) VALUES ('5cb43ef6be7842cb8db3eb29105d0561', 'meeganmariee@gmail.com', 1, '', '', '', '', NULL, 0, 'member', '2024-10-24 18:26');

INSERT OR IGNORE INTO user (id, email, email_verified, hashed_password, name, first_name, last_name, wix_member_id, blocked, role, created_at) VALUES ('9ec1e3d516e14470b72352b2d1532737', 'krista.harrison9@gmail.com', 1, '', 'Krista Houbeck', 'Krista', 'Houbeck', NULL, 0, 'member', '2024-10-19 19:55');

INSERT OR IGNORE INTO user (id, email, email_verified, hashed_password, name, first_name, last_name, wix_member_id, blocked, role, created_at) VALUES ('babd2b02eec048e4a65f565ec94c0603', 'nola2811@gmail.com', 1, '', 'Lucy Karl', 'Lucy', 'Karl', NULL, 0, 'member', '2024-10-24 18:52');

INSERT OR IGNORE INTO user (id, email, email_verified, hashed_password, name, first_name, last_name, wix_member_id, blocked, role, created_at) VALUES ('a43d901c48444131a79a667c815202bf', 'brittanynborman@gmail.com', 1, '', '', '', '', NULL, 0, 'member', '2024-10-23 16:50');

INSERT OR IGNORE INTO user (id, email, email_verified, hashed_password, name, first_name, last_name, wix_member_id, blocked, role, created_at) VALUES ('b8c608dce03641218bce739af7d6940a', 'degra1lm@gmail.com', 1, '', 'Lauren Gillissie', 'Lauren', 'Gillissie', NULL, 0, 'member', '2024-10-24 18:58');
INSERT OR IGNORE INTO user_label (user_id, label) VALUES ('b8c608dce03641218bce739af7d6940a', 'Donor 👏');
INSERT OR IGNORE INTO user_label (user_id, label) VALUES ('b8c608dce03641218bce739af7d6940a', 'RRM Academy Members Group member');
INSERT OR IGNORE INTO user_label (user_id, label) VALUES ('b8c608dce03641218bce739af7d6940a', 'Customers');
INSERT OR IGNORE INTO user_label (user_id, label) VALUES ('b8c608dce03641218bce739af7d6940a', 'Save the Uterus Club 🏷️');
INSERT OR IGNORE INTO user_label (user_id, label) VALUES ('b8c608dce03641218bce739af7d6940a', 'Save the Uterus Club Group member');
INSERT OR IGNORE INTO user_label (user_id, label) VALUES ('b8c608dce03641218bce739af7d6940a', 'Uterus Member 🐻');
INSERT OR IGNORE INTO user_label (user_id, label) VALUES ('b8c608dce03641218bce739af7d6940a', 'Circle of Impact 📥');

INSERT OR IGNORE INTO user (id, email, email_verified, hashed_password, name, first_name, last_name, wix_member_id, blocked, role, created_at) VALUES ('d672a017c4b546c28389040f23d739c0', 'sbgribben@gmail.com', 1, '', 'Stephanie Gribben', 'Stephanie', 'Gribben', NULL, 0, 'member', '2024-10-19 19:29');

INSERT OR IGNORE INTO user (id, email, email_verified, hashed_password, name, first_name, last_name, wix_member_id, blocked, role, created_at) VALUES ('b1f5cab7476b4973a71586738c8c2477', 'sjannelle@gmail.com', 1, '', '', '', '', NULL, 0, 'member', '2024-10-22 00:40');

INSERT OR IGNORE INTO user (id, email, email_verified, hashed_password, name, first_name, last_name, wix_member_id, blocked, role, created_at) VALUES ('0ebb00e492244581bc6f20bf078d91ef', 'audreydill0192@gmail.com', 1, '', '', '', '', NULL, 0, 'member', '2024-10-20 22:20');

INSERT OR IGNORE INTO user (id, email, email_verified, hashed_password, name, first_name, last_name, wix_member_id, blocked, role, created_at) VALUES ('ba6adb2c635e4e5a871e953c2b0ce846', 'hakundus@gmail.com', 1, '', 'Heather Kundus', 'Heather', 'Kundus', NULL, 0, 'member', '2024-10-19 20:14');

INSERT OR IGNORE INTO user (id, email, email_verified, hashed_password, name, first_name, last_name, wix_member_id, blocked, role, created_at) VALUES ('64e1a5df8a3241e597b76e702aa599da', 'saydel.silva24@gmail.com', 1, '', 'Saydel Garland', 'Saydel', 'Garland', NULL, 0, 'member', '2024-10-20 16:17');
INSERT OR IGNORE INTO user_label (user_id, label) VALUES ('64e1a5df8a3241e597b76e702aa599da', 'RRM Academy Members Group member');

INSERT OR IGNORE INTO user (id, email, email_verified, hashed_password, name, first_name, last_name, wix_member_id, blocked, role, created_at) VALUES ('aa16015279ff4358a6525f451dc88a40', 'ojeda.rachel@gmail.com', 1, '', '', '', '', NULL, 0, 'member', '2024-10-19 20:04');

INSERT OR IGNORE INTO user (id, email, email_verified, hashed_password, name, first_name, last_name, wix_member_id, blocked, role, created_at) VALUES ('db5a949142654cf1a20146f732dec88b', 'brittadonnelly@gmail.com', 1, '', '', '', '', NULL, 0, 'member', '2024-10-24 18:32');

INSERT OR IGNORE INTO user (id, email, email_verified, hashed_password, name, first_name, last_name, wix_member_id, blocked, role, created_at) VALUES ('b4b2d61cf9a2437e99f67aa4eb97417c', 'laurenbrunotx@gmail.com', 1, '', '', '', '', NULL, 0, 'member', '2024-10-24 18:18');

INSERT OR IGNORE INTO user (id, email, email_verified, hashed_password, name, first_name, last_name, wix_member_id, blocked, role, created_at) VALUES ('556069b5363e46ab9a68735745f15553', 'clarestiennon@gmail.com', 1, '', '', '', '', NULL, 0, 'member', '2024-10-24 18:28');

INSERT OR IGNORE INTO user (id, email, email_verified, hashed_password, name, first_name, last_name, wix_member_id, blocked, role, created_at) VALUES ('1a3c7bcef3b24b0aa75fbc6270737760', 'michellearmstrong07@hotmail.com', 1, '', '', '', '', NULL, 0, 'member', '2024-10-24 19:11');

INSERT OR IGNORE INTO user (id, email, email_verified, hashed_password, name, first_name, last_name, wix_member_id, blocked, role, created_at) VALUES ('ef766c16c35b4a7796ad5471e608eb88', 'madison.near@gmail.com', 1, '', 'Madison Near', 'Madison', 'Near', NULL, 0, 'member', '2024-10-19 22:54');

INSERT OR IGNORE INTO user (id, email, email_verified, hashed_password, name, first_name, last_name, wix_member_id, blocked, role, created_at) VALUES ('4760ccd0091643f9a9ee3235a2f72edb', 'abbyshireen@gmail.com', 1, '', '', '', '', NULL, 0, 'member', '2024-10-23 14:51');

INSERT OR IGNORE INTO user (id, email, email_verified, hashed_password, name, first_name, last_name, wix_member_id, blocked, role, created_at) VALUES ('9bd667ad655c4ceb9e14e40bf61135f1', 'a.garetano@gmail.com', 1, '', 'Alexa Garetano', 'Alexa', 'Garetano', NULL, 0, 'member', '2024-10-21 20:04');

INSERT OR IGNORE INTO user (id, email, email_verified, hashed_password, name, first_name, last_name, wix_member_id, blocked, role, created_at) VALUES ('f924de4b62ba4f748b7352f93758f121', 'shannon7213@gmail.com', 1, '', 'Shannon Soucy', 'Shannon', 'Soucy', NULL, 0, 'member', '2024-10-24 19:11');
INSERT OR IGNORE INTO user_label (user_id, label) VALUES ('f924de4b62ba4f748b7352f93758f121', 'RRM Academy Members Group member');

INSERT OR IGNORE INTO user (id, email, email_verified, hashed_password, name, first_name, last_name, wix_member_id, blocked, role, created_at) VALUES ('4ef0fd653f764e0aa21a2aa98077616c', 'lorian.hopcus@gmail.com', 1, '', '', '', '', NULL, 0, 'member', '2024-10-20 17:26');

INSERT OR IGNORE INTO user (id, email, email_verified, hashed_password, name, first_name, last_name, wix_member_id, blocked, role, created_at) VALUES ('31b4b6c22e8247cc80298818d2a7ac21', 'jamie5790@gmail.com', 1, '', '', '', '', NULL, 0, 'member', '2024-10-20 01:18');

INSERT OR IGNORE INTO user (id, email, email_verified, hashed_password, name, first_name, last_name, wix_member_id, blocked, role, created_at) VALUES ('897241fbc0b24f80a7ea7e82c14bdd8f', 'gl4dz@yahoo.com', 1, '', '', '', '', NULL, 0, 'member', '2024-10-20 04:27');

INSERT OR IGNORE INTO user (id, email, email_verified, hashed_password, name, first_name, last_name, wix_member_id, blocked, role, created_at) VALUES ('4dd5b4e48edd4f299367a11c0287766f', 'karlamariana.fdz@gmail.com', 1, '', '', '', '', NULL, 0, 'member', '2024-10-24 18:19');

INSERT OR IGNORE INTO user (id, email, email_verified, hashed_password, name, first_name, last_name, wix_member_id, blocked, role, created_at) VALUES ('fdc156d1cba3497b957260ce83a53bf7', 'dasc1720@yahoo.com', 1, '', '', '', '', NULL, 0, 'member', '2024-10-20 02:43');

INSERT OR IGNORE INTO user (id, email, email_verified, hashed_password, name, first_name, last_name, wix_member_id, blocked, role, created_at) VALUES ('f43bbcd1211b4d3fb14b916fa5b5a080', 'cnhorton@vt.edu', 1, '', '', '', '', NULL, 0, 'member', '2024-10-22 01:33');

INSERT OR IGNORE INTO user (id, email, email_verified, hashed_password, name, first_name, last_name, wix_member_id, blocked, role, created_at) VALUES ('ae332e7f64f74406a89142b828ed1c2a', 'sharon.ourso@gmail.com', 1, '', 'Sharon Ourso', 'Sharon', 'Ourso', NULL, 0, 'member', '2024-10-23 04:29');

INSERT OR IGNORE INTO user (id, email, email_verified, hashed_password, name, first_name, last_name, wix_member_id, blocked, role, created_at) VALUES ('63d56d61a5fb41a788ebef8bf967d880', 'mlpalumbo17@gmail.com', 1, '', 'Marina Palumbo', 'Marina', 'Palumbo', NULL, 0, 'member', '2024-10-20 20:34');

INSERT OR IGNORE INTO user (id, email, email_verified, hashed_password, name, first_name, last_name, wix_member_id, blocked, role, created_at) VALUES ('1bfe918ce6ae4e3c9e86c14d8b152220', 'appl_12@hotmail.com', 1, '', '', '', '', NULL, 0, 'member', '2024-10-24 18:18');

INSERT OR IGNORE INTO user (id, email, email_verified, hashed_password, name, first_name, last_name, wix_member_id, blocked, role, created_at) VALUES ('ebd364b78d654196a79082c103e75a28', 'shelbygracespartz2@gmail.com', 1, '', '', '', '', NULL, 0, 'member', '2024-10-24 19:20');

INSERT OR IGNORE INTO user (id, email, email_verified, hashed_password, name, first_name, last_name, wix_member_id, blocked, role, created_at) VALUES ('84f257cb1fd840abab69cc0bbe6137b2', 'amypic@udel.edu', 1, '', '', '', '', NULL, 0, 'member', '2024-10-24 18:18');

INSERT OR IGNORE INTO user (id, email, email_verified, hashed_password, name, first_name, last_name, wix_member_id, blocked, role, created_at) VALUES ('5518f761ae9543cbbda99d85e4245bc7', 'mt2mc23@gmail.com', 1, '', 'Molly Thompson', 'Molly', 'Thompson', NULL, 0, 'member', '2024-10-20 17:15');

INSERT OR IGNORE INTO user (id, email, email_verified, hashed_password, name, first_name, last_name, wix_member_id, blocked, role, created_at) VALUES ('0dcc6e563184442eb905848ecfab27b4', 'karleewise94@yahoo.com', 1, '', '', '', '', NULL, 0, 'member', '2024-10-24 18:24');

INSERT OR IGNORE INTO user (id, email, email_verified, hashed_password, name, first_name, last_name, wix_member_id, blocked, role, created_at) VALUES ('98eea49e0cc348b394b6237813c0d429', 'lgdematties@gmail.com', 1, '', 'Lucy DeMatties', 'Lucy', 'DeMatties', NULL, 0, 'member', '2024-10-22 02:46');

INSERT OR IGNORE INTO user (id, email, email_verified, hashed_password, name, first_name, last_name, wix_member_id, blocked, role, created_at) VALUES ('be7a8e067c1140cd962257d9d8439dad', 'sara.c.burger@gmail.com', 1, '', '', '', '', NULL, 0, 'member', '2024-10-24 18:27');

INSERT OR IGNORE INTO user (id, email, email_verified, hashed_password, name, first_name, last_name, wix_member_id, blocked, role, created_at) VALUES ('93511eb4f5a945d9b97650baee47660e', 'kskinner@mail.bradley.edu', 1, '', '', '', '', NULL, 0, 'member', '2024-10-24 18:19');

INSERT OR IGNORE INTO user (id, email, email_verified, hashed_password, name, first_name, last_name, wix_member_id, blocked, role, created_at) VALUES ('bbd59d965cf44a9cb5091ebdb26d71ef', 'kamikubler@gmail.com', 1, '', 'Kami Kubler Lizik', 'Kami', 'Kubler Lizik', NULL, 0, 'member', '2024-10-24 19:06');

INSERT OR IGNORE INTO user (id, email, email_verified, hashed_password, name, first_name, last_name, wix_member_id, blocked, role, created_at) VALUES ('3f7eaba2b3a54b5bb00638bebe6d9773', 'ashleyburrowdesign@gmail.com', 1, '', 'Ashley Burrow', 'Ashley', 'Burrow', NULL, 0, 'member', '2024-10-21 18:53');

INSERT OR IGNORE INTO user (id, email, email_verified, hashed_password, name, first_name, last_name, wix_member_id, blocked, role, created_at) VALUES ('9b68a32a5e134ea09ef8c663f18de598', 'aubrieana2000@gmail.com', 1, '', 'Aubrie Hurd', 'Aubrie', 'Hurd', NULL, 0, 'member', '2024-10-19 23:22');
INSERT OR IGNORE INTO user_label (user_id, label) VALUES ('9b68a32a5e134ea09ef8c663f18de598', 'RRM Academy Members Group member');

INSERT OR IGNORE INTO user (id, email, email_verified, hashed_password, name, first_name, last_name, wix_member_id, blocked, role, created_at) VALUES ('c595e8362bee4f208dba087b619544fc', 'tloria11@gmail.com', 1, '', 'Teresa O''Donohue', 'Teresa', 'O''Donohue', NULL, 0, 'member', '2024-10-20 12:58');
INSERT OR IGNORE INTO user_label (user_id, label) VALUES ('c595e8362bee4f208dba087b619544fc', 'Donor 👏');
INSERT OR IGNORE INTO user_label (user_id, label) VALUES ('c595e8362bee4f208dba087b619544fc', 'Customers');
INSERT OR IGNORE INTO user_label (user_id, label) VALUES ('c595e8362bee4f208dba087b619544fc', 'Save the Uterus Club 🏷️');
INSERT OR IGNORE INTO user_label (user_id, label) VALUES ('c595e8362bee4f208dba087b619544fc', 'Save the Uterus Club Group member');
INSERT OR IGNORE INTO user_label (user_id, label) VALUES ('c595e8362bee4f208dba087b619544fc', 'Circle of Impact 📥');
INSERT OR IGNORE INTO user_label (user_id, label) VALUES ('c595e8362bee4f208dba087b619544fc', 'Uterus Member 🐻');

INSERT OR IGNORE INTO user (id, email, email_verified, hashed_password, name, first_name, last_name, wix_member_id, blocked, role, created_at) VALUES ('1f0c00f0b7dd467cab1a8208f132b51d', 'soconnor303@gmail.com', 1, '', '', '', '', NULL, 0, 'member', '2024-10-19 22:52');

INSERT OR IGNORE INTO user (id, email, email_verified, hashed_password, name, first_name, last_name, wix_member_id, blocked, role, created_at) VALUES ('a84d5d067ba847668d1c6a436333261e', 'kayleycmills@outlook.com', 1, '', '', '', '', NULL, 0, 'member', '2024-10-20 02:45');

INSERT OR IGNORE INTO user (id, email, email_verified, hashed_password, name, first_name, last_name, wix_member_id, blocked, role, created_at) VALUES ('2c6d1c2d48dd48c387a723340ec13721', 'hhaigh13@gmail.com', 1, '', '', '', '', NULL, 0, 'member', '2024-10-19 20:27');

INSERT OR IGNORE INTO user (id, email, email_verified, hashed_password, name, first_name, last_name, wix_member_id, blocked, role, created_at) VALUES ('2140596944fd4fa0b311b1acc0319c46', 'claire.aquilina@gmail.com', 1, '', 'Claire Vella', 'Claire', 'Vella', NULL, 0, 'member', '2024-10-20 15:07');

INSERT OR IGNORE INTO user (id, email, email_verified, hashed_password, name, first_name, last_name, wix_member_id, blocked, role, created_at) VALUES ('0790a91138304f25ae4cd0f273b21f27', 'daly.team@gmail.com', 1, '', '', '', '', NULL, 0, 'member', '2024-10-19 19:32');

INSERT OR IGNORE INTO user (id, email, email_verified, hashed_password, name, first_name, last_name, wix_member_id, blocked, role, created_at) VALUES ('8559a7a55c204f418dbe6e668d6a4f22', 'aeroot14@gmail.com', 1, '', '', '', '', NULL, 0, 'member', '2024-10-21 22:49');

INSERT OR IGNORE INTO user (id, email, email_verified, hashed_password, name, first_name, last_name, wix_member_id, blocked, role, created_at) VALUES ('5a58f45a83cd4f80999fead333e0f319', 'tayyabasadia007@gmail.com', 1, '', '', '', '', NULL, 0, 'member', '2024-10-24 19:41');
INSERT OR IGNORE INTO user_label (user_id, label) VALUES ('5a58f45a83cd4f80999fead333e0f319', 'RRM Academy Members Group member');

INSERT OR IGNORE INTO user (id, email, email_verified, hashed_password, name, first_name, last_name, wix_member_id, blocked, role, created_at) VALUES ('9e21b954bbf944c28a50a82b1f336188', 'sara.efuehrer@gmail.com', 1, '', '', '', '', NULL, 0, 'member', '2024-10-22 12:05');

INSERT OR IGNORE INTO user (id, email, email_verified, hashed_password, name, first_name, last_name, wix_member_id, blocked, role, created_at) VALUES ('af435b9305804c19ab38bcc7f2e7ed7f', 'jayciekitzmiller@gmail.com', 1, '', 'Jaycie Kitzmiller', 'Jaycie', 'Kitzmiller', NULL, 0, 'member', '2024-10-24 18:42');

INSERT OR IGNORE INTO user (id, email, email_verified, hashed_password, name, first_name, last_name, wix_member_id, blocked, role, created_at) VALUES ('0729aae7599f4db294825b3c19c3cfba', 'malletcharlotte2@gmail.com', 1, '', 'Charlotte Mallet', 'Charlotte', 'Mallet', NULL, 0, 'member', '2024-10-24 18:56');

INSERT OR IGNORE INTO user (id, email, email_verified, hashed_password, name, first_name, last_name, wix_member_id, blocked, role, created_at) VALUES ('7fabcac7eecc4543809704c4240db1ef', 'leighann.gossard@gmail.com', 1, '', '', '', '', NULL, 0, 'member', '2024-10-20 00:21');

INSERT OR IGNORE INTO user (id, email, email_verified, hashed_password, name, first_name, last_name, wix_member_id, blocked, role, created_at) VALUES ('998e96030fd34c3ba222f8e732660bba', 'sbrill99@gmail.com', 1, '', '', '', '', NULL, 0, 'member', '2024-10-21 01:54');

INSERT OR IGNORE INTO user (id, email, email_verified, hashed_password, name, first_name, last_name, wix_member_id, blocked, role, created_at) VALUES ('3b8bbd8bbd7a4b4abe032009e18085ff', 'maryellenmmann@gmail.com', 1, '', '', '', '', NULL, 0, 'member', '2024-10-20 04:08');

INSERT OR IGNORE INTO user (id, email, email_verified, hashed_password, name, first_name, last_name, wix_member_id, blocked, role, created_at) VALUES ('ce1aad38ac294930b73303e1aa61dbe2', 'mlmiller277@gmail.com', 1, '', 'Melissa Miller', 'Melissa', 'Miller', NULL, 0, 'member', '2024-10-19 23:18');
INSERT OR IGNORE INTO user_label (user_id, label) VALUES ('ce1aad38ac294930b73303e1aa61dbe2', 'RRM Academy Members Group member');

INSERT OR IGNORE INTO user (id, email, email_verified, hashed_password, name, first_name, last_name, wix_member_id, blocked, role, created_at) VALUES ('fc163d835a514a698fd190d79dbb8be9', 'penevadenitsa@yahoo.com', 1, '', '', '', '', NULL, 0, 'member', '2024-10-21 21:03');

INSERT OR IGNORE INTO user (id, email, email_verified, hashed_password, name, first_name, last_name, wix_member_id, blocked, role, created_at) VALUES ('0ce8ca56495143c5a00f18cfd781dfc6', 'namrata.janani@googlemail.com', 1, '', 'Namrata Janani', 'Namrata', 'Janani', NULL, 0, 'member', '2024-10-21 12:18');

INSERT OR IGNORE INTO user (id, email, email_verified, hashed_password, name, first_name, last_name, wix_member_id, blocked, role, created_at) VALUES ('4749ad448f9c4d6188f5a00c6acc209d', 'annadonohue924@gmail.com', 1, '', 'Anna Donohue', 'Anna', 'Donohue', NULL, 0, 'member', '2024-10-21 19:22');

INSERT OR IGNORE INTO user (id, email, email_verified, hashed_password, name, first_name, last_name, wix_member_id, blocked, role, created_at) VALUES ('80cdad2903234107a1e60dc4e91fd6d2', 'laurendouma11@gmail.com', 1, '', '', '', '', NULL, 0, 'member', '2024-10-19 21:08');

INSERT OR IGNORE INTO user (id, email, email_verified, hashed_password, name, first_name, last_name, wix_member_id, blocked, role, created_at) VALUES ('3f3a6fea769a49fe96dfb83a4a149706', 'michellepeichoto@hotmail.com', 1, '', '', '', '', NULL, 0, 'member', '2024-10-19 23:23');

INSERT OR IGNORE INTO user (id, email, email_verified, hashed_password, name, first_name, last_name, wix_member_id, blocked, role, created_at) VALUES ('df420d54aeb840beab2fc1b247b4a096', 'kristinlove8@gmail.com', 1, '', 'Device', 'Device', '', NULL, 0, 'member', '2024-10-21 08:12');
INSERT OR IGNORE INTO user_label (user_id, label) VALUES ('df420d54aeb840beab2fc1b247b4a096', 'RRM Academy Members Group member');
INSERT OR IGNORE INTO user_label (user_id, label) VALUES ('df420d54aeb840beab2fc1b247b4a096', 'Restorative Reproductive Medicine (RRM) vs Standard ART: A New Approach to Infertility');
INSERT OR IGNORE INTO enrollment (id, user_id, course_id, enrolled_at) VALUES ('eba80baf5f624c4888ba82f4b9eeeea0', 'df420d54aeb840beab2fc1b247b4a096', 'rrm-vs-ivf', '2024-10-21 08:12');

INSERT OR IGNORE INTO user (id, email, email_verified, hashed_password, name, first_name, last_name, wix_member_id, blocked, role, created_at) VALUES ('6649a155d15842138386223dc3f263c3', 'imaniberry@gmail.com', 1, '', 'Imani Berry', 'Imani', 'Berry', NULL, 0, 'member', '2024-10-21 14:05');

INSERT OR IGNORE INTO user (id, email, email_verified, hashed_password, name, first_name, last_name, wix_member_id, blocked, role, created_at) VALUES ('8865fd3d5da44098a371fb02c29ca6be', 'kimyena101@gmail.com', 1, '', 'Y M', 'Y', 'M', NULL, 0, 'member', '2024-10-24 12:35');

INSERT OR IGNORE INTO user (id, email, email_verified, hashed_password, name, first_name, last_name, wix_member_id, blocked, role, created_at) VALUES ('a17a0de4c78d43a4b5fa3d0c01ad1f0d', 'cassieraymond92@gmail.com', 1, '', '', '', '', NULL, 0, 'member', '2024-10-22 01:43');

INSERT OR IGNORE INTO user (id, email, email_verified, hashed_password, name, first_name, last_name, wix_member_id, blocked, role, created_at) VALUES ('c86d5dfebb044f81adee3cdc5da957c3', 'laurajlev@gmail.com', 1, '', 'Laura Watson', 'Laura', 'Watson', NULL, 0, 'member', '2024-10-22 11:45');

INSERT OR IGNORE INTO user (id, email, email_verified, hashed_password, name, first_name, last_name, wix_member_id, blocked, role, created_at) VALUES ('397b6c874ccd4d6794bfe30d2afcfba6', 'michelle.pelletier818@gmail.com', 1, '', 'Michelle Pelletier', 'Michelle', 'Pelletier', NULL, 0, 'member', '2024-10-23 16:55');

INSERT OR IGNORE INTO user (id, email, email_verified, hashed_password, name, first_name, last_name, wix_member_id, blocked, role, created_at) VALUES ('b31bb95d1a6a4860be184c07ea6aa37e', 'sarataylor.moore@gmail.com', 1, '', '', '', '', NULL, 0, 'member', '2024-10-20 02:39');

INSERT OR IGNORE INTO user (id, email, email_verified, hashed_password, name, first_name, last_name, wix_member_id, blocked, role, created_at) VALUES ('57f1aaa216cc4f24a49e101169dee10d', 'simmonslaur8@gmail.com', 1, '', '', '', '', NULL, 0, 'member', '2024-10-20 11:33');

INSERT OR IGNORE INTO user (id, email, email_verified, hashed_password, name, first_name, last_name, wix_member_id, blocked, role, created_at) VALUES ('9abcaecb62904cd5abea39c61d13ff27', 'ktshippee@gmail.com', 1, '', '', '', '', NULL, 0, 'member', '2024-10-21 22:44');

INSERT OR IGNORE INTO user (id, email, email_verified, hashed_password, name, first_name, last_name, wix_member_id, blocked, role, created_at) VALUES ('fb41f696c47c492b8d024acaa560be50', 'lyttlefrenchgurl@gmail.com', 1, '', '', '', '', NULL, 0, 'member', '2024-10-24 18:51');

INSERT OR IGNORE INTO user (id, email, email_verified, hashed_password, name, first_name, last_name, wix_member_id, blocked, role, created_at) VALUES ('7861fda87ac04debbd155969c6cb674c', 'annikazimmermann@rocketmail.com', 1, '', '', '', '', NULL, 0, 'member', '2024-10-19 20:09');

INSERT OR IGNORE INTO user (id, email, email_verified, hashed_password, name, first_name, last_name, wix_member_id, blocked, role, created_at) VALUES ('83698ae223cd4df4ab20b6c7d01f7184', 'alexiamoffatt@gmail.com', 1, '', '', '', '', NULL, 0, 'member', '2024-10-19 17:48');

INSERT OR IGNORE INTO user (id, email, email_verified, hashed_password, name, first_name, last_name, wix_member_id, blocked, role, created_at) VALUES ('afdbd7367a614da38333015f9882a447', 'norriserina@gmail.com', 1, '', '', '', '', NULL, 0, 'member', '2024-10-19 21:10');

INSERT OR IGNORE INTO user (id, email, email_verified, hashed_password, name, first_name, last_name, wix_member_id, blocked, role, created_at) VALUES ('970c61b146af4682992ed1d61180d864', 'jessicaelizabethpharis@gmail.com', 1, '', '', '', '', NULL, 0, 'member', '2024-10-24 13:57');

INSERT OR IGNORE INTO user (id, email, email_verified, hashed_password, name, first_name, last_name, wix_member_id, blocked, role, created_at) VALUES ('bd42ecff95ad407ca8c6385074f3ff62', 'jlickteig013@gmail.com', 1, '', '', '', '', NULL, 0, 'member', '2024-10-19 04:16');
INSERT OR IGNORE INTO user_label (user_id, label) VALUES ('bd42ecff95ad407ca8c6385074f3ff62', 'RRM Academy Members Group member');

INSERT OR IGNORE INTO user (id, email, email_verified, hashed_password, name, first_name, last_name, wix_member_id, blocked, role, created_at) VALUES ('e3e025c91b1946ef8c16653311f3bf72', 'mary.c.mckinley@gmail.com', 1, '', '', '', '', NULL, 0, 'member', '2024-10-24 19:02');

INSERT OR IGNORE INTO user (id, email, email_verified, hashed_password, name, first_name, last_name, wix_member_id, blocked, role, created_at) VALUES ('298c9565da8341d6b819f703223a0cc2', 'marie8604@hotmail.com', 1, '', '', '', '', NULL, 0, 'member', '2024-10-19 21:40');

INSERT OR IGNORE INTO user (id, email, email_verified, hashed_password, name, first_name, last_name, wix_member_id, blocked, role, created_at) VALUES ('bd2485f00bfa4edebd84671d7b72911e', 'nikki_milder@yahoo.com', 1, '', '', '', '', NULL, 0, 'member', '2024-10-24 18:19');

INSERT OR IGNORE INTO user (id, email, email_verified, hashed_password, name, first_name, last_name, wix_member_id, blocked, role, created_at) VALUES ('8bdf399ab7454d5f8878ac9421228b8a', 'evelynshaw13@gmail.com', 1, '', '', '', '', NULL, 0, 'member', '2024-10-19 19:40');

INSERT OR IGNORE INTO user (id, email, email_verified, hashed_password, name, first_name, last_name, wix_member_id, blocked, role, created_at) VALUES ('2fe55c75f9e14755bb025951c10b2a2d', 'chanaxlc0107@gmail.com', 1, '', 'Lucy Chanax', 'Lucy', 'Chanax', NULL, 0, 'member', '2024-10-22 02:55');

INSERT OR IGNORE INTO user (id, email, email_verified, hashed_password, name, first_name, last_name, wix_member_id, blocked, role, created_at) VALUES ('ad52c6d763414e64a5d749faa8bf9615', 'emma.forbes3@gmail.com', 1, '', 'Emma Forbes', 'Emma', 'Forbes', NULL, 0, 'member', '2024-10-24 12:08');
INSERT OR IGNORE INTO user_label (user_id, label) VALUES ('ad52c6d763414e64a5d749faa8bf9615', 'EndoSelfSurvey 📋');

INSERT OR IGNORE INTO user (id, email, email_verified, hashed_password, name, first_name, last_name, wix_member_id, blocked, role, created_at) VALUES ('3213dee4876345e085c6db26f93c5846', 'sumer2012@yahoo.com', 1, '', '', '', '', NULL, 0, 'member', '2024-10-19 15:18');

INSERT OR IGNORE INTO user (id, email, email_verified, hashed_password, name, first_name, last_name, wix_member_id, blocked, role, created_at) VALUES ('04df1d4e7a074f649e7bb4db0715734b', 'lydiasmith97@gmail.com', 1, '', '', '', '', NULL, 0, 'member', '2024-10-19 19:37');

INSERT OR IGNORE INTO user (id, email, email_verified, hashed_password, name, first_name, last_name, wix_member_id, blocked, role, created_at) VALUES ('ca7ca83157bb4a458fe73c76969a9dce', 'kreamermegan@gmail.com', 1, '', 'Megan Kreamer', 'Megan', 'Kreamer', NULL, 0, 'member', '2024-10-21 01:28');

INSERT OR IGNORE INTO user (id, email, email_verified, hashed_password, name, first_name, last_name, wix_member_id, blocked, role, created_at) VALUES ('83f564521e4a474486b2c22d28a65cc8', 'tresslyn13@yahoo.com', 1, '', '', '', '', NULL, 0, 'member', '2024-10-19 20:03');

INSERT OR IGNORE INTO user (id, email, email_verified, hashed_password, name, first_name, last_name, wix_member_id, blocked, role, created_at) VALUES ('8b29ed993da04459ba1db0cb44b27415', 'taialayne_99@yahoo.com', 1, '', '', '', '', NULL, 0, 'member', '2024-10-19 20:19');

INSERT OR IGNORE INTO user (id, email, email_verified, hashed_password, name, first_name, last_name, wix_member_id, blocked, role, created_at) VALUES ('8425f1f1a9c64d42b6b35935234724e3', 'd.june.bader@gmail.com', 1, '', '', '', '', NULL, 0, 'member', '2024-10-24 19:54');

INSERT OR IGNORE INTO user (id, email, email_verified, hashed_password, name, first_name, last_name, wix_member_id, blocked, role, created_at) VALUES ('d44de5c8883442d1a36178f37395a526', 'elizabeth.gibson9642@gmail.com', 1, '', 'Elizabeth Gibson', 'Elizabeth', 'Gibson', NULL, 0, 'member', '2024-10-19 20:54');

INSERT OR IGNORE INTO user (id, email, email_verified, hashed_password, name, first_name, last_name, wix_member_id, blocked, role, created_at) VALUES ('e7836a0e205e4766a435422489f2b942', 'swimmerdolphin1@gmail.com', 1, '', 'AJ Munoz', 'AJ', 'Munoz', NULL, 0, 'member', '2024-10-27 20:56');

INSERT OR IGNORE INTO user (id, email, email_verified, hashed_password, name, first_name, last_name, wix_member_id, blocked, role, created_at) VALUES ('728aedc2bc71450fb55c182a093721c5', 'alixandria.nazworth@gmail.com', 1, '', '', '', '', NULL, 0, 'member', '2024-11-06 14:28');

INSERT OR IGNORE INTO user (id, email, email_verified, hashed_password, name, first_name, last_name, wix_member_id, blocked, role, created_at) VALUES ('a63761dc0b444014b3577a7322e648e1', 'olivialockert93@yahoo.com', 1, '', '', '', '', NULL, 0, 'member', '2024-11-03 02:56');

INSERT OR IGNORE INTO user (id, email, email_verified, hashed_password, name, first_name, last_name, wix_member_id, blocked, role, created_at) VALUES ('4fd488f04be342e7944a8f48e2ec092f', 'xsydneyx@comcast.net', 1, '', '', '', '', NULL, 0, 'member', '2024-10-26 10:35');

INSERT OR IGNORE INTO user (id, email, email_verified, hashed_password, name, first_name, last_name, wix_member_id, blocked, role, created_at) VALUES ('61267355067b4876bff7ccfab11cf235', 'katherinemcondon@gmail.com', 1, '', 'Katherine Condon', 'Katherine', 'Condon', NULL, 0, 'member', '2024-11-04 02:41');

INSERT OR IGNORE INTO user (id, email, email_verified, hashed_password, name, first_name, last_name, wix_member_id, blocked, role, created_at) VALUES ('32899de337064f3e99cce693f1bf3106', 'kirsten.showalter@gmail.com', 1, '', 'Kirsten Rucker', 'Kirsten', 'Rucker', NULL, 0, 'member', '2024-10-27 17:25');

INSERT OR IGNORE INTO user (id, email, email_verified, hashed_password, name, first_name, last_name, wix_member_id, blocked, role, created_at) VALUES ('711de682e43b4967aa3ca8ba629fde81', 'stephanieforg@gmail.com', 1, '', '', '', '', NULL, 0, 'member', '2024-11-02 01:58');
INSERT OR IGNORE INTO user_label (user_id, label) VALUES ('711de682e43b4967aa3ca8ba629fde81', 'Restorative Reproductive Medicine (RRM) vs Standard ART: A New Approach to Infertility');
INSERT OR IGNORE INTO user_label (user_id, label) VALUES ('711de682e43b4967aa3ca8ba629fde81', 'RRM Academy Members Group member');
INSERT OR IGNORE INTO enrollment (id, user_id, course_id, enrolled_at) VALUES ('210e3429d54e4ecc8b51e462649724ea', '711de682e43b4967aa3ca8ba629fde81', 'rrm-vs-ivf', '2024-11-02 01:58');

INSERT OR IGNORE INTO user (id, email, email_verified, hashed_password, name, first_name, last_name, wix_member_id, blocked, role, created_at) VALUES ('aa93bcc89d1647d2a5896def5357c63e', 'allieleng@gmail.com', 1, '', '', '', '', NULL, 0, 'member', '2024-11-02 22:12');

INSERT OR IGNORE INTO user (id, email, email_verified, hashed_password, name, first_name, last_name, wix_member_id, blocked, role, created_at) VALUES ('5d03965acf8f4bb383a3ea5247aebb93', 'perezkayli11@gmail.com', 1, '', 'Kayli Perez', 'Kayli', 'Perez', NULL, 0, 'member', '2024-10-25 16:46');

INSERT OR IGNORE INTO user (id, email, email_verified, hashed_password, name, first_name, last_name, wix_member_id, blocked, role, created_at) VALUES ('9dc1359ebd014e85ad246dadaaa66a43', 'oliviafunderburg@gmail.com', 1, '', '', '', '', NULL, 0, 'member', '2024-11-05 00:35');

INSERT OR IGNORE INTO user (id, email, email_verified, hashed_password, name, first_name, last_name, wix_member_id, blocked, role, created_at) VALUES ('dfa3d9f909d24c05b209bbba088767a9', 'morgie.ak2016@gmail.com', 1, '', '', '', '', NULL, 0, 'member', '2024-11-03 18:13');

INSERT OR IGNORE INTO user (id, email, email_verified, hashed_password, name, first_name, last_name, wix_member_id, blocked, role, created_at) VALUES ('de028bc0baa54fcebd6a2b1bee6b3dcf', 'catherinenoveck@gmail.com', 1, '', '', '', '', NULL, 0, 'member', '2024-11-02 00:13');

INSERT OR IGNORE INTO user (id, email, email_verified, hashed_password, name, first_name, last_name, wix_member_id, blocked, role, created_at) VALUES ('af1b950471064d0db97a8701c730fd89', 'brandivclark@gmail.com', 1, '', 'Brandi Clark', 'Brandi', 'Clark', NULL, 0, 'member', '2024-11-01 12:15');

INSERT OR IGNORE INTO user (id, email, email_verified, hashed_password, name, first_name, last_name, wix_member_id, blocked, role, created_at) VALUES ('92ad297c36254800920550007635d646', 'nfpitz@gmail.com', 1, '', '', '', '', NULL, 0, 'member', '2024-11-03 04:51');

INSERT OR IGNORE INTO user (id, email, email_verified, hashed_password, name, first_name, last_name, wix_member_id, blocked, role, created_at) VALUES ('2c1e8a3097824db69b3b633605f39f17', 'cookiesrunique412@gmail.com', 1, '', '', '', '', NULL, 0, 'member', '2024-10-24 20:45');
INSERT OR IGNORE INTO user_label (user_id, label) VALUES ('2c1e8a3097824db69b3b633605f39f17', 'RRM Academy Members Group member');

INSERT OR IGNORE INTO user (id, email, email_verified, hashed_password, name, first_name, last_name, wix_member_id, blocked, role, created_at) VALUES ('1d4fc88ae7c7415190d8e32fdeb8cb72', 'adetoun.ogunbanke@yahoo.com', 1, '', '', '', '', NULL, 0, 'member', '2024-10-25 02:25');

INSERT OR IGNORE INTO user (id, email, email_verified, hashed_password, name, first_name, last_name, wix_member_id, blocked, role, created_at) VALUES ('eae48c26e00044f7af7404458b3cb020', 'jessicarnines@gmail.com', 1, '', 'Jessica Nines', 'Jessica', 'Nines', NULL, 0, 'member', '2024-10-25 19:48');

INSERT OR IGNORE INTO user (id, email, email_verified, hashed_password, name, first_name, last_name, wix_member_id, blocked, role, created_at) VALUES ('19a41f4741094324afc47c989889dbc3', 'erin.spotlessclean@gmail.com', 1, '', '', '', '', NULL, 0, 'member', '2024-10-26 22:29');

INSERT OR IGNORE INTO user (id, email, email_verified, hashed_password, name, first_name, last_name, wix_member_id, blocked, role, created_at) VALUES ('c1170c5b9a214c398edbb32f4a022dfa', 'caseybigger1@gmail.com', 1, '', 'Casey Bigger', 'Casey', 'Bigger', NULL, 0, 'member', '2024-10-25 01:04');

INSERT OR IGNORE INTO user (id, email, email_verified, hashed_password, name, first_name, last_name, wix_member_id, blocked, role, created_at) VALUES ('d0f34d72d05e4b2fbad5db77bf509194', 'iranai@hotmail.fr', 1, '', '', '', '', NULL, 0, 'member', '2024-11-03 15:48');
INSERT OR IGNORE INTO user_label (user_id, label) VALUES ('d0f34d72d05e4b2fbad5db77bf509194', 'RRM Academy Members Group member');

INSERT OR IGNORE INTO user (id, email, email_verified, hashed_password, name, first_name, last_name, wix_member_id, blocked, role, created_at) VALUES ('4fdaa52fb8ab423cb1957223c0108711', 'dkh5082@gmail.com', 1, '', 'Danielle H', 'Danielle', 'H', NULL, 0, 'member', '2024-11-03 14:14');

INSERT OR IGNORE INTO user (id, email, email_verified, hashed_password, name, first_name, last_name, wix_member_id, blocked, role, created_at) VALUES ('218a1838852742e89dcbe551d7b8debc', 'morganbzahn@gmail.com', 1, '', 'Morgan Zahn', 'Morgan', 'Zahn', NULL, 0, 'member', '2024-11-02 14:22');

INSERT OR IGNORE INTO user (id, email, email_verified, hashed_password, name, first_name, last_name, wix_member_id, blocked, role, created_at) VALUES ('bc338dc379a143bfa860cad7862b88f8', 'tessawinkel13@gmail.com', 1, '', '', '', '', NULL, 0, 'member', '2024-11-03 16:04');

INSERT OR IGNORE INTO user (id, email, email_verified, hashed_password, name, first_name, last_name, wix_member_id, blocked, role, created_at) VALUES ('7fb439316b784e2baf3bb2138966b2e3', 'k_weisbeck86@hotmail.com', 1, '', '', '', '', NULL, 0, 'member', '2024-10-24 22:18');

INSERT OR IGNORE INTO user (id, email, email_verified, hashed_password, name, first_name, last_name, wix_member_id, blocked, role, created_at) VALUES ('81366d1dd44d46b4a9a548b1a775a9c1', 'louangleton@gmail.com', 1, '', '', '', '', NULL, 0, 'member', '2024-10-30 22:19');

INSERT OR IGNORE INTO user (id, email, email_verified, hashed_password, name, first_name, last_name, wix_member_id, blocked, role, created_at) VALUES ('ecc356c5880f430abedcbce126e58c17', 'kathryn.naomi.davis@gmail.com', 1, '', '', '', '', NULL, 0, 'member', '2024-10-25 01:44');

INSERT OR IGNORE INTO user (id, email, email_verified, hashed_password, name, first_name, last_name, wix_member_id, blocked, role, created_at) VALUES ('0ed03573e09b42b6accf3c93469fff90', 'helena.sands@gmail.com', 1, '', '', '', '', NULL, 0, 'member', '2024-10-24 22:16');

INSERT OR IGNORE INTO user (id, email, email_verified, hashed_password, name, first_name, last_name, wix_member_id, blocked, role, created_at) VALUES ('a11963aab20d4d9c9f8b0b871a9a8cce', 'concettabeaver@gmail.com', 1, '', 'Concetta Beaver', 'Concetta', 'Beaver', NULL, 0, 'member', '2024-11-03 01:38');

INSERT OR IGNORE INTO user (id, email, email_verified, hashed_password, name, first_name, last_name, wix_member_id, blocked, role, created_at) VALUES ('90265ced02c549c18c33b6335501a417', 'migite51@hotmail.com', 1, '', '', '', '', NULL, 0, 'member', '2024-10-25 01:10');

INSERT OR IGNORE INTO user (id, email, email_verified, hashed_password, name, first_name, last_name, wix_member_id, blocked, role, created_at) VALUES ('b72461053c43449190efa321117adf89', 'labellaeileen@gmail.com', 1, '', '', '', '', NULL, 0, 'member', '2024-11-06 04:43');

INSERT OR IGNORE INTO user (id, email, email_verified, hashed_password, name, first_name, last_name, wix_member_id, blocked, role, created_at) VALUES ('beff071d176941c8b6409043c01f4fad', 'terricase21@gmail.com', 1, '', '', '', '', NULL, 0, 'member', '2024-10-29 15:04');

INSERT OR IGNORE INTO user (id, email, email_verified, hashed_password, name, first_name, last_name, wix_member_id, blocked, role, created_at) VALUES ('6201f4e6f2764efea73b763f87817375', 'mary.c.swanson@icloud.com', 1, '', '', '', '', NULL, 0, 'member', '2024-11-03 12:12');

INSERT OR IGNORE INTO user (id, email, email_verified, hashed_password, name, first_name, last_name, wix_member_id, blocked, role, created_at) VALUES ('7d52594beff445e697bd7d1b8bb99b1a', 'marichap11@gmail.com', 1, '', 'maria Isabel Ponce Santos', 'maria Isabel', 'Ponce Santos', NULL, 0, 'member', '2024-11-05 03:55');

INSERT OR IGNORE INTO user (id, email, email_verified, hashed_password, name, first_name, last_name, wix_member_id, blocked, role, created_at) VALUES ('ae688d38975c4283800c0c5f6c003dcc', 'chelsea.bertrand@gmail.com', 1, '', '', '', '', NULL, 0, 'member', '2024-11-03 14:40');

INSERT OR IGNORE INTO user (id, email, email_verified, hashed_password, name, first_name, last_name, wix_member_id, blocked, role, created_at) VALUES ('50f6935b718241d7857d5e7731c1eac8', 'andyralvarez@gmail.com', 1, '', 'andrea rodriguez', 'andrea', 'rodriguez', NULL, 0, 'member', '2024-11-03 01:16');

INSERT OR IGNORE INTO user (id, email, email_verified, hashed_password, name, first_name, last_name, wix_member_id, blocked, role, created_at) VALUES ('e8e808b9d0f4411c9fb76ca69db37074', 'isahrangme@gmail.com', 1, '', '', '', '', NULL, 0, 'member', '2024-10-27 22:54');

INSERT OR IGNORE INTO user (id, email, email_verified, hashed_password, name, first_name, last_name, wix_member_id, blocked, role, created_at) VALUES ('80f50056393f4dccadf75cb34caf5423', 'veronicakropf@yahoo.com', 1, '', '', '', '', NULL, 0, 'member', '2024-11-03 04:39');

INSERT OR IGNORE INTO user (id, email, email_verified, hashed_password, name, first_name, last_name, wix_member_id, blocked, role, created_at) VALUES ('07bc1264803c42a58f1ba61085aa5a27', 'dany.payne0@gmail.com', 1, '', '', '', '', NULL, 0, 'member', '2024-11-03 01:25');

INSERT OR IGNORE INTO user (id, email, email_verified, hashed_password, name, first_name, last_name, wix_member_id, blocked, role, created_at) VALUES ('1f6dfe43ab5e46a991aeb4e7a8132612', 'andreamab@hotmail.com', 1, '', '', '', '', NULL, 0, 'member', '2024-11-02 22:04');

INSERT OR IGNORE INTO user (id, email, email_verified, hashed_password, name, first_name, last_name, wix_member_id, blocked, role, created_at) VALUES ('fb9d6d595b7947ed8a96bfd75162a417', 'taylorabraden@gmail.com', 1, '', '', '', '', NULL, 0, 'member', '2024-11-03 02:02');

INSERT OR IGNORE INTO user (id, email, email_verified, hashed_password, name, first_name, last_name, wix_member_id, blocked, role, created_at) VALUES ('fae26fb7a9744cd580baa2893bebc4bb', 'natalie.smith.ky@gmail.com', 1, '', 'Natalie Tracy', 'Natalie', 'Tracy', NULL, 0, 'member', '2024-11-03 00:07');

INSERT OR IGNORE INTO user (id, email, email_verified, hashed_password, name, first_name, last_name, wix_member_id, blocked, role, created_at) VALUES ('446890e17b4f47868b6ac698a90a74cc', 'rachelhwassink@gmail.com', 1, '', 'Rachel Hoskins', 'Rachel', 'Hoskins', NULL, 0, 'member', '2024-10-25 17:31');

INSERT OR IGNORE INTO user (id, email, email_verified, hashed_password, name, first_name, last_name, wix_member_id, blocked, role, created_at) VALUES ('6bac1f2c807e4477b4c568396a9fdfe1', 'hbriggs2@cox.net', 1, '', 'Haley Currier', 'Haley', 'Currier', NULL, 0, 'member', '2024-11-02 21:58');

INSERT OR IGNORE INTO user (id, email, email_verified, hashed_password, name, first_name, last_name, wix_member_id, blocked, role, created_at) VALUES ('1aec5ba6a27e4d0395972940e80d1e94', 'melodyssu@yahoo.com', 1, '', '', '', '', NULL, 0, 'member', '2024-11-02 22:11');

INSERT OR IGNORE INTO user (id, email, email_verified, hashed_password, name, first_name, last_name, wix_member_id, blocked, role, created_at) VALUES ('dfc0233988084075b25f90b5d015f737', 'rachvanhoo@gmail.com', 1, '', '', '', '', NULL, 0, 'member', '2024-11-03 11:59');

INSERT OR IGNORE INTO user (id, email, email_verified, hashed_password, name, first_name, last_name, wix_member_id, blocked, role, created_at) VALUES ('9780f37444bb481c9f9b79d9d5223991', 'ceprice617@gmail.com', 1, '', '', '', '', NULL, 0, 'member', '2024-11-03 02:54');

INSERT OR IGNORE INTO user (id, email, email_verified, hashed_password, name, first_name, last_name, wix_member_id, blocked, role, created_at) VALUES ('6bebb12fce274241b532737c66f2f5cc', 'crawley1954@gmail.com', 1, '', '', '', '', NULL, 0, 'member', '2024-10-24 22:03');

INSERT OR IGNORE INTO user (id, email, email_verified, hashed_password, name, first_name, last_name, wix_member_id, blocked, role, created_at) VALUES ('4283b2177c7442db927a1ae7cbdc8dc0', 'micaylazide@gmail.com', 1, '', 'Micayla Zide', 'Micayla', 'Zide', NULL, 0, 'member', '2024-10-24 23:33');

INSERT OR IGNORE INTO user (id, email, email_verified, hashed_password, name, first_name, last_name, wix_member_id, blocked, role, created_at) VALUES ('47f2eae01bfa477aa901635b5a4ef689', 'allisonckinsinger@gmail.com', 1, '', 'Allison Wallenfang', 'Allison', 'Wallenfang', NULL, 0, 'member', '2024-10-30 00:51');

INSERT OR IGNORE INTO user (id, email, email_verified, hashed_password, name, first_name, last_name, wix_member_id, blocked, role, created_at) VALUES ('65ff4d4ca7a741aa8a48bf5367ae8943', 'dra.hadhara.endocrino@gmail.com', 1, '', 'Dra Hadhara Brunstein', 'Dra Hadhara', 'Brunstein', NULL, 0, 'member', '2024-11-03 21:43');
INSERT OR IGNORE INTO user_label (user_id, label) VALUES ('65ff4d4ca7a741aa8a48bf5367ae8943', 'Postpartum Depression & Anxiety: a restorative approach to recovery');
INSERT OR IGNORE INTO user_label (user_id, label) VALUES ('65ff4d4ca7a741aa8a48bf5367ae8943', 'RRM Academy Members Group member');
INSERT OR IGNORE INTO enrollment (id, user_id, course_id, enrolled_at) VALUES ('46ab4567bbc3470ea9772e573e04f70f', '65ff4d4ca7a741aa8a48bf5367ae8943', 'postpartum-depression-anxiety', '2024-11-03 21:43');

INSERT OR IGNORE INTO user (id, email, email_verified, hashed_password, name, first_name, last_name, wix_member_id, blocked, role, created_at) VALUES ('e4e34bc221b247e3a447faefdf902e18', 'ae.scheuring@gmail.com', 1, '', 'Anna Scheuring', 'Anna', 'Scheuring', NULL, 0, 'member', '2024-11-04 22:42');

INSERT OR IGNORE INTO user (id, email, email_verified, hashed_password, name, first_name, last_name, wix_member_id, blocked, role, created_at) VALUES ('6a6ade3781a94cc1aa59a428c70fe353', 'sspierrefamily@gmail.com', 1, '', '', '', '', NULL, 0, 'member', '2024-10-25 02:53');

INSERT OR IGNORE INTO user (id, email, email_verified, hashed_password, name, first_name, last_name, wix_member_id, blocked, role, created_at) VALUES ('167927ebabd84834a7a8af96f2d5975d', 'brittany.mildenberger@gmail.com', 1, '', '', '', '', NULL, 0, 'member', '2024-11-03 04:07');

INSERT OR IGNORE INTO user (id, email, email_verified, hashed_password, name, first_name, last_name, wix_member_id, blocked, role, created_at) VALUES ('7ae92dbc7b2c43dc9bdcc8bcf399fd19', 'jlryback90@gmail.com', 1, '', '', '', '', NULL, 0, 'member', '2024-11-03 13:58');

INSERT OR IGNORE INTO user (id, email, email_verified, hashed_password, name, first_name, last_name, wix_member_id, blocked, role, created_at) VALUES ('4da0eb047692418e8222701a1b2dd2c3', 'elizabethmartine03@gmail.com', 1, '', '', '', '', NULL, 0, 'member', '2024-11-06 12:42');

INSERT OR IGNORE INTO user (id, email, email_verified, hashed_password, name, first_name, last_name, wix_member_id, blocked, role, created_at) VALUES ('39fdff0e93614d71b61f140db69e84c9', 'hello@heartofhealthwithdori.com', 1, '', '', '', '', NULL, 0, 'member', '2024-10-30 15:29');
INSERT OR IGNORE INTO user_label (user_id, label) VALUES ('39fdff0e93614d71b61f140db69e84c9', 'RRM Academy Members Group member');
INSERT OR IGNORE INTO user_label (user_id, label) VALUES ('39fdff0e93614d71b61f140db69e84c9', 'Customers');
INSERT OR IGNORE INTO user_label (user_id, label) VALUES ('39fdff0e93614d71b61f140db69e84c9', 'Save the Uterus Club 🏷️');
INSERT OR IGNORE INTO user_label (user_id, label) VALUES ('39fdff0e93614d71b61f140db69e84c9', 'Uterus Member 🐻');
INSERT OR IGNORE INTO user_label (user_id, label) VALUES ('39fdff0e93614d71b61f140db69e84c9', 'Donor 👏');

INSERT OR IGNORE INTO user (id, email, email_verified, hashed_password, name, first_name, last_name, wix_member_id, blocked, role, created_at) VALUES ('27c062898c094e12b8cae668dd3aaead', 'heydari@live.se', 1, '', '', '', '', NULL, 0, 'member', '2024-10-26 13:19');

INSERT OR IGNORE INTO user (id, email, email_verified, hashed_password, name, first_name, last_name, wix_member_id, blocked, role, created_at) VALUES ('1c5666d520eb4bdb9fecde95df7826c2', 'lilacprincess19@gmail.com', 1, '', '', '', '', NULL, 0, 'member', '2024-10-25 11:50');

INSERT OR IGNORE INTO user (id, email, email_verified, hashed_password, name, first_name, last_name, wix_member_id, blocked, role, created_at) VALUES ('7db27526b596484f92a185946a4b530a', 'monarch914@aol.com', 1, '', '', '', '', NULL, 0, 'member', '2024-10-27 21:58');

INSERT OR IGNORE INTO user (id, email, email_verified, hashed_password, name, first_name, last_name, wix_member_id, blocked, role, created_at) VALUES ('8ca805b97993498b8ee633b8b3d32aec', 'carisavalerga@gmail.com', 1, '', '', '', '', NULL, 0, 'member', '2024-10-25 15:29');

INSERT OR IGNORE INTO user (id, email, email_verified, hashed_password, name, first_name, last_name, wix_member_id, blocked, role, created_at) VALUES ('42b70a50c65d4e85ad3996be0ebea251', 'meekadog@live.com', 1, '', 'Jessica Jewett', 'Jessica', 'Jewett', NULL, 0, 'member', '2024-10-30 00:47');

INSERT OR IGNORE INTO user (id, email, email_verified, hashed_password, name, first_name, last_name, wix_member_id, blocked, role, created_at) VALUES ('f30ad256ad5248a0b4f70633a089524a', 'melissazarabi79@gmail.com', 1, '', '', '', '', NULL, 0, 'member', '2024-11-02 22:30');

INSERT OR IGNORE INTO user (id, email, email_verified, hashed_password, name, first_name, last_name, wix_member_id, blocked, role, created_at) VALUES ('51fa04ae51ab42038851ad1e0879af77', 'eloise.andry@gmail.com', 1, '', '', '', '', NULL, 0, 'member', '2024-10-25 13:58');

INSERT OR IGNORE INTO user (id, email, email_verified, hashed_password, name, first_name, last_name, wix_member_id, blocked, role, created_at) VALUES ('244a507cdb18436fa3d0821c3884e1db', 'laura.nv126@gmail.com', 1, '', '', '', '', NULL, 0, 'member', '2024-11-02 23:25');

INSERT OR IGNORE INTO user (id, email, email_verified, hashed_password, name, first_name, last_name, wix_member_id, blocked, role, created_at) VALUES ('b459ecb9b6f1416eaec4f7044e8a671e', 'katy.rice@gmail.com', 1, '', 'Katy Bradley', 'Katy', 'Bradley', NULL, 0, 'member', '2024-11-01 02:30');

INSERT OR IGNORE INTO user (id, email, email_verified, hashed_password, name, first_name, last_name, wix_member_id, blocked, role, created_at) VALUES ('e3f90e373c5a46508eecc23c5e1c08b1', 'msforgione.mf@gmail.com', 1, '', '', '', '', NULL, 0, 'member', '2024-11-03 00:51');

INSERT OR IGNORE INTO user (id, email, email_verified, hashed_password, name, first_name, last_name, wix_member_id, blocked, role, created_at) VALUES ('274228177fd04df38a74505253fa3ed2', 'nails.byisareese@gmail.com', 1, '', 'Isabella', 'Isabella', '', NULL, 0, 'member', '2024-11-03 04:41');

INSERT OR IGNORE INTO user (id, email, email_verified, hashed_password, name, first_name, last_name, wix_member_id, blocked, role, created_at) VALUES ('55b69b4ea99c42a8a08e8b88df066f2c', 'berakahjoan@gmail.com', 1, '', '', '', '', NULL, 0, 'member', '2024-10-24 23:39');

INSERT OR IGNORE INTO user (id, email, email_verified, hashed_password, name, first_name, last_name, wix_member_id, blocked, role, created_at) VALUES ('942ad7924cbc4b85abcd4b0464cb536e', 'kaljwoods@gmail.com', 1, '', '', '', '', NULL, 0, 'member', '2024-10-25 06:49');

INSERT OR IGNORE INTO user (id, email, email_verified, hashed_password, name, first_name, last_name, wix_member_id, blocked, role, created_at) VALUES ('9a6e885532e044bcb9885b87c50358a0', 'smith.kristine.marie@gmail.com', 1, '', '', '', '', NULL, 0, 'member', '2024-11-02 22:34');

INSERT OR IGNORE INTO user (id, email, email_verified, hashed_password, name, first_name, last_name, wix_member_id, blocked, role, created_at) VALUES ('c546495f2f664ed0990f7004a7d9054f', 'haleylucas28@gmail.com', 1, '', '', '', '', NULL, 0, 'member', '2024-10-25 13:40');

INSERT OR IGNORE INTO user (id, email, email_verified, hashed_password, name, first_name, last_name, wix_member_id, blocked, role, created_at) VALUES ('4878c21282fa46af872ced17b37a3e2c', 'melvautaux@gmail.com', 1, '', '', '', '', NULL, 0, 'member', '2024-11-01 00:00');

INSERT OR IGNORE INTO user (id, email, email_verified, hashed_password, name, first_name, last_name, wix_member_id, blocked, role, created_at) VALUES ('f10b06c65cf941deb1b5064acbaf6213', 'loribender22@gmail.com', 1, '', '', '', '', NULL, 0, 'member', '2024-11-05 11:26');

INSERT OR IGNORE INTO user (id, email, email_verified, hashed_password, name, first_name, last_name, wix_member_id, blocked, role, created_at) VALUES ('1c807c26b0924bc4a87df44335780a02', 'allie.dawson1994@gmail.com', 1, '', 'Allie Dawson', 'Allie', 'Dawson', NULL, 0, 'member', '2024-10-24 20:37');

INSERT OR IGNORE INTO user (id, email, email_verified, hashed_password, name, first_name, last_name, wix_member_id, blocked, role, created_at) VALUES ('42ec9548ada5438fbf4179e6543c495e', 'laurenkrumm@yahoo.com', 1, '', '', '', '', NULL, 0, 'member', '2024-10-25 21:06');

INSERT OR IGNORE INTO user (id, email, email_verified, hashed_password, name, first_name, last_name, wix_member_id, blocked, role, created_at) VALUES ('e22210e9e8a0492fae591fd6e885b5c1', 'hannahbiederer@gmail.com', 1, '', '', '', '', NULL, 0, 'member', '2024-11-03 03:15');

INSERT OR IGNORE INTO user (id, email, email_verified, hashed_password, name, first_name, last_name, wix_member_id, blocked, role, created_at) VALUES ('d859365a698143988ed7534b13f80e24', 'logiudiceny@gmail.com', 1, '', '', '', '', NULL, 0, 'member', '2024-10-25 03:40');

INSERT OR IGNORE INTO user (id, email, email_verified, hashed_password, name, first_name, last_name, wix_member_id, blocked, role, created_at) VALUES ('a3d0d57fc71846d8a143a755811504f0', 'maryvanloon2@gmail.com', 1, '', '', '', '', NULL, 0, 'member', '2024-10-25 18:09');

INSERT OR IGNORE INTO user (id, email, email_verified, hashed_password, name, first_name, last_name, wix_member_id, blocked, role, created_at) VALUES ('1d821c4de2e241928c21a1b66b659f8f', 'daldama271@gmail.com', 1, '', '', '', '', NULL, 0, 'member', '2024-10-25 01:19');

INSERT OR IGNORE INTO user (id, email, email_verified, hashed_password, name, first_name, last_name, wix_member_id, blocked, role, created_at) VALUES ('e2b6fc73e48743fc8891f2deed131dab', 'carolineoharte@gmail.com', 1, '', '', '', '', NULL, 0, 'member', '2024-11-03 20:27');

INSERT OR IGNORE INTO user (id, email, email_verified, hashed_password, name, first_name, last_name, wix_member_id, blocked, role, created_at) VALUES ('7f160dd11cc44bff82f1b916e5d15783', 'taramacphee@live.ca', 1, '', '', '', '', NULL, 0, 'member', '2024-11-03 11:25');

INSERT OR IGNORE INTO user (id, email, email_verified, hashed_password, name, first_name, last_name, wix_member_id, blocked, role, created_at) VALUES ('c6fc29ef193542dd83980d8b35944ee8', 'catwood5252@gmail.com', 1, '', '', '', '', NULL, 0, 'member', '2024-11-06 04:15');

INSERT OR IGNORE INTO user (id, email, email_verified, hashed_password, name, first_name, last_name, wix_member_id, blocked, role, created_at) VALUES ('770b4d10db70464f9de22ce842872b6b', 'angeliquealicedonahue@gmail.com', 1, '', 'Angélique Donahue', 'Angélique', 'Donahue', NULL, 0, 'member', '2024-10-28 01:49');
INSERT OR IGNORE INTO user_label (user_id, label) VALUES ('770b4d10db70464f9de22ce842872b6b', 'RRM Academy Members Group member');

INSERT OR IGNORE INTO user (id, email, email_verified, hashed_password, name, first_name, last_name, wix_member_id, blocked, role, created_at) VALUES ('1cdbedc0ffb94dcf86bf8a0a06750c27', 'juliadonovan89@gmail.com', 1, '', 'julia Donovan', 'julia', 'Donovan', NULL, 0, 'member', '2024-11-02 19:56');

INSERT OR IGNORE INTO user (id, email, email_verified, hashed_password, name, first_name, last_name, wix_member_id, blocked, role, created_at) VALUES ('6a599f39767947748577b9bb226e6b55', 'nopedanope@gmail.com', 1, '', '', '', '', NULL, 0, 'member', '2024-10-27 19:39');

INSERT OR IGNORE INTO user (id, email, email_verified, hashed_password, name, first_name, last_name, wix_member_id, blocked, role, created_at) VALUES ('0cf67bcf57ed4337b924ca6e62503473', 'sarahchancellor529@gmail.com', 1, '', '', '', '', NULL, 0, 'member', '2024-11-03 01:50');

INSERT OR IGNORE INTO user (id, email, email_verified, hashed_password, name, first_name, last_name, wix_member_id, blocked, role, created_at) VALUES ('463778909abe40188dfb6f997a688287', 'yailynnunez@yahoo.com', 1, '', '', '', '', NULL, 0, 'member', '2024-11-06 13:16');

INSERT OR IGNORE INTO user (id, email, email_verified, hashed_password, name, first_name, last_name, wix_member_id, blocked, role, created_at) VALUES ('2b1c0e6f4fde407b829a6663fc77554a', 'vanessaburke87@gmail.com', 1, '', 'Vanessa Saarloos', 'Vanessa', 'Saarloos', NULL, 0, 'member', '2024-10-29 14:58');

INSERT OR IGNORE INTO user (id, email, email_verified, hashed_password, name, first_name, last_name, wix_member_id, blocked, role, created_at) VALUES ('e8e09c83e7a746c487c6fbb3742e8ee3', 'mbrown111193@gmail.com', 1, '', '', '', '', NULL, 0, 'member', '2024-10-27 01:29');

INSERT OR IGNORE INTO user (id, email, email_verified, hashed_password, name, first_name, last_name, wix_member_id, blocked, role, created_at) VALUES ('399b21d0497440fa8c177cb7631f9ce6', 'katharine.ward20@gmail.com', 1, '', '', '', '', NULL, 0, 'member', '2024-10-24 20:12');

INSERT OR IGNORE INTO user (id, email, email_verified, hashed_password, name, first_name, last_name, wix_member_id, blocked, role, created_at) VALUES ('c002cc617723400bb82c4e0457380001', 'abmccuen@gmail.com', 1, '', '', '', '', NULL, 0, 'member', '2024-11-04 15:37');

INSERT OR IGNORE INTO user (id, email, email_verified, hashed_password, name, first_name, last_name, wix_member_id, blocked, role, created_at) VALUES ('399499447a654941be361e0b1ff5a744', 'octant_fifer.0u@icloud.com', 1, '', '', '', '', NULL, 0, 'member', '2024-11-04 18:54');

INSERT OR IGNORE INTO user (id, email, email_verified, hashed_password, name, first_name, last_name, wix_member_id, blocked, role, created_at) VALUES ('e8abe8ce4fca47e2a3daf64c4efedd3d', 'petelasamantha@gmail.com', 1, '', '', '', '', NULL, 0, 'member', '2024-10-25 16:11');

INSERT OR IGNORE INTO user (id, email, email_verified, hashed_password, name, first_name, last_name, wix_member_id, blocked, role, created_at) VALUES ('e6f401b084cb444c921f7cf5b4d38676', 'breanna.skarbo@gmail.com', 1, '', '', '', '', NULL, 0, 'member', '2024-11-03 04:30');

INSERT OR IGNORE INTO user (id, email, email_verified, hashed_password, name, first_name, last_name, wix_member_id, blocked, role, created_at) VALUES ('7ed24b6bb6264be3926f13127249a7f4', 'k.carithers@aol.com', 1, '', 'Kristen Carithers', 'Kristen', 'Carithers', NULL, 0, 'member', '2024-11-01 01:01');
INSERT OR IGNORE INTO user_label (user_id, label) VALUES ('7ed24b6bb6264be3926f13127249a7f4', 'Donor 👏');
INSERT OR IGNORE INTO user_label (user_id, label) VALUES ('7ed24b6bb6264be3926f13127249a7f4', 'Customers');
INSERT OR IGNORE INTO user_label (user_id, label) VALUES ('7ed24b6bb6264be3926f13127249a7f4', 'Save the Uterus Club 🏷️');
INSERT OR IGNORE INTO user_label (user_id, label) VALUES ('7ed24b6bb6264be3926f13127249a7f4', 'Save the Uterus Club Group member');
INSERT OR IGNORE INTO user_label (user_id, label) VALUES ('7ed24b6bb6264be3926f13127249a7f4', 'Uterus Member 🐻');

INSERT OR IGNORE INTO user (id, email, email_verified, hashed_password, name, first_name, last_name, wix_member_id, blocked, role, created_at) VALUES ('498c5f5cb0c04309b8b5ba17fef19e44', 'ancoleman22@yahoo.com', 1, '', '', '', '', NULL, 0, 'member', '2024-11-02 22:37');

INSERT OR IGNORE INTO user (id, email, email_verified, hashed_password, name, first_name, last_name, wix_member_id, blocked, role, created_at) VALUES ('391e051a7d7c4423a6a8c218c2761960', 'stephanie.massee@gmail.com', 1, '', '', '', '', NULL, 0, 'member', '2024-10-24 21:08');

INSERT OR IGNORE INTO user (id, email, email_verified, hashed_password, name, first_name, last_name, wix_member_id, blocked, role, created_at) VALUES ('a8eb50a44b514f5ca5b93a225ba88aae', 'chantelle@bertino-clarke.com', 1, '', '', '', '', NULL, 0, 'member', '2024-11-04 00:42');

INSERT OR IGNORE INTO user (id, email, email_verified, hashed_password, name, first_name, last_name, wix_member_id, blocked, role, created_at) VALUES ('d2bc9d0ef69a4670a3326760c053ff56', 'julie.meining@aol.com', 1, '', 'Julie Irwin', 'Julie', 'Irwin', NULL, 0, 'member', '2024-10-29 17:10');

INSERT OR IGNORE INTO user (id, email, email_verified, hashed_password, name, first_name, last_name, wix_member_id, blocked, role, created_at) VALUES ('318b4f26467a4a6c843904eb5c24166a', 'ktrose926@comcast.net', 1, '', '', '', '', NULL, 0, 'member', '2024-11-13 03:04');

INSERT OR IGNORE INTO user (id, email, email_verified, hashed_password, name, first_name, last_name, wix_member_id, blocked, role, created_at) VALUES ('815ef631b51c4777b0d35bc9bb1a1698', 'mastorakiselodie@gmail.com', 1, '', '', '', '', NULL, 0, 'member', '2024-11-13 00:30');

INSERT OR IGNORE INTO user (id, email, email_verified, hashed_password, name, first_name, last_name, wix_member_id, blocked, role, created_at) VALUES ('0344c86fc19e4f45a4008a8b60cc88a6', 'gabriellamodonnell@gmail.com', 1, '', 'Gabriella O''Donnell', 'Gabriella', 'O''Donnell', NULL, 0, 'member', '2024-11-13 15:42');

INSERT OR IGNORE INTO user (id, email, email_verified, hashed_password, name, first_name, last_name, wix_member_id, blocked, role, created_at) VALUES ('172c43368342492e9933105c99167c96', 'charlesjess333@gmail.com', 1, '', '', '', '', NULL, 0, 'member', '2024-11-07 00:43');

INSERT OR IGNORE INTO user (id, email, email_verified, hashed_password, name, first_name, last_name, wix_member_id, blocked, role, created_at) VALUES ('c900a44b30894f1096f55ce041a47c9d', 'marissamichelle2004@gmail.com', 1, '', '', '', '', NULL, 0, 'member', '2024-11-13 01:52');
INSERT OR IGNORE INTO user_label (user_id, label) VALUES ('c900a44b30894f1096f55ce041a47c9d', 'RRM Academy Members Group member');

INSERT OR IGNORE INTO user (id, email, email_verified, hashed_password, name, first_name, last_name, wix_member_id, blocked, role, created_at) VALUES ('cf55a2f259fb49c587ce3fefda60c26a', 'shladel@gmail.com', 1, '', 'Shela DLR', 'Shela', 'DLR', NULL, 0, 'member', '2024-11-07 00:15');

INSERT OR IGNORE INTO user (id, email, email_verified, hashed_password, name, first_name, last_name, wix_member_id, blocked, role, created_at) VALUES ('f3a35eddcb4b4e038dfb3bacb41eec3f', 'mld233@gmail.com', 1, '', 'Maria Tramontana', 'Maria', 'Tramontana', NULL, 0, 'member', '2024-11-13 00:21');

INSERT OR IGNORE INTO user (id, email, email_verified, hashed_password, name, first_name, last_name, wix_member_id, blocked, role, created_at) VALUES ('bb3863399cf74f65a138b8dc0cfa1d60', 'kenhed@cox.net', 1, '', '', '', '', NULL, 0, 'member', '2024-11-13 03:27');

INSERT OR IGNORE INTO user (id, email, email_verified, hashed_password, name, first_name, last_name, wix_member_id, blocked, role, created_at) VALUES ('3a641e1a632e4db6a0b7be9a0863135d', 'allicoop5859@gmail.com', 1, '', '', '', '', NULL, 0, 'member', '2024-11-09 02:20');

INSERT OR IGNORE INTO user (id, email, email_verified, hashed_password, name, first_name, last_name, wix_member_id, blocked, role, created_at) VALUES ('935e56da2ed0431b842c823229726089', 'firms-steps0f@icloud.com', 1, '', '', '', '', NULL, 0, 'member', '2024-11-10 11:18');

INSERT OR IGNORE INTO user (id, email, email_verified, hashed_password, name, first_name, last_name, wix_member_id, blocked, role, created_at) VALUES ('8e884944244346b098e8bd25974b31fc', 'anyssaquinonez@gmail.com', 1, '', '', '', '', NULL, 0, 'member', '2024-11-11 02:12');

INSERT OR IGNORE INTO user (id, email, email_verified, hashed_password, name, first_name, last_name, wix_member_id, blocked, role, created_at) VALUES ('df42abc145834da385506410dd65c55f', 'shahzka@gmail.com', 1, '', 'Katie Shahzade', 'Katie', 'Shahzade', NULL, 0, 'member', '2024-11-08 05:20');

INSERT OR IGNORE INTO user (id, email, email_verified, hashed_password, name, first_name, last_name, wix_member_id, blocked, role, created_at) VALUES ('77c6a6576611487ead20f1c3a1dbd22c', 'kmcintire25@verizon.net', 1, '', '', '', '', NULL, 0, 'member', '2024-11-12 23:45');

INSERT OR IGNORE INTO user (id, email, email_verified, hashed_password, name, first_name, last_name, wix_member_id, blocked, role, created_at) VALUES ('080f40ba16d84178ae303725cc49d343', 'efbrougher@gmail.com', 1, '', '', '', '', NULL, 0, 'member', '2024-11-09 00:55');

INSERT OR IGNORE INTO user (id, email, email_verified, hashed_password, name, first_name, last_name, wix_member_id, blocked, role, created_at) VALUES ('94e534cee8ae40b39495d2f21aed924c', 'corinnemalmgren@gmail.com', 1, '', '', '', '', NULL, 0, 'member', '2024-11-09 03:47');

INSERT OR IGNORE INTO user (id, email, email_verified, hashed_password, name, first_name, last_name, wix_member_id, blocked, role, created_at) VALUES ('d2b81f78eb1d49c09cb9db8f5cda4e6c', 'arielgdandrea@gmail.com', 1, '', '', '', '', NULL, 0, 'member', '2024-11-13 01:43');

INSERT OR IGNORE INTO user (id, email, email_verified, hashed_password, name, first_name, last_name, wix_member_id, blocked, role, created_at) VALUES ('d1e72c6a0e804953b2db493a08d34bf4', 'mayadamahdyfadel@hotmail.com', 1, '', '', '', '', NULL, 0, 'member', '2024-11-13 00:32');

INSERT OR IGNORE INTO user (id, email, email_verified, hashed_password, name, first_name, last_name, wix_member_id, blocked, role, created_at) VALUES ('7c2eb24b60fe44fab4fcc7ed69e163d9', 'hello@nataliesoud.com', 1, '', 'Natalie Soud', 'Natalie', 'Soud', NULL, 0, 'member', '2024-11-13 00:53');

INSERT OR IGNORE INTO user (id, email, email_verified, hashed_password, name, first_name, last_name, wix_member_id, blocked, role, created_at) VALUES ('2668730f609c47f3a863c7c0eca44a66', 'juliamf92@gmail.com', 1, '', '', '', '', NULL, 0, 'member', '2024-11-06 15:32');
INSERT OR IGNORE INTO user_label (user_id, label) VALUES ('2668730f609c47f3a863c7c0eca44a66', 'RRM Academy Members Group member');

INSERT OR IGNORE INTO user (id, email, email_verified, hashed_password, name, first_name, last_name, wix_member_id, blocked, role, created_at) VALUES ('e5b347bc45d44fca8c045263f8a9d540', 'helene_brudeseth@hotmail.com', 1, '', '', '', '', NULL, 0, 'member', '2024-11-08 19:34');

INSERT OR IGNORE INTO user (id, email, email_verified, hashed_password, name, first_name, last_name, wix_member_id, blocked, role, created_at) VALUES ('d6c5e626162e43d4931b907299594494', 'kellyecrawford@gmail.com', 1, '', 'kelly crawford', 'kelly', 'crawford', NULL, 0, 'member', '2024-11-12 23:37');

INSERT OR IGNORE INTO user (id, email, email_verified, hashed_password, name, first_name, last_name, wix_member_id, blocked, role, created_at) VALUES ('7a6e92036a0d4f6cb142823fd61dacc8', 'allieloyd@hotmail.com', 1, '', '', '', '', NULL, 0, 'member', '2024-11-06 15:09');
INSERT OR IGNORE INTO user_label (user_id, label) VALUES ('7a6e92036a0d4f6cb142823fd61dacc8', 'RRM Academy Members Group member');

INSERT OR IGNORE INTO user (id, email, email_verified, hashed_password, name, first_name, last_name, wix_member_id, blocked, role, created_at) VALUES ('e89fce47a8f9429dbfb4de1e6bc9d0e5', 'patricia@yourplanaevents.com', 1, '', '', '', '', NULL, 0, 'member', '2024-11-13 02:23');

INSERT OR IGNORE INTO user (id, email, email_verified, hashed_password, name, first_name, last_name, wix_member_id, blocked, role, created_at) VALUES ('9c90471dd41c4b81b2f4119bb51701c8', 'cnbj59@yahoo.com', 1, '', '', '', '', NULL, 0, 'member', '2024-11-09 02:06');

INSERT OR IGNORE INTO user (id, email, email_verified, hashed_password, name, first_name, last_name, wix_member_id, blocked, role, created_at) VALUES ('7feaa65b48944b87ae6205f441b2a880', 'tkrebs07@gmail.com', 1, '', '', '', '', NULL, 0, 'member', '2024-11-08 14:46');

INSERT OR IGNORE INTO user (id, email, email_verified, hashed_password, name, first_name, last_name, wix_member_id, blocked, role, created_at) VALUES ('da37494519eb4049b35baf455a94c422', 'vanessa.bridgit@gmail.com', 1, '', '', '', '', NULL, 0, 'member', '2024-11-09 00:58');

INSERT OR IGNORE INTO user (id, email, email_verified, hashed_password, name, first_name, last_name, wix_member_id, blocked, role, created_at) VALUES ('763ac06ebd02428b9535ceec1b13cab2', 'jennagarman@outlook.com', 1, '', '', '', '', NULL, 0, 'member', '2024-11-14 11:24');

INSERT OR IGNORE INTO user (id, email, email_verified, hashed_password, name, first_name, last_name, wix_member_id, blocked, role, created_at) VALUES ('b10bfb0d1c894653a7a76596bf26cb58', 'msteinkamp17@gmail.com', 1, '', '', '', '', NULL, 0, 'member', '2024-11-08 17:22');

INSERT OR IGNORE INTO user (id, email, email_verified, hashed_password, name, first_name, last_name, wix_member_id, blocked, role, created_at) VALUES ('6cd94dd8a0474c14bc5975b46ebaf2c5', 'steph.gliko@gmail.com', 1, '', '', '', '', NULL, 0, 'member', '2024-11-07 02:48');

INSERT OR IGNORE INTO user (id, email, email_verified, hashed_password, name, first_name, last_name, wix_member_id, blocked, role, created_at) VALUES ('e48e0a5935694256b8fa577d9e15f5cb', 'perkchar@gmail.com', 1, '', '', '', '', NULL, 0, 'member', '2024-11-14 04:21');

INSERT OR IGNORE INTO user (id, email, email_verified, hashed_password, name, first_name, last_name, wix_member_id, blocked, role, created_at) VALUES ('dcee36873d6845eaa67f4d048aa834b9', 'thea913@gmail.com', 1, '', '', '', '', NULL, 0, 'member', '2024-11-07 03:00');

INSERT OR IGNORE INTO user (id, email, email_verified, hashed_password, name, first_name, last_name, wix_member_id, blocked, role, created_at) VALUES ('e09187fced7c461bbde428f202ceb07d', 'callen714@gmail.com', 1, '', '', '', '', NULL, 0, 'member', '2024-11-08 04:24');

INSERT OR IGNORE INTO user (id, email, email_verified, hashed_password, name, first_name, last_name, wix_member_id, blocked, role, created_at) VALUES ('26422ac1717d4026ba53b813c79fad4c', 'kayla.r.lewis23@gmail.com', 1, '', '', '', '', NULL, 0, 'member', '2024-11-11 22:50');

INSERT OR IGNORE INTO user (id, email, email_verified, hashed_password, name, first_name, last_name, wix_member_id, blocked, role, created_at) VALUES ('f66db6207eb442f983b90ebdef4a3f10', 'amycorfeli@gmail.com', 1, '', '', '', '', NULL, 0, 'member', '2024-11-13 19:00');

INSERT OR IGNORE INTO user (id, email, email_verified, hashed_password, name, first_name, last_name, wix_member_id, blocked, role, created_at) VALUES ('dab86b5b5f014bc08a2c09ace53d3285', 'ashleyhardin418@gmail.com', 1, '', '', '', '', NULL, 0, 'member', '2024-11-12 23:33');

INSERT OR IGNORE INTO user (id, email, email_verified, hashed_password, name, first_name, last_name, wix_member_id, blocked, role, created_at) VALUES ('7ec1e57b1db94d109b1d53bab9a999e9', 'irynka_ua@yahoo.com', 1, '', '', '', '', NULL, 0, 'member', '2024-11-08 20:14');

INSERT OR IGNORE INTO user (id, email, email_verified, hashed_password, name, first_name, last_name, wix_member_id, blocked, role, created_at) VALUES ('bc9b3e11e9a846238dbefe888f81f456', 'mmhepler77@gmail.com', 1, '', '', '', '', NULL, 0, 'member', '2024-11-11 03:02');

INSERT OR IGNORE INTO user (id, email, email_verified, hashed_password, name, first_name, last_name, wix_member_id, blocked, role, created_at) VALUES ('295df81d04244c77aa0fa16d70067b35', 'gorcycak@gmail.com', 1, '', '', '', '', NULL, 0, 'member', '2024-11-08 13:54');

INSERT OR IGNORE INTO user (id, email, email_verified, hashed_password, name, first_name, last_name, wix_member_id, blocked, role, created_at) VALUES ('30c7084711634988acc63785ac016fc5', 'jenna.l.spies@gmail.com', 1, '', '', '', '', NULL, 0, 'member', '2024-11-06 23:54');

INSERT OR IGNORE INTO user (id, email, email_verified, hashed_password, name, first_name, last_name, wix_member_id, blocked, role, created_at) VALUES ('603d6dad5d994fd38af3b955f779db68', 'chodorowmarissa@gmail.com', 1, '', '', '', '', NULL, 0, 'member', '2024-11-13 20:30');

INSERT OR IGNORE INTO user (id, email, email_verified, hashed_password, name, first_name, last_name, wix_member_id, blocked, role, created_at) VALUES ('a6cb8548b82c4a429270b74f832b847e', 'heimer.karlie@gmail.com', 1, '', '', '', '', NULL, 0, 'member', '2024-11-14 03:51');

INSERT OR IGNORE INTO user (id, email, email_verified, hashed_password, name, first_name, last_name, wix_member_id, blocked, role, created_at) VALUES ('4b6b091ab743454e98c2b92422a1c304', 'lillian.veley@gmail.com', 1, '', 'Lillian Veley', 'Lillian', 'Veley', NULL, 0, 'member', '2024-11-07 03:27');

INSERT OR IGNORE INTO user (id, email, email_verified, hashed_password, name, first_name, last_name, wix_member_id, blocked, role, created_at) VALUES ('675e94516d7b414b8cf1fa834b7186c2', 'laurendlevesque99@gmail.com', 1, '', 'Lauren Levesque', 'Lauren', 'Levesque', NULL, 0, 'member', '2024-11-08 13:41');

INSERT OR IGNORE INTO user (id, email, email_verified, hashed_password, name, first_name, last_name, wix_member_id, blocked, role, created_at) VALUES ('539ad04e24884dee8401daea90ad51d7', 'shaffer.katelyn@gmail.com', 1, '', '', '', '', NULL, 0, 'member', '2024-11-12 23:41');

INSERT OR IGNORE INTO user (id, email, email_verified, hashed_password, name, first_name, last_name, wix_member_id, blocked, role, created_at) VALUES ('7e056cd5f8794b34b032d59fba36acc4', 'niamh21mc@gmail.com', 1, '', '', '', '', NULL, 0, 'member', '2024-11-08 21:09');

INSERT OR IGNORE INTO user (id, email, email_verified, hashed_password, name, first_name, last_name, wix_member_id, blocked, role, created_at) VALUES ('d0e2a45f73f149f4a0ae0da1d248dc6d', 'jesswalk96@yahoo.com', 1, '', '', '', '', NULL, 0, 'member', '2024-11-13 23:11');

INSERT OR IGNORE INTO user (id, email, email_verified, hashed_password, name, first_name, last_name, wix_member_id, blocked, role, created_at) VALUES ('e00946add16540c98069aed86702f49d', 'eediedragon@gmail.com', 1, '', 'Pineapples and Pancakes', 'Pineapples and', 'Pancakes', NULL, 0, 'member', '2024-11-10 02:09');

INSERT OR IGNORE INTO user (id, email, email_verified, hashed_password, name, first_name, last_name, wix_member_id, blocked, role, created_at) VALUES ('008b57e302ba46e097b39f87d1743290', 'ct.treacyw@gmail.com', 1, '', 'Christina Treacy', 'Christina', 'Treacy', NULL, 0, 'member', '2024-11-07 18:49');

INSERT OR IGNORE INTO user (id, email, email_verified, hashed_password, name, first_name, last_name, wix_member_id, blocked, role, created_at) VALUES ('b5b26051ccfd40adaea9de3ac1c92a6e', 'lizzykray156@gmail.com', 1, '', 'Elizabeth Kelly', 'Elizabeth', 'Kelly', NULL, 0, 'member', '2024-11-13 01:27');

INSERT OR IGNORE INTO user (id, email, email_verified, hashed_password, name, first_name, last_name, wix_member_id, blocked, role, created_at) VALUES ('0eb81563b031482791ededdbf2b2f45c', 'francesca.algresh@outlook.com', 1, '', '', '', '', NULL, 0, 'member', '2024-11-09 17:58');

INSERT OR IGNORE INTO user (id, email, email_verified, hashed_password, name, first_name, last_name, wix_member_id, blocked, role, created_at) VALUES ('f23fcfd6c87944578b9253c504bf77cc', 'summerdonnaedwards@gmail.com', 1, '', 'Summer Lamb', 'Summer', 'Lamb', NULL, 0, 'member', '2024-11-12 23:26');

INSERT OR IGNORE INTO user (id, email, email_verified, hashed_password, name, first_name, last_name, wix_member_id, blocked, role, created_at) VALUES ('424bdd085b9540f685c9b36cf3ba37e4', 'elisa7slp@gmail.com', 1, '', 'Elisa Schoeberle', 'Elisa', 'Schoeberle', NULL, 0, 'member', '2024-11-09 23:08');

INSERT OR IGNORE INTO user (id, email, email_verified, hashed_password, name, first_name, last_name, wix_member_id, blocked, role, created_at) VALUES ('a51f2a3c84d247de8b879cb857740d30', 'kait.the.bait@gmail.com', 1, '', '', '', '', NULL, 0, 'member', '2024-11-13 00:41');

INSERT OR IGNORE INTO user (id, email, email_verified, hashed_password, name, first_name, last_name, wix_member_id, blocked, role, created_at) VALUES ('0a41fbf3d7804faa91700a0fd486f948', 'mrsarnold07@gmail.com', 1, '', 'Heather Arnold', 'Heather', 'Arnold', NULL, 0, 'member', '2024-11-13 20:10');

INSERT OR IGNORE INTO user (id, email, email_verified, hashed_password, name, first_name, last_name, wix_member_id, blocked, role, created_at) VALUES ('80eb437581b44f6c892296b15010a62d', 'lymarie.ortiz.phl@gmail.com', 1, '', 'Lymarie Ortiz', 'Lymarie', 'Ortiz', NULL, 0, 'member', '2024-11-13 03:06');

INSERT OR IGNORE INTO user (id, email, email_verified, hashed_password, name, first_name, last_name, wix_member_id, blocked, role, created_at) VALUES ('58b8c153939f4ff38cb8d0a542a013bf', 'alexandra.m.furtuna@gmail.com', 1, '', '', '', '', NULL, 0, 'member', '2024-11-13 08:22');

INSERT OR IGNORE INTO user (id, email, email_verified, hashed_password, name, first_name, last_name, wix_member_id, blocked, role, created_at) VALUES ('83e8ab00e54947e5877f99ddcf42ff0a', 'kerrygibian@gmail.com', 1, '', '', '', '', NULL, 0, 'member', '2024-11-13 00:48');

INSERT OR IGNORE INTO user (id, email, email_verified, hashed_password, name, first_name, last_name, wix_member_id, blocked, role, created_at) VALUES ('828e33dbc2034cf88ddd4c5246705a7f', 'egtreacy@gmail.com', 1, '', 'Emma Treacy', 'Emma', 'Treacy', NULL, 0, 'member', '2024-11-07 18:48');

INSERT OR IGNORE INTO user (id, email, email_verified, hashed_password, name, first_name, last_name, wix_member_id, blocked, role, created_at) VALUES ('919d6dab181742f992203efb4aff9c4e', 'mariyamshadha@gmail.com', 1, '', '', '', '', NULL, 0, 'member', '2024-11-14 03:47');

INSERT OR IGNORE INTO user (id, email, email_verified, hashed_password, name, first_name, last_name, wix_member_id, blocked, role, created_at) VALUES ('2548747e067e4881b7d4757d843d59a1', 'kimberlyrogers1@yahoo.com', 1, '', '', '', '', NULL, 0, 'member', '2024-11-13 02:55');

INSERT OR IGNORE INTO user (id, email, email_verified, hashed_password, name, first_name, last_name, wix_member_id, blocked, role, created_at) VALUES ('f14ce639a8174690b99257319e0b1b7a', 'laurenlynch26@gmail.com', 1, '', '', '', '', NULL, 0, 'member', '2024-11-08 13:27');

INSERT OR IGNORE INTO user (id, email, email_verified, hashed_password, name, first_name, last_name, wix_member_id, blocked, role, created_at) VALUES ('9d06d1553f6e47d9ab969420b6e3a151', 'becaceae18@gmail.com', 1, '', 'Reb T', 'Reb', 'T', NULL, 0, 'member', '2024-11-13 04:12');

INSERT OR IGNORE INTO user (id, email, email_verified, hashed_password, name, first_name, last_name, wix_member_id, blocked, role, created_at) VALUES ('4250ea0671bb4af0b3faa92464389bfe', 'kjp.basketball@gmail.com', 1, '', '', '', '', NULL, 0, 'member', '2024-11-07 04:30');

INSERT OR IGNORE INTO user (id, email, email_verified, hashed_password, name, first_name, last_name, wix_member_id, blocked, role, created_at) VALUES ('8b6cb46d79d0451896d2c7795f77f1f1', 'klpaulsen@yahoo.com', 1, '', '', '', '', NULL, 0, 'member', '2024-11-08 23:36');

INSERT OR IGNORE INTO user (id, email, email_verified, hashed_password, name, first_name, last_name, wix_member_id, blocked, role, created_at) VALUES ('38c70ff7329d4effad67a0953ab506dc', 'shelbs.gregory@yahoo.com', 1, '', '', '', '', NULL, 0, 'member', '2024-11-07 02:23');

INSERT OR IGNORE INTO user (id, email, email_verified, hashed_password, name, first_name, last_name, wix_member_id, blocked, role, created_at) VALUES ('cca90bc766404c3cba89c854f025a811', 'ayse.genc.s2@hotmail.com', 1, '', '', '', '', NULL, 0, 'member', '2024-11-07 10:36');

INSERT OR IGNORE INTO user (id, email, email_verified, hashed_password, name, first_name, last_name, wix_member_id, blocked, role, created_at) VALUES ('6443b9ab5150400cbf968953a2b0c514', 'edwinacooney@gmail.com', 1, '', '', '', '', NULL, 0, 'member', '2024-11-13 22:35');

INSERT OR IGNORE INTO user (id, email, email_verified, hashed_password, name, first_name, last_name, wix_member_id, blocked, role, created_at) VALUES ('0de934c9d82345cb9e5839956c6506e0', 'klkhrt24@gmail.com', 1, '', '', '', '', NULL, 0, 'member', '2024-11-12 23:40');

INSERT OR IGNORE INTO user (id, email, email_verified, hashed_password, name, first_name, last_name, wix_member_id, blocked, role, created_at) VALUES ('dde21b6e35da45169ef63f1780f634cb', 'chandlerkm90@gmail.com', 1, '', '', '', '', NULL, 0, 'member', '2024-11-09 01:45');

INSERT OR IGNORE INTO user (id, email, email_verified, hashed_password, name, first_name, last_name, wix_member_id, blocked, role, created_at) VALUES ('6a03c47577f94228ae3f7fa3f90db486', 'britkit97@hotmail.com', 1, '', 'Brittany Kirkman', 'Brittany', 'Kirkman', NULL, 0, 'member', '2024-11-08 18:08');

INSERT OR IGNORE INTO user (id, email, email_verified, hashed_password, name, first_name, last_name, wix_member_id, blocked, role, created_at) VALUES ('6d3bf88c9c5e4045a7cfb755478b2c31', 'victoria.rabuse@gmail.com', 1, '', '', '', '', NULL, 0, 'member', '2024-11-07 03:10');

INSERT OR IGNORE INTO user (id, email, email_verified, hashed_password, name, first_name, last_name, wix_member_id, blocked, role, created_at) VALUES ('8b5c1907b8cc42fe98c7c958f86e4ffb', 'icalpakis@gmail.com', 1, '', '', '', '', NULL, 0, 'member', '2024-11-13 04:15');

INSERT OR IGNORE INTO user (id, email, email_verified, hashed_password, name, first_name, last_name, wix_member_id, blocked, role, created_at) VALUES ('482d8b348c654e32a73ea59e8db55efb', 'bridgetkswift@gmail.com', 1, '', '', '', '', NULL, 0, 'member', '2024-11-13 06:14');

INSERT OR IGNORE INTO user (id, email, email_verified, hashed_password, name, first_name, last_name, wix_member_id, blocked, role, created_at) VALUES ('7e846cd5f703469eae0786e7f800d67a', 'sydddddneylr@gmail.com', 1, '', '', '', '', NULL, 0, 'member', '2024-11-13 00:04');

INSERT OR IGNORE INTO user (id, email, email_verified, hashed_password, name, first_name, last_name, wix_member_id, blocked, role, created_at) VALUES ('f0a4997b7a314af996469fac1fb3b875', 'brbailey1013@gmail.com', 1, '', 'Brittany Bailey', 'Brittany', 'Bailey', NULL, 0, 'member', '2024-11-14 02:52');

INSERT OR IGNORE INTO user (id, email, email_verified, hashed_password, name, first_name, last_name, wix_member_id, blocked, role, created_at) VALUES ('6d9dd25f469a48d8af6a7590c2da9350', 'katelyn.potvin@gmail.com', 1, '', '', '', '', NULL, 0, 'member', '2024-11-07 02:40');

INSERT OR IGNORE INTO user (id, email, email_verified, hashed_password, name, first_name, last_name, wix_member_id, blocked, role, created_at) VALUES ('017bca21c93c4e9597a8dd8bc05368d1', 'nicolemberner@gmail.com', 1, '', 'Nicole Berner', 'Nicole', 'Berner', NULL, 0, 'member', '2024-11-09 03:43');

INSERT OR IGNORE INTO user (id, email, email_verified, hashed_password, name, first_name, last_name, wix_member_id, blocked, role, created_at) VALUES ('9c9914cf858a491392ce6875450abb59', 'mandaviggy@gmail.com', 1, '', 'Amanda Vignaroli', 'Amanda', 'Vignaroli', NULL, 0, 'member', '2024-11-14 03:42');

INSERT OR IGNORE INTO user (id, email, email_verified, hashed_password, name, first_name, last_name, wix_member_id, blocked, role, created_at) VALUES ('c681b5b2cd1240e89076070b0c82e4b5', 'jlholsen@gmail.com', 1, '', 'Jessica Holsen', 'Jessica', 'Holsen', NULL, 0, 'member', '2024-11-06 18:19');

INSERT OR IGNORE INTO user (id, email, email_verified, hashed_password, name, first_name, last_name, wix_member_id, blocked, role, created_at) VALUES ('7c4b1c658a1c4133876b3f1bda10867f', 'romerolamanda@gmail.com', 1, '', 'Amanda Revenkov', 'Amanda', 'Revenkov', NULL, 0, 'member', '2024-11-13 00:03');

INSERT OR IGNORE INTO user (id, email, email_verified, hashed_password, name, first_name, last_name, wix_member_id, blocked, role, created_at) VALUES ('0bd958c26d164adebf109f59976b5e08', 'tahnz_818@hotmail.com', 1, '', '', '', '', NULL, 0, 'member', '2024-11-13 12:37');

INSERT OR IGNORE INTO user (id, email, email_verified, hashed_password, name, first_name, last_name, wix_member_id, blocked, role, created_at) VALUES ('b97f8469be3946da928964da039196a5', 'emount13@gmail.com', 1, '', 'Elizabeth Mount', 'Elizabeth', 'Mount', NULL, 0, 'member', '2024-11-08 01:11');

INSERT OR IGNORE INTO user (id, email, email_verified, hashed_password, name, first_name, last_name, wix_member_id, blocked, role, created_at) VALUES ('fe5851e2096949e2abd4b6c514f58dca', 'sunkissedx0@rocketmail.com', 1, '', 'Taylor Kareta', 'Taylor', 'Kareta', NULL, 0, 'member', '2024-11-06 19:15');

INSERT OR IGNORE INTO user (id, email, email_verified, hashed_password, name, first_name, last_name, wix_member_id, blocked, role, created_at) VALUES ('892c305eb7024be0895f77238eb8bc2b', 'sys734@gmail.com', 1, '', '', '', '', NULL, 0, 'member', '2024-11-13 22:52');

INSERT OR IGNORE INTO user (id, email, email_verified, hashed_password, name, first_name, last_name, wix_member_id, blocked, role, created_at) VALUES ('c4dd356fdfae4d239d3d43a7cc5338d2', 'lnchampion86@gmail.com', 1, '', '', '', '', NULL, 0, 'member', '2024-11-08 04:10');

INSERT OR IGNORE INTO user (id, email, email_verified, hashed_password, name, first_name, last_name, wix_member_id, blocked, role, created_at) VALUES ('d18a6e37a4c74b8bb62d141167efa7a8', 'knharris22@gmail.com', 1, '', '', '', '', NULL, 0, 'member', '2024-11-13 16:18');

INSERT OR IGNORE INTO user (id, email, email_verified, hashed_password, name, first_name, last_name, wix_member_id, blocked, role, created_at) VALUES ('8657ab9b4a5a4056b774fed530d3f984', 'victoriousjoy@aol.com', 1, '', '', '', '', NULL, 0, 'member', '2024-11-07 10:42');

INSERT OR IGNORE INTO user (id, email, email_verified, hashed_password, name, first_name, last_name, wix_member_id, blocked, role, created_at) VALUES ('830e9e1501324d0bae881a419d9cab02', 'lvehling@outlook.com', 1, '', '', '', '', NULL, 0, 'member', '2024-11-13 01:37');

INSERT OR IGNORE INTO user (id, email, email_verified, hashed_password, name, first_name, last_name, wix_member_id, blocked, role, created_at) VALUES ('203f618b899a4545b8ba83a45315c0e0', 'pochecatherinem@gmail.com', 1, '', '', '', '', NULL, 0, 'member', '2024-11-07 04:35');

INSERT OR IGNORE INTO user (id, email, email_verified, hashed_password, name, first_name, last_name, wix_member_id, blocked, role, created_at) VALUES ('12cc4733f86c466ab6e880d42e2857ce', 'sarah.joy.ui@gmail.com', 1, '', '', '', '', NULL, 0, 'member', '2024-11-08 04:13');

INSERT OR IGNORE INTO user (id, email, email_verified, hashed_password, name, first_name, last_name, wix_member_id, blocked, role, created_at) VALUES ('a2acee7c3b3e4a608d13c5bb3251d704', 'leahbuckingham@gmail.com', 1, '', '', '', '', NULL, 0, 'member', '2024-11-13 21:23');

INSERT OR IGNORE INTO user (id, email, email_verified, hashed_password, name, first_name, last_name, wix_member_id, blocked, role, created_at) VALUES ('a1115176ddef48c7975d90f6dea69772', 'raianebrazil@gmail.com', 1, '', 'Raiane Flowers', 'Raiane', 'Flowers', NULL, 0, 'member', '2024-11-08 19:04');

INSERT OR IGNORE INTO user (id, email, email_verified, hashed_password, name, first_name, last_name, wix_member_id, blocked, role, created_at) VALUES ('dde75122a6c646d9b1e203fe68ea0039', 'jamie.roth19@gmail.com', 1, '', '', '', '', NULL, 0, 'member', '2024-11-06 14:35');

INSERT OR IGNORE INTO user (id, email, email_verified, hashed_password, name, first_name, last_name, wix_member_id, blocked, role, created_at) VALUES ('a181cecc4a644d38931db0f197f9fc13', 'diguardijoy@gmail.com', 1, '', '', '', '', NULL, 0, 'member', '2024-11-07 06:29');

INSERT OR IGNORE INTO user (id, email, email_verified, hashed_password, name, first_name, last_name, wix_member_id, blocked, role, created_at) VALUES ('7dc3239110504576a0975169d2e6cc06', 'alicia--08@hotmail.co.uk', 1, '', '', '', '', NULL, 0, 'member', '2024-11-13 11:42');

INSERT OR IGNORE INTO user (id, email, email_verified, hashed_password, name, first_name, last_name, wix_member_id, blocked, role, created_at) VALUES ('5e63eb8f7027434184c3f5794a449fbe', 'm.maxwell712@gmail.com', 1, '', 'Maggie Maxwell', 'Maggie', 'Maxwell', NULL, 0, 'member', '2024-11-07 02:59');

INSERT OR IGNORE INTO user (id, email, email_verified, hashed_password, name, first_name, last_name, wix_member_id, blocked, role, created_at) VALUES ('5dd87605da8442b7ba5a3f5b235b6d92', 'jillrosen2@yahoo.com', 1, '', '', '', '', NULL, 0, 'member', '2024-11-08 13:09');

INSERT OR IGNORE INTO user (id, email, email_verified, hashed_password, name, first_name, last_name, wix_member_id, blocked, role, created_at) VALUES ('e85f739dc7874bdb83b1a59480aa3baa', 'elder.abby@gmail.com', 1, '', '', '', '', NULL, 0, 'member', '2024-11-12 23:32');

INSERT OR IGNORE INTO user (id, email, email_verified, hashed_password, name, first_name, last_name, wix_member_id, blocked, role, created_at) VALUES ('88acd46d8ef140328ab0631cc7f115dc', 'alengyel93@gmail.com', 1, '', '', '', '', NULL, 0, 'member', '2024-11-13 03:40');

INSERT OR IGNORE INTO user (id, email, email_verified, hashed_password, name, first_name, last_name, wix_member_id, blocked, role, created_at) VALUES ('57fb45a8c1694b6da72b316382a9c81d', 'kbvankekerix@gmail.com', 1, '', 'Kelly Van Kekerix', 'Kelly', 'Van Kekerix', NULL, 0, 'member', '2024-11-08 05:10');

INSERT OR IGNORE INTO user (id, email, email_verified, hashed_password, name, first_name, last_name, wix_member_id, blocked, role, created_at) VALUES ('ebb4237f6092416e931f3719ccb8ccd9', 'kmstanson@gmail.com', 1, '', '', '', '', NULL, 0, 'member', '2024-11-16 16:08');

INSERT OR IGNORE INTO user (id, email, email_verified, hashed_password, name, first_name, last_name, wix_member_id, blocked, role, created_at) VALUES ('941a7ca014634c6b9b2d7f1642e4322e', 'ls2290@verizon.net', 1, '', 'Lauren Simmons', 'Lauren', 'Simmons', NULL, 0, 'member', '2024-11-16 16:52');

INSERT OR IGNORE INTO user (id, email, email_verified, hashed_password, name, first_name, last_name, wix_member_id, blocked, role, created_at) VALUES ('079e5fdca8334ed98fbbfbf4037d1aca', 'cwinn88@gmail.com', 1, '', '', '', '', NULL, 0, 'member', '2024-11-16 03:55');

INSERT OR IGNORE INTO user (id, email, email_verified, hashed_password, name, first_name, last_name, wix_member_id, blocked, role, created_at) VALUES ('bf6d89610fee4a7ebe82cbc45b7074d7', 'mimile0584@gmail.com', 1, '', 'Mimi Le', 'Mimi', 'Le', NULL, 0, 'member', '2024-11-16 18:59');
INSERT OR IGNORE INTO user_label (user_id, label) VALUES ('bf6d89610fee4a7ebe82cbc45b7074d7', 'EndoSelfSurvey 📋');

INSERT OR IGNORE INTO user (id, email, email_verified, hashed_password, name, first_name, last_name, wix_member_id, blocked, role, created_at) VALUES ('3588176ce3f6480c81676950aeeadd3e', 'dianazebari@gmail.com', 1, '', 'Diana Gappe', 'Diana', 'Gappe', NULL, 0, 'member', '2024-11-16 12:23');

INSERT OR IGNORE INTO user (id, email, email_verified, hashed_password, name, first_name, last_name, wix_member_id, blocked, role, created_at) VALUES ('9a73318faa47498dbbca11b39a052d3d', 'nmgonzal7@gmail.com', 1, '', '', '', '', NULL, 0, 'member', '2024-11-15 00:56');

INSERT OR IGNORE INTO user (id, email, email_verified, hashed_password, name, first_name, last_name, wix_member_id, blocked, role, created_at) VALUES ('14b57150193745aa91907c250ad6801e', 'hannahrenner14@gmail.com', 1, '', 'Hannah Renner', 'Hannah', 'Renner', NULL, 0, 'member', '2024-11-17 00:13');
INSERT OR IGNORE INTO user_label (user_id, label) VALUES ('14b57150193745aa91907c250ad6801e', 'Restorative Reproductive Medicine (RRM) vs Standard ART: A New Approach to Infertility');
INSERT OR IGNORE INTO user_label (user_id, label) VALUES ('14b57150193745aa91907c250ad6801e', 'RRM Academy Members Group member');
INSERT OR IGNORE INTO enrollment (id, user_id, course_id, enrolled_at) VALUES ('e8054bc5d0f64c0395e8a16429113fbf', '14b57150193745aa91907c250ad6801e', 'rrm-vs-ivf', '2024-11-17 00:13');

INSERT OR IGNORE INTO user (id, email, email_verified, hashed_password, name, first_name, last_name, wix_member_id, blocked, role, created_at) VALUES ('892455c74e0e4a89a72af748da95dd7c', 'kiley.a.sanders@gmail.com', 1, '', '', '', '', NULL, 0, 'member', '2024-11-16 04:31');

INSERT OR IGNORE INTO user (id, email, email_verified, hashed_password, name, first_name, last_name, wix_member_id, blocked, role, created_at) VALUES ('18f6999f0f26441fa660423e5d1574cb', 'karolmaes@hotmail.com', 1, '', 'Karoline Maes', 'Karoline', 'Maes', NULL, 0, 'member', '2024-11-16 13:21');

INSERT OR IGNORE INTO user (id, email, email_verified, hashed_password, name, first_name, last_name, wix_member_id, blocked, role, created_at) VALUES ('c773a473edba48d7a4c2b47a741c6937', 'ellieboggs3@gmail.com', 1, '', 'Ellie Weaver', 'Ellie', 'Weaver', NULL, 0, 'member', '2024-11-15 02:44');

INSERT OR IGNORE INTO user (id, email, email_verified, hashed_password, name, first_name, last_name, wix_member_id, blocked, role, created_at) VALUES ('2d4c3e7d9bb64613b96ab1972d041d6e', 'cc.ostroski@gmail.com', 1, '', 'Carly Ostroski', 'Carly', 'Ostroski', NULL, 0, 'member', '2024-11-17 00:25');

INSERT OR IGNORE INTO user (id, email, email_verified, hashed_password, name, first_name, last_name, wix_member_id, blocked, role, created_at) VALUES ('8908725ad53c417ba186a1902a36b5cb', 'cassgaribaldi@gmail.com', 1, '', '', '', '', NULL, 0, 'member', '2024-11-16 19:46');

INSERT OR IGNORE INTO user (id, email, email_verified, hashed_password, name, first_name, last_name, wix_member_id, blocked, role, created_at) VALUES ('8866c630783f446795fc2e5326971591', 'greenwood.katarina@gmail.com', 1, '', 'Katarina Greenwood', 'Katarina', 'Greenwood', NULL, 0, 'member', '2024-11-15 17:22');

INSERT OR IGNORE INTO user (id, email, email_verified, hashed_password, name, first_name, last_name, wix_member_id, blocked, role, created_at) VALUES ('ecdbc2ac241448a08926e40b556c25af', 'maddiecsherman@gmail.com', 1, '', '', '', '', NULL, 0, 'member', '2024-11-16 21:57');

INSERT OR IGNORE INTO user (id, email, email_verified, hashed_password, name, first_name, last_name, wix_member_id, blocked, role, created_at) VALUES ('1560e88798c74789bd2af80063993b87', 'patriciamcarter12@gmail.com', 1, '', '', '', '', NULL, 0, 'member', '2024-11-16 14:25');

INSERT OR IGNORE INTO user (id, email, email_verified, hashed_password, name, first_name, last_name, wix_member_id, blocked, role, created_at) VALUES ('51c96cb7ed044fa9858abfc0f33aaa01', 'sarahjaneturner92@gmail.com', 1, '', 'Sarah-Jane Turner', 'Sarah-Jane', 'Turner', NULL, 0, 'member', '2024-11-14 13:10');

INSERT OR IGNORE INTO user (id, email, email_verified, hashed_password, name, first_name, last_name, wix_member_id, blocked, role, created_at) VALUES ('8ccd55cfe7414a45880ea39429771e17', 'kemarshall2s@gmail.com', 1, '', 'Kathryn Marshall', 'Kathryn', 'Marshall', NULL, 0, 'member', '2024-11-16 19:07');

INSERT OR IGNORE INTO user (id, email, email_verified, hashed_password, name, first_name, last_name, wix_member_id, blocked, role, created_at) VALUES ('beb4af6abe10494fa2e3890c8545f73f', 'ejminor19@gmail.com', 1, '', '', '', '', NULL, 0, 'member', '2024-11-16 03:23');

INSERT OR IGNORE INTO user (id, email, email_verified, hashed_password, name, first_name, last_name, wix_member_id, blocked, role, created_at) VALUES ('6943ed462c0147e5aa5b396931de387c', 'anna.nienhuis@hotmail.com', 1, '', '', '', '', NULL, 0, 'member', '2024-11-16 18:30');

INSERT OR IGNORE INTO user (id, email, email_verified, hashed_password, name, first_name, last_name, wix_member_id, blocked, role, created_at) VALUES ('d1b1948d2c6b424a90def6c172b1e7fd', 'palavra89@yahoo.com', 1, '', '', '', '', NULL, 0, 'member', '2024-11-16 15:29');

INSERT OR IGNORE INTO user (id, email, email_verified, hashed_password, name, first_name, last_name, wix_member_id, blocked, role, created_at) VALUES ('7130beedfb2b44fbbc5605b9e97900f5', 'crinolina@gmail.com', 1, '', 'ana fvm', 'ana', 'fvm', NULL, 0, 'member', '2024-11-16 13:56');

INSERT OR IGNORE INTO user (id, email, email_verified, hashed_password, name, first_name, last_name, wix_member_id, blocked, role, created_at) VALUES ('37e6c572ba534a15a5c43b5da8cfc2ce', 'shannonrobertspvcs@gmail.com', 1, '', '', '', '', NULL, 0, 'member', '2024-11-16 16:14');

INSERT OR IGNORE INTO user (id, email, email_verified, hashed_password, name, first_name, last_name, wix_member_id, blocked, role, created_at) VALUES ('0add6f7e5f8c49d6bdf3bb014676792d', 'tanyiss669@gmail.com', 1, '', '', '', '', NULL, 0, 'member', '2024-11-16 05:22');

INSERT OR IGNORE INTO user (id, email, email_verified, hashed_password, name, first_name, last_name, wix_member_id, blocked, role, created_at) VALUES ('7ea60961d1014fe199b984b1b03c4106', 'conorkerley@gmail.com', 1, '', '', '', '', NULL, 0, 'member', '2024-11-16 15:42');

INSERT OR IGNORE INTO user (id, email, email_verified, hashed_password, name, first_name, last_name, wix_member_id, blocked, role, created_at) VALUES ('2162ece53cbc46b58c15943c0f706110', 'monaghan.lana@hotmail.com', 1, '', '', '', '', NULL, 0, 'member', '2024-11-16 08:55');

INSERT OR IGNORE INTO user (id, email, email_verified, hashed_password, name, first_name, last_name, wix_member_id, blocked, role, created_at) VALUES ('5eff0633237549dd8abb33fddb9ffbd7', 'jmdwns02@gmail.com', 1, '', 'Jaimee Downes', 'Jaimee', 'Downes', NULL, 0, 'member', '2024-11-16 19:22');

INSERT OR IGNORE INTO user (id, email, email_verified, hashed_password, name, first_name, last_name, wix_member_id, blocked, role, created_at) VALUES ('9abb433e96b141039c8d587da539d03a', 'g.britsch2@gmail.com', 1, '', '', '', '', NULL, 0, 'member', '2024-11-16 20:05');

INSERT OR IGNORE INTO user (id, email, email_verified, hashed_password, name, first_name, last_name, wix_member_id, blocked, role, created_at) VALUES ('f48e4730d9524f5a8d86e95e5ae75036', 'japolass@gmail.com', 1, '', 'Karla Daniela Munguía', 'Karla Daniela', 'Munguía', NULL, 0, 'member', '2024-11-16 18:37');

INSERT OR IGNORE INTO user (id, email, email_verified, hashed_password, name, first_name, last_name, wix_member_id, blocked, role, created_at) VALUES ('240ac088819d476794c76c694f9b10ac', 'rita_dsouza2014@yahoo.com', 1, '', '', '', '', NULL, 0, 'member', '2024-11-16 04:22');

INSERT OR IGNORE INTO user (id, email, email_verified, hashed_password, name, first_name, last_name, wix_member_id, blocked, role, created_at) VALUES ('f6939fe351504ee2ba72bd2b6cc5a2b3', 'm.jepson94@gmail.com', 1, '', '', '', '', NULL, 0, 'member', '2024-11-16 13:01');

INSERT OR IGNORE INTO user (id, email, email_verified, hashed_password, name, first_name, last_name, wix_member_id, blocked, role, created_at) VALUES ('e1cdb0fd5401453ab5ab23808ed23867', 'monique.a.daley@gnail.com', 1, '', '', '', '', NULL, 0, 'member', '2024-11-16 13:13');

INSERT OR IGNORE INTO user (id, email, email_verified, hashed_password, name, first_name, last_name, wix_member_id, blocked, role, created_at) VALUES ('b715e9db60484cceb555698c31e88cf2', 'hotmons@gmail.com', 1, '', '', '', '', NULL, 0, 'member', '2024-11-16 12:39');

INSERT OR IGNORE INTO user (id, email, email_verified, hashed_password, name, first_name, last_name, wix_member_id, blocked, role, created_at) VALUES ('a98cfc88c46e49d4bb1c235430b597b8', 'chiara1898@gmail.com', 1, '', '', '', '', NULL, 0, 'member', '2024-11-16 03:29');

INSERT OR IGNORE INTO user (id, email, email_verified, hashed_password, name, first_name, last_name, wix_member_id, blocked, role, created_at) VALUES ('517d515a6b074438b08c9f3e32293ada', 'drsarahdennylorio@gmail.com', 1, '', '', '', '', NULL, 0, 'member', '2024-11-14 18:06');

INSERT OR IGNORE INTO user (id, email, email_verified, hashed_password, name, first_name, last_name, wix_member_id, blocked, role, created_at) VALUES ('8521c46c5c5c4129a5c684c9725a3d57', 'grace.elizabeth.hannah@gmail.com', 1, '', 'Grace Elizabeth', 'Grace', 'Elizabeth', NULL, 0, 'member', '2024-11-16 16:05');

INSERT OR IGNORE INTO user (id, email, email_verified, hashed_password, name, first_name, last_name, wix_member_id, blocked, role, created_at) VALUES ('41f3592277aa4765a06153272656b734', 'carrollmary330@gmail.com', 1, '', 'Mary Carroll', 'Mary', 'Carroll', NULL, 0, 'member', '2024-11-16 16:30');

INSERT OR IGNORE INTO user (id, email, email_verified, hashed_password, name, first_name, last_name, wix_member_id, blocked, role, created_at) VALUES ('fec89f5660bf476cb4de2e35ec154fe9', 'romiedorna2@gmail.com', 1, '', '', '', '', NULL, 0, 'member', '2024-11-17 00:26');

INSERT OR IGNORE INTO user (id, email, email_verified, hashed_password, name, first_name, last_name, wix_member_id, blocked, role, created_at) VALUES ('21845b687f284f20be12186e14d6019c', 'kristin@faustinacare.com', 1, '', '', '', '', NULL, 0, 'member', '2024-11-14 19:29');

INSERT OR IGNORE INTO user (id, email, email_verified, hashed_password, name, first_name, last_name, wix_member_id, blocked, role, created_at) VALUES ('4428efc402984ac39a56dc4c9fa08b25', 'mariaescoto94@gmail.com', 1, '', '', '', '', NULL, 0, 'member', '2024-11-16 04:14');

INSERT OR IGNORE INTO user (id, email, email_verified, hashed_password, name, first_name, last_name, wix_member_id, blocked, role, created_at) VALUES ('bc21255193734d379ac83ad4885c6d08', 'ericabeme6@gmail.com', 1, '', '', '', '', NULL, 0, 'member', '2024-11-16 23:52');

INSERT OR IGNORE INTO user (id, email, email_verified, hashed_password, name, first_name, last_name, wix_member_id, blocked, role, created_at) VALUES ('5f79aa5813024de4ab6d602b214442a9', 'bauman.mhb@gmail.com', 1, '', 'Margaret Bauman', 'Margaret', 'Bauman', NULL, 0, 'member', '2024-11-16 16:05');

INSERT OR IGNORE INTO user (id, email, email_verified, hashed_password, name, first_name, last_name, wix_member_id, blocked, role, created_at) VALUES ('478941026a304d359755748410a479fb', 'rlburk3@gmail.com', 1, '', '', '', '', NULL, 0, 'member', '2024-11-16 23:46');
INSERT OR IGNORE INTO user_label (user_id, label) VALUES ('478941026a304d359755748410a479fb', 'Contacted Me');

INSERT OR IGNORE INTO user (id, email, email_verified, hashed_password, name, first_name, last_name, wix_member_id, blocked, role, created_at) VALUES ('55aa211a0b3d4366a12f1e083b80bd96', 'jnratliff89@gmail.com', 1, '', '', '', '', NULL, 0, 'member', '2024-11-16 03:55');

INSERT OR IGNORE INTO user (id, email, email_verified, hashed_password, name, first_name, last_name, wix_member_id, blocked, role, created_at) VALUES ('daf3b82d42b54e9eb4b1314c2ebae9bc', 'ahmedkamelshaaban12345@gmail.com', 1, '', 'مدرس انجليزي', 'مدرس', 'انجليزي', NULL, 0, 'member', '2024-11-16 00:48');

INSERT OR IGNORE INTO user (id, email, email_verified, hashed_password, name, first_name, last_name, wix_member_id, blocked, role, created_at) VALUES ('422f093b81ce4168a4ee93401fe250eb', 'harfstgh@gmail.com', 1, '', 'Gabrielle Harfst', 'Gabrielle', 'Harfst', NULL, 0, 'member', '2024-11-16 16:38');

INSERT OR IGNORE INTO user (id, email, email_verified, hashed_password, name, first_name, last_name, wix_member_id, blocked, role, created_at) VALUES ('2e5e7a1f2f2c43de96950e5c0c079416', 'yoshi_1234@hotmail.com', 1, '', '', '', '', NULL, 0, 'member', '2024-11-16 02:08');

INSERT OR IGNORE INTO user (id, email, email_verified, hashed_password, name, first_name, last_name, wix_member_id, blocked, role, created_at) VALUES ('1c5bec3e18f542a9a184b26f07eec33f', 'chelseastewartfitness@gmail.com', 1, '', '', '', '', NULL, 0, 'member', '2024-11-14 19:21');

INSERT OR IGNORE INTO user (id, email, email_verified, hashed_password, name, first_name, last_name, wix_member_id, blocked, role, created_at) VALUES ('76f6fd22cf4d4906b2dd0987d44a98e7', 'laureneguenther@gmail.com', 1, '', '', '', '', NULL, 0, 'member', '2024-11-16 15:25');

INSERT OR IGNORE INTO user (id, email, email_verified, hashed_password, name, first_name, last_name, wix_member_id, blocked, role, created_at) VALUES ('c093b0790df64ad393fbd351001ad504', 'kaitlynjolin@gmail.com', 1, '', '', '', '', NULL, 0, 'member', '2024-11-16 21:13');

INSERT OR IGNORE INTO user (id, email, email_verified, hashed_password, name, first_name, last_name, wix_member_id, blocked, role, created_at) VALUES ('df4403349d1247a9a0df3c21bacf1813', 'amanda.ohear@gmail.com', 1, '', 'Amanda O''Hear', 'Amanda', 'O''Hear', NULL, 0, 'member', '2024-11-16 13:43');

INSERT OR IGNORE INTO user (id, email, email_verified, hashed_password, name, first_name, last_name, wix_member_id, blocked, role, created_at) VALUES ('d83df4422f8e4c889fdc8192cb9d73dc', 'hew2202@gmail.com', 1, '', 'Hannah Stokes', 'Hannah', 'Stokes', NULL, 0, 'member', '2024-11-16 13:29');

INSERT OR IGNORE INTO user (id, email, email_verified, hashed_password, name, first_name, last_name, wix_member_id, blocked, role, created_at) VALUES ('4900098cbebb473c95dcef27da895fda', 'rachel.weber.roth@gmail.com', 1, '', 'Rachel Roth', 'Rachel', 'Roth', NULL, 0, 'member', '2024-11-14 19:48');

INSERT OR IGNORE INTO user (id, email, email_verified, hashed_password, name, first_name, last_name, wix_member_id, blocked, role, created_at) VALUES ('13b1b48848414e80b144b2486f0851fa', 'anna.smith06@hotmail.com', 1, '', '', '', '', NULL, 0, 'member', '2024-11-16 23:08');

INSERT OR IGNORE INTO user (id, email, email_verified, hashed_password, name, first_name, last_name, wix_member_id, blocked, role, created_at) VALUES ('d09f602847c449c2b4b2cbe3a676ebd0', 'lewis12jl@gmail.com', 1, '', 'Jessica Donatelli', 'Jessica', 'Donatelli', NULL, 0, 'member', '2024-11-16 16:13');

INSERT OR IGNORE INTO user (id, email, email_verified, hashed_password, name, first_name, last_name, wix_member_id, blocked, role, created_at) VALUES ('4ee15b92facb427fbc75f514c6d1ee99', 'meganmcgrath373@gmail.com', 1, '', '', '', '', NULL, 0, 'member', '2024-11-16 16:11');

INSERT OR IGNORE INTO user (id, email, email_verified, hashed_password, name, first_name, last_name, wix_member_id, blocked, role, created_at) VALUES ('b2114eceb8d647e8b98916179ae583c0', 'mramich611@gmail.com', 1, '', '', '', '', NULL, 0, 'member', '2024-11-14 15:12');

INSERT OR IGNORE INTO user (id, email, email_verified, hashed_password, name, first_name, last_name, wix_member_id, blocked, role, created_at) VALUES ('445c37183e874b26a77827796c05fdd5', 'momoakwara@gmail.com', 1, '', '', '', '', NULL, 0, 'member', '2024-11-16 16:34');

INSERT OR IGNORE INTO user (id, email, email_verified, hashed_password, name, first_name, last_name, wix_member_id, blocked, role, created_at) VALUES ('e92523db0d864cb2b0d4234ae864718a', 'doyle.meaghan@gmail.com', 1, '', 'Meaghan Doyle', 'Meaghan', 'Doyle', NULL, 0, 'member', '2024-11-14 21:16');

INSERT OR IGNORE INTO user (id, email, email_verified, hashed_password, name, first_name, last_name, wix_member_id, blocked, role, created_at) VALUES ('4fe649cfe57249629c3592c08f49ea3f', 'kelleyfunderburg@me.com', 1, '', '', '', '', NULL, 0, 'member', '2024-11-16 12:52');

INSERT OR IGNORE INTO user (id, email, email_verified, hashed_password, name, first_name, last_name, wix_member_id, blocked, role, created_at) VALUES ('a224c05dcac04a2cb78e86d0f6095db1', 'annalisemclain@gmail.com', 1, '', 'Annalise McLain', 'Annalise', 'McLain', NULL, 0, 'member', '2024-11-16 13:57');

INSERT OR IGNORE INTO user (id, email, email_verified, hashed_password, name, first_name, last_name, wix_member_id, blocked, role, created_at) VALUES ('6236b6fda18c447688538edd430068df', 'bigblonde0107@gmail.com', 1, '', '', '', '', NULL, 0, 'member', '2024-11-16 12:17');

INSERT OR IGNORE INTO user (id, email, email_verified, hashed_password, name, first_name, last_name, wix_member_id, blocked, role, created_at) VALUES ('6b97278446a34ec89135bf2a7cbeff39', 'hmmcgowan23@gmail.com', 1, '', '', '', '', NULL, 0, 'member', '2024-11-16 12:38');

INSERT OR IGNORE INTO user (id, email, email_verified, hashed_password, name, first_name, last_name, wix_member_id, blocked, role, created_at) VALUES ('17b7ab068c9e403a8557a6e08d765763', 'clairefanta@gmail.com', 1, '', '', '', '', NULL, 0, 'member', '2024-11-16 22:14');

INSERT OR IGNORE INTO user (id, email, email_verified, hashed_password, name, first_name, last_name, wix_member_id, blocked, role, created_at) VALUES ('0b4a613e7b4f48de94d1937d5bea4f89', 'jennifer.s.gorrell@gmail.com', 1, '', '', '', '', NULL, 0, 'member', '2024-11-16 22:07');

INSERT OR IGNORE INTO user (id, email, email_verified, hashed_password, name, first_name, last_name, wix_member_id, blocked, role, created_at) VALUES ('a8713668b8aa4f64b42cee0d0eb31a48', 'christine.lino@gmail.com', 1, '', '', '', '', NULL, 0, 'member', '2024-11-16 05:00');

INSERT OR IGNORE INTO user (id, email, email_verified, hashed_password, name, first_name, last_name, wix_member_id, blocked, role, created_at) VALUES ('4b13fa3770204789a7cd1e79300a169c', 'anne.wahlmeier@hotmail.com', 1, '', '', '', '', NULL, 0, 'member', '2024-11-16 22:54');

INSERT OR IGNORE INTO user (id, email, email_verified, hashed_password, name, first_name, last_name, wix_member_id, blocked, role, created_at) VALUES ('20f1457e9fba41a29a74265e33c377d6', 'flaypierre@gmail.com', 1, '', '', '', '', NULL, 0, 'member', '2024-11-16 03:49');

INSERT OR IGNORE INTO user (id, email, email_verified, hashed_password, name, first_name, last_name, wix_member_id, blocked, role, created_at) VALUES ('fa6231b07576498da51561deb735954b', 'jcastillo_sdsu12@yahoo.com', 1, '', '', '', '', NULL, 0, 'member', '2024-11-16 06:43');

INSERT OR IGNORE INTO user (id, email, email_verified, hashed_password, name, first_name, last_name, wix_member_id, blocked, role, created_at) VALUES ('1b34795aab964106afa3c97d64455424', 'luciana.duta@gmail.com', 1, '', '', '', '', NULL, 0, 'member', '2024-11-15 02:59');

INSERT OR IGNORE INTO user (id, email, email_verified, hashed_password, name, first_name, last_name, wix_member_id, blocked, role, created_at) VALUES ('53fe999434404079b8e209ebdc798c52', 'pinkelli13@hotmail.com', 1, '', '', '', '', NULL, 0, 'member', '2024-11-16 23:32');

INSERT OR IGNORE INTO user (id, email, email_verified, hashed_password, name, first_name, last_name, wix_member_id, blocked, role, created_at) VALUES ('c15ed97bc8774c1caf4ed2320aa186c0', 'tnpecorari@gmail.com', 1, '', 'Tanya Pecorari', 'Tanya', 'Pecorari', NULL, 0, 'member', '2024-11-16 12:43');

INSERT OR IGNORE INTO user (id, email, email_verified, hashed_password, name, first_name, last_name, wix_member_id, blocked, role, created_at) VALUES ('24d1a39731bc4d63aba436a6da135ec6', 'vjweinand@gmail.com', 1, '', '', '', '', NULL, 0, 'member', '2024-11-14 11:36');
INSERT OR IGNORE INTO user_label (user_id, label) VALUES ('24d1a39731bc4d63aba436a6da135ec6', 'Postpartum Depression & Anxiety: a restorative approach to recovery');
INSERT OR IGNORE INTO user_label (user_id, label) VALUES ('24d1a39731bc4d63aba436a6da135ec6', 'RRM Academy Members Group member');
INSERT OR IGNORE INTO enrollment (id, user_id, course_id, enrolled_at) VALUES ('2d49d3f1f45a470a92b5975290bc0cad', '24d1a39731bc4d63aba436a6da135ec6', 'postpartum-depression-anxiety', '2024-11-14 11:36');

INSERT OR IGNORE INTO user (id, email, email_verified, hashed_password, name, first_name, last_name, wix_member_id, blocked, role, created_at) VALUES ('d84a0255986b49acbee7f197caea6a17', 'kaitdan3@gmail.com', 1, '', '', '', '', NULL, 0, 'member', '2024-11-16 12:18');

INSERT OR IGNORE INTO user (id, email, email_verified, hashed_password, name, first_name, last_name, wix_member_id, blocked, role, created_at) VALUES ('a7472adaecc441888c030a6bafe11520', 'lindseywernli@gmail.com', 1, '', '', '', '', NULL, 0, 'member', '2024-11-16 15:42');

INSERT OR IGNORE INTO user (id, email, email_verified, hashed_password, name, first_name, last_name, wix_member_id, blocked, role, created_at) VALUES ('802bfbcab0074e12a8c9d18537ddb8f7', 'meganbowie96@gmail.com', 1, '', '', '', '', NULL, 0, 'member', '2024-11-14 19:02');

INSERT OR IGNORE INTO user (id, email, email_verified, hashed_password, name, first_name, last_name, wix_member_id, blocked, role, created_at) VALUES ('57dae592777f4105af8a6d481ff8c2fc', 'stephaniekeanestack@gmail.com', 1, '', '', '', '', NULL, 0, 'member', '2024-11-16 07:32');

INSERT OR IGNORE INTO user (id, email, email_verified, hashed_password, name, first_name, last_name, wix_member_id, blocked, role, created_at) VALUES ('8122717064414dcab7ece323b39a97e9', 'sarahfprescott@gmail.com', 1, '', '', '', '', NULL, 0, 'member', '2024-11-16 22:18');

INSERT OR IGNORE INTO user (id, email, email_verified, hashed_password, name, first_name, last_name, wix_member_id, blocked, role, created_at) VALUES ('3951d5f5f79d4af686741ff12c852407', 'sofiakoehn@gmail.com', 1, '', 'Sofía Koehn', 'Sofía', 'Koehn', NULL, 0, 'member', '2024-11-16 19:41');

INSERT OR IGNORE INTO user (id, email, email_verified, hashed_password, name, first_name, last_name, wix_member_id, blocked, role, created_at) VALUES ('991eeeac680f48d2b9520581c0a72383', 'julieannepatience@hotmail.com', 1, '', '', '', '', NULL, 0, 'member', '2024-11-16 11:52');

INSERT OR IGNORE INTO user (id, email, email_verified, hashed_password, name, first_name, last_name, wix_member_id, blocked, role, created_at) VALUES ('ef5d1ae1d0514154bd4fba03b9a218b6', 'bethanynicol7@gmail.com', 1, '', '', '', '', NULL, 0, 'member', '2024-11-16 16:06');

INSERT OR IGNORE INTO user (id, email, email_verified, hashed_password, name, first_name, last_name, wix_member_id, blocked, role, created_at) VALUES ('5cc4c4ca1e7044fcaf3b091d32378d0a', 'alissawink@gmail.com', 1, '', '', '', '', NULL, 0, 'member', '2024-11-16 05:27');

INSERT OR IGNORE INTO user (id, email, email_verified, hashed_password, name, first_name, last_name, wix_member_id, blocked, role, created_at) VALUES ('78b96861f3e74708a6bef5cd02c36c74', 'angelinarosene@gmail.com', 1, '', '', '', '', NULL, 0, 'member', '2024-11-16 03:25');

INSERT OR IGNORE INTO user (id, email, email_verified, hashed_password, name, first_name, last_name, wix_member_id, blocked, role, created_at) VALUES ('ba8ddcac72834beb951bb6a4dacb9b13', 'katielynngasper@gmail.com', 1, '', 'K G', 'K', 'G', NULL, 0, 'member', '2024-11-16 03:28');

INSERT OR IGNORE INTO user (id, email, email_verified, hashed_password, name, first_name, last_name, wix_member_id, blocked, role, created_at) VALUES ('77dfb8efebdf4365a953d101ae549ebf', 'monika.pesorda@icloud.com', 1, '', '', '', '', NULL, 0, 'member', '2024-11-16 06:46');

INSERT OR IGNORE INTO user (id, email, email_verified, hashed_password, name, first_name, last_name, wix_member_id, blocked, role, created_at) VALUES ('ca992f139e5b4551a72d85b0a14ee2a3', 'gofigure94@gmail.com', 1, '', 'Katie Schmitt', 'Katie', 'Schmitt', NULL, 0, 'member', '2024-11-16 03:27');

INSERT OR IGNORE INTO user (id, email, email_verified, hashed_password, name, first_name, last_name, wix_member_id, blocked, role, created_at) VALUES ('0ce04f255d194c47a550b5b3f0afc786', 'happilyeverbuscemi@gmail.com', 1, '', '', '', '', NULL, 0, 'member', '2024-11-16 03:56');

INSERT OR IGNORE INTO user (id, email, email_verified, hashed_password, name, first_name, last_name, wix_member_id, blocked, role, created_at) VALUES ('3828a33689924072b60b466e21914a2e', 'paige-mclean@outlook.com', 1, '', '', '', '', NULL, 0, 'member', '2024-11-16 23:43');

INSERT OR IGNORE INTO user (id, email, email_verified, hashed_password, name, first_name, last_name, wix_member_id, blocked, role, created_at) VALUES ('c5fb098410434cf2817bc6e4e5897bcd', 'zstewart917@gmail.com', 1, '', '', '', '', NULL, 0, 'member', '2024-11-16 04:11');

INSERT OR IGNORE INTO user (id, email, email_verified, hashed_password, name, first_name, last_name, wix_member_id, blocked, role, created_at) VALUES ('eff87244ae3b4514b9a17497672c0772', 'dr.abeerasaad1191@gmail.com', 1, '', '', '', '', NULL, 0, 'member', '2024-11-16 22:35');

INSERT OR IGNORE INTO user (id, email, email_verified, hashed_password, name, first_name, last_name, wix_member_id, blocked, role, created_at) VALUES ('4d3a4b7ef40945e791922fab4768a4e7', 'alisap83@gmail.com', 1, '', '', '', '', NULL, 0, 'member', '2024-11-16 11:38');

INSERT OR IGNORE INTO user (id, email, email_verified, hashed_password, name, first_name, last_name, wix_member_id, blocked, role, created_at) VALUES ('0f95cb44c2004e3f9eaf1c3ae2e96740', 'caitlindunbrack@gmail.com', 1, '', 'Caitlin Dunbrack', 'Caitlin', 'Dunbrack', NULL, 0, 'member', '2024-11-16 15:36');

INSERT OR IGNORE INTO user (id, email, email_verified, hashed_password, name, first_name, last_name, wix_member_id, blocked, role, created_at) VALUES ('35c66529e86c4b089e455ab083498aaf', 'marispedlow@gmail.com', 1, '', 'Maris', 'Maris', '', NULL, 0, 'member', '2024-11-16 22:20');

INSERT OR IGNORE INTO user (id, email, email_verified, hashed_password, name, first_name, last_name, wix_member_id, blocked, role, created_at) VALUES ('54f1b533b7bc4927811da579e374029b', 'jennalajoie@gmail.com', 1, '', '', '', '', NULL, 0, 'member', '2024-11-16 14:44');

INSERT OR IGNORE INTO user (id, email, email_verified, hashed_password, name, first_name, last_name, wix_member_id, blocked, role, created_at) VALUES ('0dcb48d3f8354ebb91b2e3cbecbb85ee', 'alice.m.toso@gmail.com', 1, '', '', '', '', NULL, 0, 'member', '2024-11-16 11:24');

INSERT OR IGNORE INTO user (id, email, email_verified, hashed_password, name, first_name, last_name, wix_member_id, blocked, role, created_at) VALUES ('f0d43cb65ca64d65a12060f111b09937', 'kbclark44@gmail.com', 1, '', '', '', '', NULL, 0, 'member', '2024-11-16 03:20');

INSERT OR IGNORE INTO user (id, email, email_verified, hashed_password, name, first_name, last_name, wix_member_id, blocked, role, created_at) VALUES ('56e2f86764894fa5bfa77f8793c1b9c5', 'ainemcgowan20@hotmail.com', 1, '', '', '', '', NULL, 0, 'member', '2024-11-16 22:15');

INSERT OR IGNORE INTO user (id, email, email_verified, hashed_password, name, first_name, last_name, wix_member_id, blocked, role, created_at) VALUES ('37415f34db534a7b9fc1a79eb048d8d0', 'mbuttner3@gmail.com', 1, '', '', '', '', NULL, 0, 'member', '2024-11-16 12:04');

INSERT OR IGNORE INTO user (id, email, email_verified, hashed_password, name, first_name, last_name, wix_member_id, blocked, role, created_at) VALUES ('f9c125dc7c0644caafc6a3a2fa777dce', 'prince_cassie_@hotmail.com', 1, '', '', '', '', NULL, 0, 'member', '2024-11-16 23:20');

INSERT OR IGNORE INTO user (id, email, email_verified, hashed_password, name, first_name, last_name, wix_member_id, blocked, role, created_at) VALUES ('822e8e34daca463a884abba3954c5cc4', 'phfaucheux@gmail.com', 1, '', 'Peggy Faucheux', 'Peggy', 'Faucheux', NULL, 0, 'member', '2024-11-16 12:15');

INSERT OR IGNORE INTO user (id, email, email_verified, hashed_password, name, first_name, last_name, wix_member_id, blocked, role, created_at) VALUES ('c0bc53384b3146578b52037c23a96089', 'sarah.schefers@gmail.com', 1, '', '', '', '', NULL, 0, 'member', '2024-11-16 04:25');

INSERT OR IGNORE INTO user (id, email, email_verified, hashed_password, name, first_name, last_name, wix_member_id, blocked, role, created_at) VALUES ('0b8a8304be7c49109919e1b114fc675c', 'megnewton5@gmail.com', 1, '', 'Megan Newton', 'Megan', 'Newton', NULL, 0, 'member', '2024-11-17 16:51');

INSERT OR IGNORE INTO user (id, email, email_verified, hashed_password, name, first_name, last_name, wix_member_id, blocked, role, created_at) VALUES ('511a175c443046558d4fea63a03bd95e', 'katieacker2020@gmail.com', 1, '', '', '', '', NULL, 0, 'member', '2024-11-17 02:14');

INSERT OR IGNORE INTO user (id, email, email_verified, hashed_password, name, first_name, last_name, wix_member_id, blocked, role, created_at) VALUES ('3690db79013e48dcb391d985320bd0f6', 'alliegold@myyahoo.com', 1, '', '', '', '', NULL, 0, 'member', '2024-11-17 18:05');

INSERT OR IGNORE INTO user (id, email, email_verified, hashed_password, name, first_name, last_name, wix_member_id, blocked, role, created_at) VALUES ('da655b64eb4741d0b39e1dc0d85db3a8', 'hunkinstyle@gmail.com', 1, '', '', '', '', NULL, 0, 'member', '2024-11-18 04:31');

INSERT OR IGNORE INTO user (id, email, email_verified, hashed_password, name, first_name, last_name, wix_member_id, blocked, role, created_at) VALUES ('3ec8d0da6c6044f3a0729b8f473fa83f', 'elise.michelle94@gmail.com', 1, '', '', '', '', NULL, 0, 'member', '2024-11-23 03:43');

INSERT OR IGNORE INTO user (id, email, email_verified, hashed_password, name, first_name, last_name, wix_member_id, blocked, role, created_at) VALUES ('cb4d5e0acfe84134a7970c25431400ee', 'km10579@gmail.com', 1, '', '', '', '', NULL, 0, 'member', '2024-11-17 12:43');

INSERT OR IGNORE INTO user (id, email, email_verified, hashed_password, name, first_name, last_name, wix_member_id, blocked, role, created_at) VALUES ('c0cf8ff4d0074122b69a302ca5dbd3be', 'mrswmotorsports@gmail.com', 1, '', '', '', '', NULL, 0, 'member', '2024-11-17 06:21');

INSERT OR IGNORE INTO user (id, email, email_verified, hashed_password, name, first_name, last_name, wix_member_id, blocked, role, created_at) VALUES ('0093fbad698840fdaeedcdfa78566270', 'tdthacker777@gmail.com', 1, '', '', '', '', NULL, 0, 'member', '2024-11-18 07:31');

INSERT OR IGNORE INTO user (id, email, email_verified, hashed_password, name, first_name, last_name, wix_member_id, blocked, role, created_at) VALUES ('d4088789a6044e0399eb12d9e6830ed3', 'mrae.jask@gmail.com', 1, '', '', '', '', NULL, 0, 'member', '2024-11-22 19:22');
INSERT OR IGNORE INTO user_label (user_id, label) VALUES ('d4088789a6044e0399eb12d9e6830ed3', 'Restorative Reproductive Medicine (RRM) vs Standard ART: A New Approach to Infertility');
INSERT OR IGNORE INTO user_label (user_id, label) VALUES ('d4088789a6044e0399eb12d9e6830ed3', 'RRM Academy Members Group member');
INSERT OR IGNORE INTO user_label (user_id, label) VALUES ('d4088789a6044e0399eb12d9e6830ed3', 'Postpartum Depression & Anxiety: a restorative approach to recovery');
INSERT OR IGNORE INTO enrollment (id, user_id, course_id, enrolled_at) VALUES ('7b616285300f4015823b84f03c5108cb', 'd4088789a6044e0399eb12d9e6830ed3', 'rrm-vs-ivf', '2024-11-22 19:22');
INSERT OR IGNORE INTO enrollment (id, user_id, course_id, enrolled_at) VALUES ('1f26ba69891e45a88d5eca24e6996e72', 'd4088789a6044e0399eb12d9e6830ed3', 'postpartum-depression-anxiety', '2024-11-22 19:22');

INSERT OR IGNORE INTO user (id, email, email_verified, hashed_password, name, first_name, last_name, wix_member_id, blocked, role, created_at) VALUES ('e0c7bf3a8c1d4cebab39a07800eba00d', 'cagonzalez86@gmail.com', 1, '', 'Christine Gonzalez', 'Christine', 'Gonzalez', NULL, 0, 'member', '2024-11-18 18:53');
INSERT OR IGNORE INTO user_label (user_id, label) VALUES ('e0c7bf3a8c1d4cebab39a07800eba00d', 'RRM Academy Members Group member');

INSERT OR IGNORE INTO user (id, email, email_verified, hashed_password, name, first_name, last_name, wix_member_id, blocked, role, created_at) VALUES ('4a54cd5e0ecb4f208bdbce5f8de1bb6e', 'leizrodriguez00@gmail.com', 1, '', 'Leiza Rodriguez', 'Leiza', 'Rodriguez', NULL, 0, 'member', '2024-11-19 17:45');

INSERT OR IGNORE INTO user (id, email, email_verified, hashed_password, name, first_name, last_name, wix_member_id, blocked, role, created_at) VALUES ('35cf23ee54e542a995bc33e6dba55a8e', 'heidimrhodes@gmail.com', 1, '', 'heidi rhodes', 'heidi', 'rhodes', NULL, 0, 'member', '2024-11-17 20:33');

INSERT OR IGNORE INTO user (id, email, email_verified, hashed_password, name, first_name, last_name, wix_member_id, blocked, role, created_at) VALUES ('3928f3b79f44480b8461c3156027483b', 'almengoredinia@gmail.com', 1, '', 'DDina A.S', 'DDina', 'A.S', NULL, 0, 'member', '2024-11-22 00:04');

INSERT OR IGNORE INTO user (id, email, email_verified, hashed_password, name, first_name, last_name, wix_member_id, blocked, role, created_at) VALUES ('acb63e30633941469965f641412f0853', 'baileybruns@outlook.com', 1, '', '', '', '', NULL, 0, 'member', '2024-11-17 19:22');

INSERT OR IGNORE INTO user (id, email, email_verified, hashed_password, name, first_name, last_name, wix_member_id, blocked, role, created_at) VALUES ('58c6dc1380a144a8b738e36ed9d17a2d', 'donnaodowd2@gmail.com', 1, '', '', '', '', NULL, 0, 'member', '2024-11-17 21:56');
INSERT OR IGNORE INTO user_label (user_id, label) VALUES ('58c6dc1380a144a8b738e36ed9d17a2d', 'RRM Academy Members Group member');

INSERT OR IGNORE INTO user (id, email, email_verified, hashed_password, name, first_name, last_name, wix_member_id, blocked, role, created_at) VALUES ('188853f2359440ba90f2a74f64f1c6e0', 'sarahefreeman611@gmail.com', 1, '', '', '', '', NULL, 0, 'member', '2024-11-17 05:58');

INSERT OR IGNORE INTO user (id, email, email_verified, hashed_password, name, first_name, last_name, wix_member_id, blocked, role, created_at) VALUES ('ccc60c746b5d4268a44e9ece055dcd0a', 'alyssa.lentsch@gmail.com', 1, '', 'Alyssa Johnson', 'Alyssa', 'Johnson', NULL, 0, 'member', '2024-11-17 19:50');

INSERT OR IGNORE INTO user (id, email, email_verified, hashed_password, name, first_name, last_name, wix_member_id, blocked, role, created_at) VALUES ('8e36f5ef26ba45af9be3e516abafa88d', 'jeslynn.ancona@gmail.com', 1, '', '', '', '', NULL, 0, 'member', '2024-11-19 21:31');

INSERT OR IGNORE INTO user (id, email, email_verified, hashed_password, name, first_name, last_name, wix_member_id, blocked, role, created_at) VALUES ('64a26b713cfb47dbb81a66db886eddb9', 'reedmac10@gmail.com', 1, '', '', '', '', NULL, 0, 'member', '2024-11-18 16:30');

INSERT OR IGNORE INTO user (id, email, email_verified, hashed_password, name, first_name, last_name, wix_member_id, blocked, role, created_at) VALUES ('7dbe34e4a055416c963699e2fdce4257', 'nschipper90@gmail.com', 1, '', 'Natalie Schipper', 'Natalie', 'Schipper', NULL, 0, 'member', '2024-11-17 11:59');

INSERT OR IGNORE INTO user (id, email, email_verified, hashed_password, name, first_name, last_name, wix_member_id, blocked, role, created_at) VALUES ('aa4d69bd58a5406886930ef572397bdf', 'leannarpizzo@gmail.com', 1, '', 'Leanna Hinger', 'Leanna', 'Hinger', NULL, 0, 'member', '2024-11-18 01:54');

INSERT OR IGNORE INTO user (id, email, email_verified, hashed_password, name, first_name, last_name, wix_member_id, blocked, role, created_at) VALUES ('c50e372ab053422997db3ae3b84375a8', 'b.gk.14@outlook.com', 1, '', '', '', '', NULL, 0, 'member', '2024-11-23 03:04');

INSERT OR IGNORE INTO user (id, email, email_verified, hashed_password, name, first_name, last_name, wix_member_id, blocked, role, created_at) VALUES ('888efe8533184ccb9a78b07632072cd4', 'learncreighton101@gmail.com', 1, '', '', '', '', NULL, 0, 'member', '2024-11-17 23:35');

INSERT OR IGNORE INTO user (id, email, email_verified, hashed_password, name, first_name, last_name, wix_member_id, blocked, role, created_at) VALUES ('b30f07190e924b75a2076cf67a2a1986', 'loribethsheffield@gmail.com', 1, '', '', '', '', NULL, 0, 'member', '2024-11-17 18:55');

INSERT OR IGNORE INTO user (id, email, email_verified, hashed_password, name, first_name, last_name, wix_member_id, blocked, role, created_at) VALUES ('1b534d4fb2614ba7af491790f54a55f7', 'charlotte.kean1@gmail.com', 1, '', '', '', '', NULL, 0, 'member', '2024-11-23 22:44');

INSERT OR IGNORE INTO user (id, email, email_verified, hashed_password, name, first_name, last_name, wix_member_id, blocked, role, created_at) VALUES ('0baad89a68c845b59400bf5b318934c4', 'n8andlb@gmail.com', 1, '', '', '', '', NULL, 0, 'member', '2024-11-17 03:09');
INSERT OR IGNORE INTO user_label (user_id, label) VALUES ('0baad89a68c845b59400bf5b318934c4', 'Customers');
INSERT OR IGNORE INTO user_label (user_id, label) VALUES ('0baad89a68c845b59400bf5b318934c4', 'Save the Uterus Club 🏷️');
INSERT OR IGNORE INTO user_label (user_id, label) VALUES ('0baad89a68c845b59400bf5b318934c4', 'Uterus Member 🐻');
INSERT OR IGNORE INTO user_label (user_id, label) VALUES ('0baad89a68c845b59400bf5b318934c4', 'Save the Uterus Club Group member');
INSERT OR IGNORE INTO user_label (user_id, label) VALUES ('0baad89a68c845b59400bf5b318934c4', 'Donor 👏');

INSERT OR IGNORE INTO user (id, email, email_verified, hashed_password, name, first_name, last_name, wix_member_id, blocked, role, created_at) VALUES ('001f5412c179428abf2fb3c27cf17ea6', 'sumer1013@gmail.com', 1, '', 'Sumer Wells', 'Sumer', 'Wells', NULL, 0, 'member', '2024-11-17 02:13');

INSERT OR IGNORE INTO user (id, email, email_verified, hashed_password, name, first_name, last_name, wix_member_id, blocked, role, created_at) VALUES ('1dfc4622a0be4262b3c3ce0f29770c11', 'dzaspalis@gmail.com', 1, '', 'Deb', 'Deb', '', NULL, 0, 'member', '2024-11-18 17:33');

INSERT OR IGNORE INTO user (id, email, email_verified, hashed_password, name, first_name, last_name, wix_member_id, blocked, role, created_at) VALUES ('8393aac61060448f82eca96417b822d9', 'whetstone.spencer@gmail.com', 1, '', '', '', '', NULL, 0, 'member', '2024-11-26 15:19');

INSERT OR IGNORE INTO user (id, email, email_verified, hashed_password, name, first_name, last_name, wix_member_id, blocked, role, created_at) VALUES ('943bfdf01d1c48d591f7086343f27eb0', 'lndance15@gmail.com', 1, '', '', '', '', NULL, 0, 'member', '2024-11-17 06:12');

INSERT OR IGNORE INTO user (id, email, email_verified, hashed_password, name, first_name, last_name, wix_member_id, blocked, role, created_at) VALUES ('7daae245ac734badb12510a37024c367', 'olivia.erin.hill@gmail.com', 1, '', 'Olivia H', 'Olivia', 'H', NULL, 0, 'member', '2024-11-17 18:32');

INSERT OR IGNORE INTO user (id, email, email_verified, hashed_password, name, first_name, last_name, wix_member_id, blocked, role, created_at) VALUES ('74a948c6d0c54243955e0563804d24c9', 'ameliablloyd@gmail.com', 1, '', 'Amelia Kuhns', 'Amelia', 'Kuhns', NULL, 0, 'member', '2024-11-17 00:32');

INSERT OR IGNORE INTO user (id, email, email_verified, hashed_password, name, first_name, last_name, wix_member_id, blocked, role, created_at) VALUES ('aa1857f52e654e8f89e5932404619207', 'alexariva@gmail.com', 1, '', '', '', '', NULL, 0, 'member', '2024-11-17 21:43');

INSERT OR IGNORE INTO user (id, email, email_verified, hashed_password, name, first_name, last_name, wix_member_id, blocked, role, created_at) VALUES ('4819d64ed37b4f8e90d2fa8b9899eb62', 'jteare87@gmail.com', 1, '', '', '', '', NULL, 0, 'member', '2024-11-17 00:56');

INSERT OR IGNORE INTO user (id, email, email_verified, hashed_password, name, first_name, last_name, wix_member_id, blocked, role, created_at) VALUES ('4a83b864b6c94881ae8e57d25090f328', 'stephanieven123@gmail.com', 1, '', '', '', '', NULL, 0, 'member', '2024-11-20 02:04');

INSERT OR IGNORE INTO user (id, email, email_verified, hashed_password, name, first_name, last_name, wix_member_id, blocked, role, created_at) VALUES ('d722b059f5fe4781ac41458f12d8b547', 'jaymedonofrio@live.com', 1, '', '', '', '', NULL, 0, 'member', '2024-11-17 21:15');

INSERT OR IGNORE INTO user (id, email, email_verified, hashed_password, name, first_name, last_name, wix_member_id, blocked, role, created_at) VALUES ('9760e9b629914d778a7d7f0a07bf0f82', 'beccaihle@gmail.com', 1, '', 'Becca Ihle', 'Becca', 'Ihle', NULL, 0, 'member', '2024-11-20 03:37');

INSERT OR IGNORE INTO user (id, email, email_verified, hashed_password, name, first_name, last_name, wix_member_id, blocked, role, created_at) VALUES ('6fb4c210520241b194e105ad131cd2d2', 'carolinemreuter@gmail.com', 1, '', 'Caroline Barry', 'Caroline', 'Barry', NULL, 0, 'member', '2024-11-24 01:25');

INSERT OR IGNORE INTO user (id, email, email_verified, hashed_password, name, first_name, last_name, wix_member_id, blocked, role, created_at) VALUES ('1e57bf8cca67445d83f087579023429a', 'bri.chmiel@gmail.com', 1, '', 'Brianna Chmiel', 'Brianna', 'Chmiel', NULL, 0, 'member', '2024-11-17 05:21');
INSERT OR IGNORE INTO user_label (user_id, label) VALUES ('1e57bf8cca67445d83f087579023429a', 'RRM Academy Members Group member');

INSERT OR IGNORE INTO user (id, email, email_verified, hashed_password, name, first_name, last_name, wix_member_id, blocked, role, created_at) VALUES ('4117021e021844e2890733fcf3fec85a', 'ahurtado196@gmail.com', 1, '', 'Ana H', 'Ana', 'H', NULL, 0, 'member', '2024-11-21 03:36');

INSERT OR IGNORE INTO user (id, email, email_verified, hashed_password, name, first_name, last_name, wix_member_id, blocked, role, created_at) VALUES ('bf79e03697d9457d900680e73e330be5', 'afollbaum@gmail.com', 1, '', '', '', '', NULL, 0, 'member', '2024-11-17 17:55');

INSERT OR IGNORE INTO user (id, email, email_verified, hashed_password, name, first_name, last_name, wix_member_id, blocked, role, created_at) VALUES ('159e4e3d6b7d4296abb47da866399245', 'pac8054@gmail.com', 1, '', 'Jenny Stark', 'Jenny', 'Stark', NULL, 0, 'member', '2024-11-18 00:14');

INSERT OR IGNORE INTO user (id, email, email_verified, hashed_password, name, first_name, last_name, wix_member_id, blocked, role, created_at) VALUES ('6d1bfd4eeaa3486c8eb67be57c3899c2', 'kmertes2344@gmail.com', 1, '', '', '', '', NULL, 0, 'member', '2024-11-17 02:50');

INSERT OR IGNORE INTO user (id, email, email_verified, hashed_password, name, first_name, last_name, wix_member_id, blocked, role, created_at) VALUES ('dd9f4d04f6234dd2a97803306ecd5529', 'lizellie19@gmail.com', 1, '', '', '', '', NULL, 0, 'member', '2024-11-17 04:36');

INSERT OR IGNORE INTO user (id, email, email_verified, hashed_password, name, first_name, last_name, wix_member_id, blocked, role, created_at) VALUES ('13864d0accab4a4f91bffb49b19e8325', 'drlauren@myuzartistry.com', 1, '', 'Lauren Cottom', 'Lauren', 'Cottom', NULL, 0, 'member', '2024-11-27 21:15');

INSERT OR IGNORE INTO user (id, email, email_verified, hashed_password, name, first_name, last_name, wix_member_id, blocked, role, created_at) VALUES ('0c666bd6d4a54fe89efbd337fc103688', 'eronewkirk@gmail.com', 1, '', 'Erin Newkirk', 'Erin', 'Newkirk', NULL, 0, 'member', '2024-11-17 03:24');

INSERT OR IGNORE INTO user (id, email, email_verified, hashed_password, name, first_name, last_name, wix_member_id, blocked, role, created_at) VALUES ('a9f519f7747f454b90480f7d0809080e', 'cassondra.jones95@gmail.com', 1, '', '', '', '', NULL, 0, 'member', '2024-11-17 17:56');

INSERT OR IGNORE INTO user (id, email, email_verified, hashed_password, name, first_name, last_name, wix_member_id, blocked, role, created_at) VALUES ('2afc321f87974a9a88e7cf21d2cd06b3', 'aspenstarbird@gmail.com', 1, '', '', '', '', NULL, 0, 'member', '2024-11-22 04:17');

INSERT OR IGNORE INTO user (id, email, email_verified, hashed_password, name, first_name, last_name, wix_member_id, blocked, role, created_at) VALUES ('6cdeca57754f414b84737ff162d8f1c3', 'bianca.leitgab@gmail.com', 1, '', 'Bian Ca', 'Bian', 'Ca', NULL, 0, 'member', '2024-11-18 09:54');

INSERT OR IGNORE INTO user (id, email, email_verified, hashed_password, name, first_name, last_name, wix_member_id, blocked, role, created_at) VALUES ('ac2d87498c9e410eae1d74b669a63bd8', 'mvanryneveld@uwc.ac.za', 1, '', 'Manya Van Ryneveld', 'Manya', 'Van Ryneveld', NULL, 0, 'member', '2024-11-26 18:37');

INSERT OR IGNORE INTO user (id, email, email_verified, hashed_password, name, first_name, last_name, wix_member_id, blocked, role, created_at) VALUES ('e3e7d2ec525a4a0b8f6a8555a9a987b9', 'burgessgcallie@gmail.com', 1, '', 'Callie Burgess', 'Callie', 'Burgess', NULL, 0, 'member', '2024-11-17 00:33');

INSERT OR IGNORE INTO user (id, email, email_verified, hashed_password, name, first_name, last_name, wix_member_id, blocked, role, created_at) VALUES ('7ac1958d028b40778da7f2827b8d1633', 'sydneyarend6@gmail.com', 1, '', 'Sydney Arend', 'Sydney', 'Arend', NULL, 0, 'member', '2024-11-18 01:10');

INSERT OR IGNORE INTO user (id, email, email_verified, hashed_password, name, first_name, last_name, wix_member_id, blocked, role, created_at) VALUES ('099499a4f0df41828c6924ab10ecb39f', 'dimitra.eleftheriou@gmail.com', 1, '', '', '', '', NULL, 0, 'member', '2024-11-18 12:23');

INSERT OR IGNORE INTO user (id, email, email_verified, hashed_password, name, first_name, last_name, wix_member_id, blocked, role, created_at) VALUES ('67079f71173640c18ebcdebc32c1bcec', 'meg9472@yahoo.com', 1, '', '', '', '', NULL, 0, 'member', '2024-11-18 04:19');

INSERT OR IGNORE INTO user (id, email, email_verified, hashed_password, name, first_name, last_name, wix_member_id, blocked, role, created_at) VALUES ('935800265a9d4f94af8b10696ac7419f', 'martina_mcgrath@outlook.com', 1, '', '', '', '', NULL, 0, 'member', '2024-11-17 09:22');

INSERT OR IGNORE INTO user (id, email, email_verified, hashed_password, name, first_name, last_name, wix_member_id, blocked, role, created_at) VALUES ('03ec063f95aa484799dbf81a85029768', 'makenzi.burget@gmail.com', 1, '', 'Makenzi Burget', 'Makenzi', 'Burget', NULL, 0, 'member', '2024-11-17 21:52');

INSERT OR IGNORE INTO user (id, email, email_verified, hashed_password, name, first_name, last_name, wix_member_id, blocked, role, created_at) VALUES ('63b0ba9925884f129ebc81701af5e169', 'bsbohling@gmail.com', 1, '', '', '', '', NULL, 0, 'member', '2024-11-17 14:28');

INSERT OR IGNORE INTO user (id, email, email_verified, hashed_password, name, first_name, last_name, wix_member_id, blocked, role, created_at) VALUES ('270bbac356cf4d6aa4a2821eda5a9932', 'mollybengs95@gmail.com', 1, '', '', '', '', NULL, 0, 'member', '2024-11-18 16:46');

INSERT OR IGNORE INTO user (id, email, email_verified, hashed_password, name, first_name, last_name, wix_member_id, blocked, role, created_at) VALUES ('f9cb6689895544e68d34ab013728c95b', 'brennamariegallagher@gmail.com', 1, '', 'Brenna Gallagher', 'Brenna', 'Gallagher', NULL, 0, 'member', '2024-11-17 17:53');

INSERT OR IGNORE INTO user (id, email, email_verified, hashed_password, name, first_name, last_name, wix_member_id, blocked, role, created_at) VALUES ('3041eb25190a4abab77000ad596c9911', 'lydiavanbuskirk@gmail.col', 1, '', '', '', '', NULL, 0, 'member', '2024-11-17 01:29');

INSERT OR IGNORE INTO user (id, email, email_verified, hashed_password, name, first_name, last_name, wix_member_id, blocked, role, created_at) VALUES ('0e0a8a7b97f8444baf4ccc1585f081ad', 'mel.lerette@gmail.com', 1, '', '', '', '', NULL, 0, 'member', '2024-11-18 03:13');

INSERT OR IGNORE INTO user (id, email, email_verified, hashed_password, name, first_name, last_name, wix_member_id, blocked, role, created_at) VALUES ('0962a7c6894a4fbcbf980c489937cfcf', 'sara.drinkwater1@googlemail.com', 1, '', 'Sara Ray', 'Sara', 'Ray', NULL, 0, 'member', '2024-11-17 11:01');

INSERT OR IGNORE INTO user (id, email, email_verified, hashed_password, name, first_name, last_name, wix_member_id, blocked, role, created_at) VALUES ('957c04a23ca8454dab997740202e36e6', 'akdausen@gmail.com', 1, '', 'Abbie Dausen', 'Abbie', 'Dausen', NULL, 0, 'member', '2024-11-17 17:29');

INSERT OR IGNORE INTO user (id, email, email_verified, hashed_password, name, first_name, last_name, wix_member_id, blocked, role, created_at) VALUES ('afc984dd719140d6b44671ead86bdecb', 'nelly.sanchez15@gmail.com', 1, '', 'Alicia S.', 'Alicia', 'S.', NULL, 0, 'member', '2024-11-21 17:13');

INSERT OR IGNORE INTO user (id, email, email_verified, hashed_password, name, first_name, last_name, wix_member_id, blocked, role, created_at) VALUES ('ad92be60c4bf44d4a66955f8f8693554', 'healthmj@outlook.com', 1, '', '', '', '', NULL, 0, 'member', '2024-11-17 01:16');

INSERT OR IGNORE INTO user (id, email, email_verified, hashed_password, name, first_name, last_name, wix_member_id, blocked, role, created_at) VALUES ('bd8a5c30365f489aa99bcfbf324bb434', 'magsmail12@gmail.com', 1, '', 'Margaret Ferguson', 'Margaret', 'Ferguson', NULL, 0, 'member', '2024-11-19 15:44');

INSERT OR IGNORE INTO user (id, email, email_verified, hashed_password, name, first_name, last_name, wix_member_id, blocked, role, created_at) VALUES ('c84bc775f812412e90932ac9c8422837', 'katie.l.deutsch@gmail.com', 1, '', '', '', '', NULL, 0, 'member', '2024-11-18 01:50');
INSERT OR IGNORE INTO user_label (user_id, label) VALUES ('c84bc775f812412e90932ac9c8422837', 'Long Term Endometriosis Management');
INSERT OR IGNORE INTO user_label (user_id, label) VALUES ('c84bc775f812412e90932ac9c8422837', 'RRM Academy Members Group member');
INSERT OR IGNORE INTO enrollment (id, user_id, course_id, enrolled_at) VALUES ('f0269c2e963e4991b4286176ee1dee6c', 'c84bc775f812412e90932ac9c8422837', 'long-term-endo-management', '2024-11-18 01:50');

INSERT OR IGNORE INTO user (id, email, email_verified, hashed_password, name, first_name, last_name, wix_member_id, blocked, role, created_at) VALUES ('35ebd67147924bb69318bd0c9b6d2ef5', 'ryne.s.craig@gmail.com', 1, '', '', '', '', NULL, 0, 'member', '2024-11-18 19:20');

INSERT OR IGNORE INTO user (id, email, email_verified, hashed_password, name, first_name, last_name, wix_member_id, blocked, role, created_at) VALUES ('9d6b7d5fe92142bd9f204262494e5730', 'molly.f.wilson@gmail.com', 1, '', '', '', '', NULL, 0, 'member', '2024-11-17 02:55');

INSERT OR IGNORE INTO user (id, email, email_verified, hashed_password, name, first_name, last_name, wix_member_id, blocked, role, created_at) VALUES ('55f704bff85b4ed78451d27bb7c5ad8a', 'alexandra.khamissian@gmail.com', 1, '', '', '', '', NULL, 0, 'member', '2024-11-17 01:31');

INSERT OR IGNORE INTO user (id, email, email_verified, hashed_password, name, first_name, last_name, wix_member_id, blocked, role, created_at) VALUES ('b6abe2e2b9d94cd79d71ed5b58c9d170', 'brenerin02@gmail.com', 1, '', '', '', '', NULL, 0, 'member', '2024-11-17 19:45');

INSERT OR IGNORE INTO user (id, email, email_verified, hashed_password, name, first_name, last_name, wix_member_id, blocked, role, created_at) VALUES ('fcb88fa6e74f41719f9ef1774db7277c', 'nickerson.alissa@gmail.com', 1, '', 'Alissa Nickerson', 'Alissa', 'Nickerson', NULL, 0, 'member', '2024-11-24 19:47');

INSERT OR IGNORE INTO user (id, email, email_verified, hashed_password, name, first_name, last_name, wix_member_id, blocked, role, created_at) VALUES ('4b4d4b3dc25c42cfa65d2dd95f6494b8', 'colleenstarsinic1@gmail.com', 1, '', '', '', '', NULL, 0, 'member', '2024-11-17 21:57');

INSERT OR IGNORE INTO user (id, email, email_verified, hashed_password, name, first_name, last_name, wix_member_id, blocked, role, created_at) VALUES ('79622348e6f640dbb31dc34aac9ec70c', 'mariashahid@gmail.com', 1, '', 'Maria Rowe', 'Maria', 'Rowe', NULL, 0, 'member', '2024-11-18 18:40');

INSERT OR IGNORE INTO user (id, email, email_verified, hashed_password, name, first_name, last_name, wix_member_id, blocked, role, created_at) VALUES ('bd2e7f591de34a79bad7d3e82506bd4a', 'rdaviescollege@gmail.com', 1, '', 'Rebecca Lynch', 'Rebecca', 'Lynch', NULL, 0, 'member', '2024-11-17 21:29');

INSERT OR IGNORE INTO user (id, email, email_verified, hashed_password, name, first_name, last_name, wix_member_id, blocked, role, created_at) VALUES ('c55c76565098446db4b0b4c1d6cd8a3b', 'kathysensenig174@gmail.com', 1, '', '', '', '', NULL, 0, 'member', '2024-11-17 19:21');

INSERT OR IGNORE INTO user (id, email, email_verified, hashed_password, name, first_name, last_name, wix_member_id, blocked, role, created_at) VALUES ('dd63bc8f1fe54561bc3fcfcf365cce0f', 'jfcomp10@hotmail.com', 1, '', '', '', '', NULL, 0, 'member', '2024-11-17 18:54');

INSERT OR IGNORE INTO user (id, email, email_verified, hashed_password, name, first_name, last_name, wix_member_id, blocked, role, created_at) VALUES ('84ead2e605c74ac8abe14839d5b2f6cd', 'lindsaydevereux1@gmail.com', 1, '', 'Lindsay Devereux', 'Lindsay', 'Devereux', NULL, 0, 'member', '2024-11-17 11:42');

INSERT OR IGNORE INTO user (id, email, email_verified, hashed_password, name, first_name, last_name, wix_member_id, blocked, role, created_at) VALUES ('caee05113ddb4649a54e3612e02fee41', 'llmp2011@hotmail.com', 1, '', '', '', '', NULL, 0, 'member', '2024-11-23 00:32');

INSERT OR IGNORE INTO user (id, email, email_verified, hashed_password, name, first_name, last_name, wix_member_id, blocked, role, created_at) VALUES ('d5eb9f68901a42bc87a9af864b0c08b8', 'mrsfaris@pm.me', 1, '', '', '', '', NULL, 0, 'member', '2024-11-18 10:43');

INSERT OR IGNORE INTO user (id, email, email_verified, hashed_password, name, first_name, last_name, wix_member_id, blocked, role, created_at) VALUES ('52f2d3213d394ef1b307c667c02bc374', 'dgrawan@gmail.com', 1, '', '', '', '', NULL, 0, 'member', '2024-11-17 20:40');

INSERT OR IGNORE INTO user (id, email, email_verified, hashed_password, name, first_name, last_name, wix_member_id, blocked, role, created_at) VALUES ('46e16f4ea32b4e8994956298c47dd81c', 'krzpabalan@gmail.com', 1, '', 'Kariza Pabalan', 'Kariza', 'Pabalan', NULL, 0, 'member', '2024-11-18 21:52');

INSERT OR IGNORE INTO user (id, email, email_verified, hashed_password, name, first_name, last_name, wix_member_id, blocked, role, created_at) VALUES ('448d59ca2c9b4e1f96f2fc98a52b4d5d', 'sharonona.so@gmail.com', 1, '', 'Sharon Ona', 'Sharon', 'Ona', NULL, 0, 'member', '2024-11-24 03:49');

INSERT OR IGNORE INTO user (id, email, email_verified, hashed_password, name, first_name, last_name, wix_member_id, blocked, role, created_at) VALUES ('3c8e87649c73422fb1e547c1405a4e8d', 'sara_grout@hotmail.com', 1, '', '', '', '', NULL, 0, 'member', '2024-11-20 09:34');

INSERT OR IGNORE INTO user (id, email, email_verified, hashed_password, name, first_name, last_name, wix_member_id, blocked, role, created_at) VALUES ('8cad697aa29b4c2bb684dc71eb998918', 'haleybriggs9@gmail.com', 1, '', 'Haley Briggs', 'Haley', 'Briggs', NULL, 0, 'member', '2024-11-24 03:08');

INSERT OR IGNORE INTO user (id, email, email_verified, hashed_password, name, first_name, last_name, wix_member_id, blocked, role, created_at) VALUES ('f2241f46073f4226bd7422334cc27d4b', 'rochelle.belleza@gmail.com', 1, '', '', '', '', NULL, 0, 'member', '2024-11-18 05:52');

INSERT OR IGNORE INTO user (id, email, email_verified, hashed_password, name, first_name, last_name, wix_member_id, blocked, role, created_at) VALUES ('f98134a996934bb3bdc12635d72e3633', 'jillj950@gmail.com', 1, '', '', '', '', NULL, 0, 'member', '2024-11-26 15:59');

INSERT OR IGNORE INTO user (id, email, email_verified, hashed_password, name, first_name, last_name, wix_member_id, blocked, role, created_at) VALUES ('4e3bb56d2bbb4364b4313562c38f1846', 'samanthabspam@gmail.com', 1, '', '', '', '', NULL, 0, 'member', '2024-11-18 19:02');

INSERT OR IGNORE INTO user (id, email, email_verified, hashed_password, name, first_name, last_name, wix_member_id, blocked, role, created_at) VALUES ('42ee8afb2e4f469f8dd05a23083c847f', 'laurenalecca@ymail.com', 1, '', 'Lauren Alecca', 'Lauren', 'Alecca', NULL, 0, 'member', '2024-11-20 02:32');

INSERT OR IGNORE INTO user (id, email, email_verified, hashed_password, name, first_name, last_name, wix_member_id, blocked, role, created_at) VALUES ('6a747d2c9ee64e718b55e14d124fee0d', 'grace.gavlin@gmail.com', 1, '', 'Grace Embrey', 'Grace', 'Embrey', NULL, 0, 'member', '2024-11-17 19:04');

INSERT OR IGNORE INTO user (id, email, email_verified, hashed_password, name, first_name, last_name, wix_member_id, blocked, role, created_at) VALUES ('5f15b6235056420782e37a65140225b9', 'mfresas23@yahoo.com', 1, '', '', '', '', NULL, 0, 'member', '2024-11-17 19:39');

INSERT OR IGNORE INTO user (id, email, email_verified, hashed_password, name, first_name, last_name, wix_member_id, blocked, role, created_at) VALUES ('7d592ae2e1c34188a6c17e33a283dfcc', 'rachelleyong@shaw.ca', 1, '', '', '', '', NULL, 0, 'member', '2024-11-17 09:02');

INSERT OR IGNORE INTO user (id, email, email_verified, hashed_password, name, first_name, last_name, wix_member_id, blocked, role, created_at) VALUES ('282b6fd3fbda42cea11b62cd8c948b29', 'agiedroc2308@yahoo.com', 1, '', '', '', '', NULL, 0, 'member', '2024-11-17 18:57');

INSERT OR IGNORE INTO user (id, email, email_verified, hashed_password, name, first_name, last_name, wix_member_id, blocked, role, created_at) VALUES ('a5bd24e59dd1402a96f2d3e31d2502bf', 'ltmonkey@yahoo.com', 1, '', '', '', '', NULL, 0, 'member', '2024-11-17 08:59');

INSERT OR IGNORE INTO user (id, email, email_verified, hashed_password, name, first_name, last_name, wix_member_id, blocked, role, created_at) VALUES ('411ce32d6d1240d798c7c543e8b49889', 'amandacurry86@hotmail.com', 1, '', '', '', '', NULL, 0, 'member', '2024-11-27 04:20');

INSERT OR IGNORE INTO user (id, email, email_verified, hashed_password, name, first_name, last_name, wix_member_id, blocked, role, created_at) VALUES ('31a37870685f4a859fbcb804d669f412', 'jlbissell90@gmail.com', 1, '', '', '', '', NULL, 0, 'member', '2024-11-17 21:37');

INSERT OR IGNORE INTO user (id, email, email_verified, hashed_password, name, first_name, last_name, wix_member_id, blocked, role, created_at) VALUES ('a1590200586b458b86a6ed1d9860b03f', 'kylieahanks@gmail.com', 1, '', 'Kylie Theunissen', 'Kylie', 'Theunissen', NULL, 0, 'member', '2024-11-19 22:59');

INSERT OR IGNORE INTO user (id, email, email_verified, hashed_password, name, first_name, last_name, wix_member_id, blocked, role, created_at) VALUES ('27aabd6a47f54953a2d0697a1d1fd914', 'carolwhite0510@gmail.com', 1, '', '', '', '', NULL, 0, 'member', '2024-11-21 14:55');

INSERT OR IGNORE INTO user (id, email, email_verified, hashed_password, name, first_name, last_name, wix_member_id, blocked, role, created_at) VALUES ('bf5727c04ade4c84bb694dfa2c341781', 'laurentaylor0216@gmail.com', 1, '', 'lauren taylor', 'lauren', 'taylor', NULL, 0, 'member', '2024-11-18 18:30');

INSERT OR IGNORE INTO user (id, email, email_verified, hashed_password, name, first_name, last_name, wix_member_id, blocked, role, created_at) VALUES ('a1f06472938b47b8859003f94facee73', 'niki_brown42@hotmail.com', 1, '', '', '', '', NULL, 0, 'member', '2024-11-17 17:26');

INSERT OR IGNORE INTO user (id, email, email_verified, hashed_password, name, first_name, last_name, wix_member_id, blocked, role, created_at) VALUES ('6ce87063bf934685b276720e8ddaca35', 'kimberly.sonmor@hotmail.com', 1, '', 'Kimberly Marie', 'Kimberly', 'Marie', NULL, 0, 'member', '2024-12-18 04:25');

INSERT OR IGNORE INTO user (id, email, email_verified, hashed_password, name, first_name, last_name, wix_member_id, blocked, role, created_at) VALUES ('ac3514547b2b40518d5223b84d9d75df', 'joubertfamily9086@gmail.com', 1, '', '', '', '', NULL, 0, 'member', '2024-12-18 00:55');

INSERT OR IGNORE INTO user (id, email, email_verified, hashed_password, name, first_name, last_name, wix_member_id, blocked, role, created_at) VALUES ('a44c7c05052a493db8d6b5a6f48aec8e', 'sophiefourchalk@gmail.com', 1, '', 'Sophie Fourchalk', 'Sophie', 'Fourchalk', NULL, 0, 'member', '2024-12-08 18:40');

INSERT OR IGNORE INTO user (id, email, email_verified, hashed_password, name, first_name, last_name, wix_member_id, blocked, role, created_at) VALUES ('ff0db18c7c234b4a8ff087434b3d826f', 'lauren.arel@att.net', 1, '', '', '', '', NULL, 0, 'member', '2024-12-29 22:26');

INSERT OR IGNORE INTO user (id, email, email_verified, hashed_password, name, first_name, last_name, wix_member_id, blocked, role, created_at) VALUES ('0e8ff865a98541b1a41407824e841e31', 'liz.lehky@gmail.com', 1, '', '', '', '', NULL, 0, 'member', '2024-12-03 00:35');

INSERT OR IGNORE INTO user (id, email, email_verified, hashed_password, name, first_name, last_name, wix_member_id, blocked, role, created_at) VALUES ('3843dad157c94588bc361688928fb7af', 'mbmittel@gmail.com', 1, '', 'Mary', 'Mary', '', NULL, 0, 'member', '2024-12-30 03:05');

INSERT OR IGNORE INTO user (id, email, email_verified, hashed_password, name, first_name, last_name, wix_member_id, blocked, role, created_at) VALUES ('3e8899c12152442b9cc53d5d5bf74556', 'cpeschierag@gmail.com', 1, '', '', '', '', NULL, 0, 'member', '2024-12-20 23:10');

INSERT OR IGNORE INTO user (id, email, email_verified, hashed_password, name, first_name, last_name, wix_member_id, blocked, role, created_at) VALUES ('a448e0d83fad46b790197cf43767fa89', 'jessie.asselie@gmail.com', 1, '', 'Jessy Asselie', 'Jessy', 'Asselie', NULL, 0, 'member', '2024-12-02 17:49');

INSERT OR IGNORE INTO user (id, email, email_verified, hashed_password, name, first_name, last_name, wix_member_id, blocked, role, created_at) VALUES ('81f8eadcceae4bada75e6ef819111f66', 'sunkissedbella17@gmail.com', 1, '', 'Sunkissedbella', 'Sunkissedbella', '', NULL, 0, 'member', '2024-12-13 01:17');

INSERT OR IGNORE INTO user (id, email, email_verified, hashed_password, name, first_name, last_name, wix_member_id, blocked, role, created_at) VALUES ('66856bbb3732459db463f59340823721', 'heidi.hibbard@gmail.com', 1, '', '', '', '', NULL, 0, 'member', '2024-12-30 00:17');

INSERT OR IGNORE INTO user (id, email, email_verified, hashed_password, name, first_name, last_name, wix_member_id, blocked, role, created_at) VALUES ('fe1c183ec405477fae026f7864ca07ec', 'addinktl@gmail.com', 1, '', '', '', '', NULL, 0, 'member', '2024-12-30 00:21');

INSERT OR IGNORE INTO user (id, email, email_verified, hashed_password, name, first_name, last_name, wix_member_id, blocked, role, created_at) VALUES ('fb57f739b4224590a9a12d8f1e6d7906', 'mfredline@gmail.com', 1, '', '', '', '', NULL, 0, 'member', '2024-12-29 23:21');

INSERT OR IGNORE INTO user (id, email, email_verified, hashed_password, name, first_name, last_name, wix_member_id, blocked, role, created_at) VALUES ('4b30402c400b46668d97ed5a251e4808', 'ngoerner@comcast.net', 1, '', '', '', '', NULL, 0, 'member', '2024-12-04 21:02');

INSERT OR IGNORE INTO user (id, email, email_verified, hashed_password, name, first_name, last_name, wix_member_id, blocked, role, created_at) VALUES ('6b3ac4d2afc640849dd8a4afe9c0578e', 'seliya9@gmail.com', 1, '', 'Seliya Mawani', 'Seliya', 'Mawani', NULL, 0, 'member', '2024-11-29 07:43');

INSERT OR IGNORE INTO user (id, email, email_verified, hashed_password, name, first_name, last_name, wix_member_id, blocked, role, created_at) VALUES ('78e85e2ba521417b85825491786b3d0b', 'dehmey.christine@gmail.com', 1, '', 'Christine Dehmey', 'Christine', 'Dehmey', NULL, 0, 'member', '2024-12-30 00:22');
INSERT OR IGNORE INTO user_label (user_id, label) VALUES ('78e85e2ba521417b85825491786b3d0b', 'RRM Academy Members Group member');

INSERT OR IGNORE INTO user (id, email, email_verified, hashed_password, name, first_name, last_name, wix_member_id, blocked, role, created_at) VALUES ('b485911a9bdb49458cbcfd49b078608c', 'elena.laios@gmail.com', 1, '', '', '', '', NULL, 0, 'member', '2024-12-29 23:22');

INSERT OR IGNORE INTO user (id, email, email_verified, hashed_password, name, first_name, last_name, wix_member_id, blocked, role, created_at) VALUES ('98e5ebaa80c846a78b3559834a584dcd', 'shaunieb@hotmail.com', 1, '', '', '', '', NULL, 0, 'member', '2024-12-10 18:33');
INSERT OR IGNORE INTO user_label (user_id, label) VALUES ('98e5ebaa80c846a78b3559834a584dcd', 'RRM Academy Members Group member');

INSERT OR IGNORE INTO user (id, email, email_verified, hashed_password, name, first_name, last_name, wix_member_id, blocked, role, created_at) VALUES ('7339d31b5d8344308fc82b2947da4277', 'perrostar07@aol.com', 1, '', '', '', '', NULL, 0, 'member', '2024-12-10 01:49');

INSERT OR IGNORE INTO user (id, email, email_verified, hashed_password, name, first_name, last_name, wix_member_id, blocked, role, created_at) VALUES ('a3a7a99a85fb45dba44b627ebeaeef1a', 'smakarewicz97@gmail.com', 1, '', 'Sarah Makarewicz', 'Sarah', 'Makarewicz', NULL, 0, 'member', '2024-12-05 19:22');

INSERT OR IGNORE INTO user (id, email, email_verified, hashed_password, name, first_name, last_name, wix_member_id, blocked, role, created_at) VALUES ('e85ee3e9658247ef948b9320cd24e6b9', 'blmetzger88@gmail.com', 1, '', '', '', '', NULL, 0, 'member', '2024-12-30 03:02');

INSERT OR IGNORE INTO user (id, email, email_verified, hashed_password, name, first_name, last_name, wix_member_id, blocked, role, created_at) VALUES ('f4b5b79a55634c5caf7286ee0c8d6b5d', 'maja_martin@yahoo.com', 1, '', '', '', '', NULL, 0, 'member', '2024-12-04 11:22');

INSERT OR IGNORE INTO user (id, email, email_verified, hashed_password, name, first_name, last_name, wix_member_id, blocked, role, created_at) VALUES ('09dfdeb984974af3959f0311b076c9bb', 'deanna.mercurio@gmail.com', 1, '', '', '', '', NULL, 0, 'member', '2024-12-30 00:59');

INSERT OR IGNORE INTO user (id, email, email_verified, hashed_password, name, first_name, last_name, wix_member_id, blocked, role, created_at) VALUES ('80b84a6176754290bc55d4bdfce6583a', 'jevicjunk@gmail.com', 1, '', '', '', '', NULL, 0, 'member', '2024-12-18 19:44');

INSERT OR IGNORE INTO user (id, email, email_verified, hashed_password, name, first_name, last_name, wix_member_id, blocked, role, created_at) VALUES ('663f9ab830424ce5b602285ea90ceb6b', 'rjbolleia@gmail.com', 1, '', 'Rosalee Bolleia', 'Rosalee', 'Bolleia', NULL, 0, 'member', '2024-12-30 00:12');

INSERT OR IGNORE INTO user (id, email, email_verified, hashed_password, name, first_name, last_name, wix_member_id, blocked, role, created_at) VALUES ('57a459e1ab99436890259f0c3e7ec8b9', 'momtofive@shaw.ca', 1, '', '', '', '', NULL, 0, 'member', '2024-12-05 22:16');
INSERT OR IGNORE INTO user_label (user_id, label) VALUES ('57a459e1ab99436890259f0c3e7ec8b9', 'RRM Academy Members Group member');

INSERT OR IGNORE INTO user (id, email, email_verified, hashed_password, name, first_name, last_name, wix_member_id, blocked, role, created_at) VALUES ('914945ad54db4538ad6975c1f2f16eca', 'isabellerhobbs17@gmail.com', 1, '', 'Isabelle Hobbs', 'Isabelle', 'Hobbs', NULL, 0, 'member', '2024-12-28 16:39');
INSERT OR IGNORE INTO user_label (user_id, label) VALUES ('914945ad54db4538ad6975c1f2f16eca', 'RRM Academy Members Group member');

INSERT OR IGNORE INTO user (id, email, email_verified, hashed_password, name, first_name, last_name, wix_member_id, blocked, role, created_at) VALUES ('277f1802901f4dea98212a51540e4597', 'hagan102016@gmail.com', 1, '', '', '', '', NULL, 0, 'member', '2024-12-29 22:27');

INSERT OR IGNORE INTO user (id, email, email_verified, hashed_password, name, first_name, last_name, wix_member_id, blocked, role, created_at) VALUES ('9ddc05c7d8c64e1c8717999160fe9795', 'helloteryn@gmail.com', 1, '', 'Teryn Anderson', 'Teryn', 'Anderson', NULL, 0, 'member', '2024-12-11 19:16');

INSERT OR IGNORE INTO user (id, email, email_verified, hashed_password, name, first_name, last_name, wix_member_id, blocked, role, created_at) VALUES ('12064cdfce2943169d4635489a53a960', 'melissa.a.cinnamon@gmail.com', 1, '', '', '', '', NULL, 0, 'member', '2024-12-30 00:27');

INSERT OR IGNORE INTO user (id, email, email_verified, hashed_password, name, first_name, last_name, wix_member_id, blocked, role, created_at) VALUES ('b3ea8d9e320c49efb4d0cf5b611e980b', 'kelsey.a.wiseman@gmail.com', 1, '', 'Kelsey Wiseman', 'Kelsey', 'Wiseman', NULL, 0, 'member', '2024-12-29 22:27');

INSERT OR IGNORE INTO user (id, email, email_verified, hashed_password, name, first_name, last_name, wix_member_id, blocked, role, created_at) VALUES ('e7e4e032569843bc929bc2c171f9333b', 'mdssvg@att.net', 1, '', '', '', '', NULL, 0, 'member', '2024-12-01 12:03');

INSERT OR IGNORE INTO user (id, email, email_verified, hashed_password, name, first_name, last_name, wix_member_id, blocked, role, created_at) VALUES ('fbd5819386aa4a31a7ea57366cd12400', 'flaviepilottemenard@gmail.com', 1, '', 'Flavie Pilotte-Ménard', 'Flavie', 'Pilotte-Ménard', NULL, 0, 'member', '2024-12-30 00:02');

INSERT OR IGNORE INTO user (id, email, email_verified, hashed_password, name, first_name, last_name, wix_member_id, blocked, role, created_at) VALUES ('18d14f0f84054b988e7724807f0f822c', 'ellahustad@gmail.com', 1, '', '', '', '', NULL, 0, 'member', '2024-12-30 02:51');

INSERT OR IGNORE INTO user (id, email, email_verified, hashed_password, name, first_name, last_name, wix_member_id, blocked, role, created_at) VALUES ('31401262a977423b91d302bb22e79056', 'howelljrti@gmail.com', 1, '', '', '', '', NULL, 0, 'member', '2024-12-19 02:48');

INSERT OR IGNORE INTO user (id, email, email_verified, hashed_password, name, first_name, last_name, wix_member_id, blocked, role, created_at) VALUES ('19e5fa8107d94fe39c1b8352d0ebd1fa', 'katiebetten94@gmail.com', 1, '', '', '', '', NULL, 0, 'member', '2024-12-30 03:14');

INSERT OR IGNORE INTO user (id, email, email_verified, hashed_password, name, first_name, last_name, wix_member_id, blocked, role, created_at) VALUES ('ff59f8b9d5144dff9547d00d72fbb808', 'emilygraceleake@gmail.com', 1, '', 'Emily Leake', 'Emily', 'Leake', NULL, 0, 'member', '2024-12-09 02:25');

INSERT OR IGNORE INTO user (id, email, email_verified, hashed_password, name, first_name, last_name, wix_member_id, blocked, role, created_at) VALUES ('0938a0f367954dca870dbcd6526ec676', 'practitioneralice65@gmail.com', 1, '', 'Alice Ferreira', 'Alice', 'Ferreira', NULL, 0, 'member', '2024-12-05 22:33');

INSERT OR IGNORE INTO user (id, email, email_verified, hashed_password, name, first_name, last_name, wix_member_id, blocked, role, created_at) VALUES ('8437fd9aea2741b1a97d1ce8a0336207', 'madelinenoel96@gmail.com', 1, '', '', '', '', NULL, 0, 'member', '2024-12-20 00:57');

INSERT OR IGNORE INTO user (id, email, email_verified, hashed_password, name, first_name, last_name, wix_member_id, blocked, role, created_at) VALUES ('0342ff6f264c4bad82fe2f07e985f95b', 'charlottelgoss@gmail.com', 1, '', 'Charlotte Goss', 'Charlotte', 'Goss', NULL, 0, 'member', '2024-12-30 00:51');

INSERT OR IGNORE INTO user (id, email, email_verified, hashed_password, name, first_name, last_name, wix_member_id, blocked, role, created_at) VALUES ('d90f83ebfafe46c2beb55f405213fdfb', 'berenice.lubin@laposte.net', 1, '', '', '', '', NULL, 0, 'member', '2024-12-17 11:49');

INSERT OR IGNORE INTO user (id, email, email_verified, hashed_password, name, first_name, last_name, wix_member_id, blocked, role, created_at) VALUES ('5b5224da94aa409f8ba120b177eda5e5', 'kelsey.elisa.smith@gmail.com', 1, '', '', '', '', NULL, 0, 'member', '2024-12-05 00:34');

INSERT OR IGNORE INTO user (id, email, email_verified, hashed_password, name, first_name, last_name, wix_member_id, blocked, role, created_at) VALUES ('1682955926b947a798da1097ea0af90a', 'drmariedc@gmail.com', 1, '', '', '', '', NULL, 0, 'member', '2024-12-10 23:58');

INSERT OR IGNORE INTO user (id, email, email_verified, hashed_password, name, first_name, last_name, wix_member_id, blocked, role, created_at) VALUES ('66f0e24ec9a74997b06b48d4005d458c', 'weateh508@gmail.com', 1, '', '', '', '', NULL, 0, 'member', '2024-12-21 02:16');

INSERT OR IGNORE INTO user (id, email, email_verified, hashed_password, name, first_name, last_name, wix_member_id, blocked, role, created_at) VALUES ('e95178e4395c421ca7c75527240ad9b0', 'charity.anderson91@gmail.com', 1, '', '', '', '', NULL, 0, 'member', '2024-12-11 02:02');

INSERT OR IGNORE INTO user (id, email, email_verified, hashed_password, name, first_name, last_name, wix_member_id, blocked, role, created_at) VALUES ('4192897aa5cd409789d7852ec2cdc18b', 'yvooqueen@gmail.com', 1, '', '𝑄𝑢𝑒𝑒𝑛𝑌𝑣𝑜 Hernandez', '𝑄𝑢𝑒𝑒𝑛𝑌𝑣𝑜', 'Hernandez', NULL, 0, 'member', '2024-12-12 22:00');

INSERT OR IGNORE INTO user (id, email, email_verified, hashed_password, name, first_name, last_name, wix_member_id, blocked, role, created_at) VALUES ('d89d92ad8d6e4ed09c4a991e510c503d', 'amorevermeulen09@gmail.com', 1, '', 'Amore Vermeulen', 'Amore', 'Vermeulen', NULL, 0, 'member', '2024-12-14 15:50');

INSERT OR IGNORE INTO user (id, email, email_verified, hashed_password, name, first_name, last_name, wix_member_id, blocked, role, created_at) VALUES ('ac4d03981800478a94627fdd80ca71cc', 'lindsay.douglas88@hotmail.co.uk', 1, '', '', '', '', NULL, 0, 'member', '2024-12-15 21:25');

INSERT OR IGNORE INTO user (id, email, email_verified, hashed_password, name, first_name, last_name, wix_member_id, blocked, role, created_at) VALUES ('15f35a8a7ec749c180b1c7ef1bc862b8', 'jenranck@gmail.com', 1, '', '', '', '', NULL, 0, 'member', '2024-12-15 19:51');

INSERT OR IGNORE INTO user (id, email, email_verified, hashed_password, name, first_name, last_name, wix_member_id, blocked, role, created_at) VALUES ('a413fff9c4994c31b0c5c57d15e9f5f1', 'meryn.harwood@gmail.com', 1, '', '', '', '', NULL, 0, 'member', '2024-12-03 21:36');
INSERT OR IGNORE INTO user_label (user_id, label) VALUES ('a413fff9c4994c31b0c5c57d15e9f5f1', 'RRM Academy Members Group member');

INSERT OR IGNORE INTO user (id, email, email_verified, hashed_password, name, first_name, last_name, wix_member_id, blocked, role, created_at) VALUES ('090907a6957a43728fd86def54b3b31b', 'jenniferrose3112@gmail.com', 1, '', '', '', '', NULL, 0, 'member', '2024-12-22 20:24');

INSERT OR IGNORE INTO user (id, email, email_verified, hashed_password, name, first_name, last_name, wix_member_id, blocked, role, created_at) VALUES ('1f5e20e1da3d44a1b251d2ff1b48e51d', 'clairetnichols@gmail.com', 1, '', 'Claire Schiemer', 'Claire', 'Schiemer', NULL, 0, 'member', '2024-12-15 05:43');

INSERT OR IGNORE INTO user (id, email, email_verified, hashed_password, name, first_name, last_name, wix_member_id, blocked, role, created_at) VALUES ('f4d15426b4f442cfb6de337fd7c42d16', 'kirbirogers@gmail.com', 1, '', 'Kirbi Rogers', 'Kirbi', 'Rogers', NULL, 0, 'member', '2024-12-19 15:42');

INSERT OR IGNORE INTO user (id, email, email_verified, hashed_password, name, first_name, last_name, wix_member_id, blocked, role, created_at) VALUES ('db9383283d11414480fdf0ae688f7eed', 'ecrainshaw@gmail.com', 1, '', '', '', '', NULL, 0, 'member', '2024-12-11 13:54');

INSERT OR IGNORE INTO user (id, email, email_verified, hashed_password, name, first_name, last_name, wix_member_id, blocked, role, created_at) VALUES ('a045c0d43e944994bf195349d1749e85', 'aworle01@gmail.com', 1, '', '', '', '', NULL, 0, 'member', '2024-12-07 17:50');

INSERT OR IGNORE INTO user (id, email, email_verified, hashed_password, name, first_name, last_name, wix_member_id, blocked, role, created_at) VALUES ('3bb5f1e605704dc5b3311e912ff8b9e1', 'fingersafire@me.com', 1, '', '', '', '', NULL, 0, 'member', '2024-12-18 00:21');

INSERT OR IGNORE INTO user (id, email, email_verified, hashed_password, name, first_name, last_name, wix_member_id, blocked, role, created_at) VALUES ('5a1522a04d6a48bfbc450d0c44e275d6', 'cofetter3318@gmail.com', 1, '', 'Rosi Daze', 'Rosi', 'Daze', NULL, 0, 'member', '2024-12-10 04:34');

INSERT OR IGNORE INTO user (id, email, email_verified, hashed_password, name, first_name, last_name, wix_member_id, blocked, role, created_at) VALUES ('2269c632be9b4d6298b9b08c0cf1c3fa', 'kay.murner@gmail.com', 1, '', '', '', '', NULL, 0, 'member', '2024-12-20 10:16');

INSERT OR IGNORE INTO user (id, email, email_verified, hashed_password, name, first_name, last_name, wix_member_id, blocked, role, created_at) VALUES ('1f17c105f4534057a7582157f3f1bdb8', 'amandadixon85@gmail.com', 1, '', '', '', '', NULL, 0, 'member', '2024-12-20 01:53');

INSERT OR IGNORE INTO user (id, email, email_verified, hashed_password, name, first_name, last_name, wix_member_id, blocked, role, created_at) VALUES ('ca2d6995d33b4ec9b2c19734d5b16d9f', 'emily.johnson027@gmail.com', 1, '', '', '', '', NULL, 0, 'member', '2024-11-28 00:00');

INSERT OR IGNORE INTO user (id, email, email_verified, hashed_password, name, first_name, last_name, wix_member_id, blocked, role, created_at) VALUES ('15f14d1911a8417ea61e1acd896b793e', 'maryannalauni@gmail.com', 1, '', '', '', '', NULL, 0, 'member', '2024-12-30 00:35');

INSERT OR IGNORE INTO user (id, email, email_verified, hashed_password, name, first_name, last_name, wix_member_id, blocked, role, created_at) VALUES ('a64acd9f704e4bda8391f243dfb78182', 'alanajod@gmail.com', 1, '', 'Alana J', 'Alana', 'J', NULL, 0, 'member', '2024-12-22 06:12');

INSERT OR IGNORE INTO user (id, email, email_verified, hashed_password, name, first_name, last_name, wix_member_id, blocked, role, created_at) VALUES ('f661011a3b8a4e138ac72a3a4185ae7e', 'rosemaryamackenzie@mmnfp.com', 1, '', 'Rosemary MacKenzie', 'Rosemary', 'MacKenzie', NULL, 0, 'member', '2024-12-05 22:46');
INSERT OR IGNORE INTO user_label (user_id, label) VALUES ('f661011a3b8a4e138ac72a3a4185ae7e', 'Restorative Reproductive Medicine (RRM) vs Standard ART: A New Approach to Infertility');
INSERT OR IGNORE INTO user_label (user_id, label) VALUES ('f661011a3b8a4e138ac72a3a4185ae7e', 'RRM Academy Members Group member');
INSERT OR IGNORE INTO enrollment (id, user_id, course_id, enrolled_at) VALUES ('4b847ac783c341bdb36f230d1f2a4518', 'f661011a3b8a4e138ac72a3a4185ae7e', 'rrm-vs-ivf', '2024-12-05 22:46');

INSERT OR IGNORE INTO user (id, email, email_verified, hashed_password, name, first_name, last_name, wix_member_id, blocked, role, created_at) VALUES ('9f4948eb74504ea4aaeaa6f378164775', 'vicky.novelo@gmail.com', 1, '', '', '', '', NULL, 0, 'member', '2024-12-29 23:13');

INSERT OR IGNORE INTO user (id, email, email_verified, hashed_password, name, first_name, last_name, wix_member_id, blocked, role, created_at) VALUES ('4275c032414f40bc83fcd01e8fac25d1', 'keri.marcheschi@gmail.com', 1, '', 'Keri Barga', 'Keri', 'Barga', NULL, 0, 'member', '2024-12-30 03:45');

INSERT OR IGNORE INTO user (id, email, email_verified, hashed_password, name, first_name, last_name, wix_member_id, blocked, role, created_at) VALUES ('863a8132265842ad9e11f7e67e750104', 'kim.naprodr@gmail.com', 1, '', 'Kimberly Barrows', 'Kimberly', 'Barrows', NULL, 0, 'member', '2024-12-07 16:25');

INSERT OR IGNORE INTO user (id, email, email_verified, hashed_password, name, first_name, last_name, wix_member_id, blocked, role, created_at) VALUES ('ac135bfc44b74865a06d1844d01cf6b2', 'isabelle.hobbs@divinemercy.edu', 1, '', '', '', '', NULL, 0, 'member', '2024-12-28 16:41');

INSERT OR IGNORE INTO user (id, email, email_verified, hashed_password, name, first_name, last_name, wix_member_id, blocked, role, created_at) VALUES ('4d3390a23956487c9512ab9fc10093a3', 'martaquaresma@ymail.com', 1, '', '', '', '', NULL, 0, 'member', '2024-12-30 00:56');

INSERT OR IGNORE INTO user (id, email, email_verified, hashed_password, name, first_name, last_name, wix_member_id, blocked, role, created_at) VALUES ('23c40542e1d747739b31452bba2754d1', 'riahmackay@gmail.com', 1, '', '', '', '', NULL, 0, 'member', '2024-11-30 04:47');

INSERT OR IGNORE INTO user (id, email, email_verified, hashed_password, name, first_name, last_name, wix_member_id, blocked, role, created_at) VALUES ('db0ecf95adac40ab85f5ff79c5a4e71b', 'leckronejunk@gmail.com', 1, '', '', '', '', NULL, 0, 'member', '2024-12-22 23:27');

INSERT OR IGNORE INTO user (id, email, email_verified, hashed_password, name, first_name, last_name, wix_member_id, blocked, role, created_at) VALUES ('84dfd00a04c245b1a98eb7293b212e2a', 'melissa.spyra@freenet.de', 1, '', '', '', '', NULL, 0, 'member', '2024-12-20 15:49');

INSERT OR IGNORE INTO user (id, email, email_verified, hashed_password, name, first_name, last_name, wix_member_id, blocked, role, created_at) VALUES ('f23d1b34e9404019a8c0fc7ec5339006', 'ellanabreedlove@gmail.com', 1, '', '', '', '', NULL, 0, 'member', '2024-12-03 00:28');

INSERT OR IGNORE INTO user (id, email, email_verified, hashed_password, name, first_name, last_name, wix_member_id, blocked, role, created_at) VALUES ('07caa448667347ff90d65c125e6b0456', 'jordan.wright9293@icloud.com', 1, '', '', '', '', NULL, 0, 'member', '2024-12-29 22:31');

INSERT OR IGNORE INTO user (id, email, email_verified, hashed_password, name, first_name, last_name, wix_member_id, blocked, role, created_at) VALUES ('c85276b0b2f346c5b78f9a4e66df72fc', 'thestinkygoat@gmail.com', 1, '', '', '', '', NULL, 0, 'member', '2024-12-05 21:33');
INSERT OR IGNORE INTO user_label (user_id, label) VALUES ('c85276b0b2f346c5b78f9a4e66df72fc', 'Postpartum Depression & Anxiety: a restorative approach to recovery');
INSERT OR IGNORE INTO user_label (user_id, label) VALUES ('c85276b0b2f346c5b78f9a4e66df72fc', 'RRM Academy Members Group member');
INSERT OR IGNORE INTO enrollment (id, user_id, course_id, enrolled_at) VALUES ('deac52bbcf8b43c3acea02e52dc7fc44', 'c85276b0b2f346c5b78f9a4e66df72fc', 'postpartum-depression-anxiety', '2024-12-05 21:33');

INSERT OR IGNORE INTO user (id, email, email_verified, hashed_password, name, first_name, last_name, wix_member_id, blocked, role, created_at) VALUES ('f67c04a832b5482eb5e809d7dc2833e0', 'esophie20@gmail.com', 1, '', '', '', '', NULL, 0, 'member', '2024-12-17 03:29');

INSERT OR IGNORE INTO user (id, email, email_verified, hashed_password, name, first_name, last_name, wix_member_id, blocked, role, created_at) VALUES ('bb77f246ace74d29b1e2e043a98d6ee7', 'anna.ervin@hotmail.com', 1, '', '', '', '', NULL, 0, 'member', '2024-12-14 03:22');

INSERT OR IGNORE INTO user (id, email, email_verified, hashed_password, name, first_name, last_name, wix_member_id, blocked, role, created_at) VALUES ('0f00c34d01254ddfb83c6d4c069a2416', 'undue-techie-6k@icloud.com', 1, '', '', '', '', NULL, 0, 'member', '2024-12-29 22:45');

INSERT OR IGNORE INTO user (id, email, email_verified, hashed_password, name, first_name, last_name, wix_member_id, blocked, role, created_at) VALUES ('547b5965c930462ea2ca1c235ea5241e', 'katelyn.weaver21@gmail.com', 1, '', '', '', '', NULL, 0, 'member', '2024-12-26 03:33');

INSERT OR IGNORE INTO user (id, email, email_verified, hashed_password, name, first_name, last_name, wix_member_id, blocked, role, created_at) VALUES ('510b08bf6e6e4ce1a0537a9a81181f63', 'katerimckinney@gmail.com', 1, '', '', '', '', NULL, 0, 'member', '2024-12-29 23:15');

INSERT OR IGNORE INTO user (id, email, email_verified, hashed_password, name, first_name, last_name, wix_member_id, blocked, role, created_at) VALUES ('899b58f8e4234009b0202a2478ac9a75', 'savannahjduke@gmail.com', 1, '', '', '', '', NULL, 0, 'member', '2024-12-09 23:04');

INSERT OR IGNORE INTO user (id, email, email_verified, hashed_password, name, first_name, last_name, wix_member_id, blocked, role, created_at) VALUES ('3bad773b01c647e9b3361409d034a45c', 'cassidyjstorts@gmail.com', 1, '', 'Cassidy Storts', 'Cassidy', 'Storts', NULL, 0, 'member', '2024-12-08 18:38');

INSERT OR IGNORE INTO user (id, email, email_verified, hashed_password, name, first_name, last_name, wix_member_id, blocked, role, created_at) VALUES ('721f971cd4ea4bd7a16463ce484be276', 'p_schoenfeld@yahoo.com', 1, '', '', '', '', NULL, 0, 'member', '2024-12-05 23:10');
INSERT OR IGNORE INTO user_label (user_id, label) VALUES ('721f971cd4ea4bd7a16463ce484be276', 'Restorative Reproductive Medicine (RRM) vs Standard ART: A New Approach to Infertility');
INSERT OR IGNORE INTO user_label (user_id, label) VALUES ('721f971cd4ea4bd7a16463ce484be276', 'RRM Academy Members Group member');
INSERT OR IGNORE INTO enrollment (id, user_id, course_id, enrolled_at) VALUES ('d9f9e35581a24a8f8e3ae9fbe68ead9d', '721f971cd4ea4bd7a16463ce484be276', 'rrm-vs-ivf', '2024-12-05 23:10');

INSERT OR IGNORE INTO user (id, email, email_verified, hashed_password, name, first_name, last_name, wix_member_id, blocked, role, created_at) VALUES ('8756f17b62794d6d89ad3d0ac84d618a', 'anna.mcconnell82@gmail.com', 1, '', '', '', '', NULL, 0, 'member', '2024-12-30 03:42');

INSERT OR IGNORE INTO user (id, email, email_verified, hashed_password, name, first_name, last_name, wix_member_id, blocked, role, created_at) VALUES ('03911e6b893a43f3b1a376fdd18e728c', 'joelleyanello@gmail.com', 1, '', '', '', '', NULL, 0, 'member', '2024-12-30 01:32');

INSERT OR IGNORE INTO user (id, email, email_verified, hashed_password, name, first_name, last_name, wix_member_id, blocked, role, created_at) VALUES ('f13de1f38d1240e8b8af013deb54e0a5', 'mgiroux12@gmail.com', 1, '', '', '', '', NULL, 0, 'member', '2024-12-07 18:23');

INSERT OR IGNORE INTO user (id, email, email_verified, hashed_password, name, first_name, last_name, wix_member_id, blocked, role, created_at) VALUES ('fba7eb6c592b48d28f32bb929c3276fc', 'caburke9@gmail.com', 1, '', '', '', '', NULL, 0, 'member', '2024-12-19 18:28');

INSERT OR IGNORE INTO user (id, email, email_verified, hashed_password, name, first_name, last_name, wix_member_id, blocked, role, created_at) VALUES ('60cbefa2fead46c8a3cef01c9a7d70a1', 'monicakolars@gmail.com', 1, '', '', '', '', NULL, 0, 'member', '2024-12-17 19:50');

INSERT OR IGNORE INTO user (id, email, email_verified, hashed_password, name, first_name, last_name, wix_member_id, blocked, role, created_at) VALUES ('d60c141a3349442e9457e83e9e7a7cc0', 'kaylanbenton@gmail.com', 1, '', '', '', '', NULL, 0, 'member', '2024-12-30 00:23');

INSERT OR IGNORE INTO user (id, email, email_verified, hashed_password, name, first_name, last_name, wix_member_id, blocked, role, created_at) VALUES ('b812084470254fa78fd027696763d506', 'collinscallie7@gmail.com', 1, '', '', '', '', NULL, 0, 'member', '2024-12-30 00:23');

INSERT OR IGNORE INTO user (id, email, email_verified, hashed_password, name, first_name, last_name, wix_member_id, blocked, role, created_at) VALUES ('06083795271b4eae8d58d6c57fe0c84b', 'a.gleichauf@yahoo.com', 1, '', '', '', '', NULL, 0, 'member', '2024-12-04 04:07');

INSERT OR IGNORE INTO user (id, email, email_verified, hashed_password, name, first_name, last_name, wix_member_id, blocked, role, created_at) VALUES ('f16625f55d544bcbaf7338dadbd6d839', 'rachelcrubaugh@gmail.com', 1, '', '', '', '', NULL, 0, 'member', '2024-12-04 01:53');

INSERT OR IGNORE INTO user (id, email, email_verified, hashed_password, name, first_name, last_name, wix_member_id, blocked, role, created_at) VALUES ('bbf3e638a99745d29d8e846b88d41c42', 'sophiaherwig0402@gmail.com', 1, '', 'Sophia', 'Sophia', '', NULL, 0, 'member', '2024-12-05 02:18');

INSERT OR IGNORE INTO user (id, email, email_verified, hashed_password, name, first_name, last_name, wix_member_id, blocked, role, created_at) VALUES ('89a30e84145644a5b6e42d7c82ea34c8', 'lana_fattah@hotmail.com', 1, '', '', '', '', NULL, 0, 'member', '2024-11-28 00:16');

INSERT OR IGNORE INTO user (id, email, email_verified, hashed_password, name, first_name, last_name, wix_member_id, blocked, role, created_at) VALUES ('2b4e364cf71649cc91f38655d1ab8d12', 'lidiakohler23@gmail.com', 1, '', '', '', '', NULL, 0, 'member', '2024-12-20 16:03');

INSERT OR IGNORE INTO user (id, email, email_verified, hashed_password, name, first_name, last_name, wix_member_id, blocked, role, created_at) VALUES ('b264b5354a4a41fe8405dd69d9eaf460', 'ksermersheim@gmail.com', 1, '', '', '', '', NULL, 0, 'member', '2024-12-20 04:22');

INSERT OR IGNORE INTO user (id, email, email_verified, hashed_password, name, first_name, last_name, wix_member_id, blocked, role, created_at) VALUES ('6ec9c36c08d8415f950060251ee7ffd2', 'crworsham11@yahoo.com', 1, '', 'Casey Seyler', 'Casey', 'Seyler', NULL, 0, 'member', '2024-12-11 05:09');

INSERT OR IGNORE INTO user (id, email, email_verified, hashed_password, name, first_name, last_name, wix_member_id, blocked, role, created_at) VALUES ('a2fc57b0dc55498683a1a89e3d678605', 'iselamrobles@gmail.com', 1, '', 'Isela', 'Isela', '', NULL, 0, 'member', '2024-12-17 18:21');

INSERT OR IGNORE INTO user (id, email, email_verified, hashed_password, name, first_name, last_name, wix_member_id, blocked, role, created_at) VALUES ('7ca2880a21ec40258f092b281ddadf72', 'niloofar.hojabri@gmail.com', 1, '', '', '', '', NULL, 0, 'member', '2024-12-24 13:49');

INSERT OR IGNORE INTO user (id, email, email_verified, hashed_password, name, first_name, last_name, wix_member_id, blocked, role, created_at) VALUES ('c9fb8d540a8a4a9dac8645e93427f484', 'laurennichsadler@gmail.com', 1, '', '', '', '', NULL, 0, 'member', '2024-12-30 02:24');

INSERT OR IGNORE INTO user (id, email, email_verified, hashed_password, name, first_name, last_name, wix_member_id, blocked, role, created_at) VALUES ('521aaaa2aff3412684db6cb5a245de78', 'samanthaniewald@gmail.com', 1, '', '', '', '', NULL, 0, 'member', '2024-12-31 04:33');

INSERT OR IGNORE INTO user (id, email, email_verified, hashed_password, name, first_name, last_name, wix_member_id, blocked, role, created_at) VALUES ('0d7119bb7ab04a99a6886842b69791d1', 'charlesemilycrews@gmail.com', 1, '', '', '', '', NULL, 0, 'member', '2024-12-30 18:42');

INSERT OR IGNORE INTO user (id, email, email_verified, hashed_password, name, first_name, last_name, wix_member_id, blocked, role, created_at) VALUES ('19c890eb541542429f6207424ee9681c', 'agood705@gmail.com', 1, '', '', '', '', NULL, 0, 'member', '2024-12-31 23:49');

INSERT OR IGNORE INTO user (id, email, email_verified, hashed_password, name, first_name, last_name, wix_member_id, blocked, role, created_at) VALUES ('95c3ff4ff9ee434d916ff008b7d6af57', 'flowersfade@duck.com', 1, '', '', '', '', NULL, 0, 'member', '2025-01-02 01:36');
INSERT OR IGNORE INTO user_label (user_id, label) VALUES ('95c3ff4ff9ee434d916ff008b7d6af57', 'RRM Academy Members Group member');

INSERT OR IGNORE INTO user (id, email, email_verified, hashed_password, name, first_name, last_name, wix_member_id, blocked, role, created_at) VALUES ('3c76057f045d498e8926cad4eb0e31f4', 'hazelnutninetynine@gmail.com', 1, '', '', '', '', NULL, 0, 'member', '2024-12-31 11:10');

INSERT OR IGNORE INTO user (id, email, email_verified, hashed_password, name, first_name, last_name, wix_member_id, blocked, role, created_at) VALUES ('61712fa5dc574d72b6fd9f37dbd44701', 'cesaah@email.msmary.edu', 1, '', '', '', '', NULL, 0, 'member', '2024-12-31 09:55');

INSERT OR IGNORE INTO user (id, email, email_verified, hashed_password, name, first_name, last_name, wix_member_id, blocked, role, created_at) VALUES ('bf3ebad3434f428faa0aea1227d9eff0', 'allison.mhurley@gmail.com', 1, '', 'Allison Hurley', 'Allison', 'Hurley', NULL, 0, 'member', '2024-12-30 17:35');

INSERT OR IGNORE INTO user (id, email, email_verified, hashed_password, name, first_name, last_name, wix_member_id, blocked, role, created_at) VALUES ('584730aee2904dcca1ee25d73373f946', 'cameron.sisler@gmail.com', 1, '', '', '', '', NULL, 0, 'member', '2024-12-31 04:42');
INSERT OR IGNORE INTO user_label (user_id, label) VALUES ('584730aee2904dcca1ee25d73373f946', 'RRM Academy Members Group member');

INSERT OR IGNORE INTO user (id, email, email_verified, hashed_password, name, first_name, last_name, wix_member_id, blocked, role, created_at) VALUES ('92b9ccebdf9d4ba7b513a69ff569a7b1', 'car0lynann3.jpg@gmail.com', 1, '', 'Carrie Berendes', 'Carrie', 'Berendes', NULL, 0, 'member', '2024-12-30 22:53');

INSERT OR IGNORE INTO user (id, email, email_verified, hashed_password, name, first_name, last_name, wix_member_id, blocked, role, created_at) VALUES ('0165082d856f420b88b22033e52432da', 'julia.duggan8@gmail.com', 1, '', '', '', '', NULL, 0, 'member', '2024-12-30 20:00');

INSERT OR IGNORE INTO user (id, email, email_verified, hashed_password, name, first_name, last_name, wix_member_id, blocked, role, created_at) VALUES ('f6bfd8a371fc4063b73c9ce610165390', 'nng23@pm.me', 1, '', '', '', '', NULL, 0, 'member', '2025-01-02 02:46');

INSERT OR IGNORE INTO user (id, email, email_verified, hashed_password, name, first_name, last_name, wix_member_id, blocked, role, created_at) VALUES ('539f036e65ed42df9c10c15d55d448d0', 'annamjaros1@gmail.com', 1, '', 'Anna Jaros', 'Anna', 'Jaros', NULL, 0, 'member', '2025-01-01 00:05');

INSERT OR IGNORE INTO user (id, email, email_verified, hashed_password, name, first_name, last_name, wix_member_id, blocked, role, created_at) VALUES ('5101e5b1a993454292a371376303ae2f', 'monicaby@gmail.com', 1, '', '', '', '', NULL, 0, 'member', '2024-12-30 19:08');

INSERT OR IGNORE INTO user (id, email, email_verified, hashed_password, name, first_name, last_name, wix_member_id, blocked, role, created_at) VALUES ('37e25f3b35e5496dbd4a66f7aeade930', 'majaoglisic111@gmail.com', 1, '', '', '', '', NULL, 0, 'member', '2024-12-30 07:29');

INSERT OR IGNORE INTO user (id, email, email_verified, hashed_password, name, first_name, last_name, wix_member_id, blocked, role, created_at) VALUES ('68f13dcc76414d798c5876a9b1311477', 'joymarievb@gmail.com', 1, '', '', '', '', NULL, 0, 'member', '2025-01-02 02:17');

INSERT OR IGNORE INTO user (id, email, email_verified, hashed_password, name, first_name, last_name, wix_member_id, blocked, role, created_at) VALUES ('26979cf011f842f8b513f14df331fb0d', 'corrinmjones@gmail.com', 1, '', '', '', '', NULL, 0, 'member', '2024-12-31 00:47');

INSERT OR IGNORE INTO user (id, email, email_verified, hashed_password, name, first_name, last_name, wix_member_id, blocked, role, created_at) VALUES ('fcd16fdb979e4455a595c763c1cdbe51', 'keridilley@gmail.com', 1, '', '', '', '', NULL, 0, 'member', '2025-01-01 04:46');

INSERT OR IGNORE INTO user (id, email, email_verified, hashed_password, name, first_name, last_name, wix_member_id, blocked, role, created_at) VALUES ('1ae42af7c1124fde8dc36ec24a4cc299', 'pgramuntfarga@gmail.com', 1, '', 'PATRICIA GRAMUNT FARGA', 'PATRICIA', 'GRAMUNT FARGA', NULL, 0, 'member', '2024-12-31 23:48');

INSERT OR IGNORE INTO user (id, email, email_verified, hashed_password, name, first_name, last_name, wix_member_id, blocked, role, created_at) VALUES ('a60e2065391043259a188e0614e80484', 'sarahjanehenshall@hotmail.com', 1, '', '', '', '', NULL, 0, 'member', '2025-01-01 08:18');

INSERT OR IGNORE INTO user (id, email, email_verified, hashed_password, name, first_name, last_name, wix_member_id, blocked, role, created_at) VALUES ('70590dfc4bfd4f22a0597567728e736a', 'julianakury19@gmail.com', 1, '', 'Juliana Sheldon Kurywczak', 'Juliana', 'Sheldon Kurywczak', NULL, 0, 'member', '2025-01-01 23:42');

INSERT OR IGNORE INTO user (id, email, email_verified, hashed_password, name, first_name, last_name, wix_member_id, blocked, role, created_at) VALUES ('5a3668bf947f4fdab1339e409f5a78d2', 'crrosamond@gmail.com', 1, '', '', '', '', NULL, 0, 'member', '2025-01-01 03:45');

INSERT OR IGNORE INTO user (id, email, email_verified, hashed_password, name, first_name, last_name, wix_member_id, blocked, role, created_at) VALUES ('26240da6ca5c4b46a42f1b411798c15d', 'clairelcrosby@gmail.com', 1, '', '', '', '', NULL, 0, 'member', '2025-01-01 02:42');

INSERT OR IGNORE INTO user (id, email, email_verified, hashed_password, name, first_name, last_name, wix_member_id, blocked, role, created_at) VALUES ('2fbbcabb27fb4e14996d25384830e23a', 'irmapnnr@gmail.com', 1, '', '', '', '', NULL, 0, 'member', '2025-01-01 20:48');

INSERT OR IGNORE INTO user (id, email, email_verified, hashed_password, name, first_name, last_name, wix_member_id, blocked, role, created_at) VALUES ('11a5e1f034424df7b505aab83b7c684f', 'joannafritze@gmail.com', 1, '', '', '', '', NULL, 0, 'member', '2024-12-31 02:47');

INSERT OR IGNORE INTO user (id, email, email_verified, hashed_password, name, first_name, last_name, wix_member_id, blocked, role, created_at) VALUES ('1fb7bb22a55c44c1938e6d50c35be364', 'lauramack31@gmail.com', 1, '', '', '', '', NULL, 0, 'member', '2025-01-01 18:56');

INSERT OR IGNORE INTO user (id, email, email_verified, hashed_password, name, first_name, last_name, wix_member_id, blocked, role, created_at) VALUES ('241056c130344a5a9393544a6f79da51', 'cynthiafagelman@gmail.com', 1, '', 'Cynthia Fagelman', 'Cynthia', 'Fagelman', NULL, 0, 'member', '2024-12-30 22:40');

INSERT OR IGNORE INTO user (id, email, email_verified, hashed_password, name, first_name, last_name, wix_member_id, blocked, role, created_at) VALUES ('8453c456a59a4abca189ca0e78edd5a4', 'abigail.malzer@gmail.com', 1, '', '', '', '', NULL, 0, 'member', '2024-12-30 15:51');

INSERT OR IGNORE INTO user (id, email, email_verified, hashed_password, name, first_name, last_name, wix_member_id, blocked, role, created_at) VALUES ('885fdfa9a6c94e0d97589df54dfd9abf', 'shan5504@gmail.com', 1, '', '', '', '', NULL, 0, 'member', '2025-01-02 01:50');

INSERT OR IGNORE INTO user (id, email, email_verified, hashed_password, name, first_name, last_name, wix_member_id, blocked, role, created_at) VALUES ('2508b30467d749aeb80fa77472ec4e07', 'ammoore623@gmail.com', 1, '', '', '', '', NULL, 0, 'member', '2025-01-01 01:45');

INSERT OR IGNORE INTO user (id, email, email_verified, hashed_password, name, first_name, last_name, wix_member_id, blocked, role, created_at) VALUES ('779196e8f20046d7a22280ac334af925', 'hannah.reimer@hotmail.com', 1, '', '', '', '', NULL, 0, 'member', '2024-12-31 00:40');

INSERT OR IGNORE INTO user (id, email, email_verified, hashed_password, name, first_name, last_name, wix_member_id, blocked, role, created_at) VALUES ('cbcf9549ee394488b9656b48d3406f12', 'danielle.f.dejong@gmail.com', 1, '', '', '', '', NULL, 0, 'member', '2024-12-31 23:26');

INSERT OR IGNORE INTO user (id, email, email_verified, hashed_password, name, first_name, last_name, wix_member_id, blocked, role, created_at) VALUES ('e94b4fae0a324d3a90dea425eb0afb3d', 'mnvaez@yahoo.com', 1, '', '', '', '', NULL, 0, 'member', '2024-12-30 13:19');

INSERT OR IGNORE INTO user (id, email, email_verified, hashed_password, name, first_name, last_name, wix_member_id, blocked, role, created_at) VALUES ('ffaf3adfc7f7464a8ffa70d6b2d4ff92', 'whitneyhowse@hotmail.com', 1, '', '', '', '', NULL, 0, 'member', '2024-12-30 22:10');

INSERT OR IGNORE INTO user (id, email, email_verified, hashed_password, name, first_name, last_name, wix_member_id, blocked, role, created_at) VALUES ('480a4bd3e93d41d49bf28c5be7835c92', 'diguardijoy@icloud.com', 1, '', '', '', '', NULL, 0, 'member', '2024-12-31 03:21');

INSERT OR IGNORE INTO user (id, email, email_verified, hashed_password, name, first_name, last_name, wix_member_id, blocked, role, created_at) VALUES ('535fb1f23941472189ca8b4b690c9d7c', 'hmelcher94@gmail.com', 1, '', '', '', '', NULL, 0, 'member', '2024-12-31 03:30');

INSERT OR IGNORE INTO user (id, email, email_verified, hashed_password, name, first_name, last_name, wix_member_id, blocked, role, created_at) VALUES ('663089545de64dcba1db5608a508dc81', 'larkinmairead@gmail.com', 1, '', '', '', '', NULL, 0, 'member', '2025-01-01 22:49');

INSERT OR IGNORE INTO user (id, email, email_verified, hashed_password, name, first_name, last_name, wix_member_id, blocked, role, created_at) VALUES ('ea507ff374b24899bfacc33ac523a780', 'elizabeth.allen87@gmail.com', 1, '', '', '', '', NULL, 0, 'member', '2024-12-31 04:04');

INSERT OR IGNORE INTO user (id, email, email_verified, hashed_password, name, first_name, last_name, wix_member_id, blocked, role, created_at) VALUES ('657ec6e6f273473b8cf9c9b8adfbc80d', 'samcatgarrido@gmail.com', 1, '', '', '', '', NULL, 0, 'member', '2024-12-31 23:23');

INSERT OR IGNORE INTO user (id, email, email_verified, hashed_password, name, first_name, last_name, wix_member_id, blocked, role, created_at) VALUES ('c6676f90cd444673ad50819b6a335a5a', 'rachellepowers@hotmail.com', 1, '', '', '', '', NULL, 0, 'member', '2024-12-30 04:47');

INSERT OR IGNORE INTO user (id, email, email_verified, hashed_password, name, first_name, last_name, wix_member_id, blocked, role, created_at) VALUES ('bffbd081fee949929fb947004af21e19', 'mckenzie.mcadaragh@gmail.com', 1, '', 'McKenzie McAdaragh', 'McKenzie', 'McAdaragh', NULL, 0, 'member', '2025-01-01 19:20');

INSERT OR IGNORE INTO user (id, email, email_verified, hashed_password, name, first_name, last_name, wix_member_id, blocked, role, created_at) VALUES ('48c7cd5e64ec4e89bcb14f4898024342', 'crisia.alexandra@gmail.com', 1, '', '', '', '', NULL, 0, 'member', '2025-01-01 23:55');

INSERT OR IGNORE INTO user (id, email, email_verified, hashed_password, name, first_name, last_name, wix_member_id, blocked, role, created_at) VALUES ('d9360c5e6f084863845e01d78f91d389', 'abbie.rawls@gmail.com', 1, '', 'Abbie Malone', 'Abbie', 'Malone', NULL, 0, 'member', '2024-12-30 19:21');

INSERT OR IGNORE INTO user (id, email, email_verified, hashed_password, name, first_name, last_name, wix_member_id, blocked, role, created_at) VALUES ('c41d5b9cac524d40b866048b59a51b76', 'tpine71188@gmail.com', 1, '', '', '', '', NULL, 0, 'member', '2025-01-02 00:02');

INSERT OR IGNORE INTO user (id, email, email_verified, hashed_password, name, first_name, last_name, wix_member_id, blocked, role, created_at) VALUES ('86ff3549696248838e3be3472daeabdc', 'brookelange19@gmail.com', 1, '', '', '', '', NULL, 0, 'member', '2024-12-31 00:12');

INSERT OR IGNORE INTO user (id, email, email_verified, hashed_password, name, first_name, last_name, wix_member_id, blocked, role, created_at) VALUES ('6acd08b3d1bc464d9cf0467f47dbc1cb', 'moggieburke2017@gmail.com', 1, '', '', '', '', NULL, 0, 'member', '2024-12-30 07:16');

INSERT OR IGNORE INTO user (id, email, email_verified, hashed_password, name, first_name, last_name, wix_member_id, blocked, role, created_at) VALUES ('deb0a49ab84f4498b2f2772b4d310d63', 'ahrensplexus@gmail.com', 1, '', '', '', '', NULL, 0, 'member', '2024-12-30 19:20');

INSERT OR IGNORE INTO user (id, email, email_verified, hashed_password, name, first_name, last_name, wix_member_id, blocked, role, created_at) VALUES ('8dc491dc56ee4e608ae62c01f172a243', 'eyellets@hotmail.com', 1, '', '', '', '', NULL, 0, 'member', '2024-12-30 19:05');

INSERT OR IGNORE INTO user (id, email, email_verified, hashed_password, name, first_name, last_name, wix_member_id, blocked, role, created_at) VALUES ('e9999ce3010a4a34b6bc723154e9ae38', 'afatrustamova@gmail.com', 1, '', '', '', '', NULL, 0, 'member', '2025-01-01 13:56');

INSERT OR IGNORE INTO user (id, email, email_verified, hashed_password, name, first_name, last_name, wix_member_id, blocked, role, created_at) VALUES ('0595790485984c68a9429b61c07c420b', 'kayla.holtan@yahoo.com', 1, '', '', '', '', NULL, 0, 'member', '2025-01-01 21:59');

INSERT OR IGNORE INTO user (id, email, email_verified, hashed_password, name, first_name, last_name, wix_member_id, blocked, role, created_at) VALUES ('d79f90fa6f184ecabab4befc992b5bbd', 'rlorosz@gmail.com', 1, '', '', '', '', NULL, 0, 'member', '2025-01-01 20:01');

INSERT OR IGNORE INTO user (id, email, email_verified, hashed_password, name, first_name, last_name, wix_member_id, blocked, role, created_at) VALUES ('af2bd2625b6946648f0ff36aa7332a9f', 'joyceerixon@gmail.com', 1, '', 'Joyce Erixon', 'Joyce', 'Erixon', NULL, 0, 'member', '2024-12-30 16:05');

INSERT OR IGNORE INTO user (id, email, email_verified, hashed_password, name, first_name, last_name, wix_member_id, blocked, role, created_at) VALUES ('66253677836f4508b86d34e89e5dcb2e', 'debbiebuckley01@gmail.com', 1, '', '', '', '', NULL, 0, 'member', '2025-01-01 22:33');

INSERT OR IGNORE INTO user (id, email, email_verified, hashed_password, name, first_name, last_name, wix_member_id, blocked, role, created_at) VALUES ('6c3fe4359c454db49531bc9419e2b52f', 'emily.hannaman@gmail.com', 1, '', '', '', '', NULL, 0, 'member', '2024-12-31 20:02');

INSERT OR IGNORE INTO user (id, email, email_verified, hashed_password, name, first_name, last_name, wix_member_id, blocked, role, created_at) VALUES ('b7b63c01851f4268a39a8807639c3d69', 'gracieusette@gmail.com', 1, '', 'Gabrielle Falter', 'Gabrielle', 'Falter', NULL, 0, 'member', '2024-12-30 12:53');

INSERT OR IGNORE INTO user (id, email, email_verified, hashed_password, name, first_name, last_name, wix_member_id, blocked, role, created_at) VALUES ('cf56793e2a9142d2aa50c72ed5a77361', 'blankpagelettering@gmail.com', 1, '', '', '', '', NULL, 0, 'member', '2025-01-01 15:25');

INSERT OR IGNORE INTO user (id, email, email_verified, hashed_password, name, first_name, last_name, wix_member_id, blocked, role, created_at) VALUES ('ba694ed6d54a4231b02eb45fa17005e0', 'vvargo15@gmail.com', 1, '', '', '', '', NULL, 0, 'member', '2024-12-31 23:26');

INSERT OR IGNORE INTO user (id, email, email_verified, hashed_password, name, first_name, last_name, wix_member_id, blocked, role, created_at) VALUES ('040fd4d0bae6430b89656f5fa68bddab', 'bethmeyer3@yahoo.com', 1, '', '', '', '', NULL, 0, 'member', '2025-01-01 19:23');

INSERT OR IGNORE INTO user (id, email, email_verified, hashed_password, name, first_name, last_name, wix_member_id, blocked, role, created_at) VALUES ('34a1a0e66cb248d498f0213a609d6e84', 'dindiosj@hotmail.com', 1, '', '', '', '', NULL, 0, 'member', '2025-01-01 04:07');

INSERT OR IGNORE INTO user (id, email, email_verified, hashed_password, name, first_name, last_name, wix_member_id, blocked, role, created_at) VALUES ('37eb0c307e68435c9faa4a5e460b28d6', 'kimilindaman@gmail.com', 1, '', '', '', '', NULL, 0, 'member', '2025-01-01 22:47');

INSERT OR IGNORE INTO user (id, email, email_verified, hashed_password, name, first_name, last_name, wix_member_id, blocked, role, created_at) VALUES ('ee620f5e1b7e4ca995964426c650aa60', 'maria.grazzia.alvarez@gmail.com', 1, '', '', '', '', NULL, 0, 'member', '2024-12-30 18:48');

INSERT OR IGNORE INTO user (id, email, email_verified, hashed_password, name, first_name, last_name, wix_member_id, blocked, role, created_at) VALUES ('0b8ffb3fc93a47ac88d049ef77c4e56c', 'phillips.lottie@gmail.com', 1, '', '', '', '', NULL, 0, 'member', '2025-01-02 03:08');

INSERT OR IGNORE INTO user (id, email, email_verified, hashed_password, name, first_name, last_name, wix_member_id, blocked, role, created_at) VALUES ('1d1136d252e24a5e8d58a43bb8a88a17', 'mgoodling5@yahoo.com', 1, '', '', '', '', NULL, 0, 'member', '2025-01-02 01:51');

INSERT OR IGNORE INTO user (id, email, email_verified, hashed_password, name, first_name, last_name, wix_member_id, blocked, role, created_at) VALUES ('8af63ef98dc34e409e0e19507ff49309', 'merakim@hotmail.com', 1, '', 'Melissa Salazar', 'Melissa', 'Salazar', NULL, 0, 'member', '2024-12-31 03:30');

INSERT OR IGNORE INTO user (id, email, email_verified, hashed_password, name, first_name, last_name, wix_member_id, blocked, role, created_at) VALUES ('1475d78cb3ca4adab901d65dfb9c656d', 'maggiegraham3@gmail.com', 1, '', '', '', '', NULL, 0, 'member', '2024-12-31 13:19');

INSERT OR IGNORE INTO user (id, email, email_verified, hashed_password, name, first_name, last_name, wix_member_id, blocked, role, created_at) VALUES ('cb4abce0cd9a43c7a2effce6b9407801', 'cismerio23@gmail.com', 1, '', '', '', '', NULL, 0, 'member', '2024-12-31 07:02');

INSERT OR IGNORE INTO user (id, email, email_verified, hashed_password, name, first_name, last_name, wix_member_id, blocked, role, created_at) VALUES ('f373af412867498ba2afc4ab3f2cff07', 'doriw.floyd@gmail.com', 1, '', 'Dori Floyd', 'Dori', 'Floyd', NULL, 0, 'member', '2024-12-31 13:45');

INSERT OR IGNORE INTO user (id, email, email_verified, hashed_password, name, first_name, last_name, wix_member_id, blocked, role, created_at) VALUES ('52199ccbff6241a7ba608b3e79f4ba66', 'acgallenstein@gmail.com', 1, '', 'Ashley Gallenstein', 'Ashley', 'Gallenstein', NULL, 0, 'member', '2025-01-01 22:25');

INSERT OR IGNORE INTO user (id, email, email_verified, hashed_password, name, first_name, last_name, wix_member_id, blocked, role, created_at) VALUES ('65280724b309450fa53a9d27b73ab280', 'raveenab43015@gmail.com', 1, '', '', '', '', NULL, 0, 'member', '2024-12-31 10:32');

INSERT OR IGNORE INTO user (id, email, email_verified, hashed_password, name, first_name, last_name, wix_member_id, blocked, role, created_at) VALUES ('76b204308f1946f5bf9813a980f58022', 'aringholz95@gmail.com', 1, '', '', '', '', NULL, 0, 'member', '2024-12-31 23:20');

INSERT OR IGNORE INTO user (id, email, email_verified, hashed_password, name, first_name, last_name, wix_member_id, blocked, role, created_at) VALUES ('d45c7ad1e8a14e97851069edc811ef1b', 'maria.conzemius@gmail.com', 1, '', '', '', '', NULL, 0, 'member', '2025-01-01 05:19');

INSERT OR IGNORE INTO user (id, email, email_verified, hashed_password, name, first_name, last_name, wix_member_id, blocked, role, created_at) VALUES ('52fcf9df290d45bca4657e8465e30476', 'alexkincaid22@gmail.com', 1, '', 'Alexandra Kincaid', 'Alexandra', 'Kincaid', NULL, 0, 'member', '2024-12-31 02:34');

INSERT OR IGNORE INTO user (id, email, email_verified, hashed_password, name, first_name, last_name, wix_member_id, blocked, role, created_at) VALUES ('bf492350c0f64adaa9e132a5530fc972', 'kayla.antiel@gmail.com', 1, '', '', '', '', NULL, 0, 'member', '2025-01-02 00:52');

INSERT OR IGNORE INTO user (id, email, email_verified, hashed_password, name, first_name, last_name, wix_member_id, blocked, role, created_at) VALUES ('94ccb7d8f46246a6948f216158ef1a36', 'melissapaisley16@outlook.com', 1, '', '', '', '', NULL, 0, 'member', '2024-12-30 19:00');

INSERT OR IGNORE INTO user (id, email, email_verified, hashed_password, name, first_name, last_name, wix_member_id, blocked, role, created_at) VALUES ('488f3658d0034c7d9f3a403955f8f9f9', 'whiteladyofrohan.lotr@gmail.com', 1, '', '', '', '', NULL, 0, 'member', '2025-01-02 00:09');

INSERT OR IGNORE INTO user (id, email, email_verified, hashed_password, name, first_name, last_name, wix_member_id, blocked, role, created_at) VALUES ('6b739fc9a5a04eba99d912ef41b5223c', 'humbledtexanheart@gmail.com', 1, '', 'Sarah Gomez', 'Sarah', 'Gomez', NULL, 0, 'member', '2025-01-01 14:44');

INSERT OR IGNORE INTO user (id, email, email_verified, hashed_password, name, first_name, last_name, wix_member_id, blocked, role, created_at) VALUES ('1b61a896ca0342bcbe370db83408c72e', 'kasey.harrington@yahoo.com', 1, '', '', '', '', NULL, 0, 'member', '2024-12-30 16:10');

INSERT OR IGNORE INTO user (id, email, email_verified, hashed_password, name, first_name, last_name, wix_member_id, blocked, role, created_at) VALUES ('355ca079f8df4b6ba3882917d6d40464', 'hailealicia244@yahoo.com', 1, '', '', '', '', NULL, 0, 'member', '2024-12-31 21:56');

INSERT OR IGNORE INTO user (id, email, email_verified, hashed_password, name, first_name, last_name, wix_member_id, blocked, role, created_at) VALUES ('ee5652fb906c49cda3c5713de37eaf07', 'amy1emard@gmail.com', 1, '', '', '', '', NULL, 0, 'member', '2024-12-31 23:26');

INSERT OR IGNORE INTO user (id, email, email_verified, hashed_password, name, first_name, last_name, wix_member_id, blocked, role, created_at) VALUES ('344a7d7850154cfa8ba8126252a16a63', 'lizaour06@gmail.com', 1, '', '', '', '', NULL, 0, 'member', '2024-12-31 09:15');

INSERT OR IGNORE INTO user (id, email, email_verified, hashed_password, name, first_name, last_name, wix_member_id, blocked, role, created_at) VALUES ('cdac6088ac9240d4b71592cfa4b02bf0', 'alyssianorton@gmail.com', 1, '', 'Alyssia Norton', 'Alyssia', 'Norton', NULL, 0, 'member', '2024-12-31 03:39');

INSERT OR IGNORE INTO user (id, email, email_verified, hashed_password, name, first_name, last_name, wix_member_id, blocked, role, created_at) VALUES ('48030f9ade144befbd6d715fc13ce86d', 'charlottegriffin90@hotmail.co.uk', 1, '', '', '', '', NULL, 0, 'member', '2024-12-30 13:47');

INSERT OR IGNORE INTO user (id, email, email_verified, hashed_password, name, first_name, last_name, wix_member_id, blocked, role, created_at) VALUES ('86ac54ca80734e9596545397daa82c0a', 'kaitlynanderson148@gmail.com', 1, '', '', '', '', NULL, 0, 'member', '2024-12-31 01:59');

INSERT OR IGNORE INTO user (id, email, email_verified, hashed_password, name, first_name, last_name, wix_member_id, blocked, role, created_at) VALUES ('856d7c088b9949e28ff6a2e88afbce74', 'emma.thompson27@icloud.com', 1, '', '', '', '', NULL, 0, 'member', '2024-12-30 06:21');

INSERT OR IGNORE INTO user (id, email, email_verified, hashed_password, name, first_name, last_name, wix_member_id, blocked, role, created_at) VALUES ('7d41a05f003444c09719153053d185de', 'troach@udallas.edu', 1, '', 'Teresa Roach', 'Teresa', 'Roach', NULL, 0, 'member', '2024-12-30 06:17');

INSERT OR IGNORE INTO user (id, email, email_verified, hashed_password, name, first_name, last_name, wix_member_id, blocked, role, created_at) VALUES ('85308dde3cae4611bf27136a4cb6da29', 'kyn.dillon@gmail.com', 1, '', '', '', '', NULL, 0, 'member', '2024-12-31 23:41');

INSERT OR IGNORE INTO user (id, email, email_verified, hashed_password, name, first_name, last_name, wix_member_id, blocked, role, created_at) VALUES ('de636169ca224deeb46d6c32d710097d', 'jordangasick@gmail.com', 1, '', '', '', '', NULL, 0, 'member', '2025-01-01 01:08');

INSERT OR IGNORE INTO user (id, email, email_verified, hashed_password, name, first_name, last_name, wix_member_id, blocked, role, created_at) VALUES ('5d17ada0e6414338b22b6ab97a37600c', 'tacquaviva@gmail.com', 1, '', '', '', '', NULL, 0, 'member', '2025-01-01 22:59');

INSERT OR IGNORE INTO user (id, email, email_verified, hashed_password, name, first_name, last_name, wix_member_id, blocked, role, created_at) VALUES ('01cbae756d234a2386c9298dd82c5e81', 'mossyjunk123@gmail.com', 1, '', '', '', '', NULL, 0, 'member', '2025-01-01 22:05');

INSERT OR IGNORE INTO user (id, email, email_verified, hashed_password, name, first_name, last_name, wix_member_id, blocked, role, created_at) VALUES ('3cc1cb8a64ab4b908f0e5bc379df685e', 'jvolker@boonecentral.esu7.org', 1, '', '', '', '', NULL, 0, 'member', '2024-12-30 16:34');

INSERT OR IGNORE INTO user (id, email, email_verified, hashed_password, name, first_name, last_name, wix_member_id, blocked, role, created_at) VALUES ('84c14c993d284f8da9532afb99dddbac', 'sara.loghry@gmail.com', 1, '', '', '', '', NULL, 0, 'member', '2024-12-31 20:50');

INSERT OR IGNORE INTO user (id, email, email_verified, hashed_password, name, first_name, last_name, wix_member_id, blocked, role, created_at) VALUES ('68b287f6b13f473ebbc71b1271df415e', 'gvgarcia12@gmail.com', 1, '', 'Guadalupe Orozco', 'Guadalupe', 'Orozco', NULL, 0, 'member', '2024-12-31 20:03');
INSERT OR IGNORE INTO user_label (user_id, label) VALUES ('68b287f6b13f473ebbc71b1271df415e', 'RRM Academy Members Group member');

INSERT OR IGNORE INTO user (id, email, email_verified, hashed_password, name, first_name, last_name, wix_member_id, blocked, role, created_at) VALUES ('bdaac27868f74dc5b463c516237b68f8', 'annie.magnor94@gmail.com', 1, '', '', '', '', NULL, 0, 'member', '2024-12-31 00:47');

INSERT OR IGNORE INTO user (id, email, email_verified, hashed_password, name, first_name, last_name, wix_member_id, blocked, role, created_at) VALUES ('c740844783264d958c9f4ae822dec761', 'amanda.blohn@gmail.com', 1, '', '', '', '', NULL, 0, 'member', '2025-01-02 02:05');

INSERT OR IGNORE INTO user (id, email, email_verified, hashed_password, name, first_name, last_name, wix_member_id, blocked, role, created_at) VALUES ('b72b4c85fa094f5fbfc33bbb962ac9fe', 'sofiashobe@gmail.com', 1, '', 'Sofia Shobe', 'Sofia', 'Shobe', NULL, 0, 'member', '2025-01-01 03:47');

INSERT OR IGNORE INTO user (id, email, email_verified, hashed_password, name, first_name, last_name, wix_member_id, blocked, role, created_at) VALUES ('53199cbaed9143448c49d151747e2e49', 'ashley.looft22@gmail.com', 1, '', '', '', '', NULL, 0, 'member', '2025-01-01 04:40');

INSERT OR IGNORE INTO user (id, email, email_verified, hashed_password, name, first_name, last_name, wix_member_id, blocked, role, created_at) VALUES ('9eaeee71fc484997b9e77266891628dc', 'melissahickey812@gmail.com', 1, '', '', '', '', NULL, 0, 'member', '2024-12-31 04:02');

INSERT OR IGNORE INTO user (id, email, email_verified, hashed_password, name, first_name, last_name, wix_member_id, blocked, role, created_at) VALUES ('9611a33bb08549d18502b158f3a17d74', 'ashhaigh13@gmail.com', 1, '', 'Ash Haigh', 'Ash', 'Haigh', NULL, 0, 'member', '2024-12-30 06:02');

INSERT OR IGNORE INTO user (id, email, email_verified, hashed_password, name, first_name, last_name, wix_member_id, blocked, role, created_at) VALUES ('895657c9aae346c5abaeb5327b9c7e40', 'rachelatroche@gmail.com', 1, '', '', '', '', NULL, 0, 'member', '2025-01-01 03:29');

INSERT OR IGNORE INTO user (id, email, email_verified, hashed_password, name, first_name, last_name, wix_member_id, blocked, role, created_at) VALUES ('21653d0dceab4436bfc9e6459502802c', 'mdegen1092@gmail.com', 1, '', '', '', '', NULL, 0, 'member', '2024-12-31 02:41');

INSERT OR IGNORE INTO user (id, email, email_verified, hashed_password, name, first_name, last_name, wix_member_id, blocked, role, created_at) VALUES ('6dde447e26754f6fa4687e25984d1ae8', 'dmartinez189@gmail.com', 1, '', 'Diana G. Martinez', 'Diana G.', 'Martinez', NULL, 0, 'member', '2024-12-31 06:55');

INSERT OR IGNORE INTO user (id, email, email_verified, hashed_password, name, first_name, last_name, wix_member_id, blocked, role, created_at) VALUES ('56f24df43acc4f608cfb63bda7f0603e', 'paromis.ca@gmail.com', 1, '', '', '', '', NULL, 0, 'member', '2025-01-02 22:39');

INSERT OR IGNORE INTO user (id, email, email_verified, hashed_password, name, first_name, last_name, wix_member_id, blocked, role, created_at) VALUES ('9ff0513d5cb549a5baed8ca817379529', 'kat.copeland.10.14@gmail.com', 1, '', '', '', '', NULL, 0, 'member', '2025-01-02 04:35');

INSERT OR IGNORE INTO user (id, email, email_verified, hashed_password, name, first_name, last_name, wix_member_id, blocked, role, created_at) VALUES ('89ce606c3a2f456ca97d67d4fbd980ce', 'ricauxnoe@protonmail.com', 1, '', '', '', '', NULL, 0, 'member', '2025-01-02 08:09');

INSERT OR IGNORE INTO user (id, email, email_verified, hashed_password, name, first_name, last_name, wix_member_id, blocked, role, created_at) VALUES ('3f2233e8f0354d1d8afdd68e53f76acc', 'nmcdowall6@hotmail.com', 1, '', '', '', '', NULL, 0, 'member', '2025-01-02 22:00');

INSERT OR IGNORE INTO user (id, email, email_verified, hashed_password, name, first_name, last_name, wix_member_id, blocked, role, created_at) VALUES ('5aef68e1bfaa4ca88fb87a4eaf688950', 'alexis.oneill11@gmail.com', 1, '', 'Alexis O''Neill', 'Alexis', 'O''Neill', NULL, 0, 'member', '2025-01-02 03:39');

INSERT OR IGNORE INTO user (id, email, email_verified, hashed_password, name, first_name, last_name, wix_member_id, blocked, role, created_at) VALUES ('991cffaaea0344cb90a99c63514a7993', 'czechanka@gmail.com', 1, '', '', '', '', NULL, 0, 'member', '2025-01-03 08:42');

INSERT OR IGNORE INTO user (id, email, email_verified, hashed_password, name, first_name, last_name, wix_member_id, blocked, role, created_at) VALUES ('aeee314689a7416a8f6e86d241133f54', 'rebeccamarillingworth@outlook.com', 1, '', '', '', '', NULL, 0, 'member', '2025-01-03 10:19');

INSERT OR IGNORE INTO user (id, email, email_verified, hashed_password, name, first_name, last_name, wix_member_id, blocked, role, created_at) VALUES ('624ffe5eb8804566b3aac63d0f6cb755', 'maureencarroll.oconnor@gmail.com', 1, '', 'Maureen O''Connor', 'Maureen', 'O''Connor', NULL, 0, 'member', '2025-01-03 06:11');

INSERT OR IGNORE INTO user (id, email, email_verified, hashed_password, name, first_name, last_name, wix_member_id, blocked, role, created_at) VALUES ('4510e68a0eb942b6b7b9d85d54a7efa7', 'kremnitzer.k@gmail.com', 1, '', '', '', '', NULL, 0, 'member', '2025-01-03 01:23');

INSERT OR IGNORE INTO user (id, email, email_verified, hashed_password, name, first_name, last_name, wix_member_id, blocked, role, created_at) VALUES ('228e0b86fb8a4fbf8439396c48390e93', 'seoyoung.elaine@gmail.com', 1, '', 'Elaine L', 'Elaine', 'L', NULL, 0, 'member', '2025-01-02 07:18');

INSERT OR IGNORE INTO user (id, email, email_verified, hashed_password, name, first_name, last_name, wix_member_id, blocked, role, created_at) VALUES ('fd90e0d31a58421e9235fd4077e7850e', 'heathermsargent@gmail.com', 1, '', '', '', '', NULL, 0, 'member', '2025-01-03 03:46');

INSERT OR IGNORE INTO user (id, email, email_verified, hashed_password, name, first_name, last_name, wix_member_id, blocked, role, created_at) VALUES ('4eca966828674a9a9ef8037b22da3b22', 'laura_a_bailey@hotmail.co.uk', 1, '', '', '', '', NULL, 0, 'member', '2025-01-02 11:38');

INSERT OR IGNORE INTO user (id, email, email_verified, hashed_password, name, first_name, last_name, wix_member_id, blocked, role, created_at) VALUES ('8096c054d53f439e84015bce6d541b05', 'annikallorenz@gmail.com', 1, '', '', '', '', NULL, 0, 'member', '2025-01-02 04:01');

INSERT OR IGNORE INTO user (id, email, email_verified, hashed_password, name, first_name, last_name, wix_member_id, blocked, role, created_at) VALUES ('cb59700ad49a4d8aa4a8f3f4de3b25f1', 'gracesbutlerx@gmail.com', 1, '', '', '', '', NULL, 0, 'member', '2025-01-04 15:25');

INSERT OR IGNORE INTO user (id, email, email_verified, hashed_password, name, first_name, last_name, wix_member_id, blocked, role, created_at) VALUES ('204e8fe8cb864b66a37905cc328a1350', 'anhpnguyen95@gmail.com', 1, '', 'Anh Nguyen', 'Anh', 'Nguyen', NULL, 0, 'member', '2025-01-03 14:35');

INSERT OR IGNORE INTO user (id, email, email_verified, hashed_password, name, first_name, last_name, wix_member_id, blocked, role, created_at) VALUES ('81aed83ec390492e81373d0f7631c9a0', 'lisarachel87@gmail.com', 1, '', '', '', '', NULL, 0, 'member', '2025-01-02 04:40');
INSERT OR IGNORE INTO user_label (user_id, label) VALUES ('81aed83ec390492e81373d0f7631c9a0', 'RRM Academy Members Group member');

INSERT OR IGNORE INTO user (id, email, email_verified, hashed_password, name, first_name, last_name, wix_member_id, blocked, role, created_at) VALUES ('53f5c797911142a59df120d3fdd5b567', 'danaimperato@verizon.net', 1, '', '', '', '', NULL, 0, 'member', '2025-01-02 11:26');

INSERT OR IGNORE INTO user (id, email, email_verified, hashed_password, name, first_name, last_name, wix_member_id, blocked, role, created_at) VALUES ('481b5999e3514dddab8c6cd5978c41e7', 'annina.steiner@bluewin.ch', 1, '', '', '', '', NULL, 0, 'member', '2025-01-03 14:38');

INSERT OR IGNORE INTO user (id, email, email_verified, hashed_password, name, first_name, last_name, wix_member_id, blocked, role, created_at) VALUES ('1d968c4e3d3d454b8fd99b509de10c18', 'nat4nanny@gmail.com', 1, '', '', '', '', NULL, 0, 'member', '2025-01-03 15:06');

INSERT OR IGNORE INTO user (id, email, email_verified, hashed_password, name, first_name, last_name, wix_member_id, blocked, role, created_at) VALUES ('7d1c048fcf80432bbbf77c8b11a8f1ee', 'audreyk2045@gmail.com', 1, '', 'Audrey Baker', 'Audrey', 'Baker', NULL, 0, 'member', '2025-01-03 03:43');

INSERT OR IGNORE INTO user (id, email, email_verified, hashed_password, name, first_name, last_name, wix_member_id, blocked, role, created_at) VALUES ('c5a1e30fe73741a59818ac034def982f', 'elmuthig@gmail.com', 1, '', '', '', '', NULL, 0, 'member', '2025-01-02 13:42');

INSERT OR IGNORE INTO user (id, email, email_verified, hashed_password, name, first_name, last_name, wix_member_id, blocked, role, created_at) VALUES ('78e5213fee6344238d15ff517361c022', 'elkinsd01@gmail.com', 1, '', '', '', '', NULL, 0, 'member', '2025-01-02 21:14');
INSERT OR IGNORE INTO user_label (user_id, label) VALUES ('78e5213fee6344238d15ff517361c022', 'RRM Academy Members Group member');

INSERT OR IGNORE INTO user (id, email, email_verified, hashed_password, name, first_name, last_name, wix_member_id, blocked, role, created_at) VALUES ('96148244464747eba14180b874bf9a4c', 'meghan.elfelt@gmail.com', 1, '', '', '', '', NULL, 0, 'member', '2025-01-02 15:37');

INSERT OR IGNORE INTO user (id, email, email_verified, hashed_password, name, first_name, last_name, wix_member_id, blocked, role, created_at) VALUES ('546fe4faa79846779f43cc18e9d2b49c', 'wouldu_umm@yahoo.com', 1, '', '', '', '', NULL, 0, 'member', '2025-01-05 21:03');

INSERT OR IGNORE INTO user (id, email, email_verified, hashed_password, name, first_name, last_name, wix_member_id, blocked, role, created_at) VALUES ('f0f1121be96943dca94f0c34d9b9c10a', 'cfarnan14@gmail.com', 1, '', '', '', '', NULL, 0, 'member', '2025-01-03 07:02');

INSERT OR IGNORE INTO user (id, email, email_verified, hashed_password, name, first_name, last_name, wix_member_id, blocked, role, created_at) VALUES ('2676e228e4494d46b75ffd82b54a4427', 'meagancornely@gmail.com', 1, '', '', '', '', NULL, 0, 'member', '2025-01-02 17:38');

INSERT OR IGNORE INTO user (id, email, email_verified, hashed_password, name, first_name, last_name, wix_member_id, blocked, role, created_at) VALUES ('80e538996d574140b77f5a3c8b8dc4b4', 'amypearse1@hotmail.co.uk', 1, '', '', '', '', NULL, 0, 'member', '2025-01-02 21:11');

INSERT OR IGNORE INTO user (id, email, email_verified, hashed_password, name, first_name, last_name, wix_member_id, blocked, role, created_at) VALUES ('137039d7bf884ecca5712008ef41916c', 'emilym.sides@gmail.com', 1, '', 'Emily Barker', 'Emily', 'Barker', NULL, 0, 'member', '2025-01-02 18:00');

INSERT OR IGNORE INTO user (id, email, email_verified, hashed_password, name, first_name, last_name, wix_member_id, blocked, role, created_at) VALUES ('2b83a8e2faaa438f8d717cb8cc7c9af2', 'terrin_arestad@hotmail.com', 1, '', '', '', '', NULL, 0, 'member', '2025-01-02 04:22');

INSERT OR IGNORE INTO user (id, email, email_verified, hashed_password, name, first_name, last_name, wix_member_id, blocked, role, created_at) VALUES ('fba00dd5a410474b91156f1f85ef66a3', 'ashlie.nicole.johnson@gmail.com', 1, '', '', '', '', NULL, 0, 'member', '2025-01-03 00:02');

INSERT OR IGNORE INTO user (id, email, email_verified, hashed_password, name, first_name, last_name, wix_member_id, blocked, role, created_at) VALUES ('4dc757ebb3bd4d4f966a5987bd26b82d', 'nadinemcglynn@gmail.com', 1, '', 'Nadine Mcglynn', 'Nadine', 'Mcglynn', NULL, 0, 'member', '2025-01-05 15:41');

INSERT OR IGNORE INTO user (id, email, email_verified, hashed_password, name, first_name, last_name, wix_member_id, blocked, role, created_at) VALUES ('d7078afc325e4410af5ef4fe97b5b209', 'dawnj79@gmail.com', 1, '', '', '', '', NULL, 0, 'member', '2025-01-03 15:05');

INSERT OR IGNORE INTO user (id, email, email_verified, hashed_password, name, first_name, last_name, wix_member_id, blocked, role, created_at) VALUES ('706ef26d8e97474f8a0db6b66ee356af', 'kcjenkins96@gmail.com', 1, '', '', '', '', NULL, 0, 'member', '2025-01-02 17:01');
INSERT OR IGNORE INTO user_label (user_id, label) VALUES ('706ef26d8e97474f8a0db6b66ee356af', 'RRM Academy Members Group member');

INSERT OR IGNORE INTO user (id, email, email_verified, hashed_password, name, first_name, last_name, wix_member_id, blocked, role, created_at) VALUES ('af91c3287d914c5fb69e108c84b6a692', 'steinlageroxann@gmail.com', 1, '', '', '', '', NULL, 0, 'member', '2025-01-03 19:59');

INSERT OR IGNORE INTO user (id, email, email_verified, hashed_password, name, first_name, last_name, wix_member_id, blocked, role, created_at) VALUES ('e6b839b628094484a517714ba2c83826', 'rosebettaparmar@gmail.com', 1, '', '', '', '', NULL, 0, 'member', '2025-01-02 15:07');

INSERT OR IGNORE INTO user (id, email, email_verified, hashed_password, name, first_name, last_name, wix_member_id, blocked, role, created_at) VALUES ('84fa0aa98eaf4b62bbbc9a94a226c33a', 'jenna.harvell98@gmail.com', 1, '', '', '', '', NULL, 0, 'member', '2025-01-05 18:26');

INSERT OR IGNORE INTO user (id, email, email_verified, hashed_password, name, first_name, last_name, wix_member_id, blocked, role, created_at) VALUES ('be65e4f1434c4de0a755c63d25573b46', 'gabi_4224@hotmail.com', 1, '', '', '', '', NULL, 0, 'member', '2025-01-02 15:55');

INSERT OR IGNORE INTO user (id, email, email_verified, hashed_password, name, first_name, last_name, wix_member_id, blocked, role, created_at) VALUES ('b28b773839c2499d811cff69002fb3c6', 'andreagmathews@gmail.com', 1, '', 'Andrea Mathews', 'Andrea', 'Mathews', NULL, 0, 'member', '2025-01-02 04:13');

INSERT OR IGNORE INTO user (id, email, email_verified, hashed_password, name, first_name, last_name, wix_member_id, blocked, role, created_at) VALUES ('c99db78232a64dc2af8487c482c641b4', 'averiekrug@gmail.com', 1, '', 'Averie Krug', 'Averie', 'Krug', NULL, 0, 'member', '2025-01-03 03:44');

INSERT OR IGNORE INTO user (id, email, email_verified, hashed_password, name, first_name, last_name, wix_member_id, blocked, role, created_at) VALUES ('6f45bd94d5524fc8ab6b51520a3e4dd9', 'anastasiagoldys@gmail.com', 1, '', '', '', '', NULL, 0, 'member', '2025-01-02 05:59');

INSERT OR IGNORE INTO user (id, email, email_verified, hashed_password, name, first_name, last_name, wix_member_id, blocked, role, created_at) VALUES ('feb4cd3d92134ff887a965e169ea9695', 'lizzielou521@gmail.com', 1, '', '', '', '', NULL, 0, 'member', '2025-01-03 01:10');

INSERT OR IGNORE INTO user (id, email, email_verified, hashed_password, name, first_name, last_name, wix_member_id, blocked, role, created_at) VALUES ('37cf1a4ea44142f0b2b4bb7ca6940994', 'grace.emily.stark@gmail.com', 1, '', '', '', '', NULL, 0, 'member', '2025-01-03 02:52');

INSERT OR IGNORE INTO user (id, email, email_verified, hashed_password, name, first_name, last_name, wix_member_id, blocked, role, created_at) VALUES ('492c0bbeccd745c7b700d902fc35629e', 'eswaslike@gmail.com', 1, '', '', '', '', NULL, 0, 'member', '2025-01-02 13:54');

INSERT OR IGNORE INTO user (id, email, email_verified, hashed_password, name, first_name, last_name, wix_member_id, blocked, role, created_at) VALUES ('365b3313826c4c83827bf70047d79873', 'allisobolewski@gmail.com', 1, '', '', '', '', NULL, 0, 'member', '2025-01-02 14:30');

INSERT OR IGNORE INTO user (id, email, email_verified, hashed_password, name, first_name, last_name, wix_member_id, blocked, role, created_at) VALUES ('e5909c0f8cf444a681365dc4ba3cc5c4', 'bdaviesmorris@gmail.com', 1, '', '', '', '', NULL, 0, 'member', '2025-01-03 01:41');

INSERT OR IGNORE INTO user (id, email, email_verified, hashed_password, name, first_name, last_name, wix_member_id, blocked, role, created_at) VALUES ('0eecb3425c95474e986597d2090e5e63', 'jlwright290@gmail.com', 1, '', '', '', '', NULL, 0, 'member', '2025-01-02 06:56');

INSERT OR IGNORE INTO user (id, email, email_verified, hashed_password, name, first_name, last_name, wix_member_id, blocked, role, created_at) VALUES ('1acabf8503c34580bca7af696539a0b7', 'bfagerlee@gmail.com', 1, '', '', '', '', NULL, 0, 'member', '2025-01-02 05:18');

INSERT OR IGNORE INTO user (id, email, email_verified, hashed_password, name, first_name, last_name, wix_member_id, blocked, role, created_at) VALUES ('258fe27bb04b4ceb9c2b7ceebdfec64a', 'durrellka.gs@gmail.com', 1, '', '', '', '', NULL, 0, 'member', '2025-01-02 16:57');

INSERT OR IGNORE INTO user (id, email, email_verified, hashed_password, name, first_name, last_name, wix_member_id, blocked, role, created_at) VALUES ('ab95a7b0cb1b4a689c1a6fa13cb9d79d', 'jmmartin831@gmail.com', 1, '', 'Jennifer Martin', 'Jennifer', 'Martin', NULL, 0, 'member', '2025-01-02 17:32');

INSERT OR IGNORE INTO user (id, email, email_verified, hashed_password, name, first_name, last_name, wix_member_id, blocked, role, created_at) VALUES ('a77338f8edcf4f8ea0d5dcf99b308f2b', 'miaranck@yahoo.com', 1, '', '', '', '', NULL, 0, 'member', '2025-01-03 02:58');
INSERT OR IGNORE INTO user_label (user_id, label) VALUES ('a77338f8edcf4f8ea0d5dcf99b308f2b', 'Donor 👏');
INSERT OR IGNORE INTO user_label (user_id, label) VALUES ('a77338f8edcf4f8ea0d5dcf99b308f2b', 'Customers');
INSERT OR IGNORE INTO user_label (user_id, label) VALUES ('a77338f8edcf4f8ea0d5dcf99b308f2b', 'Save the Uterus Club 🏷️');
INSERT OR IGNORE INTO user_label (user_id, label) VALUES ('a77338f8edcf4f8ea0d5dcf99b308f2b', 'Save the Uterus Club Group member');
INSERT OR IGNORE INTO user_label (user_id, label) VALUES ('a77338f8edcf4f8ea0d5dcf99b308f2b', 'Uterus Member 🐻');

INSERT OR IGNORE INTO user (id, email, email_verified, hashed_password, name, first_name, last_name, wix_member_id, blocked, role, created_at) VALUES ('852a0b49b6b84fdd86f10d712dbbc398', 'lorynm.cervenka@gmail.com', 1, '', 'Loryn Cervenka', 'Loryn', 'Cervenka', NULL, 0, 'member', '2025-01-02 15:58');

INSERT OR IGNORE INTO user (id, email, email_verified, hashed_password, name, first_name, last_name, wix_member_id, blocked, role, created_at) VALUES ('d71f688fdeae4917bc71b097dfbf7ba9', 'kayla.welsh9@gmail.com', 1, '', '', '', '', NULL, 0, 'member', '2025-01-02 23:40');

INSERT OR IGNORE INTO user (id, email, email_verified, hashed_password, name, first_name, last_name, wix_member_id, blocked, role, created_at) VALUES ('086b24243bdc427b804cf244dfc773b6', 'catiedancer724@gmail.com', 1, '', 'Catie Cornetto', 'Catie', 'Cornetto', NULL, 0, 'member', '2025-01-04 01:01');

INSERT OR IGNORE INTO user (id, email, email_verified, hashed_password, name, first_name, last_name, wix_member_id, blocked, role, created_at) VALUES ('37152a53823c42239c5359a18282043f', 'margaretthumphrey@gmail.com', 1, '', '', '', '', NULL, 0, 'member', '2025-01-03 13:52');

INSERT OR IGNORE INTO user (id, email, email_verified, hashed_password, name, first_name, last_name, wix_member_id, blocked, role, created_at) VALUES ('f8dec8f072e74efdb2c38d0403c75f37', 'maria.monahan@yahoo.com', 1, '', '', '', '', NULL, 0, 'member', '2025-01-04 22:39');

INSERT OR IGNORE INTO user (id, email, email_verified, hashed_password, name, first_name, last_name, wix_member_id, blocked, role, created_at) VALUES ('171a0c23238c4743853d0704e65d7c82', 'mishlerc1994@gmail.com', 1, '', '', '', '', NULL, 0, 'member', '2025-01-03 11:08');

INSERT OR IGNORE INTO user (id, email, email_verified, hashed_password, name, first_name, last_name, wix_member_id, blocked, role, created_at) VALUES ('03527f6affba419081fcb397de59d384', 'ciararogers@gmail.com', 1, '', '', '', '', NULL, 0, 'member', '2025-01-05 18:05');

INSERT OR IGNORE INTO user (id, email, email_verified, hashed_password, name, first_name, last_name, wix_member_id, blocked, role, created_at) VALUES ('8c879e72b06849288a33014f817c7131', 'leahgbarry@gmail.com', 1, '', '', '', '', NULL, 0, 'member', '2025-01-03 12:56');

INSERT OR IGNORE INTO user (id, email, email_verified, hashed_password, name, first_name, last_name, wix_member_id, blocked, role, created_at) VALUES ('3e3c4178e0164cfabeab02bf7d2f2d83', 'kenziedroke@gmail.com', 1, '', '', '', '', NULL, 0, 'member', '2025-01-02 18:01');
INSERT OR IGNORE INTO user_label (user_id, label) VALUES ('3e3c4178e0164cfabeab02bf7d2f2d83', 'RRM Academy Members Group member');
INSERT OR IGNORE INTO user_label (user_id, label) VALUES ('3e3c4178e0164cfabeab02bf7d2f2d83', 'Endo Surgeon Workbook 🏷️');
INSERT OR IGNORE INTO user_label (user_id, label) VALUES ('3e3c4178e0164cfabeab02bf7d2f2d83', 'Masterclass Members Group member');
INSERT OR IGNORE INTO user_label (user_id, label) VALUES ('3e3c4178e0164cfabeab02bf7d2f2d83', 'Masterclass in Endometriosis and Surgery');
INSERT OR IGNORE INTO user_label (user_id, label) VALUES ('3e3c4178e0164cfabeab02bf7d2f2d83', 'Masterclass in Endometriosis & Surgery');
INSERT OR IGNORE INTO enrollment (id, user_id, course_id, enrolled_at) VALUES ('7f0798340e474f728a0d3173b7bc6180', '3e3c4178e0164cfabeab02bf7d2f2d83', 'masterclass-endo-surgery', '2025-01-02 18:01');

INSERT OR IGNORE INTO user (id, email, email_verified, hashed_password, name, first_name, last_name, wix_member_id, blocked, role, created_at) VALUES ('64d58dace14444788542fb3b2676aba4', 'stapper2@gmail.com', 1, '', '', '', '', NULL, 0, 'member', '2025-01-04 01:33');

INSERT OR IGNORE INTO user (id, email, email_verified, hashed_password, name, first_name, last_name, wix_member_id, blocked, role, created_at) VALUES ('ac4bd3ffb289438bacef2e6b8dc19c85', 'ashlingcroghan@hotmail.com', 1, '', '', '', '', NULL, 0, 'member', '2025-01-02 06:35');

INSERT OR IGNORE INTO user (id, email, email_verified, hashed_password, name, first_name, last_name, wix_member_id, blocked, role, created_at) VALUES ('8f36a8af6d3e4147a332858e600878cb', 'nathalieslingerland@hotmail.com', 1, '', '', '', '', NULL, 0, 'member', '2025-01-02 19:51');

INSERT OR IGNORE INTO user (id, email, email_verified, hashed_password, name, first_name, last_name, wix_member_id, blocked, role, created_at) VALUES ('8ef5cc63a03a408286f6808033d3711a', 'eh817@georgetown.edu', 1, '', 'Erica Hawkins', 'Erica', 'Hawkins', NULL, 0, 'member', '2025-01-02 08:21');

INSERT OR IGNORE INTO user (id, email, email_verified, hashed_password, name, first_name, last_name, wix_member_id, blocked, role, created_at) VALUES ('ea19cf7321304546ab162088736764a7', 'rosairis.rovira@gmail.com', 1, '', 'Rosa-Iris Rodriguez', 'Rosa-Iris', 'Rodriguez', NULL, 0, 'member', '2025-01-03 12:43');

INSERT OR IGNORE INTO user (id, email, email_verified, hashed_password, name, first_name, last_name, wix_member_id, blocked, role, created_at) VALUES ('243cc89b64d04a658d2b6867c371f000', 'olenaczepil@gmail.com', 1, '', 'olena czepil', 'olena', 'czepil', NULL, 0, 'member', '2025-01-02 05:15');

INSERT OR IGNORE INTO user (id, email, email_verified, hashed_password, name, first_name, last_name, wix_member_id, blocked, role, created_at) VALUES ('9213966c81ac46e7b6ad83a56502257c', 'caitgallens@gmail.com', 1, '', 'Caitlin Gallenstein', 'Caitlin', 'Gallenstein', NULL, 0, 'member', '2025-01-03 05:07');

INSERT OR IGNORE INTO user (id, email, email_verified, hashed_password, name, first_name, last_name, wix_member_id, blocked, role, created_at) VALUES ('09c924d6f1ee43f0b940ec5a53e5b588', 'georgiafox90@gmail.com', 1, '', 'Georgia Fox', 'Georgia', 'Fox', NULL, 0, 'member', '2025-01-04 07:40');

INSERT OR IGNORE INTO user (id, email, email_verified, hashed_password, name, first_name, last_name, wix_member_id, blocked, role, created_at) VALUES ('1e86bb2f18e84e7e8ba06b683db322ce', 'cndaniele2010@aol.com', 1, '', '', '', '', NULL, 0, 'member', '2025-01-02 05:48');

INSERT OR IGNORE INTO user (id, email, email_verified, hashed_password, name, first_name, last_name, wix_member_id, blocked, role, created_at) VALUES ('9d6909bbf94e4c78a2d9c0e8ba7e6475', 'ashyageetler@gmail.com', 1, '', '', '', '', NULL, 0, 'member', '2025-01-03 17:04');

INSERT OR IGNORE INTO user (id, email, email_verified, hashed_password, name, first_name, last_name, wix_member_id, blocked, role, created_at) VALUES ('88c7da656f39434abd5f4588a838a7ee', 'emmalswihura@gmail.com', 1, '', '', '', '', NULL, 0, 'member', '2025-01-02 14:44');

INSERT OR IGNORE INTO user (id, email, email_verified, hashed_password, name, first_name, last_name, wix_member_id, blocked, role, created_at) VALUES ('78f223c48af741ca9a7c9c6202f3a4f6', 'cassandrawelch17@gmail.com', 1, '', '', '', '', NULL, 0, 'member', '2025-01-02 09:10');

INSERT OR IGNORE INTO user (id, email, email_verified, hashed_password, name, first_name, last_name, wix_member_id, blocked, role, created_at) VALUES ('9ea69a53b1124ecca21c27d1f390128a', 'nickiferguson@hotmail.co.uk', 1, '', '', '', '', NULL, 0, 'member', '2025-01-05 00:07');

INSERT OR IGNORE INTO user (id, email, email_verified, hashed_password, name, first_name, last_name, wix_member_id, blocked, role, created_at) VALUES ('ae22104f9bf0494fad60da4f8bb9a89e', 'hannahllewellyn1@gmail.com', 1, '', '', '', '', NULL, 0, 'member', '2025-01-03 00:07');

INSERT OR IGNORE INTO user (id, email, email_verified, hashed_password, name, first_name, last_name, wix_member_id, blocked, role, created_at) VALUES ('e336bc065ca94f50809579874586ab2c', 'tikker.sara@outlook.com', 1, '', '', '', '', NULL, 0, 'member', '2025-01-04 22:47');

INSERT OR IGNORE INTO user (id, email, email_verified, hashed_password, name, first_name, last_name, wix_member_id, blocked, role, created_at) VALUES ('fd2bf6e79dbb4710944b09cc6437a8ac', 'mlw563@mail.usask.ca', 1, '', '', '', '', NULL, 0, 'member', '2025-01-02 22:33');

INSERT OR IGNORE INTO user (id, email, email_verified, hashed_password, name, first_name, last_name, wix_member_id, blocked, role, created_at) VALUES ('20d41c2d6ed74ae18c657053dc5c0a96', 'kayla.reed20@outlook.com', 1, '', '', '', '', NULL, 0, 'member', '2025-01-05 03:47');

INSERT OR IGNORE INTO user (id, email, email_verified, hashed_password, name, first_name, last_name, wix_member_id, blocked, role, created_at) VALUES ('96252bd72eef4e929471a56b16ad8470', 'mandaviggy@hotmail.com', 1, '', 'Amanda Walters', 'Amanda', 'Walters', NULL, 0, 'member', '2025-01-02 03:25');

INSERT OR IGNORE INTO user (id, email, email_verified, hashed_password, name, first_name, last_name, wix_member_id, blocked, role, created_at) VALUES ('dd6fc5d968924c3fb4160bc8a78fce53', 'kristensaks@gmail.com', 1, '', 'Kristen', 'Kristen', '', NULL, 0, 'member', '2025-01-02 13:31');

INSERT OR IGNORE INTO user (id, email, email_verified, hashed_password, name, first_name, last_name, wix_member_id, blocked, role, created_at) VALUES ('ad38da27921845c59944a5273284ebd0', 'naturalfertilitynutrition@gmail.com', 1, '', '', '', '', NULL, 0, 'member', '2025-01-03 02:58');

INSERT OR IGNORE INTO user (id, email, email_verified, hashed_password, name, first_name, last_name, wix_member_id, blocked, role, created_at) VALUES ('a976b8bfc02545aa806bc283404edb7c', 'maryrosedepp@gmail.com', 1, '', '', '', '', NULL, 0, 'member', '2025-01-03 07:14');

INSERT OR IGNORE INTO user (id, email, email_verified, hashed_password, name, first_name, last_name, wix_member_id, blocked, role, created_at) VALUES ('5c0b38ff8b1c4a1ea6457a2f095e4a31', 'ellen.fang@gmail.com', 1, '', 'Elle Fang', 'Elle', 'Fang', NULL, 0, 'member', '2025-01-02 16:58');

INSERT OR IGNORE INTO user (id, email, email_verified, hashed_password, name, first_name, last_name, wix_member_id, blocked, role, created_at) VALUES ('5fdd22b4af5f495699953746955aecfc', 'rwarner119@gmail.com', 1, '', '', '', '', NULL, 0, 'member', '2025-01-02 14:32');

INSERT OR IGNORE INTO user (id, email, email_verified, hashed_password, name, first_name, last_name, wix_member_id, blocked, role, created_at) VALUES ('cf51078754b44341aa44df042f1523c5', 'lmkerlin@gmail.com', 1, '', 'Lindsey Kerlin', 'Lindsey', 'Kerlin', NULL, 0, 'member', '2025-01-02 19:37');

INSERT OR IGNORE INTO user (id, email, email_verified, hashed_password, name, first_name, last_name, wix_member_id, blocked, role, created_at) VALUES ('de35c5a71a764efc9c2f5ae897cd3c98', 'louismeusmaureen@yahoo.com', 1, '', '', '', '', NULL, 0, 'member', '2025-01-03 16:29');

INSERT OR IGNORE INTO user (id, email, email_verified, hashed_password, name, first_name, last_name, wix_member_id, blocked, role, created_at) VALUES ('59b2053becc14500b9711433deb546f7', 'e.roblee@gmail.com', 1, '', 'Emily Roblee', 'Emily', 'Roblee', NULL, 0, 'member', '2025-01-02 16:58');

INSERT OR IGNORE INTO user (id, email, email_verified, hashed_password, name, first_name, last_name, wix_member_id, blocked, role, created_at) VALUES ('8521bf35af9e4d0999a3131dcb0b1675', 'florentina_14_fl@hotmail.com', 1, '', '', '', '', NULL, 0, 'member', '2025-01-03 04:30');

INSERT OR IGNORE INTO user (id, email, email_verified, hashed_password, name, first_name, last_name, wix_member_id, blocked, role, created_at) VALUES ('a2859d89ea87478fa7dac11d23e42a94', 'meagan.mchugh09@gmail.com', 1, '', '', '', '', NULL, 0, 'member', '2025-01-05 12:08');

INSERT OR IGNORE INTO user (id, email, email_verified, hashed_password, name, first_name, last_name, wix_member_id, blocked, role, created_at) VALUES ('0d214c8598f645aba362109d5fe400f9', 'brie.porter@outlook.com', 1, '', '', '', '', NULL, 0, 'member', '2025-01-02 16:30');

INSERT OR IGNORE INTO user (id, email, email_verified, hashed_password, name, first_name, last_name, wix_member_id, blocked, role, created_at) VALUES ('f1085cf6b5134080964b230ff33b5b9e', 'lauraclimbs@outlook.com', 1, '', '', '', '', NULL, 0, 'member', '2025-01-03 05:06');

INSERT OR IGNORE INTO user (id, email, email_verified, hashed_password, name, first_name, last_name, wix_member_id, blocked, role, created_at) VALUES ('eaf6f147396f48728cce60295620a22b', 'kristinlagergren@gmail.com', 1, '', '', '', '', NULL, 0, 'member', '2025-01-02 04:05');

INSERT OR IGNORE INTO user (id, email, email_verified, hashed_password, name, first_name, last_name, wix_member_id, blocked, role, created_at) VALUES ('37fb119c8c84483ab6eb469f5d0a3e91', 'kristachernoff@gmail.com', 1, '', 'Krista Chernoff', 'Krista', 'Chernoff', NULL, 0, 'member', '2025-01-03 21:08');

INSERT OR IGNORE INTO user (id, email, email_verified, hashed_password, name, first_name, last_name, wix_member_id, blocked, role, created_at) VALUES ('26b9d46d082a4f46a8a6620c36f5d530', 'tinlin.j@gmail.com', 1, '', 'Jessica Barker', 'Jessica', 'Barker', NULL, 0, 'member', '2025-01-03 07:15');

INSERT OR IGNORE INTO user (id, email, email_verified, hashed_password, name, first_name, last_name, wix_member_id, blocked, role, created_at) VALUES ('67ec429bfc5b4e2885c47de1ddaf67db', 'rosen.rachael2@gmail.com', 1, '', '', '', '', NULL, 0, 'member', '2025-01-03 07:35');
INSERT OR IGNORE INTO user_label (user_id, label) VALUES ('67ec429bfc5b4e2885c47de1ddaf67db', 'RRM Academy Members Group member');

INSERT OR IGNORE INTO user (id, email, email_verified, hashed_password, name, first_name, last_name, wix_member_id, blocked, role, created_at) VALUES ('7c481ef142c645b197649d2761ac43a7', 'sarahtalleyw@gmail.com', 1, '', '', '', '', NULL, 0, 'member', '2025-01-02 20:23');

INSERT OR IGNORE INTO user (id, email, email_verified, hashed_password, name, first_name, last_name, wix_member_id, blocked, role, created_at) VALUES ('2a435bc2e2334a9880cce785f529509b', 'valerie8117@aol.com', 1, '', '', '', '', NULL, 0, 'member', '2025-01-02 03:28');

INSERT OR IGNORE INTO user (id, email, email_verified, hashed_password, name, first_name, last_name, wix_member_id, blocked, role, created_at) VALUES ('25a348c2a14d4235a831208ba0babfd6', 'karadetsch@yahoo.com', 1, '', '', '', '', NULL, 0, 'member', '2025-01-02 21:59');

INSERT OR IGNORE INTO user (id, email, email_verified, hashed_password, name, first_name, last_name, wix_member_id, blocked, role, created_at) VALUES ('07c601d21d6c4afeb387bb87071b4bf5', 'innachka15@hotmail.com', 1, '', 'Inna Legun', 'Inna', 'Legun', NULL, 0, 'member', '2025-01-05 04:38');

INSERT OR IGNORE INTO user (id, email, email_verified, hashed_password, name, first_name, last_name, wix_member_id, blocked, role, created_at) VALUES ('dbe0d7e636ae46a7af04fe7e62e0a652', 'karintegr@hotmail.com', 1, '', '', '', '', NULL, 0, 'member', '2025-01-03 07:50');

INSERT OR IGNORE INTO user (id, email, email_verified, hashed_password, name, first_name, last_name, wix_member_id, blocked, role, created_at) VALUES ('a968174675164729bf3d1bab7d87962f', 'stevieleehowell@y7mail.com', 1, '', '', '', '', NULL, 0, 'member', '2025-01-02 14:58');

INSERT OR IGNORE INTO user (id, email, email_verified, hashed_password, name, first_name, last_name, wix_member_id, blocked, role, created_at) VALUES ('640c4c9533b54684b911ccb527c113bb', 'cmatrisian@albertus.edu', 1, '', '', '', '', NULL, 0, 'member', '2025-01-03 02:43');

INSERT OR IGNORE INTO user (id, email, email_verified, hashed_password, name, first_name, last_name, wix_member_id, blocked, role, created_at) VALUES ('6959b902953e4e5586995ac225f02679', 'allielpevans@gmail.com', 1, '', '', '', '', NULL, 0, 'member', '2025-01-10 13:26');

INSERT OR IGNORE INTO user (id, email, email_verified, hashed_password, name, first_name, last_name, wix_member_id, blocked, role, created_at) VALUES ('e6964633cd6241deba85f8a6f8797874', 'tbmorris27@gmail.com', 1, '', '', '', '', NULL, 0, 'member', '2025-01-11 15:31');

INSERT OR IGNORE INTO user (id, email, email_verified, hashed_password, name, first_name, last_name, wix_member_id, blocked, role, created_at) VALUES ('405ccb5daab74727ac50bdf5caa5cf05', 'mrs.riley2022@aol.com', 1, '', '', '', '', NULL, 0, 'member', '2025-01-14 17:08');

INSERT OR IGNORE INTO user (id, email, email_verified, hashed_password, name, first_name, last_name, wix_member_id, blocked, role, created_at) VALUES ('a7f3746f96754b63b815acee2eab8dca', 'kmedwards428@gmail.com', 1, '', '', '', '', NULL, 0, 'member', '2025-01-10 18:55');

INSERT OR IGNORE INTO user (id, email, email_verified, hashed_password, name, first_name, last_name, wix_member_id, blocked, role, created_at) VALUES ('f4d88fdfee45468394058fb67e0fd4ee', 'yc2112@pcom.edu', 1, '', 'Yohanna Concepcion', 'Yohanna', 'Concepcion', NULL, 0, 'member', '2025-01-08 19:31');

INSERT OR IGNORE INTO user (id, email, email_verified, hashed_password, name, first_name, last_name, wix_member_id, blocked, role, created_at) VALUES ('ccd5e70d2cb7440cb9f5f7d6606835c7', 'orapronobis2008@gmail.com', 1, '', 'Ashley LB', 'Ashley', 'LB', NULL, 0, 'member', '2025-01-11 20:14');

INSERT OR IGNORE INTO user (id, email, email_verified, hashed_password, name, first_name, last_name, wix_member_id, blocked, role, created_at) VALUES ('c449a9227d1e46d3abb16524c8d1d506', 'bethany_61@hotmail.com', 1, '', '', '', '', NULL, 0, 'member', '2025-01-11 00:15');

INSERT OR IGNORE INTO user (id, email, email_verified, hashed_password, name, first_name, last_name, wix_member_id, blocked, role, created_at) VALUES ('4e196fd29a0b4730bdef41740c35d0f6', 'mrivera137@gmail.com', 1, '', '', '', '', NULL, 0, 'member', '2025-01-11 15:00');

INSERT OR IGNORE INTO user (id, email, email_verified, hashed_password, name, first_name, last_name, wix_member_id, blocked, role, created_at) VALUES ('3de8cf337c4c4b43958f2eac31ef057b', 'amcsmith26@gmail.com', 1, '', '', '', '', NULL, 0, 'member', '2025-01-14 18:59');

INSERT OR IGNORE INTO user (id, email, email_verified, hashed_password, name, first_name, last_name, wix_member_id, blocked, role, created_at) VALUES ('ea5cf251264d4475a8037274c8e31497', 'howsebelle@gmail.com', 1, '', '', '', '', NULL, 0, 'member', '2025-01-11 04:33');

INSERT OR IGNORE INTO user (id, email, email_verified, hashed_password, name, first_name, last_name, wix_member_id, blocked, role, created_at) VALUES ('237895b435894453a0d23cec861c69a0', 'gskokna01@gmail.com', 1, '', '', '', '', NULL, 0, 'member', '2025-01-10 22:23');

INSERT OR IGNORE INTO user (id, email, email_verified, hashed_password, name, first_name, last_name, wix_member_id, blocked, role, created_at) VALUES ('f1f24b311fc1400d950cd386cc3ac6aa', 'bjwimer63@gmail.com', 1, '', 'Barbara Wimer', 'Barbara', 'Wimer', NULL, 0, 'member', '2025-01-09 17:04');

INSERT OR IGNORE INTO user (id, email, email_verified, hashed_password, name, first_name, last_name, wix_member_id, blocked, role, created_at) VALUES ('a7c0f8196e114d70831b098511aec815', 'sydniemileham@gmail.com', 1, '', 'Sydnie Mileham', 'Sydnie', 'Mileham', NULL, 0, 'member', '2025-01-11 19:50');
INSERT OR IGNORE INTO user_label (user_id, label) VALUES ('a7c0f8196e114d70831b098511aec815', 'RRM Academy Members Group member');

INSERT OR IGNORE INTO user (id, email, email_verified, hashed_password, name, first_name, last_name, wix_member_id, blocked, role, created_at) VALUES ('49149238349c466f8e24ed9561690785', 'shannonmcgann121@gmail.com', 1, '', 'shannon mcgann', 'shannon', 'mcgann', NULL, 0, 'member', '2025-01-10 18:47');

INSERT OR IGNORE INTO user (id, email, email_verified, hashed_password, name, first_name, last_name, wix_member_id, blocked, role, created_at) VALUES ('be1c0e5604024a6bbcfea1c8df0eef9a', 'themacfam21@icloud.com', 1, '', '', '', '', NULL, 0, 'member', '2025-01-14 14:55');

INSERT OR IGNORE INTO user (id, email, email_verified, hashed_password, name, first_name, last_name, wix_member_id, blocked, role, created_at) VALUES ('4cec5ea40343439da9548b253bbe9400', 'mahyeah@gmail.com', 1, '', 'Mahyeah bak', 'Mahyeah', 'bak', NULL, 0, 'member', '2025-01-06 19:51');

INSERT OR IGNORE INTO user (id, email, email_verified, hashed_password, name, first_name, last_name, wix_member_id, blocked, role, created_at) VALUES ('023286f77afa462192d423357f101334', 'bryanna110702@gmail.com', 1, '', '', '', '', NULL, 0, 'member', '2025-01-06 21:16');

INSERT OR IGNORE INTO user (id, email, email_verified, hashed_password, name, first_name, last_name, wix_member_id, blocked, role, created_at) VALUES ('2413efcb691b41c5b9befc86d0a65f1f', 'elizabethian17@gmail.com', 1, '', '', '', '', NULL, 0, 'member', '2025-01-13 06:21');

INSERT OR IGNORE INTO user (id, email, email_verified, hashed_password, name, first_name, last_name, wix_member_id, blocked, role, created_at) VALUES ('e47b6899c40a4d8fb3100a940c548ba1', 'jennyclairebrooks@gmail.com', 1, '', '', '', '', NULL, 0, 'member', '2025-01-10 16:33');

INSERT OR IGNORE INTO user (id, email, email_verified, hashed_password, name, first_name, last_name, wix_member_id, blocked, role, created_at) VALUES ('dab5bd853d694559ad80b9995395b762', 'flaxyteam77@gmail.com', 1, '', '', '', '', NULL, 1, 'member', '2025-01-09 15:19');
INSERT OR IGNORE INTO user_label (user_id, label) VALUES ('dab5bd853d694559ad80b9995395b762', 'Spam 🛑');

INSERT OR IGNORE INTO user (id, email, email_verified, hashed_password, name, first_name, last_name, wix_member_id, blocked, role, created_at) VALUES ('d49f073bba8c46e7a155cda4b592c087', 'dinikab7@yahoo.com', 1, '', '', '', '', NULL, 0, 'member', '2025-01-10 17:01');

INSERT OR IGNORE INTO user (id, email, email_verified, hashed_password, name, first_name, last_name, wix_member_id, blocked, role, created_at) VALUES ('59c938d272bb4534b1a1ea22676fd19d', 'saccardo717@gmail.com', 1, '', '', '', '', NULL, 0, 'member', '2025-01-11 01:07');

INSERT OR IGNORE INTO user (id, email, email_verified, hashed_password, name, first_name, last_name, wix_member_id, blocked, role, created_at) VALUES ('5ae0271d95554964ae5de5caf1d62d86', 'mrskatiedowning@gmail.com', 1, '', '', '', '', NULL, 0, 'member', '2025-01-11 02:27');

INSERT OR IGNORE INTO user (id, email, email_verified, hashed_password, name, first_name, last_name, wix_member_id, blocked, role, created_at) VALUES ('6349eabeef2047e8a629fef67a5531b2', 'courtneym710@yahoo.com', 1, '', '', '', '', NULL, 0, 'member', '2025-01-10 23:34');

INSERT OR IGNORE INTO user (id, email, email_verified, hashed_password, name, first_name, last_name, wix_member_id, blocked, role, created_at) VALUES ('a9ebe439641743749a47013e7b40f789', 'ginaspaight@hotmail.com', 1, '', '', '', '', NULL, 0, 'member', '2025-01-10 16:03');

INSERT OR IGNORE INTO user (id, email, email_verified, hashed_password, name, first_name, last_name, wix_member_id, blocked, role, created_at) VALUES ('6c4be91ce52d438d8143a0c260cb2a26', 'prolifegirl_horses@yahoo.com', 1, '', 'Amee McCue', 'Amee', 'McCue', NULL, 0, 'member', '2025-01-14 21:11');

INSERT OR IGNORE INTO user (id, email, email_verified, hashed_password, name, first_name, last_name, wix_member_id, blocked, role, created_at) VALUES ('4a2a92a05a294f2d9b60742348b03f57', 'jmrand@gmail.com', 1, '', '', '', '', NULL, 0, 'member', '2025-01-08 22:36');

INSERT OR IGNORE INTO user (id, email, email_verified, hashed_password, name, first_name, last_name, wix_member_id, blocked, role, created_at) VALUES ('253ccf9a755d4011a77996302e06dd19', 'taylorashtonx@gmail.com', 1, '', 'Taylor Ringer', 'Taylor', 'Ringer', NULL, 0, 'member', '2025-01-11 10:51');

INSERT OR IGNORE INTO user (id, email, email_verified, hashed_password, name, first_name, last_name, wix_member_id, blocked, role, created_at) VALUES ('928aa17d1e524acc8766abcc7761c1d0', 'carolina.gonzalez.pizarro@gmail.com', 1, '', 'carolina gonzalez pizarro', 'carolina', 'gonzalez pizarro', NULL, 0, 'member', '2025-01-09 21:00');

INSERT OR IGNORE INTO user (id, email, email_verified, hashed_password, name, first_name, last_name, wix_member_id, blocked, role, created_at) VALUES ('85b87f7d75864630857e5f7d6da53c28', 'arriannethompson@gmail.com', 1, '', '', '', '', NULL, 0, 'member', '2025-01-10 16:55');

INSERT OR IGNORE INTO user (id, email, email_verified, hashed_password, name, first_name, last_name, wix_member_id, blocked, role, created_at) VALUES ('1ce23cc2020c4389a90aa66c6f884b8e', 'lbedgar09@gmail.com', 1, '', 'Lori Beth', 'Lori', 'Beth', NULL, 0, 'member', '2025-01-10 14:23');

INSERT OR IGNORE INTO user (id, email, email_verified, hashed_password, name, first_name, last_name, wix_member_id, blocked, role, created_at) VALUES ('fb12f685f49549eba5c48176c797f060', 'ashtonjane0618@me.com', 1, '', '', '', '', NULL, 0, 'member', '2025-01-13 17:37');

INSERT OR IGNORE INTO user (id, email, email_verified, hashed_password, name, first_name, last_name, wix_member_id, blocked, role, created_at) VALUES ('8843937469b3403f894b494a5e4f25f9', 'michelle.wintering@gmail.com', 1, '', '', '', '', NULL, 0, 'member', '2025-01-09 21:54');

INSERT OR IGNORE INTO user (id, email, email_verified, hashed_password, name, first_name, last_name, wix_member_id, blocked, role, created_at) VALUES ('5afee94789ec4ce994d3ec85cb61c78c', 'michaela.niemeyer@gmail.com', 1, '', '', '', '', NULL, 0, 'member', '2025-01-11 13:11');

INSERT OR IGNORE INTO user (id, email, email_verified, hashed_password, name, first_name, last_name, wix_member_id, blocked, role, created_at) VALUES ('797aa3d98dd04d27a6523bc7164c5007', 'paygeme7@gmail.com', 1, '', '', '', '', NULL, 0, 'member', '2025-01-11 01:35');

INSERT OR IGNORE INTO user (id, email, email_verified, hashed_password, name, first_name, last_name, wix_member_id, blocked, role, created_at) VALUES ('db50d7ba282e42d1b8e18dfcbc0f88b0', 'kane.sha@northeastern.edu', 1, '', '', '', '', NULL, 0, 'member', '2025-01-07 21:17');

INSERT OR IGNORE INTO user (id, email, email_verified, hashed_password, name, first_name, last_name, wix_member_id, blocked, role, created_at) VALUES ('46eb687f195540d48be50fc130f6b541', 'ktcraig21@gmail.com', 1, '', '', '', '', NULL, 0, 'member', '2025-01-11 14:45');

INSERT OR IGNORE INTO user (id, email, email_verified, hashed_password, name, first_name, last_name, wix_member_id, blocked, role, created_at) VALUES ('e667b89eec964af198df02863e1f1120', 'beckyawestcott@gmail.com', 1, '', '', '', '', NULL, 0, 'member', '2025-01-08 01:58');

INSERT OR IGNORE INTO user (id, email, email_verified, hashed_password, name, first_name, last_name, wix_member_id, blocked, role, created_at) VALUES ('5cbf58bbe186406595dd65a796679666', 'sarah.m.messa@gmail.com', 1, '', 'Sarah Company Messa', 'Sarah', 'Company Messa', NULL, 0, 'member', '2025-01-06 18:28');

INSERT OR IGNORE INTO user (id, email, email_verified, hashed_password, name, first_name, last_name, wix_member_id, blocked, role, created_at) VALUES ('11769f1dcc1f4c1ca50cac3b03779bce', 'annamconte7@gmail.com', 1, '', 'Anna Conte', 'Anna', 'Conte', NULL, 0, 'member', '2025-01-10 14:27');

INSERT OR IGNORE INTO user (id, email, email_verified, hashed_password, name, first_name, last_name, wix_member_id, blocked, role, created_at) VALUES ('e97d93b542aa497fbe7fdcfad610fcf0', 'madhu.saidot@gmail.comm', 1, '', '', '', '', NULL, 0, 'member', '2025-01-07 22:09');

INSERT OR IGNORE INTO user (id, email, email_verified, hashed_password, name, first_name, last_name, wix_member_id, blocked, role, created_at) VALUES ('dde02fced522464d8ed9cca264f700cf', 'abbybell95@gmail.com', 1, '', '', '', '', NULL, 0, 'member', '2025-01-11 22:36');

INSERT OR IGNORE INTO user (id, email, email_verified, hashed_password, name, first_name, last_name, wix_member_id, blocked, role, created_at) VALUES ('d791dd51dc994f8a88e0af7a8b81182f', 'courtneymorgenthaler@gmail.com', 1, '', 'Courtney Morgenthaler', 'Courtney', 'Morgenthaler', NULL, 0, 'member', '2025-01-10 18:12');

INSERT OR IGNORE INTO user (id, email, email_verified, hashed_password, name, first_name, last_name, wix_member_id, blocked, role, created_at) VALUES ('1924054d0aba43b185cf20e3484c29cb', 'theprettymadscientist@gmail.com', 1, '', 'The Pretty Mad Scientist', 'The Pretty Mad', 'Scientist', NULL, 0, 'member', '2025-01-10 21:32');

INSERT OR IGNORE INTO user (id, email, email_verified, hashed_password, name, first_name, last_name, wix_member_id, blocked, role, created_at) VALUES ('bdcc30e7301e4d68890b4a0d3d02cf4d', 'haileyrcook@gmail.com', 1, '', '', '', '', NULL, 0, 'member', '2025-01-08 19:13');

INSERT OR IGNORE INTO user (id, email, email_verified, hashed_password, name, first_name, last_name, wix_member_id, blocked, role, created_at) VALUES ('da53920fa6a94f3b9019e6a24010d80c', 'kristin_mcgaw@hotmail.com', 1, '', '', '', '', NULL, 0, 'member', '2025-01-11 14:52');

INSERT OR IGNORE INTO user (id, email, email_verified, hashed_password, name, first_name, last_name, wix_member_id, blocked, role, created_at) VALUES ('d7556e70702d437c9505662b4bdb1721', 'katelynmarieflood@gmail.com', 1, '', 'Katelyn Ebberwein', 'Katelyn', 'Ebberwein', NULL, 0, 'member', '2025-01-11 14:48');

INSERT OR IGNORE INTO user (id, email, email_verified, hashed_password, name, first_name, last_name, wix_member_id, blocked, role, created_at) VALUES ('d622bb6813854ab58e9c5adbaa707cd1', 'marycelucas15@gmail.com', 1, '', '', '', '', NULL, 0, 'member', '2025-01-11 19:07');

INSERT OR IGNORE INTO user (id, email, email_verified, hashed_password, name, first_name, last_name, wix_member_id, blocked, role, created_at) VALUES ('243d891cc06d43468ec61909255170cb', 'nikachugaming24@gmail.com', 1, '', '', '', '', NULL, 0, 'member', '2025-01-11 05:18');

INSERT OR IGNORE INTO user (id, email, email_verified, hashed_password, name, first_name, last_name, wix_member_id, blocked, role, created_at) VALUES ('ea3f86dcfeba4f7da14ff1a593f5a67b', 'klamb002@gmail.com', 1, '', '', '', '', NULL, 0, 'member', '2025-01-11 00:06');

INSERT OR IGNORE INTO user (id, email, email_verified, hashed_password, name, first_name, last_name, wix_member_id, blocked, role, created_at) VALUES ('5f3ceaa261c84384bb861e7f18325a95', 'meganynclan@gmail.com', 1, '', '', '', '', NULL, 0, 'member', '2025-01-11 20:33');

INSERT OR IGNORE INTO user (id, email, email_verified, hashed_password, name, first_name, last_name, wix_member_id, blocked, role, created_at) VALUES ('e92cbd15e3ed43c799528313d85b76dd', 'o.faithpayne@gmail.com', 1, '', '', '', '', NULL, 0, 'member', '2025-01-07 02:53');

INSERT OR IGNORE INTO user (id, email, email_verified, hashed_password, name, first_name, last_name, wix_member_id, blocked, role, created_at) VALUES ('8940dc829e494884b0b4ad3081737314', 'lorenaninoj@gmail.com', 1, '', '', '', '', NULL, 0, 'member', '2025-01-09 23:48');

INSERT OR IGNORE INTO user (id, email, email_verified, hashed_password, name, first_name, last_name, wix_member_id, blocked, role, created_at) VALUES ('58e3aed20949487ba80f0a91ff4eb882', 'chelseagajadhar30@gmail.com', 1, '', '', '', '', NULL, 0, 'member', '2025-01-12 20:53');

INSERT OR IGNORE INTO user (id, email, email_verified, hashed_password, name, first_name, last_name, wix_member_id, blocked, role, created_at) VALUES ('0e7e9d6adb5c42168da589cdaeff282d', 'laurentc.hills@gmail.com', 1, '', '', '', '', NULL, 0, 'member', '2025-01-14 04:07');

INSERT OR IGNORE INTO user (id, email, email_verified, hashed_password, name, first_name, last_name, wix_member_id, blocked, role, created_at) VALUES ('11668e2985eb4330be0e9278bfd635f4', 'briannamccary@yahoo.com', 1, '', '', '', '', NULL, 0, 'member', '2025-01-11 00:18');

INSERT OR IGNORE INTO user (id, email, email_verified, hashed_password, name, first_name, last_name, wix_member_id, blocked, role, created_at) VALUES ('942f74ecd8e54894831e98bc7a9f4c59', 'ajsamone112301@gmail.com', 1, '', '', '', '', NULL, 0, 'member', '2025-01-08 17:37');

INSERT OR IGNORE INTO user (id, email, email_verified, hashed_password, name, first_name, last_name, wix_member_id, blocked, role, created_at) VALUES ('3a615b8383624ca88ac17e2c6dc9d079', 'mackenziemorris15@gmail.com', 1, '', '', '', '', NULL, 0, 'member', '2025-01-07 18:32');

INSERT OR IGNORE INTO user (id, email, email_verified, hashed_password, name, first_name, last_name, wix_member_id, blocked, role, created_at) VALUES ('4b9455f9bb0c40b497dd8821f4876a0b', 'myersbella06@gmail.com', 1, '', '', '', '', NULL, 0, 'member', '2025-01-08 20:11');

INSERT OR IGNORE INTO user (id, email, email_verified, hashed_password, name, first_name, last_name, wix_member_id, blocked, role, created_at) VALUES ('94519ce7989847cca9b9a97ea80bdadb', 'kathrynanneholmes@gmail.com', 1, '', '', '', '', NULL, 0, 'member', '2025-01-13 15:06');

INSERT OR IGNORE INTO user (id, email, email_verified, hashed_password, name, first_name, last_name, wix_member_id, blocked, role, created_at) VALUES ('9e3ee04e27bc4f5780c69a70e319b337', 'mgraham.fnp@gmail.com', 1, '', '', '', '', NULL, 0, 'member', '2025-01-07 21:29');

INSERT OR IGNORE INTO user (id, email, email_verified, hashed_password, name, first_name, last_name, wix_member_id, blocked, role, created_at) VALUES ('b1b40d60493e4ecb8a5987554368cf99', '20claireg@gmail.com', 1, '', '', '', '', NULL, 0, 'member', '2025-01-12 00:29');

INSERT OR IGNORE INTO user (id, email, email_verified, hashed_password, name, first_name, last_name, wix_member_id, blocked, role, created_at) VALUES ('4827fc35b31142278e474b701499c534', 'graysenfarrell@gmail.com', 1, '', '', '', '', NULL, 0, 'member', '2025-01-11 06:05');

INSERT OR IGNORE INTO user (id, email, email_verified, hashed_password, name, first_name, last_name, wix_member_id, blocked, role, created_at) VALUES ('677dd8cee4a848c593733e4f0d27af9c', 'dayjoely92@gmail.com', 1, '', '', '', '', NULL, 0, 'member', '2025-01-07 11:45');

INSERT OR IGNORE INTO user (id, email, email_verified, hashed_password, name, first_name, last_name, wix_member_id, blocked, role, created_at) VALUES ('1a808f5323664d1bbc2923fe171e4dcb', 'laura@moudry.net', 1, '', '', '', '', NULL, 0, 'member', '2025-01-10 17:12');

INSERT OR IGNORE INTO user (id, email, email_verified, hashed_password, name, first_name, last_name, wix_member_id, blocked, role, created_at) VALUES ('4f5999b0b912458588fd949333f59bdd', 'ashley_figueroa@ymail.com', 1, '', '', '', '', NULL, 0, 'member', '2025-01-10 22:12');

INSERT OR IGNORE INTO user (id, email, email_verified, hashed_password, name, first_name, last_name, wix_member_id, blocked, role, created_at) VALUES ('871763b5836b4660b2e5d18ee0212ebe', 'katariina.kits@gmail.com', 1, '', 'Katariina Kits-Reimal', 'Katariina', 'Kits-Reimal', NULL, 0, 'member', '2025-01-07 23:39');
INSERT OR IGNORE INTO user_label (user_id, label) VALUES ('871763b5836b4660b2e5d18ee0212ebe', 'RRM Academy Members Group member');
INSERT OR IGNORE INTO user_label (user_id, label) VALUES ('871763b5836b4660b2e5d18ee0212ebe', 'Long Term Endometriosis Management');
INSERT OR IGNORE INTO enrollment (id, user_id, course_id, enrolled_at) VALUES ('9242efc7014f4f6abc9a7e6662fc8c15', '871763b5836b4660b2e5d18ee0212ebe', 'long-term-endo-management', '2025-01-07 23:39');

INSERT OR IGNORE INTO user (id, email, email_verified, hashed_password, name, first_name, last_name, wix_member_id, blocked, role, created_at) VALUES ('e0b4d0e9a82b46f79953c69749d7bd15', 'theresa.felix14@yahoo.com', 1, '', 'Theresa Felix', 'Theresa', 'Felix', NULL, 0, 'member', '2025-01-07 17:56');

INSERT OR IGNORE INTO user (id, email, email_verified, hashed_password, name, first_name, last_name, wix_member_id, blocked, role, created_at) VALUES ('81456ca80c6b4bec887cb9686a81268a', 'emilyclaybourn@gmail.com', 1, '', '', '', '', NULL, 0, 'member', '2025-01-11 15:40');

INSERT OR IGNORE INTO user (id, email, email_verified, hashed_password, name, first_name, last_name, wix_member_id, blocked, role, created_at) VALUES ('6678b28af39745d4883f0254834ac55c', 'coltyn.hunter@gmail.com', 1, '', '', '', '', NULL, 0, 'member', '2025-01-11 15:04');

INSERT OR IGNORE INTO user (id, email, email_verified, hashed_password, name, first_name, last_name, wix_member_id, blocked, role, created_at) VALUES ('72354320dee44c10b1aa7be8b5619850', 'lbkist09@gmail.com', 1, '', 'Lori Kistle', 'Lori', 'Kistle', NULL, 0, 'member', '2025-01-11 00:19');
INSERT OR IGNORE INTO user_label (user_id, label) VALUES ('72354320dee44c10b1aa7be8b5619850', 'RRM Academy Members Group member');

INSERT OR IGNORE INTO user (id, email, email_verified, hashed_password, name, first_name, last_name, wix_member_id, blocked, role, created_at) VALUES ('a8a15623dca04856bde21bb702280af4', 'mesternefeld@gmail.com', 1, '', 'Marianna Erika', 'Marianna', 'Erika', NULL, 0, 'member', '2025-01-09 03:04');

INSERT OR IGNORE INTO user (id, email, email_verified, hashed_password, name, first_name, last_name, wix_member_id, blocked, role, created_at) VALUES ('1435e3b3ab7142e392212c9ab37076b2', 'lisagesterling@gmail.com', 1, '', '', '', '', NULL, 0, 'member', '2025-01-07 03:24');

INSERT OR IGNORE INTO user (id, email, email_verified, hashed_password, name, first_name, last_name, wix_member_id, blocked, role, created_at) VALUES ('5edaf17c756140fc85d822454e13ebbe', 'kelseyhenry96@yahoo.com', 1, '', '', '', '', NULL, 0, 'member', '2025-01-08 18:59');

INSERT OR IGNORE INTO user (id, email, email_verified, hashed_password, name, first_name, last_name, wix_member_id, blocked, role, created_at) VALUES ('f73747c3548d4e2eaf567d9b1797ac79', 'rachel.e.ampong@gmail.com', 1, '', '', '', '', NULL, 0, 'member', '2025-01-10 21:21');

INSERT OR IGNORE INTO user (id, email, email_verified, hashed_password, name, first_name, last_name, wix_member_id, blocked, role, created_at) VALUES ('a4239c2e42554e989406cd17fa0b8906', 'courtneyhiscutt1997@gmail.com', 1, '', 'Courtney Hiscutt', 'Courtney', 'Hiscutt', NULL, 0, 'member', '2025-01-09 20:59');

INSERT OR IGNORE INTO user (id, email, email_verified, hashed_password, name, first_name, last_name, wix_member_id, blocked, role, created_at) VALUES ('2e5977d0686343a2b2dec3d9937047e4', 'faithissblessed85@aol.com', 1, '', '', '', '', NULL, 0, 'member', '2025-01-10 23:34');

INSERT OR IGNORE INTO user (id, email, email_verified, hashed_password, name, first_name, last_name, wix_member_id, blocked, role, created_at) VALUES ('d73cf7effb80404b8145e17930153d16', 'esgolde@gmail.com', 1, '', '', '', '', NULL, 0, 'member', '2025-01-07 10:35');

INSERT OR IGNORE INTO user (id, email, email_verified, hashed_password, name, first_name, last_name, wix_member_id, blocked, role, created_at) VALUES ('a6e0decb249f4cca9ef3cc992b537451', 'angelaolson6@gmail.com', 1, '', '', '', '', NULL, 0, 'member', '2025-01-10 18:24');

INSERT OR IGNORE INTO user (id, email, email_verified, hashed_password, name, first_name, last_name, wix_member_id, blocked, role, created_at) VALUES ('fc6a9e561c954f39b6a6bac2740c4f63', 'carly11jo@gmail.com', 1, '', 'Carly Magnotta', 'Carly', 'Magnotta', NULL, 0, 'member', '2025-01-10 01:15');

INSERT OR IGNORE INTO user (id, email, email_verified, hashed_password, name, first_name, last_name, wix_member_id, blocked, role, created_at) VALUES ('ce8b53adc732486ab6a90e9d8ac18354', 'kennedymaegan@gmail.com', 1, '', '', '', '', NULL, 0, 'member', '2025-01-10 15:48');

INSERT OR IGNORE INTO user (id, email, email_verified, hashed_password, name, first_name, last_name, wix_member_id, blocked, role, created_at) VALUES ('e76eeaa05f804538a514ea52cdf0322f', 'sydnie.stauffer@gmail.com', 1, '', 'Sydnie Mileham', 'Sydnie', 'Mileham', NULL, 0, 'member', '2025-01-14 23:31');

INSERT OR IGNORE INTO user (id, email, email_verified, hashed_password, name, first_name, last_name, wix_member_id, blocked, role, created_at) VALUES ('2a96e84e098748cdbe17e06f4d0ab75f', 'jcbrm4@gmail.com', 1, '', '', '', '', NULL, 0, 'member', '2025-01-13 01:37');

INSERT OR IGNORE INTO user (id, email, email_verified, hashed_password, name, first_name, last_name, wix_member_id, blocked, role, created_at) VALUES ('160c5b1b88664d4880489be5f0094cd3', 'annahillman570@gmail.com', 1, '', '', '', '', NULL, 0, 'member', '2025-01-10 19:21');

INSERT OR IGNORE INTO user (id, email, email_verified, hashed_password, name, first_name, last_name, wix_member_id, blocked, role, created_at) VALUES ('d5a622867af14929ae02670e8353e29c', 'cbaier@udallas.edu', 1, '', '', '', '', NULL, 0, 'member', '2025-01-11 07:47');

INSERT OR IGNORE INTO user (id, email, email_verified, hashed_password, name, first_name, last_name, wix_member_id, blocked, role, created_at) VALUES ('174050d29e674ab1bd9bdf0d9907475d', 'morganvymislicky@yahoo.com', 1, '', '', '', '', NULL, 0, 'member', '2025-01-11 15:46');

INSERT OR IGNORE INTO user (id, email, email_verified, hashed_password, name, first_name, last_name, wix_member_id, blocked, role, created_at) VALUES ('e5e99a7b8d4c43eb9fc2f9204b10ab49', 'justaddsugar@hotmail.com', 1, '', '', '', '', NULL, 0, 'member', '2025-01-10 18:10');

INSERT OR IGNORE INTO user (id, email, email_verified, hashed_password, name, first_name, last_name, wix_member_id, blocked, role, created_at) VALUES ('1bdabf9aa7d54c318d22bd6c96295877', 'carriemarie91@yahoo.com', 1, '', '', '', '', NULL, 0, 'member', '2025-01-11 14:51');

INSERT OR IGNORE INTO user (id, email, email_verified, hashed_password, name, first_name, last_name, wix_member_id, blocked, role, created_at) VALUES ('77a46ea48b4f4752bb7409cdbfe38e10', 'shelbydumont@gmail.com', 1, '', '', '', '', NULL, 0, 'member', '2025-01-10 16:19');

INSERT OR IGNORE INTO user (id, email, email_verified, hashed_password, name, first_name, last_name, wix_member_id, blocked, role, created_at) VALUES ('163361cd33f44d50a205c9f4004df14b', 'crystal.barretto@gmail.com', 1, '', '', '', '', NULL, 0, 'member', '2025-01-10 17:08');

INSERT OR IGNORE INTO user (id, email, email_verified, hashed_password, name, first_name, last_name, wix_member_id, blocked, role, created_at) VALUES ('51704c896ac44a4a86bb30c3e5df4a09', 'rosebrackett1@gmail.com', 1, '', '', '', '', NULL, 0, 'member', '2025-01-14 04:52');

INSERT OR IGNORE INTO user (id, email, email_verified, hashed_password, name, first_name, last_name, wix_member_id, blocked, role, created_at) VALUES ('10149dd5738a4fc1b7af298e9b231623', 'jasonjoseph.phillips@gmail.com', 1, '', 'Jason Phillips', 'Jason', 'Phillips', NULL, 0, 'member', '2025-01-14 16:22');
INSERT OR IGNORE INTO user_label (user_id, label) VALUES ('10149dd5738a4fc1b7af298e9b231623', 'RRM Academy Members Group member');

INSERT OR IGNORE INTO user (id, email, email_verified, hashed_password, name, first_name, last_name, wix_member_id, blocked, role, created_at) VALUES ('7cb7dbd54d834c65934374264224040a', 'lila.ann.gabriel@gmail.com', 1, '', 'Lila Gabriel', 'Lila', 'Gabriel', NULL, 0, 'member', '2025-01-11 14:54');
INSERT OR IGNORE INTO user_label (user_id, label) VALUES ('7cb7dbd54d834c65934374264224040a', 'EndoSelfSurvey 📋');

INSERT OR IGNORE INTO user (id, email, email_verified, hashed_password, name, first_name, last_name, wix_member_id, blocked, role, created_at) VALUES ('1f3ddbb6a0044056b25c1f5fd0b461ab', 'claudia@rxsport.co.uk', 1, '', '', '', '', NULL, 0, 'member', '2025-01-07 20:58');

INSERT OR IGNORE INTO user (id, email, email_verified, hashed_password, name, first_name, last_name, wix_member_id, blocked, role, created_at) VALUES ('d1b53b4b8f144a6fbe3081df3ea704f6', 'sammi.martinez5@gmail.com', 1, '', 'Samantha Martinez', 'Samantha', 'Martinez', NULL, 0, 'member', '2025-01-13 21:25');

INSERT OR IGNORE INTO user (id, email, email_verified, hashed_password, name, first_name, last_name, wix_member_id, blocked, role, created_at) VALUES ('c5e6ff28435a4a1f9290a8558e2b29ea', 'michelle@2shea.com', 1, '', 'Michelle Shea', 'Michelle', 'Shea', NULL, 0, 'member', '2025-01-13 00:20');

INSERT OR IGNORE INTO user (id, email, email_verified, hashed_password, name, first_name, last_name, wix_member_id, blocked, role, created_at) VALUES ('40b3d1532ce34a848d6c2ecdae503585', 'bethany.c.bagwell@gmail.com', 1, '', '', '', '', NULL, 0, 'member', '2025-01-08 17:23');

INSERT OR IGNORE INTO user (id, email, email_verified, hashed_password, name, first_name, last_name, wix_member_id, blocked, role, created_at) VALUES ('852749abf6584a939736e89d02746cf5', 'baylie.sherrick@gmail.com', 1, '', 'Baylie Sherrick', 'Baylie', 'Sherrick', NULL, 0, 'member', '2025-01-06 02:47');

INSERT OR IGNORE INTO user (id, email, email_verified, hashed_password, name, first_name, last_name, wix_member_id, blocked, role, created_at) VALUES ('4d2bd29a930f448483b727c98bcd50c9', 'carleytkaczuk@gmail.com', 1, '', '', '', '', NULL, 0, 'member', '2025-01-09 01:33');

INSERT OR IGNORE INTO user (id, email, email_verified, hashed_password, name, first_name, last_name, wix_member_id, blocked, role, created_at) VALUES ('070c8a6bfe72494089549e8fd95a9fdb', 'helenabeeck@gmail.com', 1, '', '', '', '', NULL, 0, 'member', '2025-01-13 07:22');

INSERT OR IGNORE INTO user (id, email, email_verified, hashed_password, name, first_name, last_name, wix_member_id, blocked, role, created_at) VALUES ('c615a583e09f44a3b7178bfd28ac9e36', 'sam.havens97@gmail.com', 1, '', 'Sam', 'Sam', '', NULL, 0, 'member', '2025-01-26 14:49');

INSERT OR IGNORE INTO user (id, email, email_verified, hashed_password, name, first_name, last_name, wix_member_id, blocked, role, created_at) VALUES ('aa5a467151b3458ba3a259e1f006f2e1', 'klee10@hotmail.com', 1, '', '', '', '', NULL, 0, 'member', '2025-01-21 17:11');

INSERT OR IGNORE INTO user (id, email, email_verified, hashed_password, name, first_name, last_name, wix_member_id, blocked, role, created_at) VALUES ('586ab58ff08b4872973c75ec39a4d356', 'christianguerra86@yahoo.com', 1, '', '', '', '', NULL, 0, 'member', '2025-01-26 08:29');

INSERT OR IGNORE INTO user (id, email, email_verified, hashed_password, name, first_name, last_name, wix_member_id, blocked, role, created_at) VALUES ('d0b7931f736749cca6b085cbd0b6b39a', 'melby737@gmail.com', 1, '', '', '', '', NULL, 0, 'member', '2025-01-24 01:47');

INSERT OR IGNORE INTO user (id, email, email_verified, hashed_password, name, first_name, last_name, wix_member_id, blocked, role, created_at) VALUES ('6277b4ceea9b409fafceffab0861eb31', 'monika.pesorda@gmail.com', 1, '', 'Monika Pešorda', 'Monika', 'Pešorda', NULL, 0, 'member', '2025-01-25 20:50');

INSERT OR IGNORE INTO user (id, email, email_verified, hashed_password, name, first_name, last_name, wix_member_id, blocked, role, created_at) VALUES ('57978e6ef9e74f96bd3675a2a9f01e61', 'effie4fit1@gmail.com', 1, '', '', '', '', NULL, 0, 'member', '2025-01-21 04:13');
INSERT OR IGNORE INTO user_label (user_id, label) VALUES ('57978e6ef9e74f96bd3675a2a9f01e61', 'RRM Academy Members Group member');
INSERT OR IGNORE INTO user_label (user_id, label) VALUES ('57978e6ef9e74f96bd3675a2a9f01e61', 'Long Term Endometriosis Management');
INSERT OR IGNORE INTO user_label (user_id, label) VALUES ('57978e6ef9e74f96bd3675a2a9f01e61', 'Masterclass Members Group member');
INSERT OR IGNORE INTO user_label (user_id, label) VALUES ('57978e6ef9e74f96bd3675a2a9f01e61', 'Masterclass in Endometriosis & Surgery');
INSERT OR IGNORE INTO enrollment (id, user_id, course_id, enrolled_at) VALUES ('f4d9a91fcf3d4b28a1901510e0064bb3', '57978e6ef9e74f96bd3675a2a9f01e61', 'long-term-endo-management', '2025-01-21 04:13');
INSERT OR IGNORE INTO enrollment (id, user_id, course_id, enrolled_at) VALUES ('35c66a60cbcc4468b1b622d98925e72f', '57978e6ef9e74f96bd3675a2a9f01e61', 'masterclass-endo-surgery', '2025-01-21 04:13');

INSERT OR IGNORE INTO user (id, email, email_verified, hashed_password, name, first_name, last_name, wix_member_id, blocked, role, created_at) VALUES ('1a22bf3f63de4654a636216fca33a57d', 'mlmercedes20@gmail.com', 1, '', '', '', '', NULL, 0, 'member', '2025-01-16 21:26');

INSERT OR IGNORE INTO user (id, email, email_verified, hashed_password, name, first_name, last_name, wix_member_id, blocked, role, created_at) VALUES ('2490b4414a1c40f6be8c29559f83fa5c', 'danni.lubbers@gmail.com', 1, '', '', '', '', NULL, 0, 'member', '2025-01-21 00:54');

INSERT OR IGNORE INTO user (id, email, email_verified, hashed_password, name, first_name, last_name, wix_member_id, blocked, role, created_at) VALUES ('ee57f40964fa4f299fe91362ed1fc90a', 'abbybrook2@gmail.com', 1, '', '', '', '', NULL, 0, 'member', '2025-02-03 03:38');

INSERT OR IGNORE INTO user (id, email, email_verified, hashed_password, name, first_name, last_name, wix_member_id, blocked, role, created_at) VALUES ('db0267c392664558a5777691a49f2f20', 'saman.bsbt@gmail.com', 1, '', 'Saman Amin', 'Saman', 'Amin', NULL, 0, 'member', '2025-01-25 19:35');
INSERT OR IGNORE INTO user_label (user_id, label) VALUES ('db0267c392664558a5777691a49f2f20', 'RRM Academy Members Group member');

INSERT OR IGNORE INTO user (id, email, email_verified, hashed_password, name, first_name, last_name, wix_member_id, blocked, role, created_at) VALUES ('843d6d93911246368deef73bcf73ff14', 'deborahlynne@yahoo.com', 1, '', '', '', '', NULL, 0, 'member', '2025-01-16 13:24');
INSERT OR IGNORE INTO user_label (user_id, label) VALUES ('843d6d93911246368deef73bcf73ff14', 'RRM Academy Members Group member');
INSERT OR IGNORE INTO user_label (user_id, label) VALUES ('843d6d93911246368deef73bcf73ff14', 'Restorative Reproductive Medicine (RRM) vs Standard ART: A New Approach to Infertility');
INSERT OR IGNORE INTO enrollment (id, user_id, course_id, enrolled_at) VALUES ('e1ff50bed59c41aebbb58f18cc27f2e8', '843d6d93911246368deef73bcf73ff14', 'rrm-vs-ivf', '2025-01-16 13:24');

INSERT OR IGNORE INTO user (id, email, email_verified, hashed_password, name, first_name, last_name, wix_member_id, blocked, role, created_at) VALUES ('8ac026ae3fce439daadc2b23b9a51d26', 'wlindsey920@gmail.com', 1, '', '', '', '', NULL, 0, 'member', '2025-02-02 00:45');

INSERT OR IGNORE INTO user (id, email, email_verified, hashed_password, name, first_name, last_name, wix_member_id, blocked, role, created_at) VALUES ('1b6b5afab5df412393516f29dff6839b', 'volchukr@gmail.com', 1, '', 'Roman Volchuk', 'Roman', 'Volchuk', NULL, 0, 'member', '2025-01-30 16:34');

INSERT OR IGNORE INTO user (id, email, email_verified, hashed_password, name, first_name, last_name, wix_member_id, blocked, role, created_at) VALUES ('d70a7a7d05ad49ea8cce58f7b0f3b043', 'feihzjz@gmail.com', 1, '', '', '', '', NULL, 0, 'member', '2025-01-20 21:21');

INSERT OR IGNORE INTO user (id, email, email_verified, hashed_password, name, first_name, last_name, wix_member_id, blocked, role, created_at) VALUES ('60cbcc39f36043908989e5e7f88cae94', 'daniellwixpartner@gmail.com', 1, '', 'Daniel Wix Partner', 'Daniel', 'Wix Partner', NULL, 1, 'member', '2025-01-28 17:23');
INSERT OR IGNORE INTO user_label (user_id, label) VALUES ('60cbcc39f36043908989e5e7f88cae94', 'Spam 🛑');

INSERT OR IGNORE INTO user (id, email, email_verified, hashed_password, name, first_name, last_name, wix_member_id, blocked, role, created_at) VALUES ('90b070865f06499cbe82313df66e2535', 'girejnelli@gmail.com', 1, '', '', '', '', NULL, 0, 'member', '2025-01-18 16:37');

INSERT OR IGNORE INTO user (id, email, email_verified, hashed_password, name, first_name, last_name, wix_member_id, blocked, role, created_at) VALUES ('2221db7e2d6d4e39ba11aa86757080f8', 'vumar.ina6@gmail.com', 1, '', 'Marina', 'Marina', '', NULL, 0, 'member', '2025-01-26 11:16');

INSERT OR IGNORE INTO user (id, email, email_verified, hashed_password, name, first_name, last_name, wix_member_id, blocked, role, created_at) VALUES ('04f9008a7f884155b04562775572cebb', 'anna.chase32@gmail.com', 1, '', '', '', '', NULL, 0, 'member', '2025-01-29 19:34');

INSERT OR IGNORE INTO user (id, email, email_verified, hashed_password, name, first_name, last_name, wix_member_id, blocked, role, created_at) VALUES ('882ad076793f4a14be4ae1a1bbb68a61', 'oliviaschrock1019@gmail.com', 1, '', '', '', '', NULL, 0, 'member', '2025-01-25 20:23');

INSERT OR IGNORE INTO user (id, email, email_verified, hashed_password, name, first_name, last_name, wix_member_id, blocked, role, created_at) VALUES ('d3e6c86b93804a14845fbd66d00224b7', 'workwithq58@gmail.com', 1, '', '', '', '', NULL, 0, 'member', '2025-01-20 21:16');

INSERT OR IGNORE INTO user (id, email, email_verified, hashed_password, name, first_name, last_name, wix_member_id, blocked, role, created_at) VALUES ('dbd81b148e954a569d26af8721a4d9e3', 'wolfess@outlook.com', 1, '', 'Sierra Wolfe', 'Sierra', 'Wolfe', NULL, 0, 'member', '2025-01-26 01:15');
INSERT OR IGNORE INTO user_label (user_id, label) VALUES ('dbd81b148e954a569d26af8721a4d9e3', 'RRM Academy Members Group member');

INSERT OR IGNORE INTO user (id, email, email_verified, hashed_password, name, first_name, last_name, wix_member_id, blocked, role, created_at) VALUES ('d0b6259cbc504e6698bb73eedfe8ab93', '45signmacon@gmail.com', 1, '', '', '', '', NULL, 0, 'member', '2025-01-16 13:31');

INSERT OR IGNORE INTO user (id, email, email_verified, hashed_password, name, first_name, last_name, wix_member_id, blocked, role, created_at) VALUES ('70197208fc9d408d92e789602c8e5381', 'm.george0308@gmail.com', 1, '', 'Maria George', 'Maria', 'George', NULL, 0, 'member', '2025-01-22 01:12');

INSERT OR IGNORE INTO user (id, email, email_verified, hashed_password, name, first_name, last_name, wix_member_id, blocked, role, created_at) VALUES ('d941b4a7e7fb4e578c8c285169b9247f', 'kaitlynpoutre@gmail.com', 1, '', 'K H', 'K', 'H', NULL, 0, 'member', '2025-01-17 01:14');

INSERT OR IGNORE INTO user (id, email, email_verified, hashed_password, name, first_name, last_name, wix_member_id, blocked, role, created_at) VALUES ('7d674c807c6347d8b432ef16dd872407', 'achiulli5@gmail.com', 1, '', '', '', '', NULL, 0, 'member', '2025-01-25 17:16');

INSERT OR IGNORE INTO user (id, email, email_verified, hashed_password, name, first_name, last_name, wix_member_id, blocked, role, created_at) VALUES ('9d7fbdc2c0fd4bff85bf87982bc06655', 'mramosbeytia@gmail.com', 1, '', 'Manuela Ramos Beytia', 'Manuela', 'Ramos Beytia', NULL, 0, 'member', '2025-01-21 00:28');

INSERT OR IGNORE INTO user (id, email, email_verified, hashed_password, name, first_name, last_name, wix_member_id, blocked, role, created_at) VALUES ('54e1a312676346029755233cffca514f', 'taylorvolner7@gmail.com', 1, '', '', '', '', NULL, 0, 'member', '2025-01-31 14:54');

INSERT OR IGNORE INTO user (id, email, email_verified, hashed_password, name, first_name, last_name, wix_member_id, blocked, role, created_at) VALUES ('b658c834a11447079c46cb4962058959', 'kaseyslaktoski@gmail.com', 1, '', '', '', '', NULL, 0, 'member', '2025-01-17 04:27');

INSERT OR IGNORE INTO user (id, email, email_verified, hashed_password, name, first_name, last_name, wix_member_id, blocked, role, created_at) VALUES ('3edd6a7c7efc4ee8a35b1ab6eb91fc16', 'andrew.s.mktemail@gmail.com', 1, '', 'Andrew Sylvester', 'Andrew', 'Sylvester', NULL, 0, 'member', '2025-01-23 22:44');

INSERT OR IGNORE INTO user (id, email, email_verified, hashed_password, name, first_name, last_name, wix_member_id, blocked, role, created_at) VALUES ('97cae1807d4b475080208187a777c9c0', 'israelwixpartner.us@gmail.com', 1, '', 'Israel Wixpartner', 'Israel', 'Wixpartner', NULL, 1, 'member', '2025-01-30 13:44');
INSERT OR IGNORE INTO user_label (user_id, label) VALUES ('97cae1807d4b475080208187a777c9c0', 'Spam 🛑');

INSERT OR IGNORE INTO user (id, email, email_verified, hashed_password, name, first_name, last_name, wix_member_id, blocked, role, created_at) VALUES ('662892c78b334965a32fde5d8fc939e7', 'jsenwatkins@gmail.com', 1, '', '', '', '', NULL, 0, 'member', '2025-01-21 17:12');

INSERT OR IGNORE INTO user (id, email, email_verified, hashed_password, name, first_name, last_name, wix_member_id, blocked, role, created_at) VALUES ('e05a4f2ed1124ef88a9c6aeb339e885f', 'f48347130@gmail.com', 1, '', 'Fethi Kurt', 'Fethi', 'Kurt', NULL, 0, 'member', '2025-01-29 09:26');

INSERT OR IGNORE INTO user (id, email, email_verified, hashed_password, name, first_name, last_name, wix_member_id, blocked, role, created_at) VALUES ('652975014e4743048434483b804ff804', 'couponchick114@gmail.com', 1, '', '', '', '', NULL, 0, 'member', '2025-02-02 03:16');

INSERT OR IGNORE INTO user (id, email, email_verified, hashed_password, name, first_name, last_name, wix_member_id, blocked, role, created_at) VALUES ('254d5b329ce346efb806953891cdc3c3', 'eheerensperger@gmail.com', 1, '', '', '', '', NULL, 0, 'member', '2025-02-02 02:16');

INSERT OR IGNORE INTO user (id, email, email_verified, hashed_password, name, first_name, last_name, wix_member_id, blocked, role, created_at) VALUES ('9777863a1cd9475f8345848bb231e1fd', 'leeyascott@aol.com', 1, '', 'Leeya Wells', 'Leeya', 'Wells', NULL, 0, 'member', '2025-01-16 16:28');

INSERT OR IGNORE INTO user (id, email, email_verified, hashed_password, name, first_name, last_name, wix_member_id, blocked, role, created_at) VALUES ('6235f73162b64ef8beeb877b0ee4efc8', 'marybethcpark@gmail.com', 1, '', '', '', '', NULL, 0, 'member', '2025-01-26 14:05');
INSERT OR IGNORE INTO user_label (user_id, label) VALUES ('6235f73162b64ef8beeb877b0ee4efc8', 'RRM Academy Members Group member');

INSERT OR IGNORE INTO user (id, email, email_verified, hashed_password, name, first_name, last_name, wix_member_id, blocked, role, created_at) VALUES ('0177f2a00296497194cdac3bc2e97cb6', 'meghankorten@gmail.com', 1, '', '', '', '', NULL, 0, 'member', '2025-01-21 22:56');

INSERT OR IGNORE INTO user (id, email, email_verified, hashed_password, name, first_name, last_name, wix_member_id, blocked, role, created_at) VALUES ('be4c273d513642d6ad67dbef51fe3685', 'pete6422@gmail.com', 1, '', 'Jaci Peterson', 'Jaci', 'Peterson', NULL, 0, 'member', '2025-01-21 03:06');

INSERT OR IGNORE INTO user (id, email, email_verified, hashed_password, name, first_name, last_name, wix_member_id, blocked, role, created_at) VALUES ('efd7b77a96c24cb08213fa7b28e6c5a0', 'christymceachern@gmail.com', 1, '', 'Christy McEachern', 'Christy', 'McEachern', NULL, 0, 'member', '2025-01-15 22:54');

INSERT OR IGNORE INTO user (id, email, email_verified, hashed_password, name, first_name, last_name, wix_member_id, blocked, role, created_at) VALUES ('b2ace20c7c5f43548fb03f7e7e71e42c', 'joanna.vollink@gmail.com', 1, '', '', '', '', NULL, 0, 'member', '2025-01-16 13:27');

INSERT OR IGNORE INTO user (id, email, email_verified, hashed_password, name, first_name, last_name, wix_member_id, blocked, role, created_at) VALUES ('2c34b73c02144c4d878f1f0fe50b9bbc', 'jung.courtney@gmail.com', 1, '', '', '', '', NULL, 0, 'member', '2025-01-17 03:20');

INSERT OR IGNORE INTO user (id, email, email_verified, hashed_password, name, first_name, last_name, wix_member_id, blocked, role, created_at) VALUES ('7d55cb2c0eb0458480f9fc4441c7506a', 'ladyjfab@gmail.com', 1, '', 'Jessica Faber', 'Jessica', 'Faber', NULL, 0, 'member', '2025-01-22 14:55');
INSERT OR IGNORE INTO user_label (user_id, label) VALUES ('7d55cb2c0eb0458480f9fc4441c7506a', 'Long Term Endometriosis Management');
INSERT OR IGNORE INTO user_label (user_id, label) VALUES ('7d55cb2c0eb0458480f9fc4441c7506a', 'RRM Academy Members Group member');
INSERT OR IGNORE INTO enrollment (id, user_id, course_id, enrolled_at) VALUES ('21592626fea743fdbbc368ffd84399e6', '7d55cb2c0eb0458480f9fc4441c7506a', 'long-term-endo-management', '2025-01-22 14:55');

INSERT OR IGNORE INTO user (id, email, email_verified, hashed_password, name, first_name, last_name, wix_member_id, blocked, role, created_at) VALUES ('4fa579aefc4f4daa815ef3dd11534ef3', 'clelgalea@gmail.com', 1, '', 'Claire Galea', 'Claire', 'Galea', NULL, 0, 'member', '2025-01-15 20:26');

INSERT OR IGNORE INTO user (id, email, email_verified, hashed_password, name, first_name, last_name, wix_member_id, blocked, role, created_at) VALUES ('75237462eda84e3b9c73de73629ffd78', 'allie2blair@gmail.com', 1, '', '', '', '', NULL, 0, 'member', '2025-01-31 16:41');

INSERT OR IGNORE INTO user (id, email, email_verified, hashed_password, name, first_name, last_name, wix_member_id, blocked, role, created_at) VALUES ('3aa5ada610914e3a9774885638a86f39', 'bgiardina28@gmail.com', 1, '', '', '', '', NULL, 0, 'member', '2025-01-23 15:14');

INSERT OR IGNORE INTO user (id, email, email_verified, hashed_password, name, first_name, last_name, wix_member_id, blocked, role, created_at) VALUES ('4d945c63387e46ae8c6e167e005d3f9f', 'breannediaz@gmail.com', 1, '', '', '', '', NULL, 0, 'member', '2025-02-01 22:27');

INSERT OR IGNORE INTO user (id, email, email_verified, hashed_password, name, first_name, last_name, wix_member_id, blocked, role, created_at) VALUES ('9566168310324e368c2f47b3449936e4', 'baepkey@gmail.com', 1, '', 'Brooke Epkey', 'Brooke', 'Epkey', NULL, 0, 'member', '2025-01-16 01:50');

INSERT OR IGNORE INTO user (id, email, email_verified, hashed_password, name, first_name, last_name, wix_member_id, blocked, role, created_at) VALUES ('771d518d933745cb95c2dbb53f520d81', 'ztakelly@hotmail.com', 1, '', '', '', '', NULL, 0, 'member', '2025-02-01 04:08');

INSERT OR IGNORE INTO user (id, email, email_verified, hashed_password, name, first_name, last_name, wix_member_id, blocked, role, created_at) VALUES ('ba3a6514ff6a4948953456ff1b240096', 'akmcdonald28@yahoo.com', 1, '', '', '', '', NULL, 0, 'member', '2025-01-17 02:13');

INSERT OR IGNORE INTO user (id, email, email_verified, hashed_password, name, first_name, last_name, wix_member_id, blocked, role, created_at) VALUES ('949e49ac54d74edea6b368eeedf9b811', 'pierogipatty_11@hotmail.com', 1, '', '', '', '', NULL, 0, 'member', '2025-01-17 02:49');

INSERT OR IGNORE INTO user (id, email, email_verified, hashed_password, name, first_name, last_name, wix_member_id, blocked, role, created_at) VALUES ('447b7dc0371b41d9873a16dbd5c8dc81', 'eggerstacey@gmail.com', 1, '', 'Stacey Egger', 'Stacey', 'Egger', NULL, 0, 'member', '2025-02-02 02:38');

INSERT OR IGNORE INTO user (id, email, email_verified, hashed_password, name, first_name, last_name, wix_member_id, blocked, role, created_at) VALUES ('d167039cfa0d45029159e243850d800a', 'mollymckneight@gmail.com', 1, '', '', '', '', NULL, 0, 'member', '2025-01-26 01:29');

INSERT OR IGNORE INTO user (id, email, email_verified, hashed_password, name, first_name, last_name, wix_member_id, blocked, role, created_at) VALUES ('14f17711ff3b43a19219664234139eb2', 'meghan.krouse@gmail.com', 1, '', '', '', '', NULL, 0, 'member', '2025-01-19 02:21');

INSERT OR IGNORE INTO user (id, email, email_verified, hashed_password, name, first_name, last_name, wix_member_id, blocked, role, created_at) VALUES ('5e39b14464954bd7883319fc04a6b9ca', 'abbygsymington@gmail.com', 1, '', 'Abby Symington', 'Abby', 'Symington', NULL, 0, 'member', '2025-01-24 20:12');

INSERT OR IGNORE INTO user (id, email, email_verified, hashed_password, name, first_name, last_name, wix_member_id, blocked, role, created_at) VALUES ('19f72e477c684ce186b8caf248caf08e', 'emilydarayana@gmail.com', 1, '', '', '', '', NULL, 0, 'member', '2025-02-02 19:10');

INSERT OR IGNORE INTO user (id, email, email_verified, hashed_password, name, first_name, last_name, wix_member_id, blocked, role, created_at) VALUES ('0b5fc182079740aa809106229e5530b8', 'drlnlee92@gmail.com', 1, '', 'Darlene Lee', 'Darlene', 'Lee', NULL, 0, 'member', '2025-01-17 02:40');

INSERT OR IGNORE INTO user (id, email, email_verified, hashed_password, name, first_name, last_name, wix_member_id, blocked, role, created_at) VALUES ('f13e4a0abcae4ea2ad29a79bb4bdcad8', 'ashprice001@gmail.com', 1, '', '', '', '', NULL, 0, 'member', '2025-01-23 18:10');

INSERT OR IGNORE INTO user (id, email, email_verified, hashed_password, name, first_name, last_name, wix_member_id, blocked, role, created_at) VALUES ('18f9286c723b4d8f9f8f3ffca4d056a0', 'ashleycarnesdc@gmail.com', 1, '', 'Ashley Carnes D.C.', 'Ashley', 'Carnes D.C.', NULL, 0, 'member', '2025-01-28 21:51');

INSERT OR IGNORE INTO user (id, email, email_verified, hashed_password, name, first_name, last_name, wix_member_id, blocked, role, created_at) VALUES ('01664b99f9a8494fa7843ba6317d5bed', 'megleg1999@yahoo.com', 1, '', '', '', '', NULL, 0, 'member', '2025-01-26 13:37');

INSERT OR IGNORE INTO user (id, email, email_verified, hashed_password, name, first_name, last_name, wix_member_id, blocked, role, created_at) VALUES ('a3758424c7654840aece22ed4173d981', 'foyanna2@gmail.com', 1, '', 'Anna McGinn', 'Anna', 'McGinn', NULL, 0, 'member', '2025-01-21 11:44');

INSERT OR IGNORE INTO user (id, email, email_verified, hashed_password, name, first_name, last_name, wix_member_id, blocked, role, created_at) VALUES ('abce5f6c5b0a441a81d94fb0618b52d8', 'postlewaitamanda@gmail.com', 1, '', '', '', '', NULL, 0, 'member', '2025-01-16 23:20');

INSERT OR IGNORE INTO user (id, email, email_verified, hashed_password, name, first_name, last_name, wix_member_id, blocked, role, created_at) VALUES ('f5928836613541d0949f44752656c068', 'starlight261@gmail.com', 1, '', '', '', '', NULL, 0, 'member', '2025-01-21 04:17');

INSERT OR IGNORE INTO user (id, email, email_verified, hashed_password, name, first_name, last_name, wix_member_id, blocked, role, created_at) VALUES ('21889402605d4da1a213be740ba27ec3', 'khochstetler@students.northweststate.edu', 1, '', '', '', '', NULL, 0, 'member', '2025-01-26 13:49');

INSERT OR IGNORE INTO user (id, email, email_verified, hashed_password, name, first_name, last_name, wix_member_id, blocked, role, created_at) VALUES ('69b8d5dd823b467c959a359a7b45f538', 'oliviamaria.lupini@gmail.com', 1, '', '', '', '', NULL, 0, 'member', '2025-02-02 03:21');

INSERT OR IGNORE INTO user (id, email, email_verified, hashed_password, name, first_name, last_name, wix_member_id, blocked, role, created_at) VALUES ('56fe293a464148b8a1993390fad1e40b', 'denning1840@gmail.com', 1, '', '', '', '', NULL, 0, 'member', '2025-01-24 15:15');

INSERT OR IGNORE INTO user (id, email, email_verified, hashed_password, name, first_name, last_name, wix_member_id, blocked, role, created_at) VALUES ('cf258a16006540888205f2d421f2cd5b', 'vgmd919@yahoo.com', 1, '', '', '', '', NULL, 0, 'member', '2025-01-21 03:13');

INSERT OR IGNORE INTO user (id, email, email_verified, hashed_password, name, first_name, last_name, wix_member_id, blocked, role, created_at) VALUES ('38f6a66d59e847c5bc31912cb6d18dd4', 'hoovertristae@sau.edu', 1, '', '', '', '', NULL, 0, 'member', '2025-02-02 02:44');

INSERT OR IGNORE INTO user (id, email, email_verified, hashed_password, name, first_name, last_name, wix_member_id, blocked, role, created_at) VALUES ('df4116260ddd4f8b8cc341fcc89e284d', 'laura.gouge@gmail.com', 1, '', '', '', '', NULL, 0, 'member', '2025-02-02 15:50');

INSERT OR IGNORE INTO user (id, email, email_verified, hashed_password, name, first_name, last_name, wix_member_id, blocked, role, created_at) VALUES ('b40adbaaa3ee44348bde9d9c0a01add5', 'madelinesmithmarie@gmail.com', 1, '', '', '', '', NULL, 0, 'member', '2025-01-27 17:09');
INSERT OR IGNORE INTO user_label (user_id, label) VALUES ('b40adbaaa3ee44348bde9d9c0a01add5', 'RRM Academy Members Group member');

INSERT OR IGNORE INTO user (id, email, email_verified, hashed_password, name, first_name, last_name, wix_member_id, blocked, role, created_at) VALUES ('78004abd6530471b88a6628b554d7c06', 'breanna@drbreannaguan.com', 1, '', '', '', '', NULL, 0, 'member', '2025-01-27 20:35');

INSERT OR IGNORE INTO user (id, email, email_verified, hashed_password, name, first_name, last_name, wix_member_id, blocked, role, created_at) VALUES ('4ace1314dc8048188c45c7a9d95d4ab6', 'thefairhaven@gmail.com', 1, '', 'Jana Isaac', 'Jana', 'Isaac', NULL, 0, 'member', '2025-01-23 18:50');
INSERT OR IGNORE INTO user_label (user_id, label) VALUES ('4ace1314dc8048188c45c7a9d95d4ab6', 'RRM Academy Members Group member');

INSERT OR IGNORE INTO user (id, email, email_verified, hashed_password, name, first_name, last_name, wix_member_id, blocked, role, created_at) VALUES ('e7dc584718194684ad867ee9d511e559', 'sammiewixpartner@gmail.com', 1, '', 'Sammie Wixpartner', 'Sammie', 'Wixpartner', NULL, 1, 'member', '2025-01-27 21:16');
INSERT OR IGNORE INTO user_label (user_id, label) VALUES ('e7dc584718194684ad867ee9d511e559', 'Spam 🛑');

INSERT OR IGNORE INTO user (id, email, email_verified, hashed_password, name, first_name, last_name, wix_member_id, blocked, role, created_at) VALUES ('3121066a785f410d9dce9547f6da1aaf', 'amyyam.waisum@gmail.com', 1, '', 'Amy Yam', 'Amy', 'Yam', NULL, 0, 'member', '2025-01-18 16:39');

INSERT OR IGNORE INTO user (id, email, email_verified, hashed_password, name, first_name, last_name, wix_member_id, blocked, role, created_at) VALUES ('7b38b56013ba4115ae00e6877810131c', 'alexammartino@gmail.com', 1, '', '', '', '', NULL, 0, 'member', '2025-01-25 17:23');

INSERT OR IGNORE INTO user (id, email, email_verified, hashed_password, name, first_name, last_name, wix_member_id, blocked, role, created_at) VALUES ('706df0b53e2e4759ae6a2621b89f44cc', 'zbagola@gmail.com', 1, '', '', '', '', NULL, 0, 'member', '2025-01-28 02:47');

INSERT OR IGNORE INTO user (id, email, email_verified, hashed_password, name, first_name, last_name, wix_member_id, blocked, role, created_at) VALUES ('63934e3867314224a7c94f57a44418bf', 'isabelmariana.g@gmail.com', 1, '', 'Isabel Garcia', 'Isabel', 'Garcia', NULL, 0, 'member', '2025-01-27 17:12');

INSERT OR IGNORE INTO user (id, email, email_verified, hashed_password, name, first_name, last_name, wix_member_id, blocked, role, created_at) VALUES ('aee006e6ff84410881f80d7a264c2da4', 'fm.artist12@gmail.com', 1, '', 'Faith Zimmer', 'Faith', 'Zimmer', NULL, 0, 'member', '2025-01-28 23:51');

INSERT OR IGNORE INTO user (id, email, email_verified, hashed_password, name, first_name, last_name, wix_member_id, blocked, role, created_at) VALUES ('e4d923cc42a94f248fe9b1d7501ffa8a', 'kaylabumpus5@gmail.com', 1, '', '', '', '', NULL, 0, 'member', '2025-01-20 20:56');

INSERT OR IGNORE INTO user (id, email, email_verified, hashed_password, name, first_name, last_name, wix_member_id, blocked, role, created_at) VALUES ('6dacec51895c44dc824c063f58b62976', 'abbiehockenberry@gmail.com', 1, '', '', '', '', NULL, 0, 'member', '2025-02-03 13:24');

INSERT OR IGNORE INTO user (id, email, email_verified, hashed_password, name, first_name, last_name, wix_member_id, blocked, role, created_at) VALUES ('b4a58c04cd6045d1856446dd9005a0b4', 'baldwincreativeco@gmail.com', 1, '', 'Kayla Baldwin', 'Kayla', 'Baldwin', NULL, 0, 'member', '2025-01-23 17:36');
INSERT OR IGNORE INTO user_label (user_id, label) VALUES ('b4a58c04cd6045d1856446dd9005a0b4', 'RRM Academy Members Group member');

INSERT OR IGNORE INTO user (id, email, email_verified, hashed_password, name, first_name, last_name, wix_member_id, blocked, role, created_at) VALUES ('ab685a860c9e44eb9c38bb75fe243dc6', 'july_pline@hotmail.com', 1, '', 'July Rose', 'July', 'Rose', NULL, 0, 'member', '2025-02-02 20:59');

INSERT OR IGNORE INTO user (id, email, email_verified, hashed_password, name, first_name, last_name, wix_member_id, blocked, role, created_at) VALUES ('dc18a28c3a3a46a1859abd1c5ebcbea4', 'stephaniekowens@yahoo.com', 1, '', '', '', '', NULL, 0, 'member', '2025-01-16 14:39');

INSERT OR IGNORE INTO user (id, email, email_verified, hashed_password, name, first_name, last_name, wix_member_id, blocked, role, created_at) VALUES ('2583fb7c3ada4a50a4604746595760bf', 'davidsondaniellerenee@gmail.com', 1, '', '', '', '', NULL, 0, 'member', '2025-01-25 17:13');
INSERT OR IGNORE INTO user_label (user_id, label) VALUES ('2583fb7c3ada4a50a4604746595760bf', 'RRM Academy Members Group member');

INSERT OR IGNORE INTO user (id, email, email_verified, hashed_password, name, first_name, last_name, wix_member_id, blocked, role, created_at) VALUES ('1c0bd0a62ea547dfafac8b7e36607a94', 'madeline@kuns.com', 1, '', 'Madeline Brouwer', 'Madeline', 'Brouwer', NULL, 0, 'member', '2025-01-21 20:32');

INSERT OR IGNORE INTO user (id, email, email_verified, hashed_password, name, first_name, last_name, wix_member_id, blocked, role, created_at) VALUES ('8d6fc69295d549078860f6116d562429', 'caitlinmgrossman@gmail.com', 1, '', '', '', '', NULL, 0, 'member', '2025-01-25 17:15');

INSERT OR IGNORE INTO user (id, email, email_verified, hashed_password, name, first_name, last_name, wix_member_id, blocked, role, created_at) VALUES ('57fa3810d8ca4fb5bacaa3233d70e840', 'slynnoliver@yahoo.com', 1, '', '', '', '', NULL, 0, 'member', '2025-01-24 02:24');

INSERT OR IGNORE INTO user (id, email, email_verified, hashed_password, name, first_name, last_name, wix_member_id, blocked, role, created_at) VALUES ('e50326fd31cd4a70ac7e8cda74d76e2c', 'svm_93@hotmail.com', 1, '', '', '', '', NULL, 0, 'member', '2025-01-17 19:54');

INSERT OR IGNORE INTO user (id, email, email_verified, hashed_password, name, first_name, last_name, wix_member_id, blocked, role, created_at) VALUES ('a37aa7127b5b42348abeaf834839176b', 'putri.mamesah@gmail.com', 1, '', '', '', '', NULL, 0, 'member', '2025-01-25 19:41');

INSERT OR IGNORE INTO user (id, email, email_verified, hashed_password, name, first_name, last_name, wix_member_id, blocked, role, created_at) VALUES ('0d26d991f326453d8a29d0e0529170ce', 'idanaila@hotmail.com', 1, '', '', '', '', NULL, 0, 'member', '2025-01-26 05:28');

INSERT OR IGNORE INTO user (id, email, email_verified, hashed_password, name, first_name, last_name, wix_member_id, blocked, role, created_at) VALUES ('d45bc2e908c5456c872df56403b1ce5f', 'charlotte.r.huffman@gmail.com', 1, '', 'Charlotte Huffman', 'Charlotte', 'Huffman', NULL, 0, 'member', '2025-01-15 23:51');

INSERT OR IGNORE INTO user (id, email, email_verified, hashed_password, name, first_name, last_name, wix_member_id, blocked, role, created_at) VALUES ('51de46bfd69b493ca1b36df157c0a1b8', 'chantelle@bertino-clarke.con', 1, '', '', '', '', NULL, 0, 'member', '2025-01-25 22:40');

INSERT OR IGNORE INTO user (id, email, email_verified, hashed_password, name, first_name, last_name, wix_member_id, blocked, role, created_at) VALUES ('9d717a1b493a418f8137418c4ff12759', 'kirbi.hunter77@gmail.com', 1, '', '', '', '', NULL, 0, 'member', '2025-02-02 07:50');

INSERT OR IGNORE INTO user (id, email, email_verified, hashed_password, name, first_name, last_name, wix_member_id, blocked, role, created_at) VALUES ('dab1b08fe1f645be9d33980e4b7ad46d', 'zachary.logan.neal@gmail.com', 1, '', '', '', '', NULL, 0, 'member', '2025-02-02 20:28');

INSERT OR IGNORE INTO user (id, email, email_verified, hashed_password, name, first_name, last_name, wix_member_id, blocked, role, created_at) VALUES ('2487e66da07d45eaaac9c9f1120d7563', 'rahmamahoon@gmail.com', 1, '', '', '', '', NULL, 0, 'member', '2025-01-26 14:41');

INSERT OR IGNORE INTO user (id, email, email_verified, hashed_password, name, first_name, last_name, wix_member_id, blocked, role, created_at) VALUES ('c67a65d5624d41f5b48c2a5aca639d67', 'sgbrown08@yahoo.com', 1, '', '', '', '', NULL, 0, 'member', '2025-01-23 03:00');

INSERT OR IGNORE INTO user (id, email, email_verified, hashed_password, name, first_name, last_name, wix_member_id, blocked, role, created_at) VALUES ('45ce0471dbe84cffb6645016047f613b', 'sheena.tippett@gmail.com', 1, '', '', '', '', NULL, 0, 'member', '2025-01-19 03:16');

INSERT OR IGNORE INTO user (id, email, email_verified, hashed_password, name, first_name, last_name, wix_member_id, blocked, role, created_at) VALUES ('6c3278ed9bf54cdfaaab95663042fa41', 'cbarnett0496@gmail.com', 1, '', '', '', '', NULL, 0, 'member', '2025-01-18 05:40');

INSERT OR IGNORE INTO user (id, email, email_verified, hashed_password, name, first_name, last_name, wix_member_id, blocked, role, created_at) VALUES ('4423d370a2db4d839b7cdab0a364579c', 'leighann.ortiz427@gmail.com', 1, '', '', '', '', NULL, 0, 'member', '2025-01-30 03:41');

INSERT OR IGNORE INTO user (id, email, email_verified, hashed_password, name, first_name, last_name, wix_member_id, blocked, role, created_at) VALUES ('2e34342ade9d4e59bea90f71e58d454e', 'audreywhite712@gmail.com', 1, '', 'Audrey White', 'Audrey', 'White', NULL, 0, 'member', '2025-02-13 17:59');

INSERT OR IGNORE INTO user (id, email, email_verified, hashed_password, name, first_name, last_name, wix_member_id, blocked, role, created_at) VALUES ('3eb074f435504eb7bbade135bb7212a2', 'kayla.hartshorn01@gmail.com', 1, '', 'Kayla H', 'Kayla', 'H', NULL, 0, 'member', '2025-02-14 12:50');

INSERT OR IGNORE INTO user (id, email, email_verified, hashed_password, name, first_name, last_name, wix_member_id, blocked, role, created_at) VALUES ('82b466b9fd0e47af88985d6f6b08fb66', 'allison@always-growing.com', 1, '', 'Allison Gillock', 'Allison', 'Gillock', NULL, 0, 'member', '2025-02-05 23:09');

INSERT OR IGNORE INTO user (id, email, email_verified, hashed_password, name, first_name, last_name, wix_member_id, blocked, role, created_at) VALUES ('72cd484b6b0e45af9bccbbbfd7853a9c', 'amyejacobi@gmail.com', 1, '', 'Amy Jacobi O''Hara', 'Amy', 'Jacobi O''Hara', NULL, 0, 'member', '2025-02-10 17:51');
INSERT OR IGNORE INTO user_label (user_id, label) VALUES ('72cd484b6b0e45af9bccbbbfd7853a9c', 'RRM Academy Members Group member');

INSERT OR IGNORE INTO user (id, email, email_verified, hashed_password, name, first_name, last_name, wix_member_id, blocked, role, created_at) VALUES ('c29531c0d01d477c996e930feb077e83', 'mariagiamanco1724@gmail.com', 1, '', '', '', '', NULL, 0, 'member', '2025-02-10 01:20');

INSERT OR IGNORE INTO user (id, email, email_verified, hashed_password, name, first_name, last_name, wix_member_id, blocked, role, created_at) VALUES ('e74b302bc3b9486da1e02f8a9a405a8e', 'aliciaarkfeld@gmail.com', 1, '', '', '', '', NULL, 0, 'member', '2025-02-05 18:40');

INSERT OR IGNORE INTO user (id, email, email_verified, hashed_password, name, first_name, last_name, wix_member_id, blocked, role, created_at) VALUES ('4f23747179ce4d298ef9ff4f5d7e9cd9', 'carli.alb6@gmail.com', 1, '', '', '', '', NULL, 0, 'member', '2025-02-06 04:14');

INSERT OR IGNORE INTO user (id, email, email_verified, hashed_password, name, first_name, last_name, wix_member_id, blocked, role, created_at) VALUES ('0dc6c355f0b4471f8e3eead42eb1290a', 'frankiwiley@me.com', 1, '', '', '', '', NULL, 0, 'member', '2025-02-08 09:44');

INSERT OR IGNORE INTO user (id, email, email_verified, hashed_password, name, first_name, last_name, wix_member_id, blocked, role, created_at) VALUES ('bdbe8372acb9453885467385173f5e8d', 'edithac1301@gmail.com', 1, '', '', '', '', NULL, 0, 'member', '2025-02-07 16:41');

INSERT OR IGNORE INTO user (id, email, email_verified, hashed_password, name, first_name, last_name, wix_member_id, blocked, role, created_at) VALUES ('1eb6f38961f94b4eba6f7b02cd6a294f', 'laurenearonson712@gmail.com', 1, '', '', '', '', NULL, 0, 'member', '2025-02-12 04:06');

INSERT OR IGNORE INTO user (id, email, email_verified, hashed_password, name, first_name, last_name, wix_member_id, blocked, role, created_at) VALUES ('8544435bf91647c7baa157cd02028248', 'emmariegorton@gmail.com', 1, '', '', '', '', NULL, 0, 'member', '2025-02-14 19:48');

INSERT OR IGNORE INTO user (id, email, email_verified, hashed_password, name, first_name, last_name, wix_member_id, blocked, role, created_at) VALUES ('232f58395eed4d6a8b12988d43b37182', 'essiecoco@gmail.com', 1, '', 'Esther Hudson', 'Esther', 'Hudson', NULL, 0, 'member', '2025-02-11 19:17');

INSERT OR IGNORE INTO user (id, email, email_verified, hashed_password, name, first_name, last_name, wix_member_id, blocked, role, created_at) VALUES ('f359c407fe5a4114a3633eabc389fa7c', 'blushs222@gmail.com', 1, '', '', '', '', NULL, 0, 'member', '2025-02-11 03:15');

INSERT OR IGNORE INTO user (id, email, email_verified, hashed_password, name, first_name, last_name, wix_member_id, blocked, role, created_at) VALUES ('41266992ee91436aab48322d174fe846', 'andjelina.orozovic@gmail.com', 1, '', '', '', '', NULL, 0, 'member', '2025-02-14 10:53');

INSERT OR IGNORE INTO user (id, email, email_verified, hashed_password, name, first_name, last_name, wix_member_id, blocked, role, created_at) VALUES ('a6ef27352c65407ba32ddebdf854116d', 'jacqdraw6@gmail.com', 1, '', 'Jacqueline Snyder', 'Jacqueline', 'Snyder', NULL, 0, 'member', '2025-02-06 18:02');

INSERT OR IGNORE INTO user (id, email, email_verified, hashed_password, name, first_name, last_name, wix_member_id, blocked, role, created_at) VALUES ('7a8f5ab58185426c93fe8ef686c14d22', 'katrinaprice92@gmail.com', 1, '', '', '', '', NULL, 0, 'member', '2025-02-14 01:48');

INSERT OR IGNORE INTO user (id, email, email_verified, hashed_password, name, first_name, last_name, wix_member_id, blocked, role, created_at) VALUES ('d7628d33c8ae42d3b0da53d55c08e99a', 'stefka.slavova1@gmail.com', 1, '', '', '', '', NULL, 0, 'member', '2025-02-07 07:58');

INSERT OR IGNORE INTO user (id, email, email_verified, hashed_password, name, first_name, last_name, wix_member_id, blocked, role, created_at) VALUES ('1739615693054709ad5b95e618845861', 'brittany.e.acosta@gmail.com', 1, '', '', '', '', NULL, 0, 'member', '2025-02-11 04:02');

INSERT OR IGNORE INTO user (id, email, email_verified, hashed_password, name, first_name, last_name, wix_member_id, blocked, role, created_at) VALUES ('ef08d1ac96a24864b068c68ab6ff3087', 'mhoger@rocketmail.com', 1, '', '', '', '', NULL, 0, 'member', '2025-02-11 10:07');

INSERT OR IGNORE INTO user (id, email, email_verified, hashed_password, name, first_name, last_name, wix_member_id, blocked, role, created_at) VALUES ('78bfdd4f9edf47c086a92d0a7aec30e2', 'joycejosephine.us@gmail.com', 1, '', 'Joyce Josephine', 'Joyce', 'Josephine', NULL, 1, 'member', '2025-02-13 13:52');
INSERT OR IGNORE INTO user_label (user_id, label) VALUES ('78bfdd4f9edf47c086a92d0a7aec30e2', 'Spam 🛑');

INSERT OR IGNORE INTO user (id, email, email_verified, hashed_password, name, first_name, last_name, wix_member_id, blocked, role, created_at) VALUES ('b430b40785fc46c29198ffd6cacf1bbd', 'daniellest.louis31@gmail.com', 1, '', '', '', '', NULL, 0, 'member', '2025-02-13 23:43');

INSERT OR IGNORE INTO user (id, email, email_verified, hashed_password, name, first_name, last_name, wix_member_id, blocked, role, created_at) VALUES ('e8efc4dc92774008b451ca26dd600ba6', 'daniellebell126@gmail.com', 1, '', 'Danielle Bell', 'Danielle', 'Bell', NULL, 0, 'member', '2025-02-14 00:14');

INSERT OR IGNORE INTO user (id, email, email_verified, hashed_password, name, first_name, last_name, wix_member_id, blocked, role, created_at) VALUES ('0704f618939c47fd87395725da7a81bd', 'krystalweaver99@gmail.com', 1, '', '', '', '', NULL, 0, 'member', '2025-02-14 11:46');

INSERT OR IGNORE INTO user (id, email, email_verified, hashed_password, name, first_name, last_name, wix_member_id, blocked, role, created_at) VALUES ('2a336569470743f2ac26562ebdec0897', 'teresacecilia4@gmail.com', 1, '', 'Teresa Luke', 'Teresa', 'Luke', NULL, 0, 'member', '2025-02-14 04:47');

INSERT OR IGNORE INTO user (id, email, email_verified, hashed_password, name, first_name, last_name, wix_member_id, blocked, role, created_at) VALUES ('5d3b6bcb324d412198297772dfd98dc8', 'rachelelysetaylor@gmail.com', 1, '', '', '', '', NULL, 0, 'member', '2025-02-13 23:30');

INSERT OR IGNORE INTO user (id, email, email_verified, hashed_password, name, first_name, last_name, wix_member_id, blocked, role, created_at) VALUES ('0c2a3fbdc40942488c869f257fb1e523', 'alice.schwantes@gmail.com', 1, '', 'Alice Schwantes', 'Alice', 'Schwantes', NULL, 0, 'member', '2025-02-05 22:25');

INSERT OR IGNORE INTO user (id, email, email_verified, hashed_password, name, first_name, last_name, wix_member_id, blocked, role, created_at) VALUES ('2b7bec0f7a384dd59bd90c57ddeb056a', 'robynanneabrahan@gmail.com', 1, '', '', '', '', NULL, 0, 'member', '2025-02-07 00:13');

INSERT OR IGNORE INTO user (id, email, email_verified, hashed_password, name, first_name, last_name, wix_member_id, blocked, role, created_at) VALUES ('c6ab2032b7be456da519ae9852e8ddaf', 'hmlacroix@gmail.com', 1, '', '', '', '', NULL, 0, 'member', '2025-02-14 02:38');

INSERT OR IGNORE INTO user (id, email, email_verified, hashed_password, name, first_name, last_name, wix_member_id, blocked, role, created_at) VALUES ('8f64d959a2a748f09a429e8fe3bf00c4', 'bernadettebobrowski@gmail.com', 1, '', '', '', '', NULL, 0, 'member', '2025-02-14 01:15');

INSERT OR IGNORE INTO user (id, email, email_verified, hashed_password, name, first_name, last_name, wix_member_id, blocked, role, created_at) VALUES ('74a9202ff7854f8aa51571f92dbe6175', 'sydneymulv@gmail.com', 1, '', '', '', '', NULL, 0, 'member', '2025-02-14 02:08');

INSERT OR IGNORE INTO user (id, email, email_verified, hashed_password, name, first_name, last_name, wix_member_id, blocked, role, created_at) VALUES ('5afedb31b9b847e5a72fe73a1e1fca44', 'bashka.kalinova@gmail.com', 1, '', 'Barbora Mayerova', 'Barbora', 'Mayerova', NULL, 0, 'member', '2025-02-14 16:05');

INSERT OR IGNORE INTO user (id, email, email_verified, hashed_password, name, first_name, last_name, wix_member_id, blocked, role, created_at) VALUES ('75013042c08e45a89ba97c422071cb83', 'laurenl_99@msn.com', 1, '', '', '', '', NULL, 0, 'member', '2025-02-04 16:24');

INSERT OR IGNORE INTO user (id, email, email_verified, hashed_password, name, first_name, last_name, wix_member_id, blocked, role, created_at) VALUES ('0983744afca6420fbfa2f74351e6568c', 'anna.snyder110@gmail.com', 1, '', '', '', '', NULL, 0, 'member', '2025-02-06 22:43');

INSERT OR IGNORE INTO user (id, email, email_verified, hashed_password, name, first_name, last_name, wix_member_id, blocked, role, created_at) VALUES ('b63a045773b94054a60b63771a498bf1', 'lasmy2023@gmail.com', 1, '', '', '', '', NULL, 0, 'member', '2025-02-11 05:24');

INSERT OR IGNORE INTO user (id, email, email_verified, hashed_password, name, first_name, last_name, wix_member_id, blocked, role, created_at) VALUES ('febcd0989ea34dba8dfbf2acd62edc0b', 'katyaebert@gmail.com', 1, '', '', '', '', NULL, 0, 'member', '2025-02-04 13:54');

INSERT OR IGNORE INTO user (id, email, email_verified, hashed_password, name, first_name, last_name, wix_member_id, blocked, role, created_at) VALUES ('fe91fd0571e140938b47e69babe3fe3d', 'tswercheck@gmail.com', 1, '', '', '', '', NULL, 0, 'member', '2025-02-13 21:47');

INSERT OR IGNORE INTO user (id, email, email_verified, hashed_password, name, first_name, last_name, wix_member_id, blocked, role, created_at) VALUES ('2d855b11bd53476683399a03d3e90436', 'kristin.e.morrison@gmail.com', 1, '', '', '', '', NULL, 0, 'member', '2025-02-14 02:23');

INSERT OR IGNORE INTO user (id, email, email_verified, hashed_password, name, first_name, last_name, wix_member_id, blocked, role, created_at) VALUES ('60e9736e17ab43b7be1b8437aae55227', 'bebo20000009@gmail.com', 1, '', 'Chemi', 'Chemi', '', NULL, 0, 'member', '2025-02-11 23:22');

INSERT OR IGNORE INTO user (id, email, email_verified, hashed_password, name, first_name, last_name, wix_member_id, blocked, role, created_at) VALUES ('41a17d2e4b5144eeaec5f1f308a6ce93', 'kasterismos@gmail.com', 1, '', '', '', '', NULL, 0, 'member', '2025-02-08 22:13');

INSERT OR IGNORE INTO user (id, email, email_verified, hashed_password, name, first_name, last_name, wix_member_id, blocked, role, created_at) VALUES ('7b67220f72264e52ba2917669f4ecb0e', 'lindsaya12@gmail.com', 1, '', '', '', '', NULL, 0, 'member', '2025-02-13 17:30');

INSERT OR IGNORE INTO user (id, email, email_verified, hashed_password, name, first_name, last_name, wix_member_id, blocked, role, created_at) VALUES ('26460c6f2bf84ca1af72bb7e1e27dbb4', 'callahanclaire26@gmail.com', 1, '', '', '', '', NULL, 0, 'member', '2025-02-14 18:40');

INSERT OR IGNORE INTO user (id, email, email_verified, hashed_password, name, first_name, last_name, wix_member_id, blocked, role, created_at) VALUES ('19d4c6026fd24f1e8c23ee7d4cb45df5', 'gilbertlindsay40@yahoo.com', 1, '', '', '', '', NULL, 0, 'member', '2025-02-14 00:19');

INSERT OR IGNORE INTO user (id, email, email_verified, hashed_password, name, first_name, last_name, wix_member_id, blocked, role, created_at) VALUES ('59bc9a56a5484766801909f336d4d771', 'ketelensouza506@gmail.com', 1, '', 'Ketelen Souza', 'Ketelen', 'Souza', NULL, 0, 'member', '2025-02-13 05:32');

INSERT OR IGNORE INTO user (id, email, email_verified, hashed_password, name, first_name, last_name, wix_member_id, blocked, role, created_at) VALUES ('bf24d2ee484b4578a92b97ae9dfcb730', 'cas.k.burch@gmail.com', 1, '', 'Casandra Burch', 'Casandra', 'Burch', NULL, 0, 'member', '2025-02-05 01:25');

INSERT OR IGNORE INTO user (id, email, email_verified, hashed_password, name, first_name, last_name, wix_member_id, blocked, role, created_at) VALUES ('b67a636b3c044032b7eedad0f7ee45fd', 'gabriela.barun@gmail.com', 1, '', '', '', '', NULL, 0, 'member', '2025-02-15 08:46');

INSERT OR IGNORE INTO user (id, email, email_verified, hashed_password, name, first_name, last_name, wix_member_id, blocked, role, created_at) VALUES ('1c285e371bec43b0a0517467ea4d54b6', 'noraclareross@gmail.com', 1, '', '', '', '', NULL, 0, 'member', '2025-02-14 00:31');

INSERT OR IGNORE INTO user (id, email, email_verified, hashed_password, name, first_name, last_name, wix_member_id, blocked, role, created_at) VALUES ('2f01a9e39ae94a04869bf347c8db844e', 'emilysorvala@hotmail.com', 1, '', '', '', '', NULL, 0, 'member', '2025-02-14 00:08');

INSERT OR IGNORE INTO user (id, email, email_verified, hashed_password, name, first_name, last_name, wix_member_id, blocked, role, created_at) VALUES ('d71493dbd1e54a78a6636226c4b606f9', 'kkrahn327@gmail.com', 1, '', '', '', '', NULL, 0, 'member', '2025-02-14 19:48');
INSERT OR IGNORE INTO user_label (user_id, label) VALUES ('d71493dbd1e54a78a6636226c4b606f9', 'RRM Academy Members Group member');

INSERT OR IGNORE INTO user (id, email, email_verified, hashed_password, name, first_name, last_name, wix_member_id, blocked, role, created_at) VALUES ('9a80e0325e9c434fb92d4270bbb009ee', 'nrpring@gmail.com', 1, '', '', '', '', NULL, 0, 'member', '2025-02-14 00:52');

INSERT OR IGNORE INTO user (id, email, email_verified, hashed_password, name, first_name, last_name, wix_member_id, blocked, role, created_at) VALUES ('0a94544a40be43d78b85804e992d36ae', 'delan1km@cmich.edu', 1, '', '', '', '', NULL, 0, 'member', '2025-02-09 08:30');
INSERT OR IGNORE INTO user_label (user_id, label) VALUES ('0a94544a40be43d78b85804e992d36ae', 'Postpartum Depression & Anxiety: a restorative approach to recovery');
INSERT OR IGNORE INTO user_label (user_id, label) VALUES ('0a94544a40be43d78b85804e992d36ae', 'RRM Academy Members Group member');
INSERT OR IGNORE INTO enrollment (id, user_id, course_id, enrolled_at) VALUES ('4fdf950807064b6abdb17d0b27f6cc88', '0a94544a40be43d78b85804e992d36ae', 'postpartum-depression-anxiety', '2025-02-09 08:30');

INSERT OR IGNORE INTO user (id, email, email_verified, hashed_password, name, first_name, last_name, wix_member_id, blocked, role, created_at) VALUES ('989e42b4411f4c8cbb0ca79251693721', 'teepeegardens@gmail.com', 1, '', '', '', '', NULL, 0, 'member', '2025-02-14 15:26');

INSERT OR IGNORE INTO user (id, email, email_verified, hashed_password, name, first_name, last_name, wix_member_id, blocked, role, created_at) VALUES ('4413c1553de14b8ba35ffc2bf4ae3578', 'mercede.christine@gmail.com', 1, '', '', '', '', NULL, 0, 'member', '2025-02-14 03:26');

INSERT OR IGNORE INTO user (id, email, email_verified, hashed_password, name, first_name, last_name, wix_member_id, blocked, role, created_at) VALUES ('e086d130d646479f996326e6c89beaf9', 'daniellawix@gmail.com', 1, '', '', '', '', NULL, 0, 'member', '2025-02-08 09:15');

INSERT OR IGNORE INTO user (id, email, email_verified, hashed_password, name, first_name, last_name, wix_member_id, blocked, role, created_at) VALUES ('8a630b4a9f9e41d5a6f452e3d4f3c8ec', 'thearrowpen@gmail.com', 1, '', 'Kate Allen', 'Kate', 'Allen', NULL, 0, 'member', '2025-02-04 19:54');

INSERT OR IGNORE INTO user (id, email, email_verified, hashed_password, name, first_name, last_name, wix_member_id, blocked, role, created_at) VALUES ('49e9abb056aa443ca2bcf6d964646359', 'darbs004@gmail.com', 1, '', '', '', '', NULL, 0, 'member', '2025-02-10 01:47');

INSERT OR IGNORE INTO user (id, email, email_verified, hashed_password, name, first_name, last_name, wix_member_id, blocked, role, created_at) VALUES ('4ddf90e266c94be192be7c594616f22e', 'paige.samp@gmail.com', 1, '', '', '', '', NULL, 0, 'member', '2025-02-10 22:18');

INSERT OR IGNORE INTO user (id, email, email_verified, hashed_password, name, first_name, last_name, wix_member_id, blocked, role, created_at) VALUES ('1b13086b92d54c8588cf77e6c984b33c', 'shanze.khan@hotmail.com', 1, '', '', '', '', NULL, 0, 'member', '2025-02-14 15:43');

INSERT OR IGNORE INTO user (id, email, email_verified, hashed_password, name, first_name, last_name, wix_member_id, blocked, role, created_at) VALUES ('cdae4e0850c74de880c1a877bde93efd', 'heather_n_goldu@hotmail.com', 1, '', '', '', '', NULL, 0, 'member', '2025-02-07 16:36');

INSERT OR IGNORE INTO user (id, email, email_verified, hashed_password, name, first_name, last_name, wix_member_id, blocked, role, created_at) VALUES ('24e4664c93c049cb83d1cdf737dd99c0', 'kblasik22@gmail.com', 1, '', '', '', '', NULL, 0, 'member', '2025-02-07 00:33');

INSERT OR IGNORE INTO user (id, email, email_verified, hashed_password, name, first_name, last_name, wix_member_id, blocked, role, created_at) VALUES ('e33b903829e2486b8e75aac4c4227ec7', 'marilee.spencer1@gmail.com', 1, '', '', '', '', NULL, 0, 'member', '2025-02-13 23:38');

INSERT OR IGNORE INTO user (id, email, email_verified, hashed_password, name, first_name, last_name, wix_member_id, blocked, role, created_at) VALUES ('683954061f5b44f88785a6be681f7e5a', 'nina.kostyukovsky@gmail.com', 1, '', '', '', '', NULL, 0, 'member', '2025-02-15 03:18');

INSERT OR IGNORE INTO user (id, email, email_verified, hashed_password, name, first_name, last_name, wix_member_id, blocked, role, created_at) VALUES ('75e7e0f2068c4b35bb0631158ce6869d', 'ghosthorse2012@yahoo.com', 1, '', '', '', '', NULL, 0, 'member', '2025-02-04 01:11');

INSERT OR IGNORE INTO user (id, email, email_verified, hashed_password, name, first_name, last_name, wix_member_id, blocked, role, created_at) VALUES ('5160f955fc734194a8d30b7324581cc8', 'maddy.krayse@yahoo.com', 1, '', '', '', '', NULL, 0, 'member', '2025-02-11 17:43');

INSERT OR IGNORE INTO user (id, email, email_verified, hashed_password, name, first_name, last_name, wix_member_id, blocked, role, created_at) VALUES ('876c22a0a71a4491bc45ec3861c6ecb8', 'nilab.23@hotmail.ca', 1, '', '', '', '', NULL, 0, 'member', '2025-02-11 07:25');

INSERT OR IGNORE INTO user (id, email, email_verified, hashed_password, name, first_name, last_name, wix_member_id, blocked, role, created_at) VALUES ('e03c1cc8923147e5b88668fd73d414a2', 'kyliesarver@gmail.com', 1, '', '', '', '', NULL, 0, 'member', '2025-02-14 03:54');

INSERT OR IGNORE INTO user (id, email, email_verified, hashed_password, name, first_name, last_name, wix_member_id, blocked, role, created_at) VALUES ('a8967eafc17a45709010025909bd1b1b', 'palomino_siera@yahoo.com', 1, '', '', '', '', NULL, 0, 'member', '2025-02-11 04:41');

INSERT OR IGNORE INTO user (id, email, email_verified, hashed_password, name, first_name, last_name, wix_member_id, blocked, role, created_at) VALUES ('5b54091833e64d16957e7cd6089f32af', 'brianna.smith138@gmail.com', 1, '', '', '', '', NULL, 0, 'member', '2025-02-14 02:14');

INSERT OR IGNORE INTO user (id, email, email_verified, hashed_password, name, first_name, last_name, wix_member_id, blocked, role, created_at) VALUES ('6ddeb7467a974e6689bdeeb8f9a4ac46', 'lara0525@yahoo.com', 1, '', '', '', '', NULL, 0, 'member', '2025-02-13 22:19');

INSERT OR IGNORE INTO user (id, email, email_verified, hashed_password, name, first_name, last_name, wix_member_id, blocked, role, created_at) VALUES ('1f559c6e9fc046a68b6f736483a0828d', 'icecubeflamingo@yahoo.com', 1, '', '', '', '', NULL, 0, 'member', '2025-02-12 01:50');

INSERT OR IGNORE INTO user (id, email, email_verified, hashed_password, name, first_name, last_name, wix_member_id, blocked, role, created_at) VALUES ('a437d821bd014c14a3272c537f5b9121', 'mandevi@vt.edu', 1, '', '', '', '', NULL, 0, 'member', '2025-02-12 01:48');
INSERT OR IGNORE INTO user_label (user_id, label) VALUES ('a437d821bd014c14a3272c537f5b9121', 'RRM Academy Members Group member');

INSERT OR IGNORE INTO user (id, email, email_verified, hashed_password, name, first_name, last_name, wix_member_id, blocked, role, created_at) VALUES ('bc2cf3f77a5649c99da1030022ff8ffe', 'wixpartner.lashawn@gmail.com', 1, '', 'Lashawn Wix partner solution', 'Lashawn', 'Wix partner solution', NULL, 1, 'member', '2025-02-14 16:42');
INSERT OR IGNORE INTO user_label (user_id, label) VALUES ('bc2cf3f77a5649c99da1030022ff8ffe', 'Spam 🛑');

INSERT OR IGNORE INTO user (id, email, email_verified, hashed_password, name, first_name, last_name, wix_member_id, blocked, role, created_at) VALUES ('f6dba45314be4758aa6e7b302c7db7b5', 'ashleyrene09@yahoo.com', 1, '', '', '', '', NULL, 0, 'member', '2025-02-14 02:40');

INSERT OR IGNORE INTO user (id, email, email_verified, hashed_password, name, first_name, last_name, wix_member_id, blocked, role, created_at) VALUES ('362aa964c55041d0b943fc162c4ed499', 'cjjattoe@gmail.com', 1, '', '', '', '', NULL, 0, 'member', '2025-02-14 01:32');

INSERT OR IGNORE INTO user (id, email, email_verified, hashed_password, name, first_name, last_name, wix_member_id, blocked, role, created_at) VALUES ('92d71c0ee61d460580d633530e35bdac', 'mollymartens12@gmail.com', 1, '', '', '', '', NULL, 0, 'member', '2025-02-13 23:41');

INSERT OR IGNORE INTO user (id, email, email_verified, hashed_password, name, first_name, last_name, wix_member_id, blocked, role, created_at) VALUES ('9ff72dfeae264430adcda8af8636735f', 'mtortorella323@gmail.com', 1, '', '', '', '', NULL, 0, 'member', '2025-02-13 23:36');

INSERT OR IGNORE INTO user (id, email, email_verified, hashed_password, name, first_name, last_name, wix_member_id, blocked, role, created_at) VALUES ('d1ff737ef8c346ed8d5db3fa45a4b689', 'emmeliawells@gmail.com', 1, '', '', '', '', NULL, 0, 'member', '2025-02-14 23:26');

INSERT OR IGNORE INTO user (id, email, email_verified, hashed_password, name, first_name, last_name, wix_member_id, blocked, role, created_at) VALUES ('e51fac4aef864e2d89098e372502026f', 'rebecca.holdsworth01@gmail.com', 1, '', '', '', '', NULL, 0, 'member', '2025-02-14 02:35');

INSERT OR IGNORE INTO user (id, email, email_verified, hashed_password, name, first_name, last_name, wix_member_id, blocked, role, created_at) VALUES ('1745c4536ee14493aab7871a424f7185', 'al_andrea87@hotmail.com', 1, '', '', '', '', NULL, 0, 'member', '2025-02-13 01:59');

INSERT OR IGNORE INTO user (id, email, email_verified, hashed_password, name, first_name, last_name, wix_member_id, blocked, role, created_at) VALUES ('ae232592d8614609825fbbb96f97839c', 'jacee.broadway@gmail.com', 1, '', '', '', '', NULL, 0, 'member', '2025-02-14 06:15');

INSERT OR IGNORE INTO user (id, email, email_verified, hashed_password, name, first_name, last_name, wix_member_id, blocked, role, created_at) VALUES ('0aa86cbade3040cfb90fee3569b65416', 'groseclosefam2@gmail.com', 1, '', '', '', '', NULL, 0, 'member', '2025-02-13 23:43');

INSERT OR IGNORE INTO user (id, email, email_verified, hashed_password, name, first_name, last_name, wix_member_id, blocked, role, created_at) VALUES ('3334fc33811046b994a990f07fd7ca0a', 'kyliekreikemeier@gmail.com', 1, '', '', '', '', NULL, 0, 'member', '2025-02-14 01:59');

INSERT OR IGNORE INTO user (id, email, email_verified, hashed_password, name, first_name, last_name, wix_member_id, blocked, role, created_at) VALUES ('fc021586c97d448693d3a456354b4301', 'paradisb112@gmail.com', 1, '', '', '', '', NULL, 0, 'member', '2025-02-14 12:00');

INSERT OR IGNORE INTO user (id, email, email_verified, hashed_password, name, first_name, last_name, wix_member_id, blocked, role, created_at) VALUES ('2f9792313f6d494c9fdef6dfd80d3ec1', 'edjango413@gmail.com', 1, '', '', '', '', NULL, 0, 'member', '2025-02-11 19:24');

INSERT OR IGNORE INTO user (id, email, email_verified, hashed_password, name, first_name, last_name, wix_member_id, blocked, role, created_at) VALUES ('97f36a36e79f413394d98ef3b86fd95e', 'marijaboskovic89@gmail.com', 1, '', '', '', '', NULL, 0, 'member', '2025-02-14 10:45');
INSERT OR IGNORE INTO user_label (user_id, label) VALUES ('97f36a36e79f413394d98ef3b86fd95e', 'RRM Academy Members Group member');

INSERT OR IGNORE INTO user (id, email, email_verified, hashed_password, name, first_name, last_name, wix_member_id, blocked, role, created_at) VALUES ('ae1f7c7f12ce40ff8a377d97248087ed', 'carolynw2020@gmail.com', 1, '', 'Carolyn White', 'Carolyn', 'White', NULL, 0, 'member', '2025-02-14 03:03');

INSERT OR IGNORE INTO user (id, email, email_verified, hashed_password, name, first_name, last_name, wix_member_id, blocked, role, created_at) VALUES ('b28730aa4e4f419e83f07722acd02e36', 'addiehovis@hovisauto.com', 1, '', '', '', '', NULL, 0, 'member', '2025-02-14 02:06');

INSERT OR IGNORE INTO user (id, email, email_verified, hashed_password, name, first_name, last_name, wix_member_id, blocked, role, created_at) VALUES ('e097559fd4eb4719aac7009afc11cc9c', 'ashley.trlica@gmail.com', 1, '', '', '', '', NULL, 0, 'member', '2025-02-08 23:20');

INSERT OR IGNORE INTO user (id, email, email_verified, hashed_password, name, first_name, last_name, wix_member_id, blocked, role, created_at) VALUES ('8822d99bc9534848bf636cc9888f9922', 'katie6770@gmail.com', 1, '', '', '', '', NULL, 0, 'member', '2025-02-14 02:43');

INSERT OR IGNORE INTO user (id, email, email_verified, hashed_password, name, first_name, last_name, wix_member_id, blocked, role, created_at) VALUES ('56b991b2efac4d308e78bb40e90dbc6b', 'kvineis@conroeisd.net', 1, '', '', '', '', NULL, 0, 'member', '2025-02-14 16:31');

INSERT OR IGNORE INTO user (id, email, email_verified, hashed_password, name, first_name, last_name, wix_member_id, blocked, role, created_at) VALUES ('dfc8340416f945508dd6470b7c2b6ce3', 'j.king.02@hotmail.com', 1, '', '', '', '', NULL, 0, 'member', '2025-02-14 04:22');

INSERT OR IGNORE INTO user (id, email, email_verified, hashed_password, name, first_name, last_name, wix_member_id, blocked, role, created_at) VALUES ('abef7d01bd894196be9f228b9c68c79a', 'lmr1015@outlook.com', 1, '', '', '', '', NULL, 0, 'member', '2025-02-14 21:31');

INSERT OR IGNORE INTO user (id, email, email_verified, hashed_password, name, first_name, last_name, wix_member_id, blocked, role, created_at) VALUES ('4b58cf80fc7d4c41b6980bbcd329c9de', 'lpaukovic123@gmail.com', 1, '', 'Lana Pauković', 'Lana', 'Pauković', NULL, 0, 'member', '2025-02-14 13:27');

INSERT OR IGNORE INTO user (id, email, email_verified, hashed_password, name, first_name, last_name, wix_member_id, blocked, role, created_at) VALUES ('8ffc2467faaf47de97608b896314b162', 'mebshawna@hotmail.com', 1, '', '', '', '', NULL, 0, 'member', '2025-02-10 01:51');

INSERT OR IGNORE INTO user (id, email, email_verified, hashed_password, name, first_name, last_name, wix_member_id, blocked, role, created_at) VALUES ('1fa653924fd54e4c90d6809d7d133c93', 'taydyl0503@gmail.com', 1, '', '', '', '', NULL, 0, 'member', '2025-02-14 00:31');

INSERT OR IGNORE INTO user (id, email, email_verified, hashed_password, name, first_name, last_name, wix_member_id, blocked, role, created_at) VALUES ('dc6a33581fad4d0c82c9b20f2b510cb7', 'signups.vl@gmail.com', 1, '', '', '', '', NULL, 0, 'member', '2025-02-14 07:49');
INSERT OR IGNORE INTO user_label (user_id, label) VALUES ('dc6a33581fad4d0c82c9b20f2b510cb7', 'RRM Academy Members Group member');

INSERT OR IGNORE INTO user (id, email, email_verified, hashed_password, name, first_name, last_name, wix_member_id, blocked, role, created_at) VALUES ('df5f7970be6049fc9dad9544a7f27610', 'maja.mihalic13@gmail.com', 1, '', '', '', '', NULL, 0, 'member', '2025-02-14 10:08');

INSERT OR IGNORE INTO user (id, email, email_verified, hashed_password, name, first_name, last_name, wix_member_id, blocked, role, created_at) VALUES ('7626fce8c46e481db35635683243907f', 'katelyn.aguiar17@gmail.com', 1, '', 'Katelyn Aguiar', 'Katelyn', 'Aguiar', NULL, 0, 'member', '2025-02-10 01:06');
INSERT OR IGNORE INTO user_label (user_id, label) VALUES ('7626fce8c46e481db35635683243907f', 'Contacted Me');

INSERT OR IGNORE INTO user (id, email, email_verified, hashed_password, name, first_name, last_name, wix_member_id, blocked, role, created_at) VALUES ('b790f918c87a4318952f40dd4fe7a579', 'amy.kantner14@gmail.com', 1, '', '', '', '', NULL, 0, 'member', '2025-02-11 02:53');

INSERT OR IGNORE INTO user (id, email, email_verified, hashed_password, name, first_name, last_name, wix_member_id, blocked, role, created_at) VALUES ('c007a48727db4b1abdb25abf88225ca1', 'nasyametcaf@gmail.com', 1, '', '', '', '', NULL, 0, 'member', '2025-02-14 20:40');

INSERT OR IGNORE INTO user (id, email, email_verified, hashed_password, name, first_name, last_name, wix_member_id, blocked, role, created_at) VALUES ('95dd5100f54c4943a1c58074f5b74c8e', 'lindsaywestberg2@gmail.com', 1, '', '', '', '', NULL, 0, 'member', '2025-02-13 12:57');

INSERT OR IGNORE INTO user (id, email, email_verified, hashed_password, name, first_name, last_name, wix_member_id, blocked, role, created_at) VALUES ('2e808f9c78fb41409e349a32c99dfd5d', 'ricetm1@gmail.com', 1, '', '', '', '', NULL, 0, 'member', '2025-02-24 03:11');

INSERT OR IGNORE INTO user (id, email, email_verified, hashed_password, name, first_name, last_name, wix_member_id, blocked, role, created_at) VALUES ('c98492aa017e4ebaa1f419acc2e4512a', 'victoria.thome96@gmail.com', 1, '', '', '', '', NULL, 0, 'member', '2025-03-04 03:50');

INSERT OR IGNORE INTO user (id, email, email_verified, hashed_password, name, first_name, last_name, wix_member_id, blocked, role, created_at) VALUES ('7b1a8468edcc4fd4b162e81e03a958af', 'kdoerr23@gmail.com', 1, '', '', '', '', NULL, 0, 'member', '2025-03-04 05:14');

INSERT OR IGNORE INTO user (id, email, email_verified, hashed_password, name, first_name, last_name, wix_member_id, blocked, role, created_at) VALUES ('06fd6576d47e4ca298073a5728d80671', 'rcvetich@gmail.com', 1, '', '', '', '', NULL, 0, 'member', '2025-03-04 02:32');

INSERT OR IGNORE INTO user (id, email, email_verified, hashed_password, name, first_name, last_name, wix_member_id, blocked, role, created_at) VALUES ('b1ae6086665244b08841ac882f79ec4d', 'alexxadimaggio@gmail.com', 1, '', '', '', '', NULL, 0, 'member', '2025-03-04 01:32');

INSERT OR IGNORE INTO user (id, email, email_verified, hashed_password, name, first_name, last_name, wix_member_id, blocked, role, created_at) VALUES ('8ef150ea9fef4d8d9cfa4ebc1f74cc83', 'selayher@gmail.com', 1, '', '', '', '', NULL, 0, 'member', '2025-03-01 16:16');

INSERT OR IGNORE INTO user (id, email, email_verified, hashed_password, name, first_name, last_name, wix_member_id, blocked, role, created_at) VALUES ('24cc0f4ef2094bec88a0659dad7130b0', 'mikayla.grace.fine@gmail.com', 1, '', '', '', '', NULL, 0, 'member', '2025-02-20 19:48');

INSERT OR IGNORE INTO user (id, email, email_verified, hashed_password, name, first_name, last_name, wix_member_id, blocked, role, created_at) VALUES ('5ada2ddb04784d9aa50a08ab2b37f1e3', 'zavorallilah@myshschool.com', 1, '', '', '', '', NULL, 0, 'member', '2025-03-03 19:03');

INSERT OR IGNORE INTO user (id, email, email_verified, hashed_password, name, first_name, last_name, wix_member_id, blocked, role, created_at) VALUES ('0931345e210b472fa0b66a5e2689985b', 'racheerose13@gmail.com', 1, '', '', '', '', NULL, 0, 'member', '2025-03-05 04:06');

INSERT OR IGNORE INTO user (id, email, email_verified, hashed_password, name, first_name, last_name, wix_member_id, blocked, role, created_at) VALUES ('9d13ff7a39c544ae893b0d3b8af5eeca', 'kerralangley@gmail.com', 1, '', '', '', '', NULL, 0, 'member', '2025-02-24 00:46');

INSERT OR IGNORE INTO user (id, email, email_verified, hashed_password, name, first_name, last_name, wix_member_id, blocked, role, created_at) VALUES ('eee6dc946363483ab328f27ab117b1da', 'maddieparker2604@gmail.com', 1, '', '', '', '', NULL, 0, 'member', '2025-02-24 02:02');

INSERT OR IGNORE INTO user (id, email, email_verified, hashed_password, name, first_name, last_name, wix_member_id, blocked, role, created_at) VALUES ('faf53af531a8425c97a922ef90fe38dd', 'sarahvasy4@gmail.com', 1, '', 'Sarah Vasyukhnevich', 'Sarah', 'Vasyukhnevich', NULL, 0, 'member', '2025-03-05 16:06');

INSERT OR IGNORE INTO user (id, email, email_verified, hashed_password, name, first_name, last_name, wix_member_id, blocked, role, created_at) VALUES ('ed94401ec12c4ba9866be7604377baea', 'ashabariswapnil@gmail.com', 1, '', 'Swapnil Sinha', 'Swapnil', 'Sinha', NULL, 0, 'member', '2025-02-24 07:07');

INSERT OR IGNORE INTO user (id, email, email_verified, hashed_password, name, first_name, last_name, wix_member_id, blocked, role, created_at) VALUES ('be8d0994b0044c4f96f5d80a526f6ced', 'alix7629@hotmail.co.uk', 1, '', '', '', '', NULL, 0, 'member', '2025-03-04 23:02');

INSERT OR IGNORE INTO user (id, email, email_verified, hashed_password, name, first_name, last_name, wix_member_id, blocked, role, created_at) VALUES ('c72bf583e714434c8f3762747bcf9f6c', 'morgan@steward-realestate.com', 1, '', 'Morgan Duncan', 'Morgan', 'Duncan', NULL, 0, 'member', '2025-02-25 17:40');

INSERT OR IGNORE INTO user (id, email, email_verified, hashed_password, name, first_name, last_name, wix_member_id, blocked, role, created_at) VALUES ('0e05b4485ebf4f9e9981f902b0f4c2f9', 'alexis.rapoza96@outlook.com', 1, '', '', '', '', NULL, 0, 'member', '2025-02-24 00:40');

INSERT OR IGNORE INTO user (id, email, email_verified, hashed_password, name, first_name, last_name, wix_member_id, blocked, role, created_at) VALUES ('1992ad94c8ae42f191d6f79681019743', 'mariadelrociorl@gmail.com', 1, '', 'Maria Rivera', 'Maria', 'Rivera', NULL, 0, 'member', '2025-02-28 17:39');

INSERT OR IGNORE INTO user (id, email, email_verified, hashed_password, name, first_name, last_name, wix_member_id, blocked, role, created_at) VALUES ('a18923d2aaeb48f59e94b68ae84b0757', 'brennakerstiens@gmail.com', 1, '', '', '', '', NULL, 0, 'member', '2025-02-18 00:08');

INSERT OR IGNORE INTO user (id, email, email_verified, hashed_password, name, first_name, last_name, wix_member_id, blocked, role, created_at) VALUES ('977d04d66c3642d097d5770be8ec0a6a', 'madi.m.casey@gmail.com', 1, '', 'Madi', 'Madi', '', NULL, 0, 'member', '2025-02-24 12:32');

INSERT OR IGNORE INTO user (id, email, email_verified, hashed_password, name, first_name, last_name, wix_member_id, blocked, role, created_at) VALUES ('762223df889942699c9abecbc6fe04b0', 'kall2logan@gmail.com', 1, '', '', '', '', NULL, 0, 'member', '2025-02-24 02:50');

INSERT OR IGNORE INTO user (id, email, email_verified, hashed_password, name, first_name, last_name, wix_member_id, blocked, role, created_at) VALUES ('0705da8267e744e7ab15a135147046ab', 'jujubean.tiger@gmail.com', 1, '', 'Julia Rideout', 'Julia', 'Rideout', NULL, 0, 'member', '2025-02-25 16:30');

INSERT OR IGNORE INTO user (id, email, email_verified, hashed_password, name, first_name, last_name, wix_member_id, blocked, role, created_at) VALUES ('1a2cc75c668d46c1bf2f05321ca98622', 'madison.smith3166@gmail.com', 1, '', '', '', '', NULL, 0, 'member', '2025-02-17 18:34');

INSERT OR IGNORE INTO user (id, email, email_verified, hashed_password, name, first_name, last_name, wix_member_id, blocked, role, created_at) VALUES ('cd71fe5782704012a259c7110458dedf', 'dranagarcia@gmail.com', 1, '', 'Ana Garcia', 'Ana', 'Garcia', NULL, 0, 'member', '2025-02-28 17:37');
INSERT OR IGNORE INTO user_label (user_id, label) VALUES ('cd71fe5782704012a259c7110458dedf', 'RRM Academy Members Group member');
INSERT OR IGNORE INTO user_label (user_id, label) VALUES ('cd71fe5782704012a259c7110458dedf', 'Customers');
INSERT OR IGNORE INTO user_label (user_id, label) VALUES ('cd71fe5782704012a259c7110458dedf', 'Save the Uterus Club 🏷️');
INSERT OR IGNORE INTO user_label (user_id, label) VALUES ('cd71fe5782704012a259c7110458dedf', 'Long Term Endometriosis Management');
INSERT OR IGNORE INTO user_label (user_id, label) VALUES ('cd71fe5782704012a259c7110458dedf', 'Uterus Hero 💖');
INSERT OR IGNORE INTO user_label (user_id, label) VALUES ('cd71fe5782704012a259c7110458dedf', 'Contacted Me');
INSERT OR IGNORE INTO user_label (user_id, label) VALUES ('cd71fe5782704012a259c7110458dedf', 'Save the Uterus Club Group member');
INSERT OR IGNORE INTO user_label (user_id, label) VALUES ('cd71fe5782704012a259c7110458dedf', 'Donor 👏');
INSERT OR IGNORE INTO enrollment (id, user_id, course_id, enrolled_at) VALUES ('fbc50f57b6a943d8a74df14c33fa82aa', 'cd71fe5782704012a259c7110458dedf', 'long-term-endo-management', '2025-02-28 17:37');

INSERT OR IGNORE INTO user (id, email, email_verified, hashed_password, name, first_name, last_name, wix_member_id, blocked, role, created_at) VALUES ('6dedcfdb063b4c2fafa8ee79de322124', 'jbecca81@yahoo.com', 1, '', '', '', '', NULL, 0, 'member', '2025-02-26 19:06');

INSERT OR IGNORE INTO user (id, email, email_verified, hashed_password, name, first_name, last_name, wix_member_id, blocked, role, created_at) VALUES ('fa3cdac275d747b3a892910edd745c74', 'kaltrinamaciver@mail.com', 1, '', '', '', '', NULL, 0, 'member', '2025-02-26 01:41');

INSERT OR IGNORE INTO user (id, email, email_verified, hashed_password, name, first_name, last_name, wix_member_id, blocked, role, created_at) VALUES ('b227936346494cb68be5e340b0509040', 'epicbri313@gmail.com', 1, '', 'Brielle McNair', 'Brielle', 'McNair', NULL, 0, 'member', '2025-03-02 01:29');

INSERT OR IGNORE INTO user (id, email, email_verified, hashed_password, name, first_name, last_name, wix_member_id, blocked, role, created_at) VALUES ('44027b223d44461784b5bc31c5629d2a', 'liz.borcherding@gmail.com', 1, '', '', '', '', NULL, 0, 'member', '2025-02-20 01:19');

INSERT OR IGNORE INTO user (id, email, email_verified, hashed_password, name, first_name, last_name, wix_member_id, blocked, role, created_at) VALUES ('99807a40e37146b6ae0363571a522fa4', 'laughwithoutfear31@gmail.com', 1, '', '', '', '', NULL, 0, 'member', '2025-02-16 01:40');

INSERT OR IGNORE INTO user (id, email, email_verified, hashed_password, name, first_name, last_name, wix_member_id, blocked, role, created_at) VALUES ('1176b3ab9cff42338c705754d67767b1', 'laraaclaassen@gmail.com', 1, '', 'Lara Claassen', 'Lara', 'Claassen', NULL, 0, 'member', '2025-03-01 00:08');

INSERT OR IGNORE INTO user (id, email, email_verified, hashed_password, name, first_name, last_name, wix_member_id, blocked, role, created_at) VALUES ('13f17b2363bf4c62b525e5bd5108f553', 'haley.kinz@hotmail.com', 1, '', '', '', '', NULL, 0, 'member', '2025-03-05 04:47');

INSERT OR IGNORE INTO user (id, email, email_verified, hashed_password, name, first_name, last_name, wix_member_id, blocked, role, created_at) VALUES ('3c2da2214b964dd39da8321ec17afc0f', 'carleew15@hotmail.com', 1, '', '', '', '', NULL, 0, 'member', '2025-02-24 18:07');

INSERT OR IGNORE INTO user (id, email, email_verified, hashed_password, name, first_name, last_name, wix_member_id, blocked, role, created_at) VALUES ('502489c08dd545a892c2b408d480fabc', 'kbaburkett@gmail.com', 1, '', 'Kaila Burkett', 'Kaila', 'Burkett', NULL, 0, 'member', '2025-03-05 00:09');

INSERT OR IGNORE INTO user (id, email, email_verified, hashed_password, name, first_name, last_name, wix_member_id, blocked, role, created_at) VALUES ('717154c1274249c3a192dba7d0d54372', 'daniel.wixlegend.pro@gmail.com', 1, '', 'Website Fixteam', 'Website', 'Fixteam', NULL, 1, 'member', '2025-02-21 10:41');
INSERT OR IGNORE INTO user_label (user_id, label) VALUES ('717154c1274249c3a192dba7d0d54372', 'Spam 🛑');

INSERT OR IGNORE INTO user (id, email, email_verified, hashed_password, name, first_name, last_name, wix_member_id, blocked, role, created_at) VALUES ('52c6206a002d4284afe9e179f0a228cf', 'sarah.e.karim@gmail.com', 1, '', 'Sarah Karim', 'Sarah', 'Karim', NULL, 0, 'member', '2025-02-25 08:22');

INSERT OR IGNORE INTO user (id, email, email_verified, hashed_password, name, first_name, last_name, wix_member_id, blocked, role, created_at) VALUES ('63d482d427334d1aaac6fdca5818f646', 'bethjaye23@gmail.com', 1, '', '', '', '', NULL, 0, 'member', '2025-03-05 23:41');

INSERT OR IGNORE INTO user (id, email, email_verified, hashed_password, name, first_name, last_name, wix_member_id, blocked, role, created_at) VALUES ('08ce01f1ed194af59ba932e198f3ff40', 'sentzsm@gmail.com', 1, '', '', '', '', NULL, 0, 'member', '2025-03-02 03:17');

INSERT OR IGNORE INTO user (id, email, email_verified, hashed_password, name, first_name, last_name, wix_member_id, blocked, role, created_at) VALUES ('9cbeb53cf19a490b95e1501dd6ce1cdb', 'inbetweentheashes@gmail.com', 1, '', '', '', '', NULL, 0, 'member', '2025-03-01 16:08');

INSERT OR IGNORE INTO user (id, email, email_verified, hashed_password, name, first_name, last_name, wix_member_id, blocked, role, created_at) VALUES ('6ef983e5fdd34b0698804baa73c48994', 'tcox@lozierinstitute.org', 1, '', '', '', '', NULL, 0, 'member', '2025-02-28 18:24');

INSERT OR IGNORE INTO user (id, email, email_verified, hashed_password, name, first_name, last_name, wix_member_id, blocked, role, created_at) VALUES ('45ce8b26a1b74b689ba66f4be3a639e2', 'bridget.thill.bioethics@gmail.com', 1, '', '', '', '', NULL, 0, 'member', '2025-03-01 16:45');

INSERT OR IGNORE INTO user (id, email, email_verified, hashed_password, name, first_name, last_name, wix_member_id, blocked, role, created_at) VALUES ('af40ac2c9fd242bfbc94f6197958e9d0', 'bccole9917@gmail.com', 1, '', 'Bri Duddles', 'Bri', 'Duddles', NULL, 0, 'member', '2025-02-21 18:48');

INSERT OR IGNORE INTO user (id, email, email_verified, hashed_password, name, first_name, last_name, wix_member_id, blocked, role, created_at) VALUES ('32deaba25aca404fa35c7d41b58d2dac', 'olivia@a-listme.com', 1, '', 'Olivia King', 'Olivia', 'King', NULL, 0, 'member', '2025-03-02 03:56');

INSERT OR IGNORE INTO user (id, email, email_verified, hashed_password, name, first_name, last_name, wix_member_id, blocked, role, created_at) VALUES ('5bfa0f72f33747d0ae7651c7f72bcc31', 'sofianck789@gmail.com', 1, '', 'Sofia Nicholas', 'Sofia', 'Nicholas', NULL, 0, 'member', '2025-02-24 07:49');

INSERT OR IGNORE INTO user (id, email, email_verified, hashed_password, name, first_name, last_name, wix_member_id, blocked, role, created_at) VALUES ('65a147f7a1e5426db9fc4da908efdf62', 'claudinha_abreu@yahoo.com', 1, '', '', '', '', NULL, 0, 'member', '2025-03-02 00:24');

INSERT OR IGNORE INTO user (id, email, email_verified, hashed_password, name, first_name, last_name, wix_member_id, blocked, role, created_at) VALUES ('90ff505ac8a4449d85191acabd693948', 'kaitlyn.j.dejonge@gmail.com', 1, '', '', '', '', NULL, 0, 'member', '2025-03-04 21:01');

INSERT OR IGNORE INTO user (id, email, email_verified, hashed_password, name, first_name, last_name, wix_member_id, blocked, role, created_at) VALUES ('b3bc82187c28440d874a3162bb1faf21', 'simonebwebster@gmail.com', 1, '', '', '', '', NULL, 0, 'member', '2025-02-19 01:29');

INSERT OR IGNORE INTO user (id, email, email_verified, hashed_password, name, first_name, last_name, wix_member_id, blocked, role, created_at) VALUES ('141548e73b98494e9d5ce70f358774fb', 'jrosiek10@gmail.com', 1, '', 'Jackie Rosiek', 'Jackie', 'Rosiek', NULL, 0, 'member', '2025-02-25 20:59');

INSERT OR IGNORE INTO user (id, email, email_verified, hashed_password, name, first_name, last_name, wix_member_id, blocked, role, created_at) VALUES ('4a451b6b9b694b75891874baf320f63b', 'amiacharia@me.com', 1, '', '', '', '', NULL, 0, 'member', '2025-02-27 15:58');
INSERT OR IGNORE INTO user_label (user_id, label) VALUES ('4a451b6b9b694b75891874baf320f63b', 'Restorative Reproductive Medicine (RRM) vs Standard ART: A New Approach to Infertility');
INSERT OR IGNORE INTO user_label (user_id, label) VALUES ('4a451b6b9b694b75891874baf320f63b', 'RRM Academy Members Group member');
INSERT OR IGNORE INTO enrollment (id, user_id, course_id, enrolled_at) VALUES ('138d732a71854331abbd932e9bfb1231', '4a451b6b9b694b75891874baf320f63b', 'rrm-vs-ivf', '2025-02-27 15:58');

INSERT OR IGNORE INTO user (id, email, email_verified, hashed_password, name, first_name, last_name, wix_member_id, blocked, role, created_at) VALUES ('402f13453990415da7626ad6bbf62e6b', 'endosurvey.strained609@passinbox.com', 1, '', '', '', '', NULL, 0, 'member', '2025-02-25 00:11');

INSERT OR IGNORE INTO user (id, email, email_verified, hashed_password, name, first_name, last_name, wix_member_id, blocked, role, created_at) VALUES ('657370ea3f78405fafdb87137a4d8f3c', 'bernbirkenfeld@gmail.com', 1, '', 'BB', 'BB', '', NULL, 0, 'member', '2025-02-27 20:25');

INSERT OR IGNORE INTO user (id, email, email_verified, hashed_password, name, first_name, last_name, wix_member_id, blocked, role, created_at) VALUES ('4b7c150aa3ce49b685d86802b5b281cc', 'sydrwalt@gmail.com', 1, '', '', '', '', NULL, 0, 'member', '2025-02-17 02:12');

INSERT OR IGNORE INTO user (id, email, email_verified, hashed_password, name, first_name, last_name, wix_member_id, blocked, role, created_at) VALUES ('34baa2c78f18460f86202433a5ea25eb', 'messersmith.samantha@gmail.com', 1, '', 'Samantha Messersmith', 'Samantha', 'Messersmith', NULL, 0, 'member', '2025-02-21 19:08');

INSERT OR IGNORE INTO user (id, email, email_verified, hashed_password, name, first_name, last_name, wix_member_id, blocked, role, created_at) VALUES ('649d0885a86241fbb8dc3f1ac56a4f89', 'emily3larock@gmail.com', 1, '', '', '', '', NULL, 0, 'member', '2025-02-26 12:37');

INSERT OR IGNORE INTO user (id, email, email_verified, hashed_password, name, first_name, last_name, wix_member_id, blocked, role, created_at) VALUES ('45b25169bd7349c28b5660565ffba4ab', 'chu.lindsayn@gmail.com', 1, '', '', '', '', NULL, 0, 'member', '2025-02-17 18:41');
INSERT OR IGNORE INTO user_label (user_id, label) VALUES ('45b25169bd7349c28b5660565ffba4ab', 'Restorative Reproductive Medicine (RRM) vs Standard ART: A New Approach to Infertility');
INSERT OR IGNORE INTO user_label (user_id, label) VALUES ('45b25169bd7349c28b5660565ffba4ab', 'RRM Academy Members Group member');
INSERT OR IGNORE INTO enrollment (id, user_id, course_id, enrolled_at) VALUES ('96c8567131194c6fbf298b638601a5a8', '45b25169bd7349c28b5660565ffba4ab', 'rrm-vs-ivf', '2025-02-17 18:41');

INSERT OR IGNORE INTO user (id, email, email_verified, hashed_password, name, first_name, last_name, wix_member_id, blocked, role, created_at) VALUES ('7197d460303341b8a55b97df1370e99f', 'danielle.barnett07@gmail.com', 1, '', '', '', '', NULL, 0, 'member', '2025-02-17 18:53');

INSERT OR IGNORE INTO user (id, email, email_verified, hashed_password, name, first_name, last_name, wix_member_id, blocked, role, created_at) VALUES ('9d31d09445e847178e0556d39698e0cb', 'brittanycoe@outlook.com', 1, '', '', '', '', NULL, 0, 'member', '2025-02-16 06:09');

INSERT OR IGNORE INTO user (id, email, email_verified, hashed_password, name, first_name, last_name, wix_member_id, blocked, role, created_at) VALUES ('3375c85404f5478d98125a61d4f66a8c', 'f.c.soree@gmail.com', 1, '', 'F. Soree', 'F.', 'Soree', NULL, 0, 'member', '2025-03-02 09:55');

INSERT OR IGNORE INTO user (id, email, email_verified, hashed_password, name, first_name, last_name, wix_member_id, blocked, role, created_at) VALUES ('56fc4dd851b74dcc8261ab9655780820', 'ajscupples@gmail.com', 1, '', 'Andrew Cupples', 'Andrew', 'Cupples', NULL, 0, 'member', '2025-02-28 17:37');

INSERT OR IGNORE INTO user (id, email, email_verified, hashed_password, name, first_name, last_name, wix_member_id, blocked, role, created_at) VALUES ('e70f5657d04a43d69660e120abac35cf', 'mikaylachatel@gmail.com', 1, '', '', '', '', NULL, 0, 'member', '2025-03-04 23:48');

INSERT OR IGNORE INTO user (id, email, email_verified, hashed_password, name, first_name, last_name, wix_member_id, blocked, role, created_at) VALUES ('b0c7c50ebe1f416989f36f49363e0fbb', 'mjohhnson1994@gmail.com', 1, '', 'Miranda Johnson', 'Miranda', 'Johnson', NULL, 0, 'member', '2025-03-04 18:28');

INSERT OR IGNORE INTO user (id, email, email_verified, hashed_password, name, first_name, last_name, wix_member_id, blocked, role, created_at) VALUES ('b2f696475a324fee83b662a5504ee689', 'carolinecampbell77@gmail.com', 1, '', 'Caroline Campbell', 'Caroline', 'Campbell', NULL, 0, 'member', '2025-02-27 20:33');

INSERT OR IGNORE INTO user (id, email, email_verified, hashed_password, name, first_name, last_name, wix_member_id, blocked, role, created_at) VALUES ('d4f97220c76b4b28bce21096efdf4931', 'webb.cathym@gmail.com', 1, '', '', '', '', NULL, 0, 'member', '2025-03-01 16:20');

INSERT OR IGNORE INTO user (id, email, email_verified, hashed_password, name, first_name, last_name, wix_member_id, blocked, role, created_at) VALUES ('13cfc427454c4e3986a6ba4e4cdaeeb1', 'amandamansour7@yahoo.com', 1, '', 'Amanda Mary', 'Amanda', 'Mary', NULL, 0, 'member', '2025-02-26 16:14');

INSERT OR IGNORE INTO user (id, email, email_verified, hashed_password, name, first_name, last_name, wix_member_id, blocked, role, created_at) VALUES ('befe8789051f4d2d856d4babed8e6f4f', 'jessiekamis@gmail.com', 1, '', '', '', '', NULL, 0, 'member', '2025-02-19 03:10');

INSERT OR IGNORE INTO user (id, email, email_verified, hashed_password, name, first_name, last_name, wix_member_id, blocked, role, created_at) VALUES ('2a00e36312d547b1ab1ae1ba2162ee8f', 'theresa.bogunovic@gmail.com', 1, '', '', '', '', NULL, 0, 'member', '2025-03-01 19:03');

INSERT OR IGNORE INTO user (id, email, email_verified, hashed_password, name, first_name, last_name, wix_member_id, blocked, role, created_at) VALUES ('fb8c2714e93e4d87aa6ee7b069736213', 'sid_holder359@yahoo.com', 1, '', '', '', '', NULL, 0, 'member', '2025-02-26 01:57');

INSERT OR IGNORE INTO user (id, email, email_verified, hashed_password, name, first_name, last_name, wix_member_id, blocked, role, created_at) VALUES ('b548a7c27ad7490293f82078efed042c', 'erintevans@gmail.com', 1, '', '', '', '', NULL, 0, 'member', '2025-03-01 19:39');

INSERT OR IGNORE INTO user (id, email, email_verified, hashed_password, name, first_name, last_name, wix_member_id, blocked, role, created_at) VALUES ('e3c31d9f61b441fb8b2d039d541749a5', 'bhaeli81@gmail.com', 1, '', '', '', '', NULL, 0, 'member', '2025-02-24 23:37');

INSERT OR IGNORE INTO user (id, email, email_verified, hashed_password, name, first_name, last_name, wix_member_id, blocked, role, created_at) VALUES ('cebb1cc58aa64c128cee7f5cb249297c', 'cindyhpcc@gmail.com', 1, '', '', '', '', NULL, 0, 'member', '2025-02-28 17:40');

INSERT OR IGNORE INTO user (id, email, email_verified, hashed_password, name, first_name, last_name, wix_member_id, blocked, role, created_at) VALUES ('0592b244778b4661bacd897d1676576a', 'hoockd@gmail.com', 1, '', '', '', '', NULL, 0, 'member', '2025-02-24 01:16');

INSERT OR IGNORE INTO user (id, email, email_verified, hashed_password, name, first_name, last_name, wix_member_id, blocked, role, created_at) VALUES ('b002da34ba0b407f8d7719de02daf7d7', 'xsteak_saucex@aol.com', 1, '', '', '', '', NULL, 0, 'member', '2025-02-28 05:08');

INSERT OR IGNORE INTO user (id, email, email_verified, hashed_password, name, first_name, last_name, wix_member_id, blocked, role, created_at) VALUES ('eab3a665aa854a76b13415a1b546f2fb', 'meredithsibert167@cedarville.edu', 1, '', '', '', '', NULL, 0, 'member', '2025-02-27 20:08');

INSERT OR IGNORE INTO user (id, email, email_verified, hashed_password, name, first_name, last_name, wix_member_id, blocked, role, created_at) VALUES ('c004d3d82e6849af97dbbfaac8f58c94', 'graceguerin14@gmail.com', 1, '', '', '', '', NULL, 0, 'member', '2025-02-24 00:53');

INSERT OR IGNORE INTO user (id, email, email_verified, hashed_password, name, first_name, last_name, wix_member_id, blocked, role, created_at) VALUES ('dacd4a5f31a34497a60f7e2f2abc6b0b', 'patrickkloftus@gmail.com', 1, '', 'Patrick Loftus', 'Patrick', 'Loftus', NULL, 0, 'member', '2025-02-22 21:15');

INSERT OR IGNORE INTO user (id, email, email_verified, hashed_password, name, first_name, last_name, wix_member_id, blocked, role, created_at) VALUES ('af10e55d3ad745d6af7c4f377e6c8394', 'sarahmaudmunoz@gmail.com', 1, '', 'Sarah Munoz', 'Sarah', 'Munoz', NULL, 0, 'member', '2025-02-24 00:43');

INSERT OR IGNORE INTO user (id, email, email_verified, hashed_password, name, first_name, last_name, wix_member_id, blocked, role, created_at) VALUES ('e21aaa6f7c144ed3a3445f73d48ec4c8', 'catievandamme2020@gmail.com', 1, '', 'Catie VanDamme', 'Catie', 'VanDamme', NULL, 0, 'member', '2025-03-05 23:16');
INSERT OR IGNORE INTO user_label (user_id, label) VALUES ('e21aaa6f7c144ed3a3445f73d48ec4c8', 'Postpartum Depression & Anxiety: a restorative approach to recovery');
INSERT OR IGNORE INTO user_label (user_id, label) VALUES ('e21aaa6f7c144ed3a3445f73d48ec4c8', 'RRM Academy Members Group member');
INSERT OR IGNORE INTO enrollment (id, user_id, course_id, enrolled_at) VALUES ('b99aafb5d2b24deaae1549a26884bb1c', 'e21aaa6f7c144ed3a3445f73d48ec4c8', 'postpartum-depression-anxiety', '2025-03-05 23:16');

INSERT OR IGNORE INTO user (id, email, email_verified, hashed_password, name, first_name, last_name, wix_member_id, blocked, role, created_at) VALUES ('63dcdc900aaf4576917684059c7e59ea', 'adrianakelderman@gmail.com', 1, '', '', '', '', NULL, 0, 'member', '2025-02-27 14:58');

INSERT OR IGNORE INTO user (id, email, email_verified, hashed_password, name, first_name, last_name, wix_member_id, blocked, role, created_at) VALUES ('49896aae359446c284d9b79cd619f6b0', 'lauren.brueggemeyer@mavs.uta.edu', 1, '', '', '', '', NULL, 0, 'member', '2025-02-27 14:22');

INSERT OR IGNORE INTO user (id, email, email_verified, hashed_password, name, first_name, last_name, wix_member_id, blocked, role, created_at) VALUES ('1a62833bf3fc49b18c5788080406f23a', 'edediegolop@alumni.unav.es', 1, '', 'Eneko De Diego López De Araya López De Araya', 'Eneko', 'De Diego López De Araya López De Araya', NULL, 0, 'member', '2025-03-04 09:02');

INSERT OR IGNORE INTO user (id, email, email_verified, hashed_password, name, first_name, last_name, wix_member_id, blocked, role, created_at) VALUES ('fc67186f3d154a249eb92b8c8aed64ac', 'mammh85@gmail.com', 1, '', 'mammh 0917', 'mammh', '0917', NULL, 0, 'member', '2025-02-25 13:34');

INSERT OR IGNORE INTO user (id, email, email_verified, hashed_password, name, first_name, last_name, wix_member_id, blocked, role, created_at) VALUES ('6d6ddf2250d34500b8b323e540e6d589', 'sydnoon@comcast.net', 1, '', '', '', '', NULL, 0, 'member', '2025-02-24 20:01');

INSERT OR IGNORE INTO user (id, email, email_verified, hashed_password, name, first_name, last_name, wix_member_id, blocked, role, created_at) VALUES ('d4824f65f8ad42b79ab1267350fb03cf', 'alisoncmcgill@gmail.com', 1, '', '', '', '', NULL, 0, 'member', '2025-02-25 17:05');

INSERT OR IGNORE INTO user (id, email, email_verified, hashed_password, name, first_name, last_name, wix_member_id, blocked, role, created_at) VALUES ('9384f044ef334b518c8b710a0dfc3828', 'myersgal97@gmail.com', 1, '', '', '', '', NULL, 0, 'member', '2025-02-22 19:23');

INSERT OR IGNORE INTO user (id, email, email_verified, hashed_password, name, first_name, last_name, wix_member_id, blocked, role, created_at) VALUES ('81df715c6d6c447eb680c9efa63c213f', 'emily.davis78@yahoo.com', 1, '', '', '', '', NULL, 0, 'member', '2025-02-20 15:41');
INSERT OR IGNORE INTO user_label (user_id, label) VALUES ('81df715c6d6c447eb680c9efa63c213f', 'RRM Academy Members Group member');
INSERT OR IGNORE INTO user_label (user_id, label) VALUES ('81df715c6d6c447eb680c9efa63c213f', 'Endo Surgeon Workbook 🏷️');
INSERT OR IGNORE INTO user_label (user_id, label) VALUES ('81df715c6d6c447eb680c9efa63c213f', 'Long Term Endometriosis Management');
INSERT OR IGNORE INTO user_label (user_id, label) VALUES ('81df715c6d6c447eb680c9efa63c213f', 'Masterclass Members Group member');
INSERT OR IGNORE INTO user_label (user_id, label) VALUES ('81df715c6d6c447eb680c9efa63c213f', 'Masterclass in Endometriosis & Surgery');
INSERT OR IGNORE INTO enrollment (id, user_id, course_id, enrolled_at) VALUES ('222f90279405475ca9659c2e341a0717', '81df715c6d6c447eb680c9efa63c213f', 'long-term-endo-management', '2025-02-20 15:41');
INSERT OR IGNORE INTO enrollment (id, user_id, course_id, enrolled_at) VALUES ('060495237a2d4f8c8966acb924d4d585', '81df715c6d6c447eb680c9efa63c213f', 'masterclass-endo-surgery', '2025-02-20 15:41');

INSERT OR IGNORE INTO user (id, email, email_verified, hashed_password, name, first_name, last_name, wix_member_id, blocked, role, created_at) VALUES ('e128367bc60246dab44317fdcdbedc6c', 'hanawellnessandbeauty@gmail.com', 1, '', 'Shayla Daschle', 'Shayla', 'Daschle', NULL, 0, 'member', '2025-03-01 13:50');

INSERT OR IGNORE INTO user (id, email, email_verified, hashed_password, name, first_name, last_name, wix_member_id, blocked, role, created_at) VALUES ('a24e608ba353439daf663d87f9e5cd9b', 's.dornellas@hotmail.com', 1, '', '', '', '', NULL, 0, 'member', '2025-02-19 00:54');

INSERT OR IGNORE INTO user (id, email, email_verified, hashed_password, name, first_name, last_name, wix_member_id, blocked, role, created_at) VALUES ('5636e3a402d24549bffc6a9d16b6c580', 'andrasnyder9@gmail.com', 1, '', '', '', '', NULL, 0, 'member', '2025-02-20 17:09');

INSERT OR IGNORE INTO user (id, email, email_verified, hashed_password, name, first_name, last_name, wix_member_id, blocked, role, created_at) VALUES ('1f3aae1651e74240882e1a8cd86d2591', 'charislynne@gmail.com', 1, '', '', '', '', NULL, 0, 'member', '2025-02-20 17:30');

INSERT OR IGNORE INTO user (id, email, email_verified, hashed_password, name, first_name, last_name, wix_member_id, blocked, role, created_at) VALUES ('9e30db896006412b98f6da4197a32dc6', 'laurenelizabethturner70@gmail.com', 1, '', '', '', '', NULL, 0, 'member', '2025-02-26 00:20');

INSERT OR IGNORE INTO user (id, email, email_verified, hashed_password, name, first_name, last_name, wix_member_id, blocked, role, created_at) VALUES ('deb650347cae4eebb928fdbf941371b7', 'amtmorrison3@gmail.com', 1, '', 'Anna Bullis', 'Anna', 'Bullis', NULL, 0, 'member', '2025-02-24 20:24');
INSERT OR IGNORE INTO user_label (user_id, label) VALUES ('deb650347cae4eebb928fdbf941371b7', 'Postpartum Depression & Anxiety: a restorative approach to recovery');
INSERT OR IGNORE INTO user_label (user_id, label) VALUES ('deb650347cae4eebb928fdbf941371b7', 'RRM Academy Members Group member');
INSERT OR IGNORE INTO enrollment (id, user_id, course_id, enrolled_at) VALUES ('5528c6efeb6b43879c9ebd6c9d027a37', 'deb650347cae4eebb928fdbf941371b7', 'postpartum-depression-anxiety', '2025-02-24 20:24');

INSERT OR IGNORE INTO user (id, email, email_verified, hashed_password, name, first_name, last_name, wix_member_id, blocked, role, created_at) VALUES ('909e312c60b240018d156b65b4501a15', 'barnowl313@gmail.com', 1, '', 'Elizabeth Camacho', 'Elizabeth', 'Camacho', NULL, 0, 'member', '2025-02-22 18:23');

INSERT OR IGNORE INTO user (id, email, email_verified, hashed_password, name, first_name, last_name, wix_member_id, blocked, role, created_at) VALUES ('d99178ca64a144d1be8e559e14810cfa', 'toripohldmt@gmail.com', 1, '', 'Tori Pohl', 'Tori', 'Pohl', NULL, 0, 'member', '2025-03-05 14:43');
INSERT OR IGNORE INTO user_label (user_id, label) VALUES ('d99178ca64a144d1be8e559e14810cfa', 'Restorative Reproductive Medicine (RRM) vs Standard ART: A New Approach to Infertility');
INSERT OR IGNORE INTO user_label (user_id, label) VALUES ('d99178ca64a144d1be8e559e14810cfa', 'RRM Academy Members Group member');
INSERT OR IGNORE INTO enrollment (id, user_id, course_id, enrolled_at) VALUES ('93de498f5058499f92154d90f1d349a9', 'd99178ca64a144d1be8e559e14810cfa', 'rrm-vs-ivf', '2025-03-05 14:43');

INSERT OR IGNORE INTO user (id, email, email_verified, hashed_password, name, first_name, last_name, wix_member_id, blocked, role, created_at) VALUES ('6a121e6ae54d4bd7a864aea366f0ebec', 'gabrieleddy342@gmail.com', 1, '', '', '', '', NULL, 0, 'member', '2025-02-15 22:08');

INSERT OR IGNORE INTO user (id, email, email_verified, hashed_password, name, first_name, last_name, wix_member_id, blocked, role, created_at) VALUES ('358fa6e05a8f4919aa8288130d49a7ce', 'whitbrob88@gmail.com', 1, '', '', '', '', NULL, 0, 'member', '2025-02-26 16:18');

INSERT OR IGNORE INTO user (id, email, email_verified, hashed_password, name, first_name, last_name, wix_member_id, blocked, role, created_at) VALUES ('a90778eaef844669b645fc3907a6e49a', 'mpeiffer93@gmail.com', 1, '', 'Marla Davis', 'Marla', 'Davis', NULL, 0, 'member', '2025-03-04 02:25');

INSERT OR IGNORE INTO user (id, email, email_verified, hashed_password, name, first_name, last_name, wix_member_id, blocked, role, created_at) VALUES ('4863f706d0a54f8bb7d97d41908bff44', 'drpoehailos@gmail.com', 1, '', '', '', '', NULL, 0, 'member', '2025-02-28 17:37');
INSERT OR IGNORE INTO user_label (user_id, label) VALUES ('4863f706d0a54f8bb7d97d41908bff44', 'RRM Academy Members Group member');

INSERT OR IGNORE INTO user (id, email, email_verified, hashed_password, name, first_name, last_name, wix_member_id, blocked, role, created_at) VALUES ('e964336279b04825ae2fb40277f3da5d', 'kashat.danielle@gmail.com', 1, '', 'Danielle Kashat', 'Danielle', 'Kashat', NULL, 0, 'member', '2025-02-28 01:27');

INSERT OR IGNORE INTO user (id, email, email_verified, hashed_password, name, first_name, last_name, wix_member_id, blocked, role, created_at) VALUES ('3291fc3d3fbb4fcdaa6490fa7bbe8906', 'ruchmadison@gmail.com', 1, '', '', '', '', NULL, 0, 'member', '2025-03-04 02:25');

INSERT OR IGNORE INTO user (id, email, email_verified, hashed_password, name, first_name, last_name, wix_member_id, blocked, role, created_at) VALUES ('26a333eb9d5d47cb9b5e3a5dfb6c2e96', 'sfowinkl@yahoo.com', 1, '', '', '', '', NULL, 0, 'member', '2025-02-25 17:28');

INSERT OR IGNORE INTO user (id, email, email_verified, hashed_password, name, first_name, last_name, wix_member_id, blocked, role, created_at) VALUES ('80f09ff191564c05ae98377615e2272a', 'hollyberry9217@gmail.com', 1, '', 'Holly L', 'Holly', 'L', NULL, 0, 'member', '2025-02-21 20:50');

INSERT OR IGNORE INTO user (id, email, email_verified, hashed_password, name, first_name, last_name, wix_member_id, blocked, role, created_at) VALUES ('ae29bd8703584b31a5c1a3303b334adb', 'shgates94@gmail.com', 1, '', '', '', '', NULL, 0, 'member', '2025-02-22 21:36');

INSERT OR IGNORE INTO user (id, email, email_verified, hashed_password, name, first_name, last_name, wix_member_id, blocked, role, created_at) VALUES ('ced48a6154a947888afff482b914694a', 'laurhen@gmail.com', 1, '', 'Lauren L', 'Lauren', 'L', NULL, 0, 'member', '2025-03-22 01:45');

INSERT OR IGNORE INTO user (id, email, email_verified, hashed_password, name, first_name, last_name, wix_member_id, blocked, role, created_at) VALUES ('6c033db1a4c24099b205170af6082907', 'mcleanfm22@gmail.com', 1, '', '', '', '', NULL, 0, 'member', '2025-03-16 08:27');

INSERT OR IGNORE INTO user (id, email, email_verified, hashed_password, name, first_name, last_name, wix_member_id, blocked, role, created_at) VALUES ('b6bbc07cc27e4b3b84b04a63fd70b837', 'kaylakolb@rocketmail.com', 1, '', '', '', '', NULL, 0, 'member', '2025-03-13 02:15');

INSERT OR IGNORE INTO user (id, email, email_verified, hashed_password, name, first_name, last_name, wix_member_id, blocked, role, created_at) VALUES ('15b1297957f6480788948607f9c3817b', 'bpscios@gmail.com', 1, '', '', '', '', NULL, 0, 'member', '2025-03-11 16:25');

INSERT OR IGNORE INTO user (id, email, email_verified, hashed_password, name, first_name, last_name, wix_member_id, blocked, role, created_at) VALUES ('825da7809ff9409ba16010e5fec9de5f', 'mlynnwalther@gmail.com', 1, '', 'Megan Zavala', 'Megan', 'Zavala', NULL, 0, 'member', '2025-03-17 11:49');

INSERT OR IGNORE INTO user (id, email, email_verified, hashed_password, name, first_name, last_name, wix_member_id, blocked, role, created_at) VALUES ('e02214b4bddf43b8a2c2210435cdeb0f', 'obrien.carleigh@gmail.com', 1, '', '', '', '', NULL, 0, 'member', '2025-03-08 13:35');

INSERT OR IGNORE INTO user (id, email, email_verified, hashed_password, name, first_name, last_name, wix_member_id, blocked, role, created_at) VALUES ('e82639e4b8ab4d4b86c4f8185b36c168', 'smileycj44@gmail.com', 1, '', '', '', '', NULL, 0, 'member', '2025-03-11 12:27');

INSERT OR IGNORE INTO user (id, email, email_verified, hashed_password, name, first_name, last_name, wix_member_id, blocked, role, created_at) VALUES ('9c8005e25820454aada966a446ff465c', 'lavonda041303@gmail.com', 1, '', 'Lavonda Martin', 'Lavonda', 'Martin', NULL, 0, 'member', '2025-03-15 00:53');
INSERT OR IGNORE INTO user_label (user_id, label) VALUES ('9c8005e25820454aada966a446ff465c', 'RRM Academy Members Group member');

INSERT OR IGNORE INTO user (id, email, email_verified, hashed_password, name, first_name, last_name, wix_member_id, blocked, role, created_at) VALUES ('d228e900e1684bcaa14908199f143ff9', 'kirbi.hunter77@gmail.co', 1, '', '', '', '', NULL, 0, 'member', '2025-03-06 22:19');

INSERT OR IGNORE INTO user (id, email, email_verified, hashed_password, name, first_name, last_name, wix_member_id, blocked, role, created_at) VALUES ('931338ae910447748b65f83154a0b488', 'majeshagan@gmail.com', 1, '', '', '', '', NULL, 0, 'member', '2025-03-19 21:57');

INSERT OR IGNORE INTO user (id, email, email_verified, hashed_password, name, first_name, last_name, wix_member_id, blocked, role, created_at) VALUES ('fc6716ba68144d82b17c8d889e7d8dc1', 'marykatejennings0527@icloud.com', 1, '', '', '', '', NULL, 0, 'member', '2025-03-18 16:49');

INSERT OR IGNORE INTO user (id, email, email_verified, hashed_password, name, first_name, last_name, wix_member_id, blocked, role, created_at) VALUES ('07d1627cae05489fbddadd2098d26414', 'archelon.ischyros@gmail.com', 1, '', 'Marisa Egan', 'Marisa', 'Egan', NULL, 0, 'member', '2025-03-10 00:56');

INSERT OR IGNORE INTO user (id, email, email_verified, hashed_password, name, first_name, last_name, wix_member_id, blocked, role, created_at) VALUES ('aa848e65de6f45a7bd4970cd6df11424', 'mianettee99@ail.com', 1, '', '', '', '', NULL, 0, 'member', '2025-03-14 19:55');

INSERT OR IGNORE INTO user (id, email, email_verified, hashed_password, name, first_name, last_name, wix_member_id, blocked, role, created_at) VALUES ('cda31ee4be6f4018a9a9f6fc6ee4dd55', 'kate.katelally@gmail.com', 1, '', 'Kate Lally', 'Kate', 'Lally', NULL, 0, 'member', '2025-03-15 13:30');

INSERT OR IGNORE INTO user (id, email, email_verified, hashed_password, name, first_name, last_name, wix_member_id, blocked, role, created_at) VALUES ('cb419901f9c247a1882d5328dde248f3', 'martin.owen@commonspirit.org', 1, '', 'Martin Owen OH-Steubenville', 'Martin', 'Owen OH-Steubenville', NULL, 0, 'member', '2025-03-22 18:06');
INSERT OR IGNORE INTO user_label (user_id, label) VALUES ('cb419901f9c247a1882d5328dde248f3', 'RRM Academy Members Group member');

INSERT OR IGNORE INTO user (id, email, email_verified, hashed_password, name, first_name, last_name, wix_member_id, blocked, role, created_at) VALUES ('6e602285bf8f4603ab146f907a41dadc', 'erfertility@gmail.com', 1, '', 'Elizabeth Rodriguez', 'Elizabeth', 'Rodriguez', NULL, 0, 'member', '2025-03-22 18:07');

INSERT OR IGNORE INTO user (id, email, email_verified, hashed_password, name, first_name, last_name, wix_member_id, blocked, role, created_at) VALUES ('54284391459a437991f4378d28945bbd', 'gmraczek@gmail.com', 1, '', '', '', '', NULL, 0, 'member', '2025-03-21 15:39');
INSERT OR IGNORE INTO user_label (user_id, label) VALUES ('54284391459a437991f4378d28945bbd', 'Restorative Reproductive Medicine (RRM) vs Standard ART: A New Approach to Infertility');
INSERT OR IGNORE INTO user_label (user_id, label) VALUES ('54284391459a437991f4378d28945bbd', 'RRM Academy Members Group member');
INSERT OR IGNORE INTO enrollment (id, user_id, course_id, enrolled_at) VALUES ('9c2df241490d4208bc5c50629053a1ef', '54284391459a437991f4378d28945bbd', 'rrm-vs-ivf', '2025-03-21 15:39');

INSERT OR IGNORE INTO user (id, email, email_verified, hashed_password, name, first_name, last_name, wix_member_id, blocked, role, created_at) VALUES ('c1a8a880b6de41fc9223913fabce5b03', 'mgraceautumn@gmail.com', 1, '', '', '', '', NULL, 0, 'member', '2025-03-15 18:19');

INSERT OR IGNORE INTO user (id, email, email_verified, hashed_password, name, first_name, last_name, wix_member_id, blocked, role, created_at) VALUES ('c03eff7a3bfc43b090de8e26be4b7617', 'patinojuana519@gmail.com', 1, '', 'Juana Patino', 'Juana', 'Patino', NULL, 0, 'member', '2025-03-20 20:23');

INSERT OR IGNORE INTO user (id, email, email_verified, hashed_password, name, first_name, last_name, wix_member_id, blocked, role, created_at) VALUES ('e3b798ee74bb493393a2f304d1dcaf80', 'leec.torres@gmail.com', 1, '', 'Lissie Torres', 'Lissie', 'Torres', NULL, 0, 'member', '2025-03-13 16:32');

INSERT OR IGNORE INTO user (id, email, email_verified, hashed_password, name, first_name, last_name, wix_member_id, blocked, role, created_at) VALUES ('6b2f29fd721e43b58ffd4263d302b4d8', 'gemma.snaith@gmail.com', 1, '', '', '', '', NULL, 0, 'member', '2025-03-09 20:46');

INSERT OR IGNORE INTO user (id, email, email_verified, hashed_password, name, first_name, last_name, wix_member_id, blocked, role, created_at) VALUES ('2440a40cca754c64857147fe4b9455d2', 'tarynbernash@gmail.com', 1, '', '', '', '', NULL, 0, 'member', '2025-03-11 03:02');

INSERT OR IGNORE INTO user (id, email, email_verified, hashed_password, name, first_name, last_name, wix_member_id, blocked, role, created_at) VALUES ('4d986ccc69de444bb814438f786357dc', 'elisembaker@gmail.com', 1, '', 'Elise Baker', 'Elise', 'Baker', NULL, 0, 'member', '2025-03-19 16:53');

INSERT OR IGNORE INTO user (id, email, email_verified, hashed_password, name, first_name, last_name, wix_member_id, blocked, role, created_at) VALUES ('dba1bc3df5f347af905fa910fbcfa550', 'elysse2009@hotmail.com', 1, '', '', '', '', NULL, 0, 'member', '2025-03-15 07:35');

INSERT OR IGNORE INTO user (id, email, email_verified, hashed_password, name, first_name, last_name, wix_member_id, blocked, role, created_at) VALUES ('b1b954e220f64ca0b101dcd05d422e60', 'kylie.n.carrell@gmail.com', 1, '', '', '', '', NULL, 0, 'member', '2025-03-12 22:44');

INSERT OR IGNORE INTO user (id, email, email_verified, hashed_password, name, first_name, last_name, wix_member_id, blocked, role, created_at) VALUES ('59a8c2d71dd945aa903dd1a3183032dc', 'kateypet@gmail.com', 1, '', 'Katey Pettengill', 'Katey', 'Pettengill', NULL, 0, 'member', '2025-03-19 14:25');

INSERT OR IGNORE INTO user (id, email, email_verified, hashed_password, name, first_name, last_name, wix_member_id, blocked, role, created_at) VALUES ('f5b7e451178d40ba946a2e38eb3c307c', 'denaesp@gmail.com', 1, '', 'Dena Espenscheid', 'Dena', 'Espenscheid', NULL, 0, 'member', '2025-03-11 17:44');
INSERT OR IGNORE INTO user_label (user_id, label) VALUES ('f5b7e451178d40ba946a2e38eb3c307c', 'Contacted Me');

INSERT OR IGNORE INTO user (id, email, email_verified, hashed_password, name, first_name, last_name, wix_member_id, blocked, role, created_at) VALUES ('7f3474cb800842bd852df3ecd32922dc', 'shahzka@gma.com', 1, '', '', '', '', NULL, 0, 'member', '2025-03-21 02:40');

INSERT OR IGNORE INTO user (id, email, email_verified, hashed_password, name, first_name, last_name, wix_member_id, blocked, role, created_at) VALUES ('18e7d75baaa34bbcbc9250cbc84cd47f', 'paigerdelany@gmail.com', 1, '', 'Paige DeLany', 'Paige', 'DeLany', NULL, 0, 'member', '2025-03-06 20:27');

INSERT OR IGNORE INTO user (id, email, email_verified, hashed_password, name, first_name, last_name, wix_member_id, blocked, role, created_at) VALUES ('c61eeb25b9304c9e916dd3b2c8e88dbf', 'kristina.louise.groves@gmail.com', 1, '', 'Kristina Moldrem', 'Kristina', 'Moldrem', NULL, 0, 'member', '2025-03-16 02:56');

INSERT OR IGNORE INTO user (id, email, email_verified, hashed_password, name, first_name, last_name, wix_member_id, blocked, role, created_at) VALUES ('d01f6f9923b34af2b63237c2446e2a80', 'heyfromkim@gmail.com', 1, '', '', '', '', NULL, 0, 'member', '2025-03-21 15:31');

INSERT OR IGNORE INTO user (id, email, email_verified, hashed_password, name, first_name, last_name, wix_member_id, blocked, role, created_at) VALUES ('25e250cdc5ec4c1ea4621511fa0e9c68', 'george.sherinm@gmail.com', 1, '', 'Sher A', 'Sher', 'A', NULL, 0, 'member', '2025-03-22 18:04');
INSERT OR IGNORE INTO user_label (user_id, label) VALUES ('25e250cdc5ec4c1ea4621511fa0e9c68', 'RRM Academy Members Group member');
INSERT OR IGNORE INTO user_label (user_id, label) VALUES ('25e250cdc5ec4c1ea4621511fa0e9c68', 'Postpartum Depression & Anxiety: a restorative approach to recovery');
INSERT OR IGNORE INTO enrollment (id, user_id, course_id, enrolled_at) VALUES ('70c19efb014343efa9908f19699d6126', '25e250cdc5ec4c1ea4621511fa0e9c68', 'postpartum-depression-anxiety', '2025-03-22 18:04');

INSERT OR IGNORE INTO user (id, email, email_verified, hashed_password, name, first_name, last_name, wix_member_id, blocked, role, created_at) VALUES ('c2bad9e67be747b5b44f09e7db8bea1f', 'kmhitemd@gmail.com', 1, '', 'Kaitlyn Hite', 'Kaitlyn', 'Hite', NULL, 0, 'member', '2025-03-22 18:07');

INSERT OR IGNORE INTO user (id, email, email_verified, hashed_password, name, first_name, last_name, wix_member_id, blocked, role, created_at) VALUES ('30e0ed7f451648eea6f1959376622ec7', 'shannon@shannonleach.com', 1, '', '', '', '', NULL, 0, 'member', '2025-03-13 02:32');
INSERT OR IGNORE INTO user_label (user_id, label) VALUES ('30e0ed7f451648eea6f1959376622ec7', 'RRM Academy Members Group member');

INSERT OR IGNORE INTO user (id, email, email_verified, hashed_password, name, first_name, last_name, wix_member_id, blocked, role, created_at) VALUES ('a5f49c8329d5406bbfdb085f90d7a950', 'lexielbuchanan@gmail.com', 1, '', 'Lexie Buchanan', 'Lexie', 'Buchanan', NULL, 0, 'member', '2025-03-22 17:31');

INSERT OR IGNORE INTO user (id, email, email_verified, hashed_password, name, first_name, last_name, wix_member_id, blocked, role, created_at) VALUES ('8d7355c840464b7fbdabe3208ded405d', 'debbie.buckley01@gmail.com', 1, '', '', '', '', NULL, 0, 'member', '2025-03-16 14:37');

INSERT OR IGNORE INTO user (id, email, email_verified, hashed_password, name, first_name, last_name, wix_member_id, blocked, role, created_at) VALUES ('0cb83285e6934132b324e31ec6810e51', 'amce011@gmail.com', 1, '', '', '', '', NULL, 0, 'member', '2025-03-15 08:37');

INSERT OR IGNORE INTO user (id, email, email_verified, hashed_password, name, first_name, last_name, wix_member_id, blocked, role, created_at) VALUES ('f72f01e3033d40dca6284b50800d3ffd', 'asuveges@icloud.com', 1, '', '', '', '', NULL, 0, 'member', '2025-03-13 20:27');

INSERT OR IGNORE INTO user (id, email, email_verified, hashed_password, name, first_name, last_name, wix_member_id, blocked, role, created_at) VALUES ('dad451b3bedd4391b73cee4b59de69ef', 'nielsenh96@gmail.com', 1, '', 'Hannah Hall', 'Hannah', 'Hall', NULL, 0, 'member', '2025-03-06 20:38');

INSERT OR IGNORE INTO user (id, email, email_verified, hashed_password, name, first_name, last_name, wix_member_id, blocked, role, created_at) VALUES ('dbe050178d2a48c4ba8700b6171e7375', 'amanda.miller1422@gmail.com', 1, '', '', '', '', NULL, 0, 'member', '2025-03-14 21:34');

INSERT OR IGNORE INTO user (id, email, email_verified, hashed_password, name, first_name, last_name, wix_member_id, blocked, role, created_at) VALUES ('2d13dfddc7104743ab192026c031502b', 'rbybee3@gmail.com', 1, '', '', '', '', NULL, 0, 'member', '2025-03-16 00:48');

INSERT OR IGNORE INTO user (id, email, email_verified, hashed_password, name, first_name, last_name, wix_member_id, blocked, role, created_at) VALUES ('745532861e75460996bbcbd520778314', 'smeyerhoffer1@gmail.com', 1, '', 'Sarah Meyerhoffer', 'Sarah', 'Meyerhoffer', NULL, 0, 'member', '2025-03-06 18:37');

INSERT OR IGNORE INTO user (id, email, email_verified, hashed_password, name, first_name, last_name, wix_member_id, blocked, role, created_at) VALUES ('b4bf253e05594afdb812c46f3aee9ea7', 'sheamullican@gmail.com', 1, '', 'Shea Mullican', 'Shea', 'Mullican', NULL, 0, 'member', '2025-03-15 01:48');

INSERT OR IGNORE INTO user (id, email, email_verified, hashed_password, name, first_name, last_name, wix_member_id, blocked, role, created_at) VALUES ('e4678d10b48442198ebd090126bdb499', 'ellie-rose_white@outlook.com', 1, '', '', '', '', NULL, 0, 'member', '2025-03-08 14:08');

INSERT OR IGNORE INTO user (id, email, email_verified, hashed_password, name, first_name, last_name, wix_member_id, blocked, role, created_at) VALUES ('276ad668db2f4b18a994ce232a10f68a', 'cassandracanavati@hotmail.com', 1, '', 'Cassandra Neaves', 'Cassandra', 'Neaves', NULL, 0, 'member', '2025-03-22 18:06');

INSERT OR IGNORE INTO user (id, email, email_verified, hashed_password, name, first_name, last_name, wix_member_id, blocked, role, created_at) VALUES ('6094519bc8e84c67a35948f495894fd5', 'abby.mowad@gmail.com', 1, '', '', '', '', NULL, 0, 'member', '2025-03-15 15:51');

INSERT OR IGNORE INTO user (id, email, email_verified, hashed_password, name, first_name, last_name, wix_member_id, blocked, role, created_at) VALUES ('b5c49aa63abe4424be0b1904ef1c924b', 'catdesign-online@gmx.de', 1, '', '', '', '', NULL, 0, 'member', '2025-03-15 13:40');

INSERT OR IGNORE INTO user (id, email, email_verified, hashed_password, name, first_name, last_name, wix_member_id, blocked, role, created_at) VALUES ('b8847a19003b451a92cb699bc1dcf833', 'jspear@forum.montevallo.edu', 1, '', '', '', '', NULL, 0, 'member', '2025-03-17 00:44');

INSERT OR IGNORE INTO user (id, email, email_verified, hashed_password, name, first_name, last_name, wix_member_id, blocked, role, created_at) VALUES ('ea9f6ebd5495460fb7930e0fb248610c', 'cvmartinez17@gmail.com', 1, '', 'Catherine Martinez', 'Catherine', 'Martinez', NULL, 0, 'member', '2025-03-06 18:36');

INSERT OR IGNORE INTO user (id, email, email_verified, hashed_password, name, first_name, last_name, wix_member_id, blocked, role, created_at) VALUES ('bec94416ea2147918228b05c031293f0', 'godiwinjames@gmail.com', 1, '', 'Godwin', 'Godwin', '', NULL, 1, 'member', '2025-03-14 23:30');
INSERT OR IGNORE INTO user_label (user_id, label) VALUES ('bec94416ea2147918228b05c031293f0', 'Spam 🛑');

INSERT OR IGNORE INTO user (id, email, email_verified, hashed_password, name, first_name, last_name, wix_member_id, blocked, role, created_at) VALUES ('ae2e5673f026459da1e23da591a54fd2', 'gkane31@gmail.com', 1, '', 'George Kane', 'George', 'Kane', NULL, 0, 'member', '2025-03-22 14:26');
INSERT OR IGNORE INTO user_label (user_id, label) VALUES ('ae2e5673f026459da1e23da591a54fd2', 'RRM Academy Members Group member');

INSERT OR IGNORE INTO user (id, email, email_verified, hashed_password, name, first_name, last_name, wix_member_id, blocked, role, created_at) VALUES ('e344fdedd3a3403d8de2f99ce97bd9a9', 'prayedforyou2022@aol.com', 1, '', '', '', '', NULL, 0, 'member', '2025-03-15 18:15');

INSERT OR IGNORE INTO user (id, email, email_verified, hashed_password, name, first_name, last_name, wix_member_id, blocked, role, created_at) VALUES ('a3500f86a65144be9f7271b3ae8d0451', 'khulood.alyahya@gmail.com', 1, '', 'Khulood Alyahya', 'Khulood', 'Alyahya', NULL, 0, 'member', '2025-03-19 12:13');

INSERT OR IGNORE INTO user (id, email, email_verified, hashed_password, name, first_name, last_name, wix_member_id, blocked, role, created_at) VALUES ('749d938cd2c94a70b4a9e025b41feab4', 'micaelamanatee@gmail.com', 1, '', '', '', '', NULL, 0, 'member', '2025-03-15 18:03');

INSERT OR IGNORE INTO user (id, email, email_verified, hashed_password, name, first_name, last_name, wix_member_id, blocked, role, created_at) VALUES ('bf64c6196a634a12854f72102d23382d', 'paulinediannetaylor@gmail.com', 1, '', '', '', '', NULL, 0, 'member', '2025-03-18 00:13');

INSERT OR IGNORE INTO user (id, email, email_verified, hashed_password, name, first_name, last_name, wix_member_id, blocked, role, created_at) VALUES ('dbfdcf37504f4deea615b34e8a3b580c', 'devinmoyer@yahoo.com', 1, '', '', '', '', NULL, 0, 'member', '2025-03-15 19:50');

INSERT OR IGNORE INTO user (id, email, email_verified, hashed_password, name, first_name, last_name, wix_member_id, blocked, role, created_at) VALUES ('ea9c8c12ca2541868246a9b231ba9529', 'jmaugustine@comcast.net', 1, '', '', '', '', NULL, 0, 'member', '2025-03-19 01:12');
INSERT OR IGNORE INTO user_label (user_id, label) VALUES ('ea9c8c12ca2541868246a9b231ba9529', 'RRM Academy Members Group member');

INSERT OR IGNORE INTO user (id, email, email_verified, hashed_password, name, first_name, last_name, wix_member_id, blocked, role, created_at) VALUES ('8e9dad2b1b584745b9e16914c740b34d', 'ihilaire55@gmail.com', 1, '', 'I Hil', 'I', 'Hil', NULL, 0, 'member', '2025-03-07 20:53');

INSERT OR IGNORE INTO user (id, email, email_verified, hashed_password, name, first_name, last_name, wix_member_id, blocked, role, created_at) VALUES ('edf3cbc8f3c2411c852b21f984192636', 'sophialapora22@gmail.com', 1, '', '', '', '', NULL, 0, 'member', '2025-03-16 03:58');

INSERT OR IGNORE INTO user (id, email, email_verified, hashed_password, name, first_name, last_name, wix_member_id, blocked, role, created_at) VALUES ('08eb4abb27f24a00ac12062af9daabe3', 'sjp0794@gmail.com', 1, '', 'Shayla Polite', 'Shayla', 'Polite', NULL, 0, 'member', '2025-03-22 18:12');

INSERT OR IGNORE INTO user (id, email, email_verified, hashed_password, name, first_name, last_name, wix_member_id, blocked, role, created_at) VALUES ('407350948630406583ac153918c070ec', 'jessica.r.williams@aol.com', 1, '', '', '', '', NULL, 0, 'member', '2025-03-14 23:05');

INSERT OR IGNORE INTO user (id, email, email_verified, hashed_password, name, first_name, last_name, wix_member_id, blocked, role, created_at) VALUES ('dbb8129f11074d06864b2103c6e5a421', 'minjeur@gmail.com', 1, '', 'Monica Minjeur', 'Monica', 'Minjeur', NULL, 0, 'member', '2025-03-22 18:06');
INSERT OR IGNORE INTO user_label (user_id, label) VALUES ('dbb8129f11074d06864b2103c6e5a421', 'RRM Academy Members Group member');

INSERT OR IGNORE INTO user (id, email, email_verified, hashed_password, name, first_name, last_name, wix_member_id, blocked, role, created_at) VALUES ('af451abb4f08406489e1bffe690cad39', 'clavelle7@gmail.com', 1, '', '', '', '', NULL, 0, 'member', '2025-03-11 22:17');
INSERT OR IGNORE INTO user_label (user_id, label) VALUES ('af451abb4f08406489e1bffe690cad39', 'Postpartum Depression & Anxiety: a restorative approach to recovery');
INSERT OR IGNORE INTO user_label (user_id, label) VALUES ('af451abb4f08406489e1bffe690cad39', 'RRM Academy Members Group member');
INSERT OR IGNORE INTO enrollment (id, user_id, course_id, enrolled_at) VALUES ('dac850390e6e448796a3f2ecee3b1612', 'af451abb4f08406489e1bffe690cad39', 'postpartum-depression-anxiety', '2025-03-11 22:17');

INSERT OR IGNORE INTO user (id, email, email_verified, hashed_password, name, first_name, last_name, wix_member_id, blocked, role, created_at) VALUES ('ca0b98810eb749aa94c5c52acc3d1476', 'greenwhich@gmail.com', 1, '', 'Kyle Beiter', 'Kyle', 'Beiter', NULL, 0, 'member', '2025-03-15 18:58');

INSERT OR IGNORE INTO user (id, email, email_verified, hashed_password, name, first_name, last_name, wix_member_id, blocked, role, created_at) VALUES ('99df323a800d43d8b0ea147f523387d8', 'blair.a.sweeney@gmail.com', 1, '', '', '', '', NULL, 0, 'member', '2025-03-17 18:29');

INSERT OR IGNORE INTO user (id, email, email_verified, hashed_password, name, first_name, last_name, wix_member_id, blocked, role, created_at) VALUES ('b085a61fd3e34c6f9d36182cf17cd733', 'caitlinliccio@gmail.com', 1, '', '', '', '', NULL, 0, 'member', '2025-03-12 11:06');

INSERT OR IGNORE INTO user (id, email, email_verified, hashed_password, name, first_name, last_name, wix_member_id, blocked, role, created_at) VALUES ('323413fd735a473dbd8c28278450487b', 'kaw3773@hotmail.com', 1, '', '', '', '', NULL, 0, 'member', '2025-03-06 03:34');

INSERT OR IGNORE INTO user (id, email, email_verified, hashed_password, name, first_name, last_name, wix_member_id, blocked, role, created_at) VALUES ('510dea299c4248d8a76c68f3244b129b', 'mkwatchorn@outlook.com', 1, '', '', '', '', NULL, 0, 'member', '2025-03-16 12:13');

INSERT OR IGNORE INTO user (id, email, email_verified, hashed_password, name, first_name, last_name, wix_member_id, blocked, role, created_at) VALUES ('39a37fa9315145bdbb073e18489ddfc8', 'kelsknol@yahoo.com', 1, '', '', '', '', NULL, 0, 'member', '2025-03-08 21:42');

INSERT OR IGNORE INTO user (id, email, email_verified, hashed_password, name, first_name, last_name, wix_member_id, blocked, role, created_at) VALUES ('a90d8049c84141cf8b7a5be2b97d1de1', 'ashley.elizabeth508@gmail.com', 1, '', '', '', '', NULL, 0, 'member', '2025-03-16 16:36');

INSERT OR IGNORE INTO user (id, email, email_verified, hashed_password, name, first_name, last_name, wix_member_id, blocked, role, created_at) VALUES ('baa796cdef464650823eb6e0ae33f5ef', 'ymaycumber@eou.edu', 1, '', '', '', '', NULL, 0, 'member', '2025-03-17 04:31');

INSERT OR IGNORE INTO user (id, email, email_verified, hashed_password, name, first_name, last_name, wix_member_id, blocked, role, created_at) VALUES ('36a3db45e66847d894db4c86a556fa5e', 'evedtwonine@gmail.com', 1, '', '', '', '', NULL, 0, 'member', '2025-03-15 18:40');

INSERT OR IGNORE INTO user (id, email, email_verified, hashed_password, name, first_name, last_name, wix_member_id, blocked, role, created_at) VALUES ('3d7d0f68fdbf452ab780123705312527', 'roach@novavitaclinic.com', 1, '', 'Lauren Roach', 'Lauren', 'Roach', NULL, 0, 'member', '2025-03-22 18:08');

INSERT OR IGNORE INTO user (id, email, email_verified, hashed_password, name, first_name, last_name, wix_member_id, blocked, role, created_at) VALUES ('46f76b7fd08848228d34970e8f6d4be8', 'hobbitonhills@yahoo.com', 1, '', '', '', '', NULL, 0, 'member', '2025-03-17 01:22');

INSERT OR IGNORE INTO user (id, email, email_verified, hashed_password, name, first_name, last_name, wix_member_id, blocked, role, created_at) VALUES ('d7e57a2cc2f44b8aaabc5169e4a0c87f', 'rebeccakiehn@gmail.com', 1, '', 'Rebecca Kiehn', 'Rebecca', 'Kiehn', NULL, 0, 'member', '2025-03-15 15:59');

INSERT OR IGNORE INTO user (id, email, email_verified, hashed_password, name, first_name, last_name, wix_member_id, blocked, role, created_at) VALUES ('063074f8908e45b69951983e9f01681c', 'louisekirrane@gmail.com', 1, '', '', '', '', NULL, 0, 'member', '2025-03-10 10:39');

INSERT OR IGNORE INTO user (id, email, email_verified, hashed_password, name, first_name, last_name, wix_member_id, blocked, role, created_at) VALUES ('a610ecca263543d19ac01067b1403168', 'bblake.ia@gmail.com', 1, '', '', '', '', NULL, 0, 'member', '2025-03-20 01:53');

INSERT OR IGNORE INTO user (id, email, email_verified, hashed_password, name, first_name, last_name, wix_member_id, blocked, role, created_at) VALUES ('cf5e4181fff04fdba0cc36cc062368d4', 'alyssha_thurston@hotmail.com', 1, '', '', '', '', NULL, 0, 'member', '2025-03-15 04:42');

INSERT OR IGNORE INTO user (id, email, email_verified, hashed_password, name, first_name, last_name, wix_member_id, blocked, role, created_at) VALUES ('8d5bd07de52d491087b2f07d8c7917a4', 'ivonnesupandi@gmail.com', 1, '', 'Isabella X', 'Isabella', 'X', NULL, 0, 'member', '2025-03-09 08:27');

INSERT OR IGNORE INTO user (id, email, email_verified, hashed_password, name, first_name, last_name, wix_member_id, blocked, role, created_at) VALUES ('4118438d72a84947955c10c0ae18f699', 'asya@notjustmd.com', 1, '', 'Asya Mishory', 'Asya', 'Mishory', NULL, 0, 'member', '2025-03-13 19:04');
INSERT OR IGNORE INTO user_label (user_id, label) VALUES ('4118438d72a84947955c10c0ae18f699', 'Restorative Reproductive Medicine (RRM) vs Standard ART: A New Approach to Infertility');
INSERT OR IGNORE INTO user_label (user_id, label) VALUES ('4118438d72a84947955c10c0ae18f699', 'RRM Academy Members Group member');
INSERT OR IGNORE INTO user_label (user_id, label) VALUES ('4118438d72a84947955c10c0ae18f699', 'Postpartum Depression & Anxiety: a restorative approach to recovery');
INSERT OR IGNORE INTO enrollment (id, user_id, course_id, enrolled_at) VALUES ('6709f34a38344af4b0868a006a49935a', '4118438d72a84947955c10c0ae18f699', 'rrm-vs-ivf', '2025-03-13 19:04');
INSERT OR IGNORE INTO enrollment (id, user_id, course_id, enrolled_at) VALUES ('566458a1e5054ab4bee35526cf2b1a19', '4118438d72a84947955c10c0ae18f699', 'postpartum-depression-anxiety', '2025-03-13 19:04');

INSERT OR IGNORE INTO user (id, email, email_verified, hashed_password, name, first_name, last_name, wix_member_id, blocked, role, created_at) VALUES ('3578194065eb47d7a0d1d37356aea962', 'sallybeiler60@gmail.com', 1, '', '', '', '', NULL, 0, 'member', '2025-03-06 17:30');

INSERT OR IGNORE INTO user (id, email, email_verified, hashed_password, name, first_name, last_name, wix_member_id, blocked, role, created_at) VALUES ('afbd02e116b1475494858c1e8b11b2d3', 'amalaadrianlovely@gmail.com', 1, '', 'Amala Adrian', 'Amala', 'Adrian', NULL, 0, 'member', '2025-03-16 09:37');

INSERT OR IGNORE INTO user (id, email, email_verified, hashed_password, name, first_name, last_name, wix_member_id, blocked, role, created_at) VALUES ('cce723a055b14c6b8831e8d69dd2d502', 'shennerty423@gmail.com', 1, '', '', '', '', NULL, 0, 'member', '2025-03-15 20:32');

INSERT OR IGNORE INTO user (id, email, email_verified, hashed_password, name, first_name, last_name, wix_member_id, blocked, role, created_at) VALUES ('8190d58473894db991686bf4e2aca5c9', 'rbelkhos@gmail.com', 1, '', '', '', '', NULL, 0, 'member', '2025-03-15 15:40');

INSERT OR IGNORE INTO user (id, email, email_verified, hashed_password, name, first_name, last_name, wix_member_id, blocked, role, created_at) VALUES ('548bdf233d5242c3b21d57c05fea96b2', 'kelsey.stoner2025@gmail.com', 1, '', '', '', '', NULL, 0, 'member', '2025-03-20 01:29');

INSERT OR IGNORE INTO user (id, email, email_verified, hashed_password, name, first_name, last_name, wix_member_id, blocked, role, created_at) VALUES ('200eee0ee67844e6846f6d5531ed0ac8', 'groganmaureen@gmail.com', 1, '', '', '', '', NULL, 0, 'member', '2025-03-16 09:11');
INSERT OR IGNORE INTO user_label (user_id, label) VALUES ('200eee0ee67844e6846f6d5531ed0ac8', 'RRM Academy Members Group member');

INSERT OR IGNORE INTO user (id, email, email_verified, hashed_password, name, first_name, last_name, wix_member_id, blocked, role, created_at) VALUES ('aa7889ac425f4123aac7f5894400698d', 'tmahaney@bellaprimarycare.org', 1, '', '', '', '', NULL, 0, 'member', '2025-03-20 16:50');

INSERT OR IGNORE INTO user (id, email, email_verified, hashed_password, name, first_name, last_name, wix_member_id, blocked, role, created_at) VALUES ('12edf2f4f1e444e38a8beeda563e02bc', 'lbemis3@gmail.com', 1, '', 'Lisa Seay', 'Lisa', 'Seay', NULL, 0, 'member', '2025-03-16 18:04');

INSERT OR IGNORE INTO user (id, email, email_verified, hashed_password, name, first_name, last_name, wix_member_id, blocked, role, created_at) VALUES ('97e2a388a0d44137a2ac2e1a6559ffb6', 'lyzthompson@gmail.com', 1, '', '', '', '', NULL, 0, 'member', '2025-03-18 11:43');

INSERT OR IGNORE INTO user (id, email, email_verified, hashed_password, name, first_name, last_name, wix_member_id, blocked, role, created_at) VALUES ('4c68086d1f9241648f507cd9e07e6e3f', 'ajz030598@gmail.com', 1, '', 'Anita Zimmerman', 'Anita', 'Zimmerman', NULL, 0, 'member', '2025-03-15 04:36');

INSERT OR IGNORE INTO user (id, email, email_verified, hashed_password, name, first_name, last_name, wix_member_id, blocked, role, created_at) VALUES ('ccf87c8c1d6b4fe897ac15b74475f0db', 'freckles0323@gmail.com', 1, '', '', '', '', NULL, 0, 'member', '2025-03-08 22:05');

INSERT OR IGNORE INTO user (id, email, email_verified, hashed_password, name, first_name, last_name, wix_member_id, blocked, role, created_at) VALUES ('c82bce8b1709466a8b2fd23bcc828443', 'hilaryclark03@gmail.com', 1, '', 'Hilary Cornelius', 'Hilary', 'Cornelius', NULL, 0, 'member', '2025-03-07 17:59');

INSERT OR IGNORE INTO user (id, email, email_verified, hashed_password, name, first_name, last_name, wix_member_id, blocked, role, created_at) VALUES ('6b84a9a888aa4c7091d3a666d1f6c294', 'cstewart167@gmail.com', 1, '', 'Colleen Stewart', 'Colleen', 'Stewart', NULL, 0, 'member', '2025-03-11 03:35');
INSERT OR IGNORE INTO user_label (user_id, label) VALUES ('6b84a9a888aa4c7091d3a666d1f6c294', 'Contacted Me');

INSERT OR IGNORE INTO user (id, email, email_verified, hashed_password, name, first_name, last_name, wix_member_id, blocked, role, created_at) VALUES ('fbda9d27ca774650a8ae052df9b9b54c', 'isabellatmiller09@gmail.com', 1, '', 'Isabella Miller', 'Isabella', 'Miller', NULL, 0, 'member', '2025-03-06 15:43');

INSERT OR IGNORE INTO user (id, email, email_verified, hashed_password, name, first_name, last_name, wix_member_id, blocked, role, created_at) VALUES ('fe29002e4582494ebfbeaf29781200fc', 'kellen.kaycee@gmail.com', 1, '', 'Kaycee Owens', 'Kaycee', 'Owens', NULL, 0, 'member', '2025-03-10 01:21');

INSERT OR IGNORE INTO user (id, email, email_verified, hashed_password, name, first_name, last_name, wix_member_id, blocked, role, created_at) VALUES ('2222fcf7424a4f7ea298071c8cd671fb', 'ladukech@gmail.com', 1, '', 'Chantal LaDuke', 'Chantal', 'LaDuke', NULL, 0, 'member', '2025-03-22 18:07');
INSERT OR IGNORE INTO user_label (user_id, label) VALUES ('2222fcf7424a4f7ea298071c8cd671fb', 'Postpartum Depression & Anxiety: a restorative approach to recovery');
INSERT OR IGNORE INTO user_label (user_id, label) VALUES ('2222fcf7424a4f7ea298071c8cd671fb', 'RRM Academy Members Group member');
INSERT OR IGNORE INTO enrollment (id, user_id, course_id, enrolled_at) VALUES ('426f8475db034abeb8c36ae1c025ba1c', '2222fcf7424a4f7ea298071c8cd671fb', 'postpartum-depression-anxiety', '2025-03-22 18:07');

INSERT OR IGNORE INTO user (id, email, email_verified, hashed_password, name, first_name, last_name, wix_member_id, blocked, role, created_at) VALUES ('aefb51813dfb4a10af7dc101d7d1cfbd', 'judesilver65@gmail.com', 1, '', '', '', '', NULL, 0, 'member', '2025-03-22 19:07');

INSERT OR IGNORE INTO user (id, email, email_verified, hashed_password, name, first_name, last_name, wix_member_id, blocked, role, created_at) VALUES ('884c00119bea41cdaf2d7733485ddeb2', 'sarah@summitdirectcare.com', 1, '', '', '', '', NULL, 0, 'member', '2025-03-22 18:06');

INSERT OR IGNORE INTO user (id, email, email_verified, hashed_password, name, first_name, last_name, wix_member_id, blocked, role, created_at) VALUES ('20face3972994c4c8e985ec144bcf992', 'abbey.doellman@yahoo.com', 1, '', '', '', '', NULL, 0, 'member', '2025-04-03 01:20');

INSERT OR IGNORE INTO user (id, email, email_verified, hashed_password, name, first_name, last_name, wix_member_id, blocked, role, created_at) VALUES ('dfa28f8912f2486eabf692a424fbbb65', 'rachel.lamb85@gmail.com', 1, '', '', '', '', NULL, 0, 'member', '2025-03-31 00:31');
INSERT OR IGNORE INTO user_label (user_id, label) VALUES ('dfa28f8912f2486eabf692a424fbbb65', 'RRM Academy Members Group member');

INSERT OR IGNORE INTO user (id, email, email_verified, hashed_password, name, first_name, last_name, wix_member_id, blocked, role, created_at) VALUES ('27a6c5042e73414d9a373e3472a75690', 'serenaip02@gmail.com', 1, '', '', '', '', NULL, 0, 'member', '2025-03-31 03:18');

INSERT OR IGNORE INTO user (id, email, email_verified, hashed_password, name, first_name, last_name, wix_member_id, blocked, role, created_at) VALUES ('976a7ff693cd4da29e79d1f126c22bf1', 'elliebass612@gmail.com', 1, '', 'Ellie Bass', 'Ellie', 'Bass', NULL, 0, 'member', '2025-03-28 13:43');

INSERT OR IGNORE INTO user (id, email, email_verified, hashed_password, name, first_name, last_name, wix_member_id, blocked, role, created_at) VALUES ('52791032e61f45ea87be0d115a751c1a', 'yackleyjo@gmail.com', 1, '', '', '', '', NULL, 0, 'member', '2025-03-30 12:01');

INSERT OR IGNORE INTO user (id, email, email_verified, hashed_password, name, first_name, last_name, wix_member_id, blocked, role, created_at) VALUES ('c413f29d9e3b4f32892e5d96d45938fb', 'johannyrobles@gmail.com', 1, '', 'Johanny Robles', 'Johanny', 'Robles', NULL, 0, 'member', '2025-04-04 21:26');
INSERT OR IGNORE INTO user_label (user_id, label) VALUES ('c413f29d9e3b4f32892e5d96d45938fb', 'Restorative Reproductive Medicine (RRM) vs Standard ART: A New Approach to Infertility');
INSERT OR IGNORE INTO user_label (user_id, label) VALUES ('c413f29d9e3b4f32892e5d96d45938fb', 'RRM Academy Members Group member');
INSERT OR IGNORE INTO enrollment (id, user_id, course_id, enrolled_at) VALUES ('090a44ce5a1f4c1886c6872a5ffabd44', 'c413f29d9e3b4f32892e5d96d45938fb', 'rrm-vs-ivf', '2025-04-04 21:26');

INSERT OR IGNORE INTO user (id, email, email_verified, hashed_password, name, first_name, last_name, wix_member_id, blocked, role, created_at) VALUES ('83609333afcf425dab2ac28dd597475d', 'livkirbysm@gmail.com', 1, '', '', '', '', NULL, 0, 'member', '2025-03-29 23:26');

INSERT OR IGNORE INTO user (id, email, email_verified, hashed_password, name, first_name, last_name, wix_member_id, blocked, role, created_at) VALUES ('cf3f65ecfa2c420ea14640f9fa71f5d1', 'alinasologub@gmail.com', 1, '', '', '', '', NULL, 0, 'member', '2025-04-03 22:27');

INSERT OR IGNORE INTO user (id, email, email_verified, hashed_password, name, first_name, last_name, wix_member_id, blocked, role, created_at) VALUES ('0ba4b3efa56a459f9eb274d54b5f46d8', 'miri.garzag@gmail.com', 1, '', '', '', '', NULL, 0, 'member', '2025-03-30 02:12');

INSERT OR IGNORE INTO user (id, email, email_verified, hashed_password, name, first_name, last_name, wix_member_id, blocked, role, created_at) VALUES ('0cebedbfb49f44e0802db9d628597aa2', 'sarah.becker98@gmail.com', 1, '', 'Sarah Toates', 'Sarah', 'Toates', NULL, 0, 'member', '2025-04-01 19:42');

INSERT OR IGNORE INTO user (id, email, email_verified, hashed_password, name, first_name, last_name, wix_member_id, blocked, role, created_at) VALUES ('4710edd88f0c40d19c412b92bef884e2', 'carolynsabo.12@gmail.com', 1, '', 'Carolyn Sabo', 'Carolyn', 'Sabo', NULL, 0, 'member', '2025-03-23 15:43');

INSERT OR IGNORE INTO user (id, email, email_verified, hashed_password, name, first_name, last_name, wix_member_id, blocked, role, created_at) VALUES ('5bb0abe743654afd9b1b6a00f162e91d', 'katieanne.yost@gmail.com', 1, '', '', '', '', NULL, 0, 'member', '2025-04-01 18:13');
INSERT OR IGNORE INTO user_label (user_id, label) VALUES ('5bb0abe743654afd9b1b6a00f162e91d', 'RRM Academy Members Group member');

INSERT OR IGNORE INTO user (id, email, email_verified, hashed_password, name, first_name, last_name, wix_member_id, blocked, role, created_at) VALUES ('18962008d73b45d383a14544c1294ecb', 'ellanellm@hotmail.com', 1, '', '', '', '', NULL, 0, 'member', '2025-03-28 23:47');

INSERT OR IGNORE INTO user (id, email, email_verified, hashed_password, name, first_name, last_name, wix_member_id, blocked, role, created_at) VALUES ('f3a7dcf8735c4ceca2e041f83c531d88', 'flowlavaflow@gmail.com', 1, '', '', '', '', NULL, 0, 'member', '2025-03-26 00:19');

INSERT OR IGNORE INTO user (id, email, email_verified, hashed_password, name, first_name, last_name, wix_member_id, blocked, role, created_at) VALUES ('d105dfce78fc4a98978d543c7aa9147e', 'melotaro@gmail.com', 1, '', 'Melody Ito', 'Melody', 'Ito', NULL, 0, 'member', '2025-03-31 00:39');

INSERT OR IGNORE INTO user (id, email, email_verified, hashed_password, name, first_name, last_name, wix_member_id, blocked, role, created_at) VALUES ('0548dacf6e924cea9e7f9cd3d717328e', 'mcallahan98@yahoo.com', 1, '', '', '', '', NULL, 0, 'member', '2025-03-29 23:16');

INSERT OR IGNORE INTO user (id, email, email_verified, hashed_password, name, first_name, last_name, wix_member_id, blocked, role, created_at) VALUES ('164cd06e47f741b5a70aacbc36fb69d1', 'shwellnessvt@gmail.com', 1, '', 'Kelly', 'Kelly', '', NULL, 0, 'member', '2025-04-01 23:26');

INSERT OR IGNORE INTO user (id, email, email_verified, hashed_password, name, first_name, last_name, wix_member_id, blocked, role, created_at) VALUES ('d1527cae5237443e90c757f3a16d3cfe', 'violetmiller97@gmail.com', 1, '', 'Violet Miller', 'Violet', 'Miller', NULL, 0, 'member', '2025-04-01 16:47');

INSERT OR IGNORE INTO user (id, email, email_verified, hashed_password, name, first_name, last_name, wix_member_id, blocked, role, created_at) VALUES ('1efdb13e08414368838075a4ee7cc588', 'caitlinreynolds94@gmail.com', 1, '', 'Caitlin Reynolds', 'Caitlin', 'Reynolds', NULL, 0, 'member', '2025-03-29 07:01');

INSERT OR IGNORE INTO user (id, email, email_verified, hashed_password, name, first_name, last_name, wix_member_id, blocked, role, created_at) VALUES ('04909e3b4a59446e942cc35230ce4db2', 'jadadavis2016@gmail.com', 1, '', '', '', '', NULL, 0, 'member', '2025-03-25 13:38');

INSERT OR IGNORE INTO user (id, email, email_verified, hashed_password, name, first_name, last_name, wix_member_id, blocked, role, created_at) VALUES ('e70d11f547594aabbfb28a00ef559e6e', 'livi.roten@gmail.com', 1, '', '', '', '', NULL, 0, 'member', '2025-03-31 03:08');

INSERT OR IGNORE INTO user (id, email, email_verified, hashed_password, name, first_name, last_name, wix_member_id, blocked, role, created_at) VALUES ('8bedcf5333dc46c9935f2b6f2830e874', 'km99gerken@gmail.com', 1, '', '', '', '', NULL, 0, 'member', '2025-03-26 02:05');

INSERT OR IGNORE INTO user (id, email, email_verified, hashed_password, name, first_name, last_name, wix_member_id, blocked, role, created_at) VALUES ('2f4a8fc278e44ef5b8cd40bf2ad1ee5d', 'gracemarief2000@gmail.com', 1, '', 'Grace Ferguson', 'Grace', 'Ferguson', NULL, 0, 'member', '2025-03-31 20:16');

INSERT OR IGNORE INTO user (id, email, email_verified, hashed_password, name, first_name, last_name, wix_member_id, blocked, role, created_at) VALUES ('4223a2425596412780a9aa484b445dcb', 'chelsey.venne@gmail.com', 1, '', 'Chelsey Venne', 'Chelsey', 'Venne', NULL, 0, 'member', '2025-04-04 13:01');
INSERT OR IGNORE INTO user_label (user_id, label) VALUES ('4223a2425596412780a9aa484b445dcb', 'RRM Academy Members Group member');

INSERT OR IGNORE INTO user (id, email, email_verified, hashed_password, name, first_name, last_name, wix_member_id, blocked, role, created_at) VALUES ('b6c78aadbb5644d9be77af7f8e31c4c5', 'paytonharris1970@gmail.com', 1, '', 'Payton Marshall', 'Payton', 'Marshall', NULL, 0, 'member', '2025-04-02 20:17');

INSERT OR IGNORE INTO user (id, email, email_verified, hashed_password, name, first_name, last_name, wix_member_id, blocked, role, created_at) VALUES ('f210ebbe2d0349ad8e540b8408a67e1a', 'danielle.richardson111415@gmail.com', 1, '', '', '', '', NULL, 0, 'member', '2025-03-26 02:17');

INSERT OR IGNORE INTO user (id, email, email_verified, hashed_password, name, first_name, last_name, wix_member_id, blocked, role, created_at) VALUES ('b446f06a7cb24c06982c54650638aaba', 'wixteamprofessional0@gmail.com', 1, '', 'Wix Team Professional', 'Wix Team Professional', '', NULL, 1, 'member', '2025-03-25 23:22');
INSERT OR IGNORE INTO user_label (user_id, label) VALUES ('b446f06a7cb24c06982c54650638aaba', 'Spam 🛑');

INSERT OR IGNORE INTO user (id, email, email_verified, hashed_password, name, first_name, last_name, wix_member_id, blocked, role, created_at) VALUES ('230bfc64c9d3430b833d39e74ee1610e', 'kaitlynhove@gmail.com', 1, '', 'Kaitlyn Hove', 'Kaitlyn', 'Hove', NULL, 0, 'member', '2025-03-28 00:05');

INSERT OR IGNORE INTO user (id, email, email_verified, hashed_password, name, first_name, last_name, wix_member_id, blocked, role, created_at) VALUES ('0a804a15312548e3a65ed061cd6ae76a', 'marandablanchard@gmail.com', 1, '', '', '', '', NULL, 0, 'member', '2025-04-06 02:26');

INSERT OR IGNORE INTO user (id, email, email_verified, hashed_password, name, first_name, last_name, wix_member_id, blocked, role, created_at) VALUES ('f3bf574293bd442a9a712dc240bccb49', 'ekaterinagorbunova@gmail.com', 1, '', 'Kateryna Gorbunova', 'Kateryna', 'Gorbunova', NULL, 0, 'member', '2025-03-23 02:14');

INSERT OR IGNORE INTO user (id, email, email_verified, hashed_password, name, first_name, last_name, wix_member_id, blocked, role, created_at) VALUES ('1c301799ea5b42fa8e39744c032a50de', 'emily.lindoerfer@gmail.com', 1, '', 'Emily Lindoerfer', 'Emily', 'Lindoerfer', NULL, 0, 'member', '2025-04-05 11:19');

INSERT OR IGNORE INTO user (id, email, email_verified, hashed_password, name, first_name, last_name, wix_member_id, blocked, role, created_at) VALUES ('dee54555e48642dcb0de111584afd819', 'samariani12@gmail.com', 1, '', 'Sara Mariani', 'Sara', 'Mariani', NULL, 0, 'member', '2025-04-02 05:48');

INSERT OR IGNORE INTO user (id, email, email_verified, hashed_password, name, first_name, last_name, wix_member_id, blocked, role, created_at) VALUES ('5d0c4c02a70d434994f9d446daef93c9', 'mkelly2493@gmail.com', 1, '', '', '', '', NULL, 0, 'member', '2025-03-31 15:23');

INSERT OR IGNORE INTO user (id, email, email_verified, hashed_password, name, first_name, last_name, wix_member_id, blocked, role, created_at) VALUES ('9430155807814c85938c60c795857b0d', 'anne-marie@sheedyfamily.ca', 1, '', '', '', '', NULL, 0, 'member', '2025-04-04 02:51');

INSERT OR IGNORE INTO user (id, email, email_verified, hashed_password, name, first_name, last_name, wix_member_id, blocked, role, created_at) VALUES ('f5c8ffaed91948d0aed1591da6ce30a8', 'anniesherlock.ars@gmail.com', 1, '', '', '', '', NULL, 0, 'member', '2025-04-01 16:29');

INSERT OR IGNORE INTO user (id, email, email_verified, hashed_password, name, first_name, last_name, wix_member_id, blocked, role, created_at) VALUES ('644911fceaa640e29a791932363c5419', 'becker.krysta@gmail.com', 1, '', '', '', '', NULL, 0, 'member', '2025-03-23 22:22');

INSERT OR IGNORE INTO user (id, email, email_verified, hashed_password, name, first_name, last_name, wix_member_id, blocked, role, created_at) VALUES ('0960b0f71e07400a951fff155e0f512e', 'brookeesearcy@gmail.com', 1, '', 'Brooke Wall', 'Brooke', 'Wall', NULL, 0, 'member', '2025-03-23 13:50');

INSERT OR IGNORE INTO user (id, email, email_verified, hashed_password, name, first_name, last_name, wix_member_id, blocked, role, created_at) VALUES ('21b319f28aa74f0ab2d63dd8e96aac3c', 'corinneftwigg@gmail.com', 1, '', 'Corinne Faith', 'Corinne', 'Faith', NULL, 0, 'member', '2025-03-31 19:44');

INSERT OR IGNORE INTO user (id, email, email_verified, hashed_password, name, first_name, last_name, wix_member_id, blocked, role, created_at) VALUES ('3829f0ac8cb54e20b32c68e9b30de3a1', 'shobita.s@gmail.com', 1, '', 'Shobita Sabhlok', 'Shobita', 'Sabhlok', NULL, 0, 'member', '2025-03-25 00:52');

INSERT OR IGNORE INTO user (id, email, email_verified, hashed_password, name, first_name, last_name, wix_member_id, blocked, role, created_at) VALUES ('79b625c5ab4345c08c0b54aae13ef6fe', 'carleighjoeturner@gmail.com', 1, '', '', '', '', NULL, 0, 'member', '2025-03-30 19:49');
INSERT OR IGNORE INTO user_label (user_id, label) VALUES ('79b625c5ab4345c08c0b54aae13ef6fe', 'RRM Academy Members Group member');
INSERT OR IGNORE INTO user_label (user_id, label) VALUES ('79b625c5ab4345c08c0b54aae13ef6fe', 'Long Term Endometriosis Management');
INSERT OR IGNORE INTO user_label (user_id, label) VALUES ('79b625c5ab4345c08c0b54aae13ef6fe', 'Masterclass Members Group member');
INSERT OR IGNORE INTO user_label (user_id, label) VALUES ('79b625c5ab4345c08c0b54aae13ef6fe', 'Masterclass in Endometriosis and Surgery');
INSERT OR IGNORE INTO user_label (user_id, label) VALUES ('79b625c5ab4345c08c0b54aae13ef6fe', 'Masterclass in Endometriosis & Surgery');
INSERT OR IGNORE INTO enrollment (id, user_id, course_id, enrolled_at) VALUES ('80a7066dc6574734841865821aa4ce38', '79b625c5ab4345c08c0b54aae13ef6fe', 'long-term-endo-management', '2025-03-30 19:49');
INSERT OR IGNORE INTO enrollment (id, user_id, course_id, enrolled_at) VALUES ('4b2d51fa452e40e288d6cfac1e307b1b', '79b625c5ab4345c08c0b54aae13ef6fe', 'masterclass-endo-surgery', '2025-03-30 19:49');

INSERT OR IGNORE INTO user (id, email, email_verified, hashed_password, name, first_name, last_name, wix_member_id, blocked, role, created_at) VALUES ('5782d500c8ef4974996403bd8b5eb409', 'kellyroseflow@gmail.com', 1, '', 'Kelly D', 'Kelly', 'D', NULL, 0, 'member', '2025-04-02 02:07');

INSERT OR IGNORE INTO user (id, email, email_verified, hashed_password, name, first_name, last_name, wix_member_id, blocked, role, created_at) VALUES ('3733711c4ddb47a19ccfd01295fbffb2', 'elizabeth.christen111015@gmail.com', 1, '', '', '', '', NULL, 0, 'member', '2025-04-06 19:07');

INSERT OR IGNORE INTO user (id, email, email_verified, hashed_password, name, first_name, last_name, wix_member_id, blocked, role, created_at) VALUES ('f60446598fbb4bef99b86246aeaf57cb', 'cbenitez027@gmail.com', 1, '', '', '', '', NULL, 0, 'member', '2025-04-05 04:29');

INSERT OR IGNORE INTO user (id, email, email_verified, hashed_password, name, first_name, last_name, wix_member_id, blocked, role, created_at) VALUES ('64f7c060b9af4a16bba16ff63fad7e91', 'ilovemymonkey7@gmail.com', 1, '', '', '', '', NULL, 0, 'member', '2025-04-05 22:03');

INSERT OR IGNORE INTO user (id, email, email_verified, hashed_password, name, first_name, last_name, wix_member_id, blocked, role, created_at) VALUES ('db5efc5369944a548379de3ed0ba7d4c', 'dqschaffer@outlook.com', 1, '', '', '', '', NULL, 0, 'member', '2025-03-29 12:29');

INSERT OR IGNORE INTO user (id, email, email_verified, hashed_password, name, first_name, last_name, wix_member_id, blocked, role, created_at) VALUES ('77f555d1a3a546f8934a1ab4a6e5abb8', 'mfairbanks243@gmail.com', 1, '', 'Mary Fairbanks', 'Mary', 'Fairbanks', NULL, 0, 'member', '2025-03-31 17:24');

INSERT OR IGNORE INTO user (id, email, email_verified, hashed_password, name, first_name, last_name, wix_member_id, blocked, role, created_at) VALUES ('d524d56edeab48b4b2bb7f6101ea6adc', 'jessie.brebner@gmail.com', 1, '', 'Jess B', 'Jess', 'B', NULL, 0, 'member', '2025-04-05 05:24');

INSERT OR IGNORE INTO user (id, email, email_verified, hashed_password, name, first_name, last_name, wix_member_id, blocked, role, created_at) VALUES ('22ab0016aed84b56a081478c1b689ede', 'stargoesout@gmail.com', 1, '', 'Danielle B', 'Danielle', 'B', NULL, 0, 'member', '2025-03-24 17:53');

INSERT OR IGNORE INTO user (id, email, email_verified, hashed_password, name, first_name, last_name, wix_member_id, blocked, role, created_at) VALUES ('f9fe78d2f1fc44c082f5ef6e02616681', 'heycrys@gmail.com', 1, '', 'Crystal Miller', 'Crystal', 'Miller', NULL, 0, 'member', '2025-03-30 20:15');

INSERT OR IGNORE INTO user (id, email, email_verified, hashed_password, name, first_name, last_name, wix_member_id, blocked, role, created_at) VALUES ('bd49d7fed8564c93ba0ddc202d400fba', 'jamcaitnm@gmail.com', 1, '', 'JamCait NM', 'JamCait', 'NM', NULL, 0, 'member', '2025-04-02 16:43');

INSERT OR IGNORE INTO user (id, email, email_verified, hashed_password, name, first_name, last_name, wix_member_id, blocked, role, created_at) VALUES ('e5be031a0e0446d88c14113f328c3fca', 'umubyeyi@seattleu.edu', 1, '', '', '', '', NULL, 0, 'member', '2025-03-23 03:15');

INSERT OR IGNORE INTO user (id, email, email_verified, hashed_password, name, first_name, last_name, wix_member_id, blocked, role, created_at) VALUES ('c7cfb14cc4744b3db134a65c2a8068ac', 'sophie.m.oriani@hotmail.com', 1, '', '', '', '', NULL, 0, 'member', '2025-03-23 23:19');

INSERT OR IGNORE INTO user (id, email, email_verified, hashed_password, name, first_name, last_name, wix_member_id, blocked, role, created_at) VALUES ('f8b1814e86d4422dbe3cacb8f796e1a9', 'abbyterhark@gmail.com', 1, '', 'Abby Terhark', 'Abby', 'Terhark', NULL, 0, 'member', '2025-04-06 19:09');

INSERT OR IGNORE INTO user (id, email, email_verified, hashed_password, name, first_name, last_name, wix_member_id, blocked, role, created_at) VALUES ('b2667b20636a416790cf9a3d308f7aad', 'laura_ann@hotmail.ca', 1, '', '', '', '', NULL, 0, 'member', '2025-03-24 01:05');

INSERT OR IGNORE INTO user (id, email, email_verified, hashed_password, name, first_name, last_name, wix_member_id, blocked, role, created_at) VALUES ('6aab7da057c44146b2595274fe810fac', 'mknysh13@gmail.com', 1, '', 'Marianna Knysh', 'Marianna', 'Knysh', NULL, 0, 'member', '2025-03-31 01:35');

INSERT OR IGNORE INTO user (id, email, email_verified, hashed_password, name, first_name, last_name, wix_member_id, blocked, role, created_at) VALUES ('9825aa7b303541eea27e93d8eb4f0516', 'cedonahue21@gmail.com', 1, '', '', '', '', NULL, 0, 'member', '2025-03-31 20:40');

INSERT OR IGNORE INTO user (id, email, email_verified, hashed_password, name, first_name, last_name, wix_member_id, blocked, role, created_at) VALUES ('0d592ee13c3346ae9ae21474c5bccc0d', 'hshine10@gmail.com', 1, '', 'Hailey Eppehimer', 'Hailey', 'Eppehimer', NULL, 0, 'member', '2025-03-24 16:19');

INSERT OR IGNORE INTO user (id, email, email_verified, hashed_password, name, first_name, last_name, wix_member_id, blocked, role, created_at) VALUES ('1236cac4e09c46d3a39abeaec73ee5cd', 'alyssa12thomas@gmail.com', 1, '', '', '', '', NULL, 0, 'member', '2025-03-23 20:09');

INSERT OR IGNORE INTO user (id, email, email_verified, hashed_password, name, first_name, last_name, wix_member_id, blocked, role, created_at) VALUES ('da664c8927fa44789b240543027bff47', 'jessierode88@gmail.com', 1, '', '', '', '', NULL, 0, 'member', '2025-04-01 11:28');

INSERT OR IGNORE INTO user (id, email, email_verified, hashed_password, name, first_name, last_name, wix_member_id, blocked, role, created_at) VALUES ('bdd454dd535346599dfd67715b5bc285', 'margaretperry75@gmail.com', 1, '', '', '', '', NULL, 0, 'member', '2025-03-31 02:07');

INSERT OR IGNORE INTO user (id, email, email_verified, hashed_password, name, first_name, last_name, wix_member_id, blocked, role, created_at) VALUES ('c5d84b8d77604c2f8b7c5f23e8ae0ce0', 'samantha.myers1@gmail.com', 1, '', '', '', '', NULL, 0, 'member', '2025-03-30 19:11');

INSERT OR IGNORE INTO user (id, email, email_verified, hashed_password, name, first_name, last_name, wix_member_id, blocked, role, created_at) VALUES ('8958ae74bac0471bbf585536af8d9986', 'rahnere@gmail.com', 1, '', '', '', '', NULL, 0, 'member', '2025-03-24 02:37');
INSERT OR IGNORE INTO user_label (user_id, label) VALUES ('8958ae74bac0471bbf585536af8d9986', 'RRM Academy Members Group member');

INSERT OR IGNORE INTO user (id, email, email_verified, hashed_password, name, first_name, last_name, wix_member_id, blocked, role, created_at) VALUES ('d29f17d1f1424365b86101a0d15dfc4c', 'mountiangrl@yahoo.com', 1, '', 'Marianne Swingle', 'Marianne', 'Swingle', NULL, 0, 'member', '2025-03-28 17:47');

INSERT OR IGNORE INTO user (id, email, email_verified, hashed_password, name, first_name, last_name, wix_member_id, blocked, role, created_at) VALUES ('9ec4d344e2bf4257b9412191aa5d80de', 'kinziezielke@gmail.com', 1, '', 'Kinzie Zielke', 'Kinzie', 'Zielke', NULL, 0, 'member', '2025-03-24 14:59');

INSERT OR IGNORE INTO user (id, email, email_verified, hashed_password, name, first_name, last_name, wix_member_id, blocked, role, created_at) VALUES ('ec01c36762d84a4e81d9fcd0d7013215', 'mallorygieringer@gmail.com', 1, '', '', '', '', NULL, 0, 'member', '2025-04-07 04:58');

INSERT OR IGNORE INTO user (id, email, email_verified, hashed_password, name, first_name, last_name, wix_member_id, blocked, role, created_at) VALUES ('060871cad58d45cfb2e38cc57706d109', 'samantha.lidwin@gmail.com', 1, '', 'Samantha Lidwin', 'Samantha', 'Lidwin', NULL, 0, 'member', '2025-03-30 03:03');

INSERT OR IGNORE INTO user (id, email, email_verified, hashed_password, name, first_name, last_name, wix_member_id, blocked, role, created_at) VALUES ('2ef2d3af003248a49eb3a59ab5dcc586', 'rikki_lee2@hotmail.com', 1, '', '', '', '', NULL, 0, 'member', '2025-04-04 09:39');

INSERT OR IGNORE INTO user (id, email, email_verified, hashed_password, name, first_name, last_name, wix_member_id, blocked, role, created_at) VALUES ('99207f1102af4e6d8406ce6b1faad010', 'r.lemounier@gmail.com', 1, '', 'Ruth Le Mounier', 'Ruth', 'Le Mounier', NULL, 0, 'member', '2025-04-06 19:39');

INSERT OR IGNORE INTO user (id, email, email_verified, hashed_password, name, first_name, last_name, wix_member_id, blocked, role, created_at) VALUES ('11a3afbdad474764804a3266c125ceb1', 'taylorawoodall@gmail.com', 1, '', '', '', '', NULL, 0, 'member', '2025-03-31 23:40');

INSERT OR IGNORE INTO user (id, email, email_verified, hashed_password, name, first_name, last_name, wix_member_id, blocked, role, created_at) VALUES ('bb290a0289874d0fa38811a407168ebc', 'mcnamaramonica5@gmail.com', 1, '', '', '', '', NULL, 0, 'member', '2025-03-26 19:15');

INSERT OR IGNORE INTO user (id, email, email_verified, hashed_password, name, first_name, last_name, wix_member_id, blocked, role, created_at) VALUES ('c9f4636ae0354ca5b6cdb6516deb6f05', 'taranbuss@sbcglobal.net', 1, '', 'Tara Buss', 'Tara', 'Buss', NULL, 0, 'member', '2025-04-06 19:36');

INSERT OR IGNORE INTO user (id, email, email_verified, hashed_password, name, first_name, last_name, wix_member_id, blocked, role, created_at) VALUES ('74dad328da0944c697a4bc109e5f9f8a', 'kristenstoyka@yahoo.com', 1, '', '', '', '', NULL, 0, 'member', '2025-03-24 02:30');

INSERT OR IGNORE INTO user (id, email, email_verified, hashed_password, name, first_name, last_name, wix_member_id, blocked, role, created_at) VALUES ('a6caa1fb93b04da8b8f5e5c65bfc0a19', 'drjessicagruber@gmail.com', 1, '', '', '', '', NULL, 0, 'member', '2025-03-23 21:16');
INSERT OR IGNORE INTO user_label (user_id, label) VALUES ('a6caa1fb93b04da8b8f5e5c65bfc0a19', 'RRM Academy Members Group member');

INSERT OR IGNORE INTO user (id, email, email_verified, hashed_password, name, first_name, last_name, wix_member_id, blocked, role, created_at) VALUES ('7d6e7966268741fab049891f05e0244e', 'nicholle.e.herbert@gmail.com', 1, '', '', '', '', NULL, 0, 'member', '2025-03-29 21:41');

INSERT OR IGNORE INTO user (id, email, email_verified, hashed_password, name, first_name, last_name, wix_member_id, blocked, role, created_at) VALUES ('4ddb4028ea094f9fb360537b5ab6ff99', 'hannahlwhiting7@gmail.com', 1, '', '', '', '', NULL, 0, 'member', '2025-03-24 14:22');
INSERT OR IGNORE INTO user_label (user_id, label) VALUES ('4ddb4028ea094f9fb360537b5ab6ff99', 'Masterclass in Endometriosis and Surgery');
INSERT OR IGNORE INTO user_label (user_id, label) VALUES ('4ddb4028ea094f9fb360537b5ab6ff99', 'Masterclass Members Group member');
INSERT OR IGNORE INTO enrollment (id, user_id, course_id, enrolled_at) VALUES ('fa3e63345e704479a23d0db938415840', '4ddb4028ea094f9fb360537b5ab6ff99', 'masterclass-endo-surgery', '2025-03-24 14:22');

INSERT OR IGNORE INTO user (id, email, email_verified, hashed_password, name, first_name, last_name, wix_member_id, blocked, role, created_at) VALUES ('91a3fe6f147c40a494302c0a1d4b0bde', 'rachael.aucker@gmail.com', 1, '', '', '', '', NULL, 0, 'member', '2025-03-29 02:53');

INSERT OR IGNORE INTO user (id, email, email_verified, hashed_password, name, first_name, last_name, wix_member_id, blocked, role, created_at) VALUES ('544fb6127af240b8b4775439ccd30629', 'jenna.counts16@gmail.com', 1, '', 'Jenna Counts', 'Jenna', 'Counts', NULL, 0, 'member', '2025-03-30 19:55');

INSERT OR IGNORE INTO user (id, email, email_verified, hashed_password, name, first_name, last_name, wix_member_id, blocked, role, created_at) VALUES ('fbc0f0e331bd4006a5f20561844273e8', 'kaylacampbell3@gmail.com', 1, '', '', '', '', NULL, 0, 'member', '2025-03-25 22:58');

INSERT OR IGNORE INTO user (id, email, email_verified, hashed_password, name, first_name, last_name, wix_member_id, blocked, role, created_at) VALUES ('f25b6d3f3fe546aa9f1dd92064af0427', 'houstonlnicholson@gmail.com', 1, '', '', '', '', NULL, 0, 'member', '2025-04-06 20:05');

INSERT OR IGNORE INTO user (id, email, email_verified, hashed_password, name, first_name, last_name, wix_member_id, blocked, role, created_at) VALUES ('67c8d0e6dfa945369ea812e328a05f8e', 'caseylmorrow@att.net', 1, '', '', '', '', NULL, 0, 'member', '2025-04-06 22:00');

INSERT OR IGNORE INTO user (id, email, email_verified, hashed_password, name, first_name, last_name, wix_member_id, blocked, role, created_at) VALUES ('debc4906b0a34a55b679f00ae59ebc47', 'mmurdock06@gmail.com', 1, '', 'Madeline Morgan', 'Madeline', 'Morgan', NULL, 0, 'member', '2025-04-03 02:36');

INSERT OR IGNORE INTO user (id, email, email_verified, hashed_password, name, first_name, last_name, wix_member_id, blocked, role, created_at) VALUES ('879d46afb0794b66945ea17f618a9227', 'jamiehaynes07@gmail.com', 1, '', 'Jamie Haynes-Krohn', 'Jamie', 'Haynes-Krohn', NULL, 0, 'member', '2025-03-24 02:57');

INSERT OR IGNORE INTO user (id, email, email_verified, hashed_password, name, first_name, last_name, wix_member_id, blocked, role, created_at) VALUES ('c11aa101df8748b283b24049b385d8fb', 'antoniosteffan28@gmail.com', 1, '', '', '', '', NULL, 1, 'member', '2025-03-28 21:14');
INSERT OR IGNORE INTO user_label (user_id, label) VALUES ('c11aa101df8748b283b24049b385d8fb', 'Spam 🛑');

INSERT OR IGNORE INTO user (id, email, email_verified, hashed_password, name, first_name, last_name, wix_member_id, blocked, role, created_at) VALUES ('56cd3668b73d48f8a78bc3021b0fd800', 'pweber0981@gmail.com', 1, '', '', '', '', NULL, 0, 'member', '2025-03-27 00:36');

INSERT OR IGNORE INTO user (id, email, email_verified, hashed_password, name, first_name, last_name, wix_member_id, blocked, role, created_at) VALUES ('116bd47eff9f439db34c61d744bdc779', 'anrash@gmail.com', 1, '', '', '', '', NULL, 0, 'member', '2025-03-31 21:59');
INSERT OR IGNORE INTO user_label (user_id, label) VALUES ('116bd47eff9f439db34c61d744bdc779', 'RRM Academy Members Group member');

INSERT OR IGNORE INTO user (id, email, email_verified, hashed_password, name, first_name, last_name, wix_member_id, blocked, role, created_at) VALUES ('12a7dfeeaef84f1b93e56d6fc63964ad', 'haleydbell@gmail.com', 1, '', 'Haley Plummer', 'Haley', 'Plummer', NULL, 0, 'member', '2025-03-28 03:05');

INSERT OR IGNORE INTO user (id, email, email_verified, hashed_password, name, first_name, last_name, wix_member_id, blocked, role, created_at) VALUES ('09a8a99c6ff546adbc8df0f65184a7bd', 'kayleesuemead@gmail.com', 1, '', '', '', '', NULL, 0, 'member', '2025-04-01 14:16');
INSERT OR IGNORE INTO user_label (user_id, label) VALUES ('09a8a99c6ff546adbc8df0f65184a7bd', 'Restorative Reproductive Medicine (RRM) vs Standard ART: A New Approach to Infertility');
INSERT OR IGNORE INTO user_label (user_id, label) VALUES ('09a8a99c6ff546adbc8df0f65184a7bd', 'RRM Academy Members Group member');
INSERT OR IGNORE INTO enrollment (id, user_id, course_id, enrolled_at) VALUES ('463d4b3ef0d44b5eaba0c443ab065d8d', '09a8a99c6ff546adbc8df0f65184a7bd', 'rrm-vs-ivf', '2025-04-01 14:16');

INSERT OR IGNORE INTO user (id, email, email_verified, hashed_password, name, first_name, last_name, wix_member_id, blocked, role, created_at) VALUES ('86b1fb9028de4e3a95b832ba28bfadfb', 'corinne.twigg@mail.vfcc.edu', 1, '', 'Corinne Faith', 'Corinne', 'Faith', NULL, 0, 'member', '2025-03-31 19:43');

INSERT OR IGNORE INTO user (id, email, email_verified, hashed_password, name, first_name, last_name, wix_member_id, blocked, role, created_at) VALUES ('1708f408d5064b66931e6a324f257492', 'lizajavier.85@gmail.com', 1, '', '', '', '', NULL, 0, 'member', '2025-03-30 03:40');

INSERT OR IGNORE INTO user (id, email, email_verified, hashed_password, name, first_name, last_name, wix_member_id, blocked, role, created_at) VALUES ('cd2ded6b37bd4f7b9436b190175eb5a8', 'rachelderong@gmail.com', 1, '', '', '', '', NULL, 0, 'member', '2025-03-28 00:58');

INSERT OR IGNORE INTO user (id, email, email_verified, hashed_password, name, first_name, last_name, wix_member_id, blocked, role, created_at) VALUES ('14e220d265394a7e8c190d1e4a2828d2', 'reneecphillips@gmail.com', 1, '', '', '', '', NULL, 0, 'member', '2025-03-31 21:41');

INSERT OR IGNORE INTO user (id, email, email_verified, hashed_password, name, first_name, last_name, wix_member_id, blocked, role, created_at) VALUES ('73136ea20f56455397338fad437be30c', 'lolsitskc@gmail.com', 1, '', 'Kay N.', 'Kay', 'N.', NULL, 0, 'member', '2025-03-28 00:51');

INSERT OR IGNORE INTO user (id, email, email_verified, hashed_password, name, first_name, last_name, wix_member_id, blocked, role, created_at) VALUES ('e04344b376e6432480ea2643c703c020', 'tkmullins20@gmail.com', 1, '', '', '', '', NULL, 0, 'member', '2025-03-29 21:15');

INSERT OR IGNORE INTO user (id, email, email_verified, hashed_password, name, first_name, last_name, wix_member_id, blocked, role, created_at) VALUES ('6af3aef9f7a744359cf347b030366a85', 'icatnicholson@gmail.com', 1, '', 'irene nicholson', 'irene', 'nicholson', NULL, 0, 'member', '2025-03-24 23:17');

INSERT OR IGNORE INTO user (id, email, email_verified, hashed_password, name, first_name, last_name, wix_member_id, blocked, role, created_at) VALUES ('b79d7f4e942243f7ac787f651b9ade61', 'jocelyn.grace.morrison@gmail.com', 1, '', '', '', '', NULL, 0, 'member', '2025-03-25 20:04');

INSERT OR IGNORE INTO user (id, email, email_verified, hashed_password, name, first_name, last_name, wix_member_id, blocked, role, created_at) VALUES ('2d108f94067f479bb847d9a63488b494', 'bryndutter99@gmail.com', 1, '', '', '', '', NULL, 0, 'member', '2025-03-29 19:58');

INSERT OR IGNORE INTO user (id, email, email_verified, hashed_password, name, first_name, last_name, wix_member_id, blocked, role, created_at) VALUES ('e984d67d40174ab9822618a6de3221c4', 'kristen.enriquez@gmail.com', 1, '', '', '', '', NULL, 0, 'member', '2025-04-03 15:54');

INSERT OR IGNORE INTO user (id, email, email_verified, hashed_password, name, first_name, last_name, wix_member_id, blocked, role, created_at) VALUES ('e574def3d2a44273bb6bfcf0c42b0c57', 'turtle132013@gmail.com', 1, '', '', '', '', NULL, 0, 'member', '2025-04-06 19:07');

INSERT OR IGNORE INTO user (id, email, email_verified, hashed_password, name, first_name, last_name, wix_member_id, blocked, role, created_at) VALUES ('db6967e01e4f4cdca4c958801129a5f4', 'mtt.tang@hotmail.com', 1, '', '', '', '', NULL, 0, 'member', '2025-03-29 23:00');

INSERT OR IGNORE INTO user (id, email, email_verified, hashed_password, name, first_name, last_name, wix_member_id, blocked, role, created_at) VALUES ('e868720dbece4ceeab1c83fc945d685f', 'danielle_jackson11@hotmail.com', 1, '', '', '', '', NULL, 0, 'member', '2025-04-17 04:45');

INSERT OR IGNORE INTO user (id, email, email_verified, hashed_password, name, first_name, last_name, wix_member_id, blocked, role, created_at) VALUES ('7c115f1412294f2dbfb8fb48a457ee47', 'boldlygoingbeyond@gmail.com', 1, '', '', '', '', NULL, 0, 'member', '2025-04-14 18:31');

INSERT OR IGNORE INTO user (id, email, email_verified, hashed_password, name, first_name, last_name, wix_member_id, blocked, role, created_at) VALUES ('5501c6e38e914a4791267468d94f4dd9', 'catherinempapet@gmail.com', 1, '', 'Catherine Papet', 'Catherine', 'Papet', NULL, 0, 'member', '2025-04-17 01:24');

INSERT OR IGNORE INTO user (id, email, email_verified, hashed_password, name, first_name, last_name, wix_member_id, blocked, role, created_at) VALUES ('4c379dbb0bbe46728d372eb45e60fc52', 'elliesternfels@gmail.com', 1, '', 'Ellie Sternfels', 'Ellie', 'Sternfels', NULL, 0, 'member', '2025-04-09 00:17');

INSERT OR IGNORE INTO user (id, email, email_verified, hashed_password, name, first_name, last_name, wix_member_id, blocked, role, created_at) VALUES ('cf3c1172477748b99959f1ff014f02c4', 'krlee1219@gmail.com', 1, '', '', '', '', NULL, 0, 'member', '2025-04-17 00:43');

INSERT OR IGNORE INTO user (id, email, email_verified, hashed_password, name, first_name, last_name, wix_member_id, blocked, role, created_at) VALUES ('7061f691afbd4e26a264d89a31c2d3dc', 'jn351005@gmail.com', 1, '', '', '', '', NULL, 0, 'member', '2025-04-15 03:34');

INSERT OR IGNORE INTO user (id, email, email_verified, hashed_password, name, first_name, last_name, wix_member_id, blocked, role, created_at) VALUES ('ac0870eba5d34d05bdc467654ef1a576', 'leloughnane@gmail.com', 1, '', '', '', '', NULL, 0, 'member', '2025-04-17 01:43');
INSERT OR IGNORE INTO user_label (user_id, label) VALUES ('ac0870eba5d34d05bdc467654ef1a576', 'RRM Academy Members Group member');

INSERT OR IGNORE INTO user (id, email, email_verified, hashed_password, name, first_name, last_name, wix_member_id, blocked, role, created_at) VALUES ('c319a45a1fc94382881cb30e61020905', 'haleyjustus22@gmail.com', 1, '', 'Haley Justus', 'Haley', 'Justus', NULL, 0, 'member', '2025-04-10 21:51');

INSERT OR IGNORE INTO user (id, email, email_verified, hashed_password, name, first_name, last_name, wix_member_id, blocked, role, created_at) VALUES ('a08c3da6910c4c84a0fb68192c6d657c', 'jeggsky@comcast.net', 1, '', 'Joshua Grodsky', 'Joshua', 'Grodsky', NULL, 0, 'member', '2025-04-15 10:13');

INSERT OR IGNORE INTO user (id, email, email_verified, hashed_password, name, first_name, last_name, wix_member_id, blocked, role, created_at) VALUES ('3034c03e6ab84c35bb313dd34681b832', 'kerrilynndiane@gmail.conm', 1, '', '', '', '', NULL, 0, 'member', '2025-04-13 11:07');

INSERT OR IGNORE INTO user (id, email, email_verified, hashed_password, name, first_name, last_name, wix_member_id, blocked, role, created_at) VALUES ('07af17a15f894e6daab0c7abf23295d6', 'anaenz99@gmail.com', 1, '', 'Anna Neufeld', 'Anna', 'Neufeld', NULL, 0, 'member', '2025-04-17 13:27');

INSERT OR IGNORE INTO user (id, email, email_verified, hashed_password, name, first_name, last_name, wix_member_id, blocked, role, created_at) VALUES ('33325ea08c0e4e61a5ebbd605396ac98', 'edeese21@gmail.com', 1, '', '', '', '', NULL, 0, 'member', '2025-04-17 14:25');

INSERT OR IGNORE INTO user (id, email, email_verified, hashed_password, name, first_name, last_name, wix_member_id, blocked, role, created_at) VALUES ('f7f792d3663d4bb69b11c748406bc063', 'julia.lopez228@gmail.com', 1, '', 'Julia Lopez', 'Julia', 'Lopez', NULL, 0, 'member', '2025-04-13 02:09');

INSERT OR IGNORE INTO user (id, email, email_verified, hashed_password, name, first_name, last_name, wix_member_id, blocked, role, created_at) VALUES ('93f985e8636a45e08629d23bcad436e3', 'shaeworth10@gmail.com', 1, '', '', '', '', NULL, 0, 'member', '2025-04-13 23:24');

INSERT OR IGNORE INTO user (id, email, email_verified, hashed_password, name, first_name, last_name, wix_member_id, blocked, role, created_at) VALUES ('ec0492f2e22e41b89a6f4806c83cf817', 'prainitoml@aol.com', 1, '', '', '', '', NULL, 0, 'member', '2025-04-16 23:52');

INSERT OR IGNORE INTO user (id, email, email_verified, hashed_password, name, first_name, last_name, wix_member_id, blocked, role, created_at) VALUES ('c8bda677a32648508cc85f62d430a172', 'megancartwright15@gmail.com', 1, '', '', '', '', NULL, 0, 'member', '2025-04-14 12:14');

INSERT OR IGNORE INTO user (id, email, email_verified, hashed_password, name, first_name, last_name, wix_member_id, blocked, role, created_at) VALUES ('2c1596723f864f17bddddbc7e18fdbdd', 'brookeb0897@gmail.com', 1, '', '', '', '', NULL, 0, 'member', '2025-04-09 17:21');

INSERT OR IGNORE INTO user (id, email, email_verified, hashed_password, name, first_name, last_name, wix_member_id, blocked, role, created_at) VALUES ('08745848f98641d2bb5604c034818a0d', 'rammimurugesan@gmail.com', 1, '', '', '', '', NULL, 0, 'member', '2025-04-17 05:15');

INSERT OR IGNORE INTO user (id, email, email_verified, hashed_password, name, first_name, last_name, wix_member_id, blocked, role, created_at) VALUES ('5e6e4e85f77241e38b4f054d05349579', 'sbrobbins14@gmail.com', 1, '', '', '', '', NULL, 0, 'member', '2025-04-13 02:53');

INSERT OR IGNORE INTO user (id, email, email_verified, hashed_password, name, first_name, last_name, wix_member_id, blocked, role, created_at) VALUES ('c1cd85e27c914543976b5b8ae392c157', 'lydiagpettit@gmail.com', 1, '', '', '', '', NULL, 0, 'member', '2025-04-17 00:01');

INSERT OR IGNORE INTO user (id, email, email_verified, hashed_password, name, first_name, last_name, wix_member_id, blocked, role, created_at) VALUES ('0ef50f54bc90452d8309a19469cd880f', 'emmiebyrne@gmail.com', 1, '', '', '', '', NULL, 0, 'member', '2025-04-17 15:22');

INSERT OR IGNORE INTO user (id, email, email_verified, hashed_password, name, first_name, last_name, wix_member_id, blocked, role, created_at) VALUES ('6997202d66e74795994f3a6cb77c2505', 'alexis.christine.adams@gmail.com', 1, '', '', '', '', NULL, 0, 'member', '2025-04-17 00:58');

INSERT OR IGNORE INTO user (id, email, email_verified, hashed_password, name, first_name, last_name, wix_member_id, blocked, role, created_at) VALUES ('1f51a808d43e4530a61f7f93c31fbb35', 'josipasablekraguz@gmail.com', 1, '', 'Josipa Raguž', 'Josipa', 'Raguž', NULL, 0, 'member', '2025-04-13 07:29');

INSERT OR IGNORE INTO user (id, email, email_verified, hashed_password, name, first_name, last_name, wix_member_id, blocked, role, created_at) VALUES ('8c6e5112f14241d59ac6691f2fc90d75', 'lindsaykirby@outlook.com', 1, '', '', '', '', NULL, 0, 'member', '2025-04-17 02:36');

INSERT OR IGNORE INTO user (id, email, email_verified, hashed_password, name, first_name, last_name, wix_member_id, blocked, role, created_at) VALUES ('61ea3ae9ac234706baabc4191139b9b0', 'michellealexisjenkins@gmail.com', 1, '', 'Michelle Jenkins', 'Michelle', 'Jenkins', NULL, 0, 'member', '2025-04-16 02:04');

INSERT OR IGNORE INTO user (id, email, email_verified, hashed_password, name, first_name, last_name, wix_member_id, blocked, role, created_at) VALUES ('6e483298174b45eca1492e1d4d4e09ca', 'cassiemblair26@gmail.com', 1, '', '', '', '', NULL, 0, 'member', '2025-04-17 01:01');

INSERT OR IGNORE INTO user (id, email, email_verified, hashed_password, name, first_name, last_name, wix_member_id, blocked, role, created_at) VALUES ('5d9b1acc21c44997b45a5ffb3c20e078', 'kfeilmeier@live.com', 1, '', '', '', '', NULL, 0, 'member', '2025-04-17 01:25');

INSERT OR IGNORE INTO user (id, email, email_verified, hashed_password, name, first_name, last_name, wix_member_id, blocked, role, created_at) VALUES ('5ef59d9dc22f4ba3b6457500e6ed5be5', 'bes285@gmail.com', 1, '', '', '', '', NULL, 0, 'member', '2025-04-15 05:08');

INSERT OR IGNORE INTO user (id, email, email_verified, hashed_password, name, first_name, last_name, wix_member_id, blocked, role, created_at) VALUES ('04ce4dc5fa2348aa88e451970311b7ed', 'hubertadrienne@gmail.com', 1, '', 'Adrienne', 'Adrienne', '', NULL, 0, 'member', '2025-04-07 12:28');

INSERT OR IGNORE INTO user (id, email, email_verified, hashed_password, name, first_name, last_name, wix_member_id, blocked, role, created_at) VALUES ('e62c123865e04139a94f6c588be0494a', 'hcraft4@gmail.com', 1, '', '', '', '', NULL, 0, 'member', '2025-04-14 18:41');

INSERT OR IGNORE INTO user (id, email, email_verified, hashed_password, name, first_name, last_name, wix_member_id, blocked, role, created_at) VALUES ('d6ed568726ca48a7a9f1c60dce8dc735', 'sharpa57@gmail.com', 1, '', '', '', '', NULL, 0, 'member', '2025-04-17 01:37');

INSERT OR IGNORE INTO user (id, email, email_verified, hashed_password, name, first_name, last_name, wix_member_id, blocked, role, created_at) VALUES ('02d12791812a4e0384a920a54b87b67f', 'fish87879@gmail.com', 1, '', '', '', '', NULL, 0, 'member', '2025-04-12 13:57');

INSERT OR IGNORE INTO user (id, email, email_verified, hashed_password, name, first_name, last_name, wix_member_id, blocked, role, created_at) VALUES ('a8117fa4c24f4941b7fd78d795897433', 'rose.kawai.rk@gmail.com', 1, '', 'Razan Alkawai', 'Razan', 'Alkawai', NULL, 0, 'member', '2025-04-17 05:55');

INSERT OR IGNORE INTO user (id, email, email_verified, hashed_password, name, first_name, last_name, wix_member_id, blocked, role, created_at) VALUES ('3d046cbee1354f0186dd85c78cda1426', 'ann.fasel@gmail.com', 1, '', '', '', '', NULL, 0, 'member', '2025-04-08 19:54');

INSERT OR IGNORE INTO user (id, email, email_verified, hashed_password, name, first_name, last_name, wix_member_id, blocked, role, created_at) VALUES ('3858022adc75488f86bd54896a741ea3', 'c.brook15@gmail.com', 1, '', '', '', '', NULL, 0, 'member', '2025-04-08 16:09');

INSERT OR IGNORE INTO user (id, email, email_verified, hashed_password, name, first_name, last_name, wix_member_id, blocked, role, created_at) VALUES ('8ee636afeb9244ce9bfd70babda129f9', 'katherineatkinson6@gmail.com', 1, '', '', '', '', NULL, 0, 'member', '2025-04-17 00:41');

INSERT OR IGNORE INTO user (id, email, email_verified, hashed_password, name, first_name, last_name, wix_member_id, blocked, role, created_at) VALUES ('2213652c689442898b16484f59321796', 'tbrugarolas@gmail.com', 1, '', '', '', '', NULL, 0, 'member', '2025-04-17 15:54');

INSERT OR IGNORE INTO user (id, email, email_verified, hashed_password, name, first_name, last_name, wix_member_id, blocked, role, created_at) VALUES ('f549c98aaf8d418c969b5284f1d7744d', 'brennaholsclaw@gmail.com', 1, '', 'Brenna Holsclaw', 'Brenna', 'Holsclaw', NULL, 0, 'member', '2025-04-16 14:06');

INSERT OR IGNORE INTO user (id, email, email_verified, hashed_password, name, first_name, last_name, wix_member_id, blocked, role, created_at) VALUES ('70419e8464e541a68a64d16eaf4a3cf0', 'embrek2013@gmail.com', 1, '', '', '', '', NULL, 0, 'member', '2025-04-14 03:12');

INSERT OR IGNORE INTO user (id, email, email_verified, hashed_password, name, first_name, last_name, wix_member_id, blocked, role, created_at) VALUES ('cad0e34bc8df401facbde028819d3db3', 'meagangartner21@gmail.com', 1, '', 'Meagan Gartner', 'Meagan', 'Gartner', NULL, 0, 'member', '2025-04-12 13:14');

INSERT OR IGNORE INTO user (id, email, email_verified, hashed_password, name, first_name, last_name, wix_member_id, blocked, role, created_at) VALUES ('aa67dddde4d5481f8e808e5fed6a0b4c', 'feilmeierl815@gmail.com', 1, '', '', '', '', NULL, 0, 'member', '2025-04-17 01:03');

INSERT OR IGNORE INTO user (id, email, email_verified, hashed_password, name, first_name, last_name, wix_member_id, blocked, role, created_at) VALUES ('82465f42a4a84bfeb8136b96e965a0dc', 'mkcrowley96@gmail.com', 1, '', '', '', '', NULL, 0, 'member', '2025-04-17 01:31');

INSERT OR IGNORE INTO user (id, email, email_verified, hashed_password, name, first_name, last_name, wix_member_id, blocked, role, created_at) VALUES ('0b73148f99b84572911f5c2da509e002', 'anneabel13@gmail.com', 1, '', '', '', '', NULL, 0, 'member', '2025-04-09 05:21');

INSERT OR IGNORE INTO user (id, email, email_verified, hashed_password, name, first_name, last_name, wix_member_id, blocked, role, created_at) VALUES ('a82209d5a5294253ae29aeefbe612f02', 'imikulic100@gmail.com', 1, '', 'Ivona M', 'Ivona', 'M', NULL, 0, 'member', '2025-04-17 15:54');

INSERT OR IGNORE INTO user (id, email, email_verified, hashed_password, name, first_name, last_name, wix_member_id, blocked, role, created_at) VALUES ('dc9bf845524a4bc8abc6b4cd4e516fc5', 'sordaciegamuda@gmail.com', 1, '', '', '', '', NULL, 0, 'member', '2025-04-07 15:10');

INSERT OR IGNORE INTO user (id, email, email_verified, hashed_password, name, first_name, last_name, wix_member_id, blocked, role, created_at) VALUES ('64cd133b39bb4520be3ef95e4fbea7ce', 'bartumioli@gmail.com', 1, '', 'Diana Bartumioli Cutrone', 'Diana', 'Bartumioli Cutrone', NULL, 0, 'member', '2025-04-11 19:06');

INSERT OR IGNORE INTO user (id, email, email_verified, hashed_password, name, first_name, last_name, wix_member_id, blocked, role, created_at) VALUES ('69cb689438e7451994a4201e3db72809', 'bethanywearden@gmail.com', 1, '', 'Bethany Wearden', 'Bethany', 'Wearden', NULL, 0, 'member', '2025-04-17 00:17');

INSERT OR IGNORE INTO user (id, email, email_verified, hashed_password, name, first_name, last_name, wix_member_id, blocked, role, created_at) VALUES ('0241750f4d7244b89177520190aaecf9', 'maddysmithkelly@gmail.com', 1, '', 'Maddy Smith', 'Maddy', 'Smith', NULL, 0, 'member', '2025-04-15 09:46');
INSERT OR IGNORE INTO user_label (user_id, label) VALUES ('0241750f4d7244b89177520190aaecf9', 'Blog Sub 🤓');

INSERT OR IGNORE INTO user (id, email, email_verified, hashed_password, name, first_name, last_name, wix_member_id, blocked, role, created_at) VALUES ('206d1be2795249d1b9a0be5938fcfd0d', 'kristen@bethlambdin.net', 1, '', '', '', '', NULL, 0, 'member', '2025-04-14 18:51');

INSERT OR IGNORE INTO user (id, email, email_verified, hashed_password, name, first_name, last_name, wix_member_id, blocked, role, created_at) VALUES ('fca3ecf0d5c541e8b187553bb5d95496', 'lbanuet14@yahoo.com', 1, '', '', '', '', NULL, 0, 'member', '2025-04-17 02:07');

INSERT OR IGNORE INTO user (id, email, email_verified, hashed_password, name, first_name, last_name, wix_member_id, blocked, role, created_at) VALUES ('5c1d67c9ea934ac9b3ad66cbd3a23553', 'wildwestmogirl@gmail.com', 1, '', '', '', '', NULL, 0, 'member', '2025-04-17 00:58');

INSERT OR IGNORE INTO user (id, email, email_verified, hashed_password, name, first_name, last_name, wix_member_id, blocked, role, created_at) VALUES ('56a2361d4e0d4f1797021f794ecf1e2e', 'helenrmcguire@gmail.com', 1, '', '', '', '', NULL, 0, 'member', '2025-04-09 17:18');

INSERT OR IGNORE INTO user (id, email, email_verified, hashed_password, name, first_name, last_name, wix_member_id, blocked, role, created_at) VALUES ('e41c36741b094399be979a167cf7c520', 'towey.c@gmail.com', 1, '', 'Caralyn Towey', 'Caralyn', 'Towey', NULL, 0, 'member', '2025-04-07 21:22');

INSERT OR IGNORE INTO user (id, email, email_verified, hashed_password, name, first_name, last_name, wix_member_id, blocked, role, created_at) VALUES ('3e741e727aa24031b71fe2413457aaad', 'allegre92@gmail.com', 1, '', '', '', '', NULL, 0, 'member', '2025-04-17 01:52');

INSERT OR IGNORE INTO user (id, email, email_verified, hashed_password, name, first_name, last_name, wix_member_id, blocked, role, created_at) VALUES ('2e2fc01df0254e829af93769628eccc1', 'pinkmarker12@gmail.com', 1, '', '', '', '', NULL, 0, 'member', '2025-04-17 05:57');

INSERT OR IGNORE INTO user (id, email, email_verified, hashed_password, name, first_name, last_name, wix_member_id, blocked, role, created_at) VALUES ('1271ce7d185e4659945074e021129ae1', 'quadsister@gmail.com', 1, '', 'Graysen Smith', 'Graysen', 'Smith', NULL, 0, 'member', '2025-04-09 18:50');

INSERT OR IGNORE INTO user (id, email, email_verified, hashed_password, name, first_name, last_name, wix_member_id, blocked, role, created_at) VALUES ('315cfdaac4154a93afa531fb3a6b8e96', 'alyneroemerman@gmail.com', 1, '', '', '', '', NULL, 0, 'member', '2025-04-17 01:08');

INSERT OR IGNORE INTO user (id, email, email_verified, hashed_password, name, first_name, last_name, wix_member_id, blocked, role, created_at) VALUES ('586116964eec4e04b2b61eecd921a733', 'hannahatkins19@yahoo.com', 1, '', '', '', '', NULL, 0, 'member', '2025-04-17 02:59');

INSERT OR IGNORE INTO user (id, email, email_verified, hashed_password, name, first_name, last_name, wix_member_id, blocked, role, created_at) VALUES ('863bc31c1d864187a5062253a90ed4d4', 'estherhbepps@gmail.com', 1, '', '', '', '', NULL, 0, 'member', '2025-04-17 10:53');

INSERT OR IGNORE INTO user (id, email, email_verified, hashed_password, name, first_name, last_name, wix_member_id, blocked, role, created_at) VALUES ('2dd364393cd04d9aa7ee2bc9bfd468b7', 'andinisafitri2993@gmail.com', 1, '', '', '', '', NULL, 0, 'member', '2025-04-17 02:08');

INSERT OR IGNORE INTO user (id, email, email_verified, hashed_password, name, first_name, last_name, wix_member_id, blocked, role, created_at) VALUES ('2ed49b9d175d42c484f6a002819cc960', 'kaylawalker2392@gmail.com', 1, '', '', '', '', NULL, 0, 'member', '2025-04-13 01:25');

INSERT OR IGNORE INTO user (id, email, email_verified, hashed_password, name, first_name, last_name, wix_member_id, blocked, role, created_at) VALUES ('f6e5c0b6f96b4bd192dd8655b10a27b1', 'lydia_hagen@yahoo.com', 1, '', '', '', '', NULL, 0, 'member', '2025-04-17 13:33');

INSERT OR IGNORE INTO user (id, email, email_verified, hashed_password, name, first_name, last_name, wix_member_id, blocked, role, created_at) VALUES ('d0e60eab01304a569a418912709cc1e0', 'enily.rachel.m912@gmail.com', 1, '', '', '', '', NULL, 0, 'member', '2025-04-15 20:50');

INSERT OR IGNORE INTO user (id, email, email_verified, hashed_password, name, first_name, last_name, wix_member_id, blocked, role, created_at) VALUES ('43ec2cffb4484f42af7e667dd9ca9c5c', 'jyspriggs@gmail.com', 1, '', 'Jessica Spriggs', 'Jessica', 'Spriggs', NULL, 0, 'member', '2025-04-15 13:43');

INSERT OR IGNORE INTO user (id, email, email_verified, hashed_password, name, first_name, last_name, wix_member_id, blocked, role, created_at) VALUES ('ae099d0da658475b805dc402aa663a7c', 'loriannperez@hotmail.com', 1, '', '', '', '', NULL, 0, 'member', '2025-04-17 02:24');

INSERT OR IGNORE INTO user (id, email, email_verified, hashed_password, name, first_name, last_name, wix_member_id, blocked, role, created_at) VALUES ('e8b495e1a5c74143a05ac3621e1175c7', 'jacque.hip@yahoo.com', 1, '', '', '', '', NULL, 0, 'member', '2025-04-17 00:44');

INSERT OR IGNORE INTO user (id, email, email_verified, hashed_password, name, first_name, last_name, wix_member_id, blocked, role, created_at) VALUES ('8e843e0c4d014003a2f79afb1a692b1e', 'c_breen95@outlook.com', 1, '', '', '', '', NULL, 0, 'member', '2025-04-17 00:27');

INSERT OR IGNORE INTO user (id, email, email_verified, hashed_password, name, first_name, last_name, wix_member_id, blocked, role, created_at) VALUES ('807a8f0a1d0b47769f23a62c6625c2cb', 'mindy_joy@yahoo.com', 1, '', '', '', '', NULL, 0, 'member', '2025-04-07 18:29');

INSERT OR IGNORE INTO user (id, email, email_verified, hashed_password, name, first_name, last_name, wix_member_id, blocked, role, created_at) VALUES ('4474ea52d87542c4b011fadcc94d9960', 'ksmar58@gmail.com', 1, '', '', '', '', NULL, 0, 'member', '2025-04-17 15:48');

INSERT OR IGNORE INTO user (id, email, email_verified, hashed_password, name, first_name, last_name, wix_member_id, blocked, role, created_at) VALUES ('a96cefc3b25b4a38af5d1e8956a60df2', 'laurapinad26@gmail.com', 1, '', 'Laura Karina Piña de Cruz', 'Laura Karina', 'Piña de Cruz', NULL, 0, 'member', '2025-04-16 23:42');

INSERT OR IGNORE INTO user (id, email, email_verified, hashed_password, name, first_name, last_name, wix_member_id, blocked, role, created_at) VALUES ('382bb69ea30e41399109dcd059590b5c', 'rachelleafollows@gmail.com', 1, '', '', '', '', NULL, 0, 'member', '2025-04-16 06:43');

INSERT OR IGNORE INTO user (id, email, email_verified, hashed_password, name, first_name, last_name, wix_member_id, blocked, role, created_at) VALUES ('fdcf81e079ce4dcb94a318984ce137b9', 'elainelucier@yahoo.com', 1, '', '', '', '', NULL, 0, 'member', '2025-04-17 00:55');

INSERT OR IGNORE INTO user (id, email, email_verified, hashed_password, name, first_name, last_name, wix_member_id, blocked, role, created_at) VALUES ('9381088f97df47e28afcab569f4cf95d', 'alyssaklister@gmail.com', 1, '', '', '', '', NULL, 0, 'member', '2025-04-13 13:36');

INSERT OR IGNORE INTO user (id, email, email_verified, hashed_password, name, first_name, last_name, wix_member_id, blocked, role, created_at) VALUES ('938bbc073aff4520a05eb174fac62e9a', 'abbycain98@gmail.com', 1, '', '', '', '', NULL, 0, 'member', '2025-04-16 23:42');

INSERT OR IGNORE INTO user (id, email, email_verified, hashed_password, name, first_name, last_name, wix_member_id, blocked, role, created_at) VALUES ('14aa8f0526074cb5b0f5711c3ad3a45b', 'damejara@gmail.com', 1, '', '', '', '', NULL, 0, 'member', '2025-04-17 02:25');
INSERT OR IGNORE INTO user_label (user_id, label) VALUES ('14aa8f0526074cb5b0f5711c3ad3a45b', 'RRM Academy Members Group member');

INSERT OR IGNORE INTO user (id, email, email_verified, hashed_password, name, first_name, last_name, wix_member_id, blocked, role, created_at) VALUES ('2b4ffbf0976c4cd785c0c8cee02701cf', 'gianna.g.pierce@gmail.com', 1, '', '', '', '', NULL, 0, 'member', '2025-04-16 23:59');

INSERT OR IGNORE INTO user (id, email, email_verified, hashed_password, name, first_name, last_name, wix_member_id, blocked, role, created_at) VALUES ('f1f0cd61cd194e17ac62e09a6f5b2219', 'yeardley.burns@gmail.com', 1, '', '', '', '', NULL, 0, 'member', '2025-04-17 15:37');

INSERT OR IGNORE INTO user (id, email, email_verified, hashed_password, name, first_name, last_name, wix_member_id, blocked, role, created_at) VALUES ('77b4afd54bae45ac8c3d0422a98b802b', 'sc223@evansville.edu', 1, '', '', '', '', NULL, 0, 'member', '2025-04-07 22:02');

INSERT OR IGNORE INTO user (id, email, email_verified, hashed_password, name, first_name, last_name, wix_member_id, blocked, role, created_at) VALUES ('688a1749ac7b4e3597e86ca5a52ead85', 'angela.bernalr@gmail.com', 1, '', '', '', '', NULL, 0, 'member', '2025-04-17 00:46');

INSERT OR IGNORE INTO user (id, email, email_verified, hashed_password, name, first_name, last_name, wix_member_id, blocked, role, created_at) VALUES ('261e9eb3e78d43a09b71840e31fae8bc', 'alina.juopperi@gmail.com', 1, '', '', '', '', NULL, 0, 'member', '2025-04-16 03:09');

INSERT OR IGNORE INTO user (id, email, email_verified, hashed_password, name, first_name, last_name, wix_member_id, blocked, role, created_at) VALUES ('069b062fdc8c4f83b30f5069535023e0', 'kelsie.santala@hotmail.com', 1, '', '', '', '', NULL, 0, 'member', '2025-04-16 23:39');

INSERT OR IGNORE INTO user (id, email, email_verified, hashed_password, name, first_name, last_name, wix_member_id, blocked, role, created_at) VALUES ('bf41ed52b2664519b3c0761b7f696b1c', 'moshood.wixorg1@gmail.com', 1, '', '', '', '', NULL, 1, 'member', '2025-04-14 19:12');
INSERT OR IGNORE INTO user_label (user_id, label) VALUES ('bf41ed52b2664519b3c0761b7f696b1c', 'Spam 🛑');

INSERT OR IGNORE INTO user (id, email, email_verified, hashed_password, name, first_name, last_name, wix_member_id, blocked, role, created_at) VALUES ('0bb299d5d9954043a8fa2c7c771edc56', 'mollymcmahon125@gmail.com', 1, '', '', '', '', NULL, 0, 'member', '2025-04-17 03:39');

INSERT OR IGNORE INTO user (id, email, email_verified, hashed_password, name, first_name, last_name, wix_member_id, blocked, role, created_at) VALUES ('4c1e32d8c54b455686242600a85e8a6a', 'croshawm@tcd.ie', 1, '', '', '', '', NULL, 0, 'member', '2025-04-11 00:19');

INSERT OR IGNORE INTO user (id, email, email_verified, hashed_password, name, first_name, last_name, wix_member_id, blocked, role, created_at) VALUES ('aed0527b64554d11b75d70e3f434e7ef', 'jiscott522@gmail.com', 1, '', '', '', '', NULL, 0, 'member', '2025-04-12 17:57');
INSERT OR IGNORE INTO user_label (user_id, label) VALUES ('aed0527b64554d11b75d70e3f434e7ef', 'Customers');
INSERT OR IGNORE INTO user_label (user_id, label) VALUES ('aed0527b64554d11b75d70e3f434e7ef', 'Save the Uterus Club 🏷️');
INSERT OR IGNORE INTO user_label (user_id, label) VALUES ('aed0527b64554d11b75d70e3f434e7ef', 'Uterus Member 🐻');
INSERT OR IGNORE INTO user_label (user_id, label) VALUES ('aed0527b64554d11b75d70e3f434e7ef', 'Save the Uterus Club Group member');
INSERT OR IGNORE INTO user_label (user_id, label) VALUES ('aed0527b64554d11b75d70e3f434e7ef', 'Donor 👏');

INSERT OR IGNORE INTO user (id, email, email_verified, hashed_password, name, first_name, last_name, wix_member_id, blocked, role, created_at) VALUES ('99de6dfd674a4742b8f204c72233095b', 'joleigh.hayes@gmail.com', 1, '', '', '', '', NULL, 0, 'member', '2025-04-17 00:19');

INSERT OR IGNORE INTO user (id, email, email_verified, hashed_password, name, first_name, last_name, wix_member_id, blocked, role, created_at) VALUES ('2f60a6fd0ec544bdb15c84e74f3b1a57', 'meganmcm10@gmail.com', 1, '', 'Megan Wolf', 'Megan', 'Wolf', NULL, 0, 'member', '2025-04-09 19:49');

INSERT OR IGNORE INTO user (id, email, email_verified, hashed_password, name, first_name, last_name, wix_member_id, blocked, role, created_at) VALUES ('c59590b36217423fad9691db3671076f', 'alimie.sal@gmail.com', 1, '', 'Alimie Medvetsky', 'Alimie', 'Medvetsky', NULL, 0, 'member', '2025-04-12 20:29');

INSERT OR IGNORE INTO user (id, email, email_verified, hashed_password, name, first_name, last_name, wix_member_id, blocked, role, created_at) VALUES ('b203902ab1f34e03b8187fcaedeacb32', 'jadanmirna@gmail.com', 1, '', '', '', '', NULL, 0, 'member', '2025-04-11 16:59');

INSERT OR IGNORE INTO user (id, email, email_verified, hashed_password, name, first_name, last_name, wix_member_id, blocked, role, created_at) VALUES ('6c3c59e4d5e44e23ad27f6130d4954ae', 'carliharford@gmail.com', 1, '', 'Carli Harford', 'Carli', 'Harford', NULL, 0, 'member', '2025-04-17 06:30');

INSERT OR IGNORE INTO user (id, email, email_verified, hashed_password, name, first_name, last_name, wix_member_id, blocked, role, created_at) VALUES ('cf572c1800fc41bcbf8c3a5a4022ecdb', 'sarahhudge@gmail.com', 1, '', 'Sarah Hudgens', 'Sarah', 'Hudgens', NULL, 0, 'member', '2025-04-17 11:58');

INSERT OR IGNORE INTO user (id, email, email_verified, hashed_password, name, first_name, last_name, wix_member_id, blocked, role, created_at) VALUES ('155f9fad69854bdb976a8622252df568', 'emappel8@hotmail.com', 1, '', '', '', '', NULL, 0, 'member', '2025-04-17 00:08');

INSERT OR IGNORE INTO user (id, email, email_verified, hashed_password, name, first_name, last_name, wix_member_id, blocked, role, created_at) VALUES ('94a8c840347540e48a2dbabe73a0e93b', 'sarahsmithyx@gmail.com', 1, '', '', '', '', NULL, 0, 'member', '2025-04-17 06:49');

INSERT OR IGNORE INTO user (id, email, email_verified, hashed_password, name, first_name, last_name, wix_member_id, blocked, role, created_at) VALUES ('18a6b92d665c485ca2a34abfcc6ab32c', 'breannasmithdc@gmail.com', 1, '', '', '', '', NULL, 0, 'member', '2025-04-14 14:04');
INSERT OR IGNORE INTO user_label (user_id, label) VALUES ('18a6b92d665c485ca2a34abfcc6ab32c', 'RRM Academy Members Group member');

INSERT OR IGNORE INTO user (id, email, email_verified, hashed_password, name, first_name, last_name, wix_member_id, blocked, role, created_at) VALUES ('bce24008b9b441ef8e203e22374ce47f', 'mariasilvachamat@gmail.com', 1, '', '', '', '', NULL, 0, 'member', '2025-04-17 01:29');

INSERT OR IGNORE INTO user (id, email, email_verified, hashed_password, name, first_name, last_name, wix_member_id, blocked, role, created_at) VALUES ('d3a8fd88f6c14436974c4673e5067811', 'liana.tangredi@hotmail.com', 1, '', '', '', '', NULL, 0, 'member', '2025-04-17 01:15');

INSERT OR IGNORE INTO user (id, email, email_verified, hashed_password, name, first_name, last_name, wix_member_id, blocked, role, created_at) VALUES ('9e40c4f1101549c89b29a3d05ca8a7da', 'kaylynnharvey@gmail.com', 1, '', '', '', '', NULL, 0, 'member', '2025-04-16 23:44');

INSERT OR IGNORE INTO user (id, email, email_verified, hashed_password, name, first_name, last_name, wix_member_id, blocked, role, created_at) VALUES ('6b9fd696216e4e2883373261fffaf380', 'emilymileschestnut@gmail.com', 1, '', 'Emily Chestnut', 'Emily', 'Chestnut', NULL, 0, 'member', '2025-04-17 00:38');

INSERT OR IGNORE INTO user (id, email, email_verified, hashed_password, name, first_name, last_name, wix_member_id, blocked, role, created_at) VALUES ('b6b4519f5a4f4b4ea611afcff69f1952', 'graceycaraan28@gmail.com', 1, '', 'Gracey Caraan', 'Gracey', 'Caraan', NULL, 0, 'member', '2025-04-25 12:33');

INSERT OR IGNORE INTO user (id, email, email_verified, hashed_password, name, first_name, last_name, wix_member_id, blocked, role, created_at) VALUES ('2c4fb5af71464a3686dd42cde400dba8', 'sglen01@gmail.com', 1, '', '', '', '', NULL, 0, 'member', '2025-04-19 14:17');

INSERT OR IGNORE INTO user (id, email, email_verified, hashed_password, name, first_name, last_name, wix_member_id, blocked, role, created_at) VALUES ('de6d234e55824c0d9c3197507a49c743', 'elianamc823@gmail.com', 1, '', 'Eliana Reckner', 'Eliana', 'Reckner', NULL, 0, 'member', '2025-04-19 11:45');

INSERT OR IGNORE INTO user (id, email, email_verified, hashed_password, name, first_name, last_name, wix_member_id, blocked, role, created_at) VALUES ('973b1c9e53ae47be9aca78c94a31130b', 'cgroves2469@gmail.com', 1, '', '', '', '', NULL, 0, 'member', '2025-04-29 13:48');

INSERT OR IGNORE INTO user (id, email, email_verified, hashed_password, name, first_name, last_name, wix_member_id, blocked, role, created_at) VALUES ('fbda97cb87324fea8b8c0eb295737c58', 'marybethoweinstein@gmail.com', 1, '', '', '', '', NULL, 0, 'member', '2025-04-24 14:18');

INSERT OR IGNORE INTO user (id, email, email_verified, hashed_password, name, first_name, last_name, wix_member_id, blocked, role, created_at) VALUES ('79d0fe5afec846759df07ac4a639b00d', 'racheldrozdowicz@gmail.com', 1, '', '', '', '', NULL, 0, 'member', '2025-04-28 19:04');

INSERT OR IGNORE INTO user (id, email, email_verified, hashed_password, name, first_name, last_name, wix_member_id, blocked, role, created_at) VALUES ('ac56ffeab8ad4b12915252e01b8089d2', 'brireeves24@gmail.com', 1, '', '', '', '', NULL, 0, 'member', '2025-04-29 13:11');

INSERT OR IGNORE INTO user (id, email, email_verified, hashed_password, name, first_name, last_name, wix_member_id, blocked, role, created_at) VALUES ('b1b1f1335e6d4a149628959e4d3891b2', 'emunah.garmaise@yale.edu', 1, '', 'Emunah Garmaise', 'Emunah', 'Garmaise', NULL, 0, 'member', '2025-04-27 07:02');

INSERT OR IGNORE INTO user (id, email, email_verified, hashed_password, name, first_name, last_name, wix_member_id, blocked, role, created_at) VALUES ('4d571b4f5361437fac07c5b654053748', 'sarahofbernal@gmail.com', 1, '', '', '', '', NULL, 0, 'member', '2025-04-30 03:53');

INSERT OR IGNORE INTO user (id, email, email_verified, hashed_password, name, first_name, last_name, wix_member_id, blocked, role, created_at) VALUES ('dda9280c1efe4fcd993878dff25c147a', 'rebekahervin1402@gmail.com', 1, '', '', '', '', NULL, 0, 'member', '2025-04-28 14:08');

INSERT OR IGNORE INTO user (id, email, email_verified, hashed_password, name, first_name, last_name, wix_member_id, blocked, role, created_at) VALUES ('0f7ae6222de146da816f5cffa4f3c3fd', 'maitane.mvfv@gmail.com', 1, '', 'Maitane MV', 'Maitane', 'MV', NULL, 0, 'member', '2025-04-24 11:02');

INSERT OR IGNORE INTO user (id, email, email_verified, hashed_password, name, first_name, last_name, wix_member_id, blocked, role, created_at) VALUES ('d945f75feb9843409c6cd79e1a141806', 'farrytalefamily@gmail.com', 1, '', 'Rose', 'Rose', '', NULL, 0, 'member', '2025-04-17 22:07');
INSERT OR IGNORE INTO user_label (user_id, label) VALUES ('d945f75feb9843409c6cd79e1a141806', 'Masterclass in Endometriosis and Surgery');
INSERT OR IGNORE INTO user_label (user_id, label) VALUES ('d945f75feb9843409c6cd79e1a141806', 'Masterclass Members Group member');
INSERT OR IGNORE INTO user_label (user_id, label) VALUES ('d945f75feb9843409c6cd79e1a141806', 'RRM Academy Members Group member');
INSERT OR IGNORE INTO user_label (user_id, label) VALUES ('d945f75feb9843409c6cd79e1a141806', 'Endo Surgeon Workbook 🏷️');
INSERT OR IGNORE INTO enrollment (id, user_id, course_id, enrolled_at) VALUES ('bb3053806971478da476289cea6e72b8', 'd945f75feb9843409c6cd79e1a141806', 'masterclass-endo-surgery', '2025-04-17 22:07');

INSERT OR IGNORE INTO user (id, email, email_verified, hashed_password, name, first_name, last_name, wix_member_id, blocked, role, created_at) VALUES ('1b81851b959b4348a661aee7a68718ee', 'dorpersrock2@gmail.com', 1, '', 'Lindsey Beaver', 'Lindsey', 'Beaver', NULL, 0, 'member', '2025-04-28 22:17');

INSERT OR IGNORE INTO user (id, email, email_verified, hashed_password, name, first_name, last_name, wix_member_id, blocked, role, created_at) VALUES ('c2c681160ee840059f9dbdfac64fcb29', 'sarahbecker98@gmail.com', 1, '', '', '', '', NULL, 0, 'member', '2025-04-22 13:52');

INSERT OR IGNORE INTO user (id, email, email_verified, hashed_password, name, first_name, last_name, wix_member_id, blocked, role, created_at) VALUES ('ab01259b969f4ffbbbfc38af74a6b4e5', 'madisonnv1114@gmail.com', 1, '', 'Madison Vanover', 'Madison', 'Vanover', NULL, 0, 'member', '2025-04-18 19:44');

INSERT OR IGNORE INTO user (id, email, email_verified, hashed_password, name, first_name, last_name, wix_member_id, blocked, role, created_at) VALUES ('576175c6d28e42edaa7dacab31302a78', 'mpholisticwellness@gmail.com', 1, '', 'Michaela Potter', 'Michaela', 'Potter', NULL, 0, 'member', '2025-04-28 20:08');

INSERT OR IGNORE INTO user (id, email, email_verified, hashed_password, name, first_name, last_name, wix_member_id, blocked, role, created_at) VALUES ('7d5c0fc9490e48ddb82296a623bb1421', 'meredith.thornton@student.indwes.edu', 1, '', 'Meredith Kowalke', 'Meredith', 'Kowalke', NULL, 0, 'member', '2025-04-24 03:47');

INSERT OR IGNORE INTO user (id, email, email_verified, hashed_password, name, first_name, last_name, wix_member_id, blocked, role, created_at) VALUES ('5c09499c3d6649b7a86b9c8dbc05ff76', 'kkmn123@gmail.com', 1, '', '', '', '', NULL, 0, 'member', '2025-04-28 16:23');

INSERT OR IGNORE INTO user (id, email, email_verified, hashed_password, name, first_name, last_name, wix_member_id, blocked, role, created_at) VALUES ('51c566b57c694c308dd285cbf07284f9', 'meredithk1988@gmail.com', 1, '', '', '', '', NULL, 0, 'member', '2025-04-24 03:48');

INSERT OR IGNORE INTO user (id, email, email_verified, hashed_password, name, first_name, last_name, wix_member_id, blocked, role, created_at) VALUES ('71a2855da4134e54ba785575194d1ec1', 'aa515dk@gmail.com', 1, '', 'ashley alexander', 'ashley', 'alexander', NULL, 0, 'member', '2025-04-24 13:56');

INSERT OR IGNORE INTO user (id, email, email_verified, hashed_password, name, first_name, last_name, wix_member_id, blocked, role, created_at) VALUES ('55237d6a036d40579dd8a8092314fd5a', 'rebecca.hallpt@gmail.com', 1, '', '', '', '', NULL, 0, 'member', '2025-04-28 06:28');

INSERT OR IGNORE INTO user (id, email, email_verified, hashed_password, name, first_name, last_name, wix_member_id, blocked, role, created_at) VALUES ('9464f3444f8c4ac39166c3acea48003b', 'emily.maskell@yahoo.com', 1, '', '', '', '', NULL, 0, 'member', '2025-04-24 14:08');

INSERT OR IGNORE INTO user (id, email, email_verified, hashed_password, name, first_name, last_name, wix_member_id, blocked, role, created_at) VALUES ('2bd69d8a6dda4360be070be9077faf3f', 'nasheyroo@gmail.com', 1, '', 'lexi coke', 'lexi', 'coke', NULL, 0, 'member', '2025-04-20 23:58');

INSERT OR IGNORE INTO user (id, email, email_verified, hashed_password, name, first_name, last_name, wix_member_id, blocked, role, created_at) VALUES ('112c56305e1d4db0a16c6ebda937bf00', 'lschuerr@gmail.com', 1, '', 'Leinin Schuerr', 'Leinin', 'Schuerr', NULL, 0, 'member', '2025-04-19 03:52');

INSERT OR IGNORE INTO user (id, email, email_verified, hashed_password, name, first_name, last_name, wix_member_id, blocked, role, created_at) VALUES ('375afb2d769d48a8a2377f604c38ba68', 'amh2108@aol.com', 1, '', '', '', '', NULL, 0, 'member', '2025-04-22 01:37');

INSERT OR IGNORE INTO user (id, email, email_verified, hashed_password, name, first_name, last_name, wix_member_id, blocked, role, created_at) VALUES ('cea62b5032f1442081e9d9ff53dd986c', 'avivalipkowitz@gmail.com', 1, '', 'Aviva Lipkowitz', 'Aviva', 'Lipkowitz', NULL, 0, 'member', '2025-04-27 03:00');

INSERT OR IGNORE INTO user (id, email, email_verified, hashed_password, name, first_name, last_name, wix_member_id, blocked, role, created_at) VALUES ('dd818f75756c47259a6159922ff7d9e9', 'maynalea@gmail.com', 1, '', '', '', '', NULL, 0, 'member', '2025-04-24 13:46');

INSERT OR IGNORE INTO user (id, email, email_verified, hashed_password, name, first_name, last_name, wix_member_id, blocked, role, created_at) VALUES ('b0e3336d53df443ab48c835dc627c6c3', 'erika@mamasacupuncture.com', 1, '', 'Erika at Mama’s Acupuncture', 'Erika at', 'Mama’s Acupuncture', NULL, 0, 'member', '2025-04-21 15:04');
INSERT OR IGNORE INTO user_label (user_id, label) VALUES ('b0e3336d53df443ab48c835dc627c6c3', 'RRM Academy Members Group member');

INSERT OR IGNORE INTO user (id, email, email_verified, hashed_password, name, first_name, last_name, wix_member_id, blocked, role, created_at) VALUES ('8929daf738dc4e45a88592ccf76c9a1d', 'amans.d6@gmail.com', 1, '', 'Amance Deray', 'Amance', 'Deray', NULL, 0, 'member', '2025-04-22 14:14');

INSERT OR IGNORE INTO user (id, email, email_verified, hashed_password, name, first_name, last_name, wix_member_id, blocked, role, created_at) VALUES ('17f939c8d1b8478c8c541ae2c6c600a2', 'emhall513@gmail.com', 1, '', '', '', '', NULL, 0, 'member', '2025-04-24 00:48');

INSERT OR IGNORE INTO user (id, email, email_verified, hashed_password, name, first_name, last_name, wix_member_id, blocked, role, created_at) VALUES ('a48c24b63bef4280aba373ca9ec59363', 'soccersweety1114@aol.com', 1, '', 'Katie Maloney', 'Katie', 'Maloney', NULL, 0, 'member', '2025-04-28 23:53');

INSERT OR IGNORE INTO user (id, email, email_verified, hashed_password, name, first_name, last_name, wix_member_id, blocked, role, created_at) VALUES ('9ec60aa2dd73492aab2659a7609d10dc', 'mimo211007@gmail.com', 1, '', '', '', '', NULL, 0, 'member', '2025-04-22 18:03');

INSERT OR IGNORE INTO user (id, email, email_verified, hashed_password, name, first_name, last_name, wix_member_id, blocked, role, created_at) VALUES ('4978081a665c423586e4a2c255d49c58', 'soniasulo1984@gmail.com', 1, '', '', '', '', NULL, 0, 'member', '2025-04-24 09:02');

INSERT OR IGNORE INTO user (id, email, email_verified, hashed_password, name, first_name, last_name, wix_member_id, blocked, role, created_at) VALUES ('7860f12c18b14af09c8c264dcb9122c8', 'stephanie_forgione@hotmail.com', 1, '', '', '', '', NULL, 0, 'member', '2025-04-28 14:19');

INSERT OR IGNORE INTO user (id, email, email_verified, hashed_password, name, first_name, last_name, wix_member_id, blocked, role, created_at) VALUES ('3fd2456a78e44ce285d6275df9f5cd50', 'fragenoni@gmail.com', 1, '', 'Francesca Genoni', 'Francesca', 'Genoni', NULL, 0, 'member', '2025-04-22 15:26');

INSERT OR IGNORE INTO user (id, email, email_verified, hashed_password, name, first_name, last_name, wix_member_id, blocked, role, created_at) VALUES ('28b5425a2c0548858b900e42ff1e2ac1', 'kaitlyn.braulick@gmail.com', 1, '', 'Kaitlyn Braulick', 'Kaitlyn', 'Braulick', NULL, 0, 'member', '2025-04-21 22:09');

INSERT OR IGNORE INTO user (id, email, email_verified, hashed_password, name, first_name, last_name, wix_member_id, blocked, role, created_at) VALUES ('cc1731af995941a5a16064cf86b311b6', 'emma_atherton@outlook.com', 1, '', '', '', '', NULL, 0, 'member', '2025-04-17 22:07');

INSERT OR IGNORE INTO user (id, email, email_verified, hashed_password, name, first_name, last_name, wix_member_id, blocked, role, created_at) VALUES ('ab3cca3d4037447f99526a55d1a5f02c', 'jessica-jess@hotmail.com', 1, '', '', '', '', NULL, 0, 'member', '2025-04-24 13:38');

INSERT OR IGNORE INTO user (id, email, email_verified, hashed_password, name, first_name, last_name, wix_member_id, blocked, role, created_at) VALUES ('6e34164b8ee542bc8459fe4001d30340', 'molly.dejka@gmail.com', 1, '', '', '', '', NULL, 0, 'member', '2025-04-22 18:24');

INSERT OR IGNORE INTO user (id, email, email_verified, hashed_password, name, first_name, last_name, wix_member_id, blocked, role, created_at) VALUES ('f7bd6c061f5844f5af6028cf912963ae', 'joellesull@gmail.com', 1, '', 'Joelle Sullivan', 'Joelle', 'Sullivan', NULL, 0, 'member', '2025-04-22 23:14');

INSERT OR IGNORE INTO user (id, email, email_verified, hashed_password, name, first_name, last_name, wix_member_id, blocked, role, created_at) VALUES ('395db8d388284940888f79d77b67ba8a', 'shelby_mihalco678@ymail.com', 1, '', '', '', '', NULL, 0, 'member', '2025-04-20 16:13');

INSERT OR IGNORE INTO user (id, email, email_verified, hashed_password, name, first_name, last_name, wix_member_id, blocked, role, created_at) VALUES ('e00ddc12a8f94c309ed32bb3a4e86f08', 'rsbbrown3@gmail.com', 1, '', 'becca brown', 'becca', 'brown', NULL, 0, 'member', '2025-04-25 10:55');

INSERT OR IGNORE INTO user (id, email, email_verified, hashed_password, name, first_name, last_name, wix_member_id, blocked, role, created_at) VALUES ('d499e2778f8d49309890b12872c4c712', 'somervilleeerin@gmail.com', 1, '', '', '', '', NULL, 0, 'member', '2025-05-01 15:18');

INSERT OR IGNORE INTO user (id, email, email_verified, hashed_password, name, first_name, last_name, wix_member_id, blocked, role, created_at) VALUES ('34326b8fd84c49da87df93e271916b85', 'chelseajbraun0@gmail.com', 1, '', '', '', '', NULL, 0, 'member', '2025-04-28 21:03');

INSERT OR IGNORE INTO user (id, email, email_verified, hashed_password, name, first_name, last_name, wix_member_id, blocked, role, created_at) VALUES ('97b0a04d48204a1b80769b47ca76e07b', 'makeupbykellianne@gmail.com', 1, '', '', '', '', NULL, 0, 'member', '2025-04-22 02:07');

INSERT OR IGNORE INTO user (id, email, email_verified, hashed_password, name, first_name, last_name, wix_member_id, blocked, role, created_at) VALUES ('6f44303ed405447aac26e2df6da36444', 'lawrenhonken@gmail.com', 1, '', '', '', '', NULL, 0, 'member', '2025-04-28 19:21');
INSERT OR IGNORE INTO user_label (user_id, label) VALUES ('6f44303ed405447aac26e2df6da36444', 'RRM Academy Members Group member');

INSERT OR IGNORE INTO user (id, email, email_verified, hashed_password, name, first_name, last_name, wix_member_id, blocked, role, created_at) VALUES ('85b5fb4770c34c8781bbc5c700f62166', 'jess_o_connell@hotmail.com', 1, '', '', '', '', NULL, 0, 'member', '2025-04-24 11:55');

INSERT OR IGNORE INTO user (id, email, email_verified, hashed_password, name, first_name, last_name, wix_member_id, blocked, role, created_at) VALUES ('4708bafa145e469cbda05de383dde2f0', 'sarah.aileen@hotmail.com', 1, '', '', '', '', NULL, 0, 'member', '2025-04-22 16:46');

INSERT OR IGNORE INTO user (id, email, email_verified, hashed_password, name, first_name, last_name, wix_member_id, blocked, role, created_at) VALUES ('60544d8b2e6746158b31c2e8e8e70f9c', 'kkniess16@gmail.com', 1, '', '', '', '', NULL, 0, 'member', '2025-04-29 01:25');

INSERT OR IGNORE INTO user (id, email, email_verified, hashed_password, name, first_name, last_name, wix_member_id, blocked, role, created_at) VALUES ('049e6ab3a72f4768aa55048df8f23c6c', 'emword617@gmail.com', 1, '', '', '', '', NULL, 0, 'member', '2025-04-29 03:36');

INSERT OR IGNORE INTO user (id, email, email_verified, hashed_password, name, first_name, last_name, wix_member_id, blocked, role, created_at) VALUES ('fd3e7c2e23e84536abdc7925227c38e1', 'rlyter3@gmail.com', 1, '', 'R Lyter', 'R', 'Lyter', NULL, 0, 'member', '2025-04-17 20:50');
INSERT OR IGNORE INTO user_label (user_id, label) VALUES ('fd3e7c2e23e84536abdc7925227c38e1', 'RRM Academy Members Group member');

INSERT OR IGNORE INTO user (id, email, email_verified, hashed_password, name, first_name, last_name, wix_member_id, blocked, role, created_at) VALUES ('db195ff6146f4587aa19e3628a343c77', 'delizzy1127@gmail.com', 1, '', '', '', '', NULL, 0, 'member', '2025-04-29 15:04');

INSERT OR IGNORE INTO user (id, email, email_verified, hashed_password, name, first_name, last_name, wix_member_id, blocked, role, created_at) VALUES ('62053d6c8e924aec87b23091c37aecd6', 'brookenicoleriley@yahoo.com', 1, '', '', '', '', NULL, 0, 'member', '2025-04-17 21:44');

INSERT OR IGNORE INTO user (id, email, email_verified, hashed_password, name, first_name, last_name, wix_member_id, blocked, role, created_at) VALUES ('6e8d6e06487e4794a2782f410651b138', 'maddiejohannes@outlook.com', 1, '', 'Maddie Schueller', 'Maddie', 'Schueller', NULL, 0, 'member', '2025-04-26 12:03');

INSERT OR IGNORE INTO user (id, email, email_verified, hashed_password, name, first_name, last_name, wix_member_id, blocked, role, created_at) VALUES ('d9eac659bde249f2a22c9588c966b85e', 'maryschmitt26@gmail.com', 1, '', '', '', '', NULL, 0, 'member', '2025-04-22 01:50');

INSERT OR IGNORE INTO user (id, email, email_verified, hashed_password, name, first_name, last_name, wix_member_id, blocked, role, created_at) VALUES ('539c7ca0e6bf4e69b5181ecc4cacd91e', 'monkeymadelyn@yahoo.com', 1, '', '', '', '', NULL, 0, 'member', '2025-04-24 18:28');

INSERT OR IGNORE INTO user (id, email, email_verified, hashed_password, name, first_name, last_name, wix_member_id, blocked, role, created_at) VALUES ('6d211d023f6c453bad05eaeda94b8ff8', 'ciararyan98@hotmail.com', 1, '', '', '', '', NULL, 0, 'member', '2025-05-01 01:06');

INSERT OR IGNORE INTO user (id, email, email_verified, hashed_password, name, first_name, last_name, wix_member_id, blocked, role, created_at) VALUES ('70ecb6b726d44ed094e1bfe549971044', 'amore191228@gmail.com', 1, '', 'Lyca C', 'Lyca', 'C', NULL, 0, 'member', '2025-04-28 23:10');

INSERT OR IGNORE INTO user (id, email, email_verified, hashed_password, name, first_name, last_name, wix_member_id, blocked, role, created_at) VALUES ('5e7fb2ef8b1648f3b1df568c7376dce8', 'laura.mueller@my.wheaton.edu', 1, '', '', '', '', NULL, 0, 'member', '2025-04-22 01:40');

INSERT OR IGNORE INTO user (id, email, email_verified, hashed_password, name, first_name, last_name, wix_member_id, blocked, role, created_at) VALUES ('94764c68e2454462a54e44de8ab4b95f', 'tercenoangelicaann@gmail.com', 1, '', '', '', '', NULL, 0, 'member', '2025-04-27 07:06');

INSERT OR IGNORE INTO user (id, email, email_verified, hashed_password, name, first_name, last_name, wix_member_id, blocked, role, created_at) VALUES ('59045c4f21f34d208de7ca4c13bd4af4', 'hayleystewart039@gmail.com', 1, '', 'Hayley Stewart', 'Hayley', 'Stewart', NULL, 0, 'member', '2025-04-28 01:18');

INSERT OR IGNORE INTO user (id, email, email_verified, hashed_password, name, first_name, last_name, wix_member_id, blocked, role, created_at) VALUES ('1bb7a4d782b947f2b95fe84e919908f5', 'sarahidenny@gmail.com', 1, '', 'Sarah Denny', 'Sarah', 'Denny', NULL, 0, 'member', '2025-04-30 12:29');

INSERT OR IGNORE INTO user (id, email, email_verified, hashed_password, name, first_name, last_name, wix_member_id, blocked, role, created_at) VALUES ('9d94fb8e6eed401180ed0bd1e248a250', 'brodgers@carthage.edu', 1, '', 'Brigid Harris', 'Brigid', 'Harris', NULL, 0, 'member', '2025-04-26 04:25');

INSERT OR IGNORE INTO user (id, email, email_verified, hashed_password, name, first_name, last_name, wix_member_id, blocked, role, created_at) VALUES ('086c03a20edb44aca15f38698eddaea6', 'mariamckeating94@gmail.com', 1, '', 'Maria Mckeating', 'Maria', 'Mckeating', NULL, 0, 'member', '2025-04-30 00:48');

INSERT OR IGNORE INTO user (id, email, email_verified, hashed_password, name, first_name, last_name, wix_member_id, blocked, role, created_at) VALUES ('bd5183f26872495a98bf6953d9c1b535', 'ella.moscinski@gmail.com', 1, '', 'Ella Moscinski', 'Ella', 'Moscinski', NULL, 0, 'member', '2025-04-29 15:56');

INSERT OR IGNORE INTO user (id, email, email_verified, hashed_password, name, first_name, last_name, wix_member_id, blocked, role, created_at) VALUES ('75dba125e6294621b4299d1e24f19aa6', 'caferioporkburrito@gmail.com', 1, '', 'Emily', 'Emily', '', NULL, 0, 'member', '2025-04-24 22:21');

INSERT OR IGNORE INTO user (id, email, email_verified, hashed_password, name, first_name, last_name, wix_member_id, blocked, role, created_at) VALUES ('4f85c9dee9b141cfaf3209a9dd3f8ce1', 'sarajd521@yahoo.com', 1, '', '', '', '', NULL, 0, 'member', '2025-04-21 21:20');

INSERT OR IGNORE INTO user (id, email, email_verified, hashed_password, name, first_name, last_name, wix_member_id, blocked, role, created_at) VALUES ('eef197f73f1843b9bad26a2e09368d8f', 'eatrimber@gmail.com', 1, '', '', '', '', NULL, 0, 'member', '2025-04-30 13:29');

INSERT OR IGNORE INTO user (id, email, email_verified, hashed_password, name, first_name, last_name, wix_member_id, blocked, role, created_at) VALUES ('625745d56d5a423aab79c6a2395713f8', 'sammyriehs@gmail.com', 1, '', 'Sam Riehs', 'Sam', 'Riehs', NULL, 0, 'member', '2025-04-26 01:18');

INSERT OR IGNORE INTO user (id, email, email_verified, hashed_password, name, first_name, last_name, wix_member_id, blocked, role, created_at) VALUES ('397723c641ef48d0a8ddc3e755c2d752', 'emmacecille617@gmail.com', 1, '', 'Emma Worden', 'Emma', 'Worden', NULL, 0, 'member', '2025-04-29 13:59');
INSERT OR IGNORE INTO user_label (user_id, label) VALUES ('397723c641ef48d0a8ddc3e755c2d752', 'RRM Academy Members Group member');

INSERT OR IGNORE INTO user (id, email, email_verified, hashed_password, name, first_name, last_name, wix_member_id, blocked, role, created_at) VALUES ('1102fbaa48c0450595bde2ba1859e118', 'fordgurl92@gmail.com', 1, '', '', '', '', NULL, 0, 'member', '2025-04-24 13:33');

INSERT OR IGNORE INTO user (id, email, email_verified, hashed_password, name, first_name, last_name, wix_member_id, blocked, role, created_at) VALUES ('c97d607e4d7b4fa682f15cfd6df22a9f', 'smithohana15@gmail.com', 1, '', '', '', '', NULL, 0, 'member', '2025-04-22 03:59');

INSERT OR IGNORE INTO user (id, email, email_verified, hashed_password, name, first_name, last_name, wix_member_id, blocked, role, created_at) VALUES ('8b2ca59c519943acae9a2b09f70bfc20', 'amyhurley111@gmail.com', 1, '', '', '', '', NULL, 0, 'member', '2025-04-17 21:16');

INSERT OR IGNORE INTO user (id, email, email_verified, hashed_password, name, first_name, last_name, wix_member_id, blocked, role, created_at) VALUES ('aef80136de97498cad937397a1d932bf', 'czygmunt@gmail.com', 1, '', '', '', '', NULL, 0, 'member', '2025-04-28 00:02');

INSERT OR IGNORE INTO user (id, email, email_verified, hashed_password, name, first_name, last_name, wix_member_id, blocked, role, created_at) VALUES ('ec59b79f3c1749c5b07d7c9cdd78b83c', 'jennifermtruitt@gmail.com', 1, '', '', '', '', NULL, 0, 'member', '2025-04-28 12:56');

INSERT OR IGNORE INTO user (id, email, email_verified, hashed_password, name, first_name, last_name, wix_member_id, blocked, role, created_at) VALUES ('98d0a224e8ae4dff87e75e2897de39de', 'kjkohlmann@gmail.com', 1, '', '', '', '', NULL, 0, 'member', '2025-04-28 14:35');

INSERT OR IGNORE INTO user (id, email, email_verified, hashed_password, name, first_name, last_name, wix_member_id, blocked, role, created_at) VALUES ('78d1c5e312f949839816005c065d789d', 'stella94627@gmail.com', 1, '', '', '', '', NULL, 0, 'member', '2025-04-25 18:16');

INSERT OR IGNORE INTO user (id, email, email_verified, hashed_password, name, first_name, last_name, wix_member_id, blocked, role, created_at) VALUES ('c0aae6d4b8934c2a8da78d395704b9f6', 'lsd1216@hotmail.com', 1, '', '', '', '', NULL, 0, 'member', '2025-04-24 12:22');

INSERT OR IGNORE INTO user (id, email, email_verified, hashed_password, name, first_name, last_name, wix_member_id, blocked, role, created_at) VALUES ('a6ba1dc5498a4eb1994272e9e5027f1d', 'leahychris26@gmail.com', 1, '', '', '', '', NULL, 0, 'member', '2025-04-22 18:40');

INSERT OR IGNORE INTO user (id, email, email_verified, hashed_password, name, first_name, last_name, wix_member_id, blocked, role, created_at) VALUES ('2964aee3346b478a9610379ab17d1601', 'hooveranna71@gmail.com', 1, '', '', '', '', NULL, 0, 'member', '2025-04-22 10:51');

INSERT OR IGNORE INTO user (id, email, email_verified, hashed_password, name, first_name, last_name, wix_member_id, blocked, role, created_at) VALUES ('5f6e9cbfada5433b8b27bb4a8e2764fc', 'sarakobayter@gmail.com', 1, '', '', '', '', NULL, 0, 'member', '2025-04-26 14:51');

INSERT OR IGNORE INTO user (id, email, email_verified, hashed_password, name, first_name, last_name, wix_member_id, blocked, role, created_at) VALUES ('a44412912d6f4d99a94491d563a2ee90', 'elenaclimov@gmail.com', 1, '', '', '', '', NULL, 0, 'member', '2025-05-01 03:04');
INSERT OR IGNORE INTO user_label (user_id, label) VALUES ('a44412912d6f4d99a94491d563a2ee90', 'RRM Academy Members Group member');
INSERT OR IGNORE INTO user_label (user_id, label) VALUES ('a44412912d6f4d99a94491d563a2ee90', 'Customers');
INSERT OR IGNORE INTO user_label (user_id, label) VALUES ('a44412912d6f4d99a94491d563a2ee90', 'Save the Uterus Club 🏷️');
INSERT OR IGNORE INTO user_label (user_id, label) VALUES ('a44412912d6f4d99a94491d563a2ee90', 'Save the Uterus Club Group member');
INSERT OR IGNORE INTO user_label (user_id, label) VALUES ('a44412912d6f4d99a94491d563a2ee90', 'Uterus Member 🐻');
INSERT OR IGNORE INTO user_label (user_id, label) VALUES ('a44412912d6f4d99a94491d563a2ee90', 'Donor 👏');

INSERT OR IGNORE INTO user (id, email, email_verified, hashed_password, name, first_name, last_name, wix_member_id, blocked, role, created_at) VALUES ('348721fbb8b34a35979a0751269aea49', 'bridgetkdolan@gmail.com', 1, '', 'Bridget Wozniak', 'Bridget', 'Wozniak', NULL, 0, 'member', '2025-04-30 21:00');

INSERT OR IGNORE INTO user (id, email, email_verified, hashed_password, name, first_name, last_name, wix_member_id, blocked, role, created_at) VALUES ('1a6b60944f294262ba08f68b37c235bb', 'aziza.malaoui52@gmail.com', 1, '', '', '', '', NULL, 0, 'member', '2025-04-28 21:17');

INSERT OR IGNORE INTO user (id, email, email_verified, hashed_password, name, first_name, last_name, wix_member_id, blocked, role, created_at) VALUES ('94337092b3394a9eaf3c6be1ae6396cb', 'katina.kourpas@gmail.com', 1, '', '', '', '', NULL, 0, 'member', '2025-04-29 02:59');

INSERT OR IGNORE INTO user (id, email, email_verified, hashed_password, name, first_name, last_name, wix_member_id, blocked, role, created_at) VALUES ('cb67831ac48045978a9f335f79ccbe38', 'mrs.sarahtmoore@gmail.com', 1, '', '', '', '', NULL, 0, 'member', '2025-04-26 05:55');

INSERT OR IGNORE INTO user (id, email, email_verified, hashed_password, name, first_name, last_name, wix_member_id, blocked, role, created_at) VALUES ('cdda19adee42411cb02e88b0ce550a53', 'cordy.phillips@yahoo.com', 1, '', 'Cordelia Phillips', 'Cordelia', 'Phillips', NULL, 0, 'member', '2025-04-19 03:27');

INSERT OR IGNORE INTO user (id, email, email_verified, hashed_password, name, first_name, last_name, wix_member_id, blocked, role, created_at) VALUES ('6509d8f2a29948c3892ad861ec8f0db9', 'eduncan4712@gmail.com', 1, '', '', '', '', NULL, 0, 'member', '2025-04-22 02:04');

INSERT OR IGNORE INTO user (id, email, email_verified, hashed_password, name, first_name, last_name, wix_member_id, blocked, role, created_at) VALUES ('3142444beec54a38a30ef7f52026e1bf', 'keilaarroyo@yahoo.com', 1, '', '', '', '', NULL, 0, 'member', '2025-04-28 13:35');

INSERT OR IGNORE INTO user (id, email, email_verified, hashed_password, name, first_name, last_name, wix_member_id, blocked, role, created_at) VALUES ('902da0e597404d37b987c1b4e1a4a1e9', 'adielrichter@gmail.com', 1, '', 'Adiel Richter', 'Adiel', 'Richter', NULL, 0, 'member', '2025-04-22 05:35');

INSERT OR IGNORE INTO user (id, email, email_verified, hashed_password, name, first_name, last_name, wix_member_id, blocked, role, created_at) VALUES ('9298229389084f1f9662d58c24751b73', 'anamaria.amadorgil@gmail.com', 1, '', '', '', '', NULL, 0, 'member', '2025-04-17 21:43');

INSERT OR IGNORE INTO user (id, email, email_verified, hashed_password, name, first_name, last_name, wix_member_id, blocked, role, created_at) VALUES ('29e83f4916e442949b5e534052060e90', 'lfwinberg@gmail.com', 1, '', '', '', '', NULL, 0, 'member', '2025-04-18 00:23');

INSERT OR IGNORE INTO user (id, email, email_verified, hashed_password, name, first_name, last_name, wix_member_id, blocked, role, created_at) VALUES ('25dbb198b9f140cead9c3f6c11010749', 'madhensley221@gmail.com', 1, '', '', '', '', NULL, 0, 'member', '2025-04-23 21:45');

INSERT OR IGNORE INTO user (id, email, email_verified, hashed_password, name, first_name, last_name, wix_member_id, blocked, role, created_at) VALUES ('baab5debcbee4490b821a5a98f7526cf', 'twixpartner@gmail.com', 1, '', 'Thomas Wix partner', 'Thomas', 'Wix partner', NULL, 1, 'member', '2025-04-26 10:46');
INSERT OR IGNORE INTO user_label (user_id, label) VALUES ('baab5debcbee4490b821a5a98f7526cf', 'Spam 🛑');

INSERT OR IGNORE INTO user (id, email, email_verified, hashed_password, name, first_name, last_name, wix_member_id, blocked, role, created_at) VALUES ('1f00e15986ef4ac7bd57b451418695fa', 'rociopenarroja94@gmail.com', 1, '', 'Rocío Peñarroja Muñoz', 'Rocío', 'Peñarroja Muñoz', NULL, 0, 'member', '2025-04-24 10:54');

INSERT OR IGNORE INTO user (id, email, email_verified, hashed_password, name, first_name, last_name, wix_member_id, blocked, role, created_at) VALUES ('4e1514df1fbe427da6d278b21cc1ecdf', 'cordy.phillips1@gmail.com', 1, '', 'Cordelia Phillips', 'Cordelia', 'Phillips', NULL, 0, 'member', '2025-04-19 03:28');

INSERT OR IGNORE INTO user (id, email, email_verified, hashed_password, name, first_name, last_name, wix_member_id, blocked, role, created_at) VALUES ('eca4210394bd4228a062164972604f8c', 'shelbihayenga@gmail.com', 1, '', 'Shelbi Hayenga', 'Shelbi', 'Hayenga', NULL, 0, 'member', '2025-04-26 19:52');

INSERT OR IGNORE INTO user (id, email, email_verified, hashed_password, name, first_name, last_name, wix_member_id, blocked, role, created_at) VALUES ('fd0072aec9e848dd92e4f851dab587fd', 'mpreads8@gmail.com', 1, '', '', '', '', NULL, 0, 'member', '2025-04-21 20:40');

INSERT OR IGNORE INTO user (id, email, email_verified, hashed_password, name, first_name, last_name, wix_member_id, blocked, role, created_at) VALUES ('d6bb4d9c34a3461d80c69155e5da5e2c', 'jalinx3@aim.com', 1, '', '', '', '', NULL, 0, 'member', '2025-04-21 21:05');

INSERT OR IGNORE INTO user (id, email, email_verified, hashed_password, name, first_name, last_name, wix_member_id, blocked, role, created_at) VALUES ('17fcf2be5874471c94145426a143c163', 'lexirburt@gmail.com', 1, '', 'Lexi Burt', 'Lexi', 'Burt', NULL, 0, 'member', '2025-05-02 21:49');
INSERT OR IGNORE INTO user_label (user_id, label) VALUES ('17fcf2be5874471c94145426a143c163', 'RRM Academy Members Group member');

INSERT OR IGNORE INTO user (id, email, email_verified, hashed_password, name, first_name, last_name, wix_member_id, blocked, role, created_at) VALUES ('27735dcaf0e548009bc96bb52e8b5e54', 'mmcgavin04@gmail.com', 1, '', '', '', '', NULL, 0, 'member', '2025-05-02 21:04');

INSERT OR IGNORE INTO user (id, email, email_verified, hashed_password, name, first_name, last_name, wix_member_id, blocked, role, created_at) VALUES ('d60e30d899c5465a8bc59c796e719f68', 'annevayc@gmail.com', 1, '', '', '', '', NULL, 0, 'member', '2025-05-05 20:26');

INSERT OR IGNORE INTO user (id, email, email_verified, hashed_password, name, first_name, last_name, wix_member_id, blocked, role, created_at) VALUES ('3cae061392dc4a49b3a5bfc90d9a98d1', 'rebeccagracelynch@gmail.com', 1, '', 'Rebecca Lynch', 'Rebecca', 'Lynch', NULL, 0, 'member', '2025-05-04 02:18');

INSERT OR IGNORE INTO user (id, email, email_verified, hashed_password, name, first_name, last_name, wix_member_id, blocked, role, created_at) VALUES ('d78b896523b44cc086cac457ac1a4831', 'janinne92@live.ie', 1, '', '', '', '', NULL, 0, 'member', '2025-05-03 19:01');

INSERT OR IGNORE INTO user (id, email, email_verified, hashed_password, name, first_name, last_name, wix_member_id, blocked, role, created_at) VALUES ('d1bacf3e3d3b42e9aac3a70cb3d96939', 'jbogacz@bhsd228.com', 1, '', 'Jessica Bogacz', 'Jessica', 'Bogacz', NULL, 0, 'member', '2025-05-04 04:38');

INSERT OR IGNORE INTO user (id, email, email_verified, hashed_password, name, first_name, last_name, wix_member_id, blocked, role, created_at) VALUES ('f6a3c028ec764c70a713a01dab63dc5c', 'nicolahs@hotmail.com', 1, '', '', '', '', NULL, 0, 'member', '2025-05-04 01:34');

INSERT OR IGNORE INTO user (id, email, email_verified, hashed_password, name, first_name, last_name, wix_member_id, blocked, role, created_at) VALUES ('23254bd1f2a7446699062fbbb37cc202', 'dhodgkins12@gmail.com', 1, '', 'Danielle Gilde', 'Danielle', 'Gilde', NULL, 0, 'member', '2025-05-03 17:52');

INSERT OR IGNORE INTO user (id, email, email_verified, hashed_password, name, first_name, last_name, wix_member_id, blocked, role, created_at) VALUES ('722c71a0c72e45879824443df56e2998', 'kmonicatti@yahoo.com', 1, '', '', '', '', NULL, 0, 'member', '2025-05-05 02:42');

INSERT OR IGNORE INTO user (id, email, email_verified, hashed_password, name, first_name, last_name, wix_member_id, blocked, role, created_at) VALUES ('e6036f2688b0485ca5c3e9a4f82c7c85', 'caitln165@gmail.com', 1, '', '', '', '', NULL, 0, 'member', '2025-05-05 11:21');

INSERT OR IGNORE INTO user (id, email, email_verified, hashed_password, name, first_name, last_name, wix_member_id, blocked, role, created_at) VALUES ('211482a0add74ceca4b661de6d516d7f', 'katherine.a.petrie@gmail.com', 1, '', '', '', '', NULL, 0, 'member', '2025-05-05 21:36');

INSERT OR IGNORE INTO user (id, email, email_verified, hashed_password, name, first_name, last_name, wix_member_id, blocked, role, created_at) VALUES ('51555cef6bba4134bf6b79dcadfb7ac4', 'mkgalucia@gmail.com', 1, '', '', '', '', NULL, 0, 'member', '2025-05-03 04:35');
INSERT OR IGNORE INTO user_label (user_id, label) VALUES ('51555cef6bba4134bf6b79dcadfb7ac4', 'RRM Academy Members Group member');

INSERT OR IGNORE INTO user (id, email, email_verified, hashed_password, name, first_name, last_name, wix_member_id, blocked, role, created_at) VALUES ('7bda7de9c87b4317b6dddbac49cb9e02', 'kruz_icki@hotmail.com', 1, '', '', '', '', NULL, 0, 'member', '2025-05-03 16:30');

INSERT OR IGNORE INTO user (id, email, email_verified, hashed_password, name, first_name, last_name, wix_member_id, blocked, role, created_at) VALUES ('c08d69b42b934412aee75a5ddfda6d4c', 'camillahunt@hotmail.co.uk', 1, '', '', '', '', NULL, 0, 'member', '2025-05-04 14:23');

INSERT OR IGNORE INTO user (id, email, email_verified, hashed_password, name, first_name, last_name, wix_member_id, blocked, role, created_at) VALUES ('19f0cd16a01a445a92d6b96b90024472', 'minervameghan@gmail.com', 1, '', 'Minerva Amador-Christie', 'Minerva', 'Amador-Christie', NULL, 0, 'member', '2025-05-04 13:32');

INSERT OR IGNORE INTO user (id, email, email_verified, hashed_password, name, first_name, last_name, wix_member_id, blocked, role, created_at) VALUES ('0aebdfc2e14b446ca028e75cc5294782', 'kehoe_lauren@yahoo.com', 1, '', '', '', '', NULL, 0, 'member', '2025-05-04 19:48');

INSERT OR IGNORE INTO user (id, email, email_verified, hashed_password, name, first_name, last_name, wix_member_id, blocked, role, created_at) VALUES ('b2e3b430861342afbcc9b485e04a6ded', 'kaostroski@gmail.com', 1, '', 'Kate Ostroski', 'Kate', 'Ostroski', NULL, 0, 'member', '2025-05-03 19:41');

INSERT OR IGNORE INTO user (id, email, email_verified, hashed_password, name, first_name, last_name, wix_member_id, blocked, role, created_at) VALUES ('c981e2560b89473181d633ac8541a797', 'emilyfasteson@gmail.com', 1, '', 'Emily Fasteson', 'Emily', 'Fasteson', NULL, 0, 'member', '2025-05-04 01:14');

INSERT OR IGNORE INTO user (id, email, email_verified, hashed_password, name, first_name, last_name, wix_member_id, blocked, role, created_at) VALUES ('c76bc49e54c841febe4b311bf423d094', 'karn6508@gmail.com', 1, '', '', '', '', NULL, 0, 'member', '2025-05-03 17:59');

INSERT OR IGNORE INTO user (id, email, email_verified, hashed_password, name, first_name, last_name, wix_member_id, blocked, role, created_at) VALUES ('a2bf0e160b5945bd85c7f37a68d30691', 'daylong.seedier33@icloud.com', 1, '', '', '', '', NULL, 0, 'member', '2025-05-03 22:51');

INSERT OR IGNORE INTO user (id, email, email_verified, hashed_password, name, first_name, last_name, wix_member_id, blocked, role, created_at) VALUES ('f5b38226ead349f3a2034327ead77d32', 'smcmahon505@gmail.com', 1, '', 'Sinead McMahon', 'Sinead', 'McMahon', NULL, 0, 'member', '2025-05-03 17:46');

INSERT OR IGNORE INTO user (id, email, email_verified, hashed_password, name, first_name, last_name, wix_member_id, blocked, role, created_at) VALUES ('b5bafff6b7a040dcaf509d1160de027e', 'joellesophianet@gmail.com', 1, '', 'Joelle Sophia Joosten', 'Joelle Sophia', 'Joosten', NULL, 0, 'member', '2025-05-03 02:08');

INSERT OR IGNORE INTO user (id, email, email_verified, hashed_password, name, first_name, last_name, wix_member_id, blocked, role, created_at) VALUES ('04c12e52cc684db9a48996585cd5584b', 'cathymc87@outlook.ie', 1, '', '', '', '', NULL, 0, 'member', '2025-05-03 20:11');

INSERT OR IGNORE INTO user (id, email, email_verified, hashed_password, name, first_name, last_name, wix_member_id, blocked, role, created_at) VALUES ('3ac7727e8e234a038d0c59be6b42f8c2', 'e_budge@hotmail.com', 1, '', '', '', '', NULL, 0, 'member', '2025-05-03 15:30');

INSERT OR IGNORE INTO user (id, email, email_verified, hashed_password, name, first_name, last_name, wix_member_id, blocked, role, created_at) VALUES ('3075d0f2f0cd4ea7adaa2a4133f5710b', 'dmattosomaia@gmail.com', 1, '', 'Dulce Mattoso', 'Dulce', 'Mattoso', NULL, 0, 'member', '2025-05-03 17:37');

INSERT OR IGNORE INTO user (id, email, email_verified, hashed_password, name, first_name, last_name, wix_member_id, blocked, role, created_at) VALUES ('f6a70bfe920a49b09fb60b8658e2efbe', 'ailishbarrett24@gmail.com', 1, '', '', '', '', NULL, 0, 'member', '2025-05-03 20:47');

INSERT OR IGNORE INTO user (id, email, email_verified, hashed_password, name, first_name, last_name, wix_member_id, blocked, role, created_at) VALUES ('0845e1deee0b4a3a9ade00de3cab813d', 'maryjanemaher@gmail.com', 1, '', 'Maryjane Maher', 'Maryjane', 'Maher', NULL, 0, 'member', '2025-05-04 09:10');

INSERT OR IGNORE INTO user (id, email, email_verified, hashed_password, name, first_name, last_name, wix_member_id, blocked, role, created_at) VALUES ('91e497a46293499b90fdf92745a7bd8d', 'krystlet06@yahoo.com', 1, '', 'Krystle Miller', 'Krystle', 'Miller', NULL, 0, 'member', '2025-05-04 19:12');

INSERT OR IGNORE INTO user (id, email, email_verified, hashed_password, name, first_name, last_name, wix_member_id, blocked, role, created_at) VALUES ('bb5f24abf7d2467f919c2f5f5ba12a1a', 'kerry.revell@gmail.com', 1, '', '', '', '', NULL, 0, 'member', '2025-05-04 14:02');

INSERT OR IGNORE INTO user (id, email, email_verified, hashed_password, name, first_name, last_name, wix_member_id, blocked, role, created_at) VALUES ('f14025b94d194a5b89fd76ce93ed7073', 'chlo1394@gmail.com', 1, '', '', '', '', NULL, 0, 'member', '2025-05-04 19:21');

INSERT OR IGNORE INTO user (id, email, email_verified, hashed_password, name, first_name, last_name, wix_member_id, blocked, role, created_at) VALUES ('67b1d9aaa97d4bc7932e1feed6052bb2', 'jnolan8@tcd.ie', 1, '', 'Jessica Nolan', 'Jessica', 'Nolan', NULL, 0, 'member', '2025-05-04 08:52');

INSERT OR IGNORE INTO user (id, email, email_verified, hashed_password, name, first_name, last_name, wix_member_id, blocked, role, created_at) VALUES ('daf6a434c5b4446fa67580d80b15a85a', 'aisfitzgerald@gmail.com', 1, '', '', '', '', NULL, 0, 'member', '2025-05-04 20:58');

INSERT OR IGNORE INTO user (id, email, email_verified, hashed_password, name, first_name, last_name, wix_member_id, blocked, role, created_at) VALUES ('3ea1198c25e24686a4501aff2e70b61d', 'tiyasteffy@gmail.com', 1, '', 'Tiya Steffy', 'Tiya', 'Steffy', NULL, 0, 'member', '2025-05-03 14:30');

INSERT OR IGNORE INTO user (id, email, email_verified, hashed_password, name, first_name, last_name, wix_member_id, blocked, role, created_at) VALUES ('7dd7c4d600be4e9596696e9bcb2674e8', 'courtneytimmsusher@gmail.com', 1, '', '', '', '', NULL, 0, 'member', '2025-05-06 00:07');

INSERT OR IGNORE INTO user (id, email, email_verified, hashed_password, name, first_name, last_name, wix_member_id, blocked, role, created_at) VALUES ('f7143d3f96354c2da6e02c55d12f62d6', 'michelleconcann@hotmail.com', 1, '', '', '', '', NULL, 0, 'member', '2025-05-04 07:49');

INSERT OR IGNORE INTO user (id, email, email_verified, hashed_password, name, first_name, last_name, wix_member_id, blocked, role, created_at) VALUES ('4e5d47b9b24e4525b7dba5b2bb30b72d', 'emmajanerobinson1@gmail.com', 1, '', '', '', '', NULL, 0, 'member', '2025-05-04 15:59');
INSERT OR IGNORE INTO user_label (user_id, label) VALUES ('4e5d47b9b24e4525b7dba5b2bb30b72d', 'RRM Academy Members Group member');

INSERT OR IGNORE INTO user (id, email, email_verified, hashed_password, name, first_name, last_name, wix_member_id, blocked, role, created_at) VALUES ('c388ee5f4d7e4ed1aaa98d5edcdb78ed', 'caroline.macnamara@gmail.com', 1, '', '', '', '', NULL, 0, 'member', '2025-05-04 08:39');

INSERT OR IGNORE INTO user (id, email, email_verified, hashed_password, name, first_name, last_name, wix_member_id, blocked, role, created_at) VALUES ('ddca29e037f64c0c9b70a141099c64ee', 'tandtwilliams2011@gmail.com', 1, '', '', '', '', NULL, 0, 'member', '2025-05-04 00:57');

INSERT OR IGNORE INTO user (id, email, email_verified, hashed_password, name, first_name, last_name, wix_member_id, blocked, role, created_at) VALUES ('a6aca0e2e81a454c9f9fc2c0903e36f1', 'marygracestanley21@gmail.com', 1, '', 'MaryGrace Stanley', 'MaryGrace', 'Stanley', NULL, 0, 'member', '2025-05-04 05:52');

INSERT OR IGNORE INTO user (id, email, email_verified, hashed_password, name, first_name, last_name, wix_member_id, blocked, role, created_at) VALUES ('8e03e0b5b0dd484f9d3e28eb9ac31033', 'christinamtelles@gmail.com', 1, '', 'Christina Telles', 'Christina', 'Telles', NULL, 0, 'member', '2025-05-05 12:56');

INSERT OR IGNORE INTO user (id, email, email_verified, hashed_password, name, first_name, last_name, wix_member_id, blocked, role, created_at) VALUES ('9c162cc781af4483b4f0625b8fb4b416', 'annie.green543@gmail.com', 1, '', '', '', '', NULL, 0, 'member', '2025-05-03 16:57');

INSERT OR IGNORE INTO user (id, email, email_verified, hashed_password, name, first_name, last_name, wix_member_id, blocked, role, created_at) VALUES ('ecee43ba8c5c498fb0c2b9fb93d8772b', 'mariakfoy@gmail.com', 1, '', 'Maria Foy', 'Maria', 'Foy', NULL, 0, 'member', '2025-05-03 19:38');

INSERT OR IGNORE INTO user (id, email, email_verified, hashed_password, name, first_name, last_name, wix_member_id, blocked, role, created_at) VALUES ('062f1437ffe746d3b227641a1a31292d', 'broganniamh97@gmail.com', 1, '', 'Niamh Brogan', 'Niamh', 'Brogan', NULL, 0, 'member', '2025-05-04 10:53');
INSERT OR IGNORE INTO user_label (user_id, label) VALUES ('062f1437ffe746d3b227641a1a31292d', 'RRM Academy Members Group member');

INSERT OR IGNORE INTO user (id, email, email_verified, hashed_password, name, first_name, last_name, wix_member_id, blocked, role, created_at) VALUES ('fe2c99a23fc245f7929c008d13403b66', 'katiemurray2388@gmail.com', 1, '', 'Katie Murray', 'Katie', 'Murray', NULL, 0, 'member', '2025-05-04 06:57');

INSERT OR IGNORE INTO user (id, email, email_verified, hashed_password, name, first_name, last_name, wix_member_id, blocked, role, created_at) VALUES ('dce13d4795b24123914ba396f5fe0d12', 'e.canfijn@gmail.com', 1, '', 'Erika Canfijn', 'Erika', 'Canfijn', NULL, 0, 'member', '2025-05-05 22:20');

INSERT OR IGNORE INTO user (id, email, email_verified, hashed_password, name, first_name, last_name, wix_member_id, blocked, role, created_at) VALUES ('5bd4c23b7c9f47eca7baa191cdfde44e', 'mars_cor@hotmail.com', 1, '', '', '', '', NULL, 0, 'member', '2025-05-04 08:40');

INSERT OR IGNORE INTO user (id, email, email_verified, hashed_password, name, first_name, last_name, wix_member_id, blocked, role, created_at) VALUES ('268e4473fbdc49aaac68d3639fd3fe29', 'sharon_m_newman@yahoo.co.uk', 1, '', '', '', '', NULL, 0, 'member', '2025-05-03 19:30');

INSERT OR IGNORE INTO user (id, email, email_verified, hashed_password, name, first_name, last_name, wix_member_id, blocked, role, created_at) VALUES ('3d0d30bc6959476ba4ef567959894d11', 'imogen.nolan@gmail.com', 1, '', '', '', '', NULL, 0, 'member', '2025-05-04 08:40');

INSERT OR IGNORE INTO user (id, email, email_verified, hashed_password, name, first_name, last_name, wix_member_id, blocked, role, created_at) VALUES ('ff9ed4f9223b43c7ba96b1dd160c101c', 'vallekke@hotmail.com', 1, '', 'Valerie Clinkemalie', 'Valerie', 'Clinkemalie', NULL, 0, 'member', '2025-05-04 17:40');

INSERT OR IGNORE INTO user (id, email, email_verified, hashed_password, name, first_name, last_name, wix_member_id, blocked, role, created_at) VALUES ('e513c474005346ea9cb7220b6782fea0', 'kelleyyates@bigpond.com', 1, '', '', '', '', NULL, 0, 'member', '2025-05-03 21:12');

INSERT OR IGNORE INTO user (id, email, email_verified, hashed_password, name, first_name, last_name, wix_member_id, blocked, role, created_at) VALUES ('5b15725003a0470e9d7a2642c73f3997', 'carhammond15@gmail.com', 1, '', '', '', '', NULL, 0, 'member', '2025-05-03 19:26');

INSERT OR IGNORE INTO user (id, email, email_verified, hashed_password, name, first_name, last_name, wix_member_id, blocked, role, created_at) VALUES ('d69c4629617c4672949d0729bff5a47d', 'balancedlifeinc1@gmail.com', 1, '', 'Paula Leonti', 'Paula', 'Leonti', NULL, 0, 'member', '2025-05-02 13:56');
INSERT OR IGNORE INTO user_label (user_id, label) VALUES ('d69c4629617c4672949d0729bff5a47d', 'RRM Academy Members Group member');

INSERT OR IGNORE INTO user (id, email, email_verified, hashed_password, name, first_name, last_name, wix_member_id, blocked, role, created_at) VALUES ('1f0177dddfc34646b18f90b23035c5f1', 'miss.ronni@yahoo.com', 1, '', '', '', '', NULL, 0, 'member', '2025-05-04 02:16');
INSERT OR IGNORE INTO user_label (user_id, label) VALUES ('1f0177dddfc34646b18f90b23035c5f1', 'RRM Academy Members Group member');

INSERT OR IGNORE INTO user (id, email, email_verified, hashed_password, name, first_name, last_name, wix_member_id, blocked, role, created_at) VALUES ('5057eeeaf45f48928056783834ca168c', 'amyred507@gmail.com', 1, '', '', '', '', NULL, 0, 'member', '2025-05-03 17:46');

INSERT OR IGNORE INTO user (id, email, email_verified, hashed_password, name, first_name, last_name, wix_member_id, blocked, role, created_at) VALUES ('5391471ba346405d95de4113a199844d', 'plummerea@gmail.com', 1, '', '', '', '', NULL, 0, 'member', '2025-05-05 01:32');

INSERT OR IGNORE INTO user (id, email, email_verified, hashed_password, name, first_name, last_name, wix_member_id, blocked, role, created_at) VALUES ('39eda0a79f9643a392692514712f0827', 'elmannix26@hotmail.com', 1, '', '', '', '', NULL, 0, 'member', '2025-05-03 22:13');

INSERT OR IGNORE INTO user (id, email, email_verified, hashed_password, name, first_name, last_name, wix_member_id, blocked, role, created_at) VALUES ('5054e86216a440c18c278bc317cdc390', 'amandaclifford1127@gmail.com', 1, '', '', '', '', NULL, 0, 'member', '2025-05-02 15:34');

INSERT OR IGNORE INTO user (id, email, email_verified, hashed_password, name, first_name, last_name, wix_member_id, blocked, role, created_at) VALUES ('68b61d53ebd74f79a60def5f246677d5', 'h.sele44@gmail.com', 1, '', '', '', '', NULL, 0, 'member', '2025-05-03 17:38');

INSERT OR IGNORE INTO user (id, email, email_verified, hashed_password, name, first_name, last_name, wix_member_id, blocked, role, created_at) VALUES ('f75d9e05c82f4f369fb9175253d3df97', 'cishizuka03@gmail.com', 1, '', 'Christie Ishizuka', 'Christie', 'Ishizuka', NULL, 0, 'member', '2025-05-02 19:54');

INSERT OR IGNORE INTO user (id, email, email_verified, hashed_password, name, first_name, last_name, wix_member_id, blocked, role, created_at) VALUES ('3fcca4ed1f2641ddb95d53bb0f0ee03a', 'ty_1688@hotmail.com', 1, '', '', '', '', NULL, 0, 'member', '2025-05-05 02:32');

INSERT OR IGNORE INTO user (id, email, email_verified, hashed_password, name, first_name, last_name, wix_member_id, blocked, role, created_at) VALUES ('1d10e6f258364f4cba6c56b5145e2ab5', 'kayleeneff13@gmail.com', 1, '', 'Kaylee Marks', 'Kaylee', 'Marks', NULL, 0, 'member', '2025-05-04 20:00');

INSERT OR IGNORE INTO user (id, email, email_verified, hashed_password, name, first_name, last_name, wix_member_id, blocked, role, created_at) VALUES ('12e226ffa2564adea053fee3df601694', 'creative.compulsion@gmail.com', 1, '', '', '', '', NULL, 0, 'member', '2025-05-02 09:29');

INSERT OR IGNORE INTO user (id, email, email_verified, hashed_password, name, first_name, last_name, wix_member_id, blocked, role, created_at) VALUES ('b3a6fb023ef941ae85de953d8d3ad6c6', 'mahla.jp81@gmail.com', 1, '', '', '', '', NULL, 0, 'member', '2025-05-03 16:23');

INSERT OR IGNORE INTO user (id, email, email_verified, hashed_password, name, first_name, last_name, wix_member_id, blocked, role, created_at) VALUES ('fa76375003984db58c8a91fccf920243', 'dekoury13@gmail.com', 1, '', 'Danielle E Elliott', 'Danielle E', 'Elliott', NULL, 0, 'member', '2025-05-03 21:01');
INSERT OR IGNORE INTO user_label (user_id, label) VALUES ('fa76375003984db58c8a91fccf920243', 'RRM Academy Members Group member');

INSERT OR IGNORE INTO user (id, email, email_verified, hashed_password, name, first_name, last_name, wix_member_id, blocked, role, created_at) VALUES ('4156ded1e4ca434c86091c5fd1eae974', 'colleen_a_mitchell@yahoo.com', 1, '', '', '', '', NULL, 0, 'member', '2025-05-05 03:04');
INSERT OR IGNORE INTO user_label (user_id, label) VALUES ('4156ded1e4ca434c86091c5fd1eae974', 'RRM Academy Members Group member');

INSERT OR IGNORE INTO user (id, email, email_verified, hashed_password, name, first_name, last_name, wix_member_id, blocked, role, created_at) VALUES ('ecdc8b0298eb48768cce4ef867bebbc6', 'dcpastelok05@gmail.com', 1, '', 'Dariann Pastelok', 'Dariann', 'Pastelok', NULL, 0, 'member', '2025-05-02 23:39');
INSERT OR IGNORE INTO user_label (user_id, label) VALUES ('ecdc8b0298eb48768cce4ef867bebbc6', 'RRM Academy Members Group member');

INSERT OR IGNORE INTO user (id, email, email_verified, hashed_password, name, first_name, last_name, wix_member_id, blocked, role, created_at) VALUES ('b7d98702279c48d69883bd425334e631', 'alanna.j.blair@gmail.com', 1, '', 'Alanna Blair', 'Alanna', 'Blair', NULL, 0, 'member', '2025-05-05 21:13');

INSERT OR IGNORE INTO user (id, email, email_verified, hashed_password, name, first_name, last_name, wix_member_id, blocked, role, created_at) VALUES ('72718c7540d949c6965dbcfbbfa38151', 'ahorst@alumni.nd.edu', 1, '', '', '', '', NULL, 0, 'member', '2025-05-06 03:03');
INSERT OR IGNORE INTO user_label (user_id, label) VALUES ('72718c7540d949c6965dbcfbbfa38151', 'RRM Academy Members Group member');

INSERT OR IGNORE INTO user (id, email, email_verified, hashed_password, name, first_name, last_name, wix_member_id, blocked, role, created_at) VALUES ('8f57657000554f6a8a9c4296b04eb1b9', 'margaret.a.alvine@gmail.com', 1, '', '', '', '', NULL, 0, 'member', '2025-05-05 18:19');

INSERT OR IGNORE INTO user (id, email, email_verified, hashed_password, name, first_name, last_name, wix_member_id, blocked, role, created_at) VALUES ('956ede4d5de54a89bf8cd20c312acc2a', 'kyleeshiflet@gmail.com', 1, '', 'Kylee Kovar', 'Kylee', 'Kovar', NULL, 0, 'member', '2025-05-02 14:22');

INSERT OR IGNORE INTO user (id, email, email_verified, hashed_password, name, first_name, last_name, wix_member_id, blocked, role, created_at) VALUES ('41b48c1b2bfe47339539efbeb9d98b59', 'susancaldwell19@yahoo.com', 1, '', '', '', '', NULL, 0, 'member', '2025-05-03 23:16');

INSERT OR IGNORE INTO user (id, email, email_verified, hashed_password, name, first_name, last_name, wix_member_id, blocked, role, created_at) VALUES ('429e1f74be444a669e4b6c137711471e', 'flemingpjl@gmail.com', 1, '', 'Patrick Fleming', 'Patrick', 'Fleming', NULL, 0, 'member', '2025-05-03 19:19');

INSERT OR IGNORE INTO user (id, email, email_verified, hashed_password, name, first_name, last_name, wix_member_id, blocked, role, created_at) VALUES ('12c0e426d1ea477c92030173036db531', 'sashamorfaw@yahoo.com', 1, '', '', '', '', NULL, 0, 'member', '2025-05-05 12:54');

INSERT OR IGNORE INTO user (id, email, email_verified, hashed_password, name, first_name, last_name, wix_member_id, blocked, role, created_at) VALUES ('94bb718c723144f096744e73fd7cbfce', 'culturalfabric@proton.me', 1, '', '', '', '', NULL, 0, 'member', '2025-05-03 22:37');

INSERT OR IGNORE INTO user (id, email, email_verified, hashed_password, name, first_name, last_name, wix_member_id, blocked, role, created_at) VALUES ('143fd5ac0ce245e584d57f3d5188dbe9', 'meghandeath@gmail.com', 1, '', 'meghan death', 'meghan', 'death', NULL, 0, 'member', '2025-05-05 00:03');

INSERT OR IGNORE INTO user (id, email, email_verified, hashed_password, name, first_name, last_name, wix_member_id, blocked, role, created_at) VALUES ('74bdc25eea7f4a798f24c00c7ed1363d', 'olenabykova10@gmail.com', 1, '', 'Olena Bykova', 'Olena', 'Bykova', NULL, 0, 'member', '2025-05-02 08:50');

INSERT OR IGNORE INTO user (id, email, email_verified, hashed_password, name, first_name, last_name, wix_member_id, blocked, role, created_at) VALUES ('628ab99ce1cf4e10bc9e041b7d944a57', 'anagoldys@gmail.com', 1, '', '', '', '', NULL, 0, 'member', '2025-05-03 06:16');

INSERT OR IGNORE INTO user (id, email, email_verified, hashed_password, name, first_name, last_name, wix_member_id, blocked, role, created_at) VALUES ('5e1082e853c740d98bf5078fcdabd732', 'ruizmorgan215@gmail.com', 1, '', 'Morgan Ruiz', 'Morgan', 'Ruiz', NULL, 0, 'member', '2025-05-03 15:30');
INSERT OR IGNORE INTO user_label (user_id, label) VALUES ('5e1082e853c740d98bf5078fcdabd732', 'RRM Academy Members Group member');

INSERT OR IGNORE INTO user (id, email, email_verified, hashed_password, name, first_name, last_name, wix_member_id, blocked, role, created_at) VALUES ('456d1e1075eb46688b26c148b56724b5', 'hannahwixpartner01@gmail.com', 1, '', 'Hannah Wix Partner', 'Hannah', 'Wix Partner', NULL, 1, 'member', '2025-05-04 08:14');
INSERT OR IGNORE INTO user_label (user_id, label) VALUES ('456d1e1075eb46688b26c148b56724b5', 'Spam 🛑');

INSERT OR IGNORE INTO user (id, email, email_verified, hashed_password, name, first_name, last_name, wix_member_id, blocked, role, created_at) VALUES ('7c773cd4534a47ef945513e0db67af32', 'vivienne9elizabeth@gmail.com', 1, '', '', '', '', NULL, 0, 'member', '2025-05-03 18:51');
INSERT OR IGNORE INTO user_label (user_id, label) VALUES ('7c773cd4534a47ef945513e0db67af32', 'RRM Academy Members Group member');

INSERT OR IGNORE INTO user (id, email, email_verified, hashed_password, name, first_name, last_name, wix_member_id, blocked, role, created_at) VALUES ('625a9df96a764c56b17670617584f9a2', 'ehlersjanis@yahoo.com', 1, '', '', '', '', NULL, 0, 'member', '2025-05-04 01:27');

INSERT OR IGNORE INTO user (id, email, email_verified, hashed_password, name, first_name, last_name, wix_member_id, blocked, role, created_at) VALUES ('2ef9a863feb8400e807f733ef97fe40c', 'janine_strickland@hotmail.com', 1, '', '', '', '', NULL, 0, 'member', '2025-05-04 20:42');

INSERT OR IGNORE INTO user (id, email, email_verified, hashed_password, name, first_name, last_name, wix_member_id, blocked, role, created_at) VALUES ('cc084f2b036e4205bdbd4501ca1042b1', 'ak3ap@virginia.edu', 1, '', '', '', '', NULL, 0, 'member', '2025-05-02 16:43');

INSERT OR IGNORE INTO user (id, email, email_verified, hashed_password, name, first_name, last_name, wix_member_id, blocked, role, created_at) VALUES ('8753713378ca4f57acaae752678ce159', 'rachel.laubacher@gmail.com', 1, '', 'Rachel Laubacher', 'Rachel', 'Laubacher', NULL, 0, 'member', '2025-05-02 19:37');
INSERT OR IGNORE INTO user_label (user_id, label) VALUES ('8753713378ca4f57acaae752678ce159', 'Masterclass in Endometriosis and Surgery');
INSERT OR IGNORE INTO user_label (user_id, label) VALUES ('8753713378ca4f57acaae752678ce159', 'Masterclass Members Group member');
INSERT OR IGNORE INTO user_label (user_id, label) VALUES ('8753713378ca4f57acaae752678ce159', 'Endo Surgeon Workbook 🏷️');
INSERT OR IGNORE INTO enrollment (id, user_id, course_id, enrolled_at) VALUES ('d676e8494f6e43a99dca8a8da86b7f9d', '8753713378ca4f57acaae752678ce159', 'masterclass-endo-surgery', '2025-05-02 19:37');

INSERT OR IGNORE INTO user (id, email, email_verified, hashed_password, name, first_name, last_name, wix_member_id, blocked, role, created_at) VALUES ('6c8dfda3aa9a473fafeb50d480f18166', 'erinejwatkins@gmail.com', 1, '', '', '', '', NULL, 0, 'member', '2025-05-03 17:37');

INSERT OR IGNORE INTO user (id, email, email_verified, hashed_password, name, first_name, last_name, wix_member_id, blocked, role, created_at) VALUES ('ca9d7a55da4e4856b1c3f67feb27b7da', 'alleman.tracy@gmail.com', 1, '', '', '', '', NULL, 0, 'member', '2025-05-04 02:06');

INSERT OR IGNORE INTO user (id, email, email_verified, hashed_password, name, first_name, last_name, wix_member_id, blocked, role, created_at) VALUES ('ec3677101ece4fcc96616be5e553e2c6', 'rneihouse@gmail.com', 1, '', 'Rebecca Williams', 'Rebecca', 'Williams', NULL, 0, 'member', '2025-05-03 16:52');

INSERT OR IGNORE INTO user (id, email, email_verified, hashed_password, name, first_name, last_name, wix_member_id, blocked, role, created_at) VALUES ('622274c582fc4627b4f78ff8b7336a72', 'beka.mora@gmail.com', 1, '', 'Rebeka Mora', 'Rebeka', 'Mora', NULL, 0, 'member', '2025-05-04 00:29');

INSERT OR IGNORE INTO user (id, email, email_verified, hashed_password, name, first_name, last_name, wix_member_id, blocked, role, created_at) VALUES ('9f8264a7768d4d66b75ea0fc6745a772', 'carolina.m.figueiredo@gmail.com', 1, '', '', '', '', NULL, 0, 'member', '2025-05-03 22:56');

INSERT OR IGNORE INTO user (id, email, email_verified, hashed_password, name, first_name, last_name, wix_member_id, blocked, role, created_at) VALUES ('16f777e87b664443989999c5815ee6d9', 'shelbymihalco@gmail.com', 1, '', 'Shelby Mihalco', 'Shelby', 'Mihalco', NULL, 0, 'member', '2025-05-03 15:39');

INSERT OR IGNORE INTO user (id, email, email_verified, hashed_password, name, first_name, last_name, wix_member_id, blocked, role, created_at) VALUES ('d7b30409e1fc4d76836e07e92a105e44', 'katharineh44@gmail.com', 1, '', '', '', '', NULL, 0, 'member', '2025-05-01 19:43');

INSERT OR IGNORE INTO user (id, email, email_verified, hashed_password, name, first_name, last_name, wix_member_id, blocked, role, created_at) VALUES ('4d92badb099448cdb0449242cdee5117', 'hmicsky@yahoo.com', 1, '', '', '', '', NULL, 0, 'member', '2025-05-02 19:16');

INSERT OR IGNORE INTO user (id, email, email_verified, hashed_password, name, first_name, last_name, wix_member_id, blocked, role, created_at) VALUES ('8a595be3e5e748f4b5a7287885d13678', 'rkbigger8@gmail.com', 1, '', '', '', '', NULL, 0, 'member', '2025-05-05 20:28');

INSERT OR IGNORE INTO user (id, email, email_verified, hashed_password, name, first_name, last_name, wix_member_id, blocked, role, created_at) VALUES ('8b9187c297e44763bef1595bf3ca5590', 'maxinemuller21@gmail.com', 1, '', 'Maxine M', 'Maxine', 'M', NULL, 0, 'member', '2025-05-04 05:37');

INSERT OR IGNORE INTO user (id, email, email_verified, hashed_password, name, first_name, last_name, wix_member_id, blocked, role, created_at) VALUES ('ba713590883d456d8cb99df5c5dac8ef', 'rheemezayed@gmail.com', 1, '', '', '', '', NULL, 0, 'member', '2025-05-05 15:52');

INSERT OR IGNORE INTO user (id, email, email_verified, hashed_password, name, first_name, last_name, wix_member_id, blocked, role, created_at) VALUES ('bc98910082924d0e869af6f45305504f', 'mcclellan1980@gmail.com', 1, '', 'Christina McClellan', 'Christina', 'McClellan', NULL, 0, 'member', '2025-05-03 23:11');

INSERT OR IGNORE INTO user (id, email, email_verified, hashed_password, name, first_name, last_name, wix_member_id, blocked, role, created_at) VALUES ('7d396cc1a7994d81bfc5cc47a3dee546', 'obodzin@gmail.com', 1, '', '', '', '', NULL, 0, 'member', '2025-05-03 19:58');

INSERT OR IGNORE INTO user (id, email, email_verified, hashed_password, name, first_name, last_name, wix_member_id, blocked, role, created_at) VALUES ('e5e9f5a89577476593cd8a77aba3486a', 'alexa.zimmerman96@gmail.com', 1, '', '', '', '', NULL, 0, 'member', '2025-05-03 15:15');

INSERT OR IGNORE INTO user (id, email, email_verified, hashed_password, name, first_name, last_name, wix_member_id, blocked, role, created_at) VALUES ('c6d579e9fca5407cb3a31884216ffc3d', 'mdoting@yahoo.com', 1, '', '', '', '', NULL, 0, 'member', '2025-05-05 03:48');

INSERT OR IGNORE INTO user (id, email, email_verified, hashed_password, name, first_name, last_name, wix_member_id, blocked, role, created_at) VALUES ('a8065719aac84818b712b7b356a60cbb', 'hello@belindareid.com.au', 1, '', '', '', '', NULL, 0, 'member', '2025-05-03 22:36');

INSERT OR IGNORE INTO user (id, email, email_verified, hashed_password, name, first_name, last_name, wix_member_id, blocked, role, created_at) VALUES ('af0033f978754b228aa33756fcaa654d', 'miki.gabian@gmail.com', 1, '', '', '', '', NULL, 0, 'member', '2025-05-07 18:04');

INSERT OR IGNORE INTO user (id, email, email_verified, hashed_password, name, first_name, last_name, wix_member_id, blocked, role, created_at) VALUES ('7420f8645e6744858a0354eaf681c04b', 'blueeyedgidget@gmail.com', 1, '', '', '', '', NULL, 0, 'member', '2025-05-10 16:35');
INSERT OR IGNORE INTO user_label (user_id, label) VALUES ('7420f8645e6744858a0354eaf681c04b', 'Save the Uterus Club 🏷️');
INSERT OR IGNORE INTO user_label (user_id, label) VALUES ('7420f8645e6744858a0354eaf681c04b', 'Customers');
INSERT OR IGNORE INTO user_label (user_id, label) VALUES ('7420f8645e6744858a0354eaf681c04b', 'Uterus Member 🐻');

INSERT OR IGNORE INTO user (id, email, email_verified, hashed_password, name, first_name, last_name, wix_member_id, blocked, role, created_at) VALUES ('e2a2a02ee28140b18f4c1f2c226517a6', 'bnrogers1106@gmail.com', 1, '', '', '', '', NULL, 0, 'member', '2025-05-07 12:35');

INSERT OR IGNORE INTO user (id, email, email_verified, hashed_password, name, first_name, last_name, wix_member_id, blocked, role, created_at) VALUES ('c546e24242b84e37bd94d30e4cd86b4d', 'meganmcmahon19@gmail.com', 1, '', 'Megan Dara', 'Megan', 'Dara', NULL, 0, 'member', '2025-05-07 14:15');

INSERT OR IGNORE INTO user (id, email, email_verified, hashed_password, name, first_name, last_name, wix_member_id, blocked, role, created_at) VALUES ('a75f150161124b2f9e3411c900ff510c', 'stephaniebedilion@gmail.com', 1, '', '', '', '', NULL, 0, 'member', '2025-05-09 21:20');

INSERT OR IGNORE INTO user (id, email, email_verified, hashed_password, name, first_name, last_name, wix_member_id, blocked, role, created_at) VALUES ('c4ea4a34b12543708dec76e678b08225', 'royalcouture23@gmail.com', 1, '', 'Samvirna Decaille', 'Samvirna', 'Decaille', NULL, 0, 'member', '2025-05-10 02:35');

INSERT OR IGNORE INTO user (id, email, email_verified, hashed_password, name, first_name, last_name, wix_member_id, blocked, role, created_at) VALUES ('0b929198577341f78d1dac488cbbabef', 'frisbie-dance@hotmail.com', 1, '', '', '', '', NULL, 0, 'member', '2025-05-14 00:24');

INSERT OR IGNORE INTO user (id, email, email_verified, hashed_password, name, first_name, last_name, wix_member_id, blocked, role, created_at) VALUES ('09eabfe9cb3a41c98ec9dffe3dfabf83', 'gavocijessica@gmail.com', 1, '', '', '', '', NULL, 0, 'member', '2025-05-09 23:58');
INSERT OR IGNORE INTO user_label (user_id, label) VALUES ('09eabfe9cb3a41c98ec9dffe3dfabf83', 'RRM Academy Members Group member');
INSERT OR IGNORE INTO user_label (user_id, label) VALUES ('09eabfe9cb3a41c98ec9dffe3dfabf83', 'Endo Surgeon Workbook 🏷️');
INSERT OR IGNORE INTO user_label (user_id, label) VALUES ('09eabfe9cb3a41c98ec9dffe3dfabf83', 'Masterclass Members Group member');
INSERT OR IGNORE INTO user_label (user_id, label) VALUES ('09eabfe9cb3a41c98ec9dffe3dfabf83', 'Masterclass in Endometriosis and Surgery');
INSERT OR IGNORE INTO user_label (user_id, label) VALUES ('09eabfe9cb3a41c98ec9dffe3dfabf83', 'Masterclass in Endometriosis & Surgery');
INSERT OR IGNORE INTO enrollment (id, user_id, course_id, enrolled_at) VALUES ('abe1ff53bf0d412dae765e561b7b6677', '09eabfe9cb3a41c98ec9dffe3dfabf83', 'masterclass-endo-surgery', '2025-05-09 23:58');

INSERT OR IGNORE INTO user (id, email, email_verified, hashed_password, name, first_name, last_name, wix_member_id, blocked, role, created_at) VALUES ('1cdc94db8a334cafbf2730f2a6dd900f', 'mogzydol411@gmail.com', 1, '', '', '', '', NULL, 0, 'member', '2025-05-13 18:03');

INSERT OR IGNORE INTO user (id, email, email_verified, hashed_password, name, first_name, last_name, wix_member_id, blocked, role, created_at) VALUES ('5d171f5c4a8a4914ba6a5e993ea3576d', 'laura_lapp93@yahoo.com', 1, '', '', '', '', NULL, 0, 'member', '2025-05-07 17:40');

INSERT OR IGNORE INTO user (id, email, email_verified, hashed_password, name, first_name, last_name, wix_member_id, blocked, role, created_at) VALUES ('2f6fb3d612514abda97ca4e29e3f8ff1', 'ashleej4@yahoo.com', 1, '', '', '', '', NULL, 0, 'member', '2025-05-07 02:23');

INSERT OR IGNORE INTO user (id, email, email_verified, hashed_password, name, first_name, last_name, wix_member_id, blocked, role, created_at) VALUES ('eee78ca873c54fc79d7e29b0e834f929', 'nathan@bvmstudio.com', 1, '', '', '', '', NULL, 0, 'member', '2025-05-08 12:18');

INSERT OR IGNORE INTO user (id, email, email_verified, hashed_password, name, first_name, last_name, wix_member_id, blocked, role, created_at) VALUES ('1edd7377f9ac442a93d31ff3c640f8a2', 'cutaygal8@gmail.com', 1, '', 'Jenna G', 'Jenna', 'G', NULL, 0, 'member', '2025-05-06 23:15');

INSERT OR IGNORE INTO user (id, email, email_verified, hashed_password, name, first_name, last_name, wix_member_id, blocked, role, created_at) VALUES ('5bccfd3c5a4e46f988ff074c245a7875', 'nicolesavin91@gmail.com', 1, '', 'Nicole Savin', 'Nicole', 'Savin', NULL, 0, 'member', '2025-05-12 15:07');

INSERT OR IGNORE INTO user (id, email, email_verified, hashed_password, name, first_name, last_name, wix_member_id, blocked, role, created_at) VALUES ('466635546cd34a0fa7d116b380c92b87', 'hannahquaas@gmail.com', 1, '', '', '', '', NULL, 0, 'member', '2025-05-06 23:52');
INSERT OR IGNORE INTO user_label (user_id, label) VALUES ('466635546cd34a0fa7d116b380c92b87', 'RRM Academy Members Group member');

INSERT OR IGNORE INTO user (id, email, email_verified, hashed_password, name, first_name, last_name, wix_member_id, blocked, role, created_at) VALUES ('9af3f3f8645440a9b47ace97ae75c185', 'gymprincess418@gmail.com', 1, '', '', '', '', NULL, 0, 'member', '2025-05-07 17:09');

INSERT OR IGNORE INTO user (id, email, email_verified, hashed_password, name, first_name, last_name, wix_member_id, blocked, role, created_at) VALUES ('2343812033d246ab97f7e830539a7363', 'ama.mick@gmail.com', 1, '', '', '', '', NULL, 0, 'member', '2025-05-09 16:22');

INSERT OR IGNORE INTO user (id, email, email_verified, hashed_password, name, first_name, last_name, wix_member_id, blocked, role, created_at) VALUES ('930d11039dc049839542eb06f315d1be', 'looby55@hotmail.co.uk', 1, '', '', '', '', NULL, 0, 'member', '2025-05-06 10:07');

INSERT OR IGNORE INTO user (id, email, email_verified, hashed_password, name, first_name, last_name, wix_member_id, blocked, role, created_at) VALUES ('79ec73a25692400284467e427bf34691', 'emilymmartineau@gmail.com', 1, '', '', '', '', NULL, 0, 'member', '2025-05-08 00:21');

INSERT OR IGNORE INTO user (id, email, email_verified, hashed_password, name, first_name, last_name, wix_member_id, blocked, role, created_at) VALUES ('e7af572a7391456da6b864d27f3af02f', 'andreasadventures7@gmail.com', 1, '', '', '', '', NULL, 0, 'member', '2025-05-08 21:58');

INSERT OR IGNORE INTO user (id, email, email_verified, hashed_password, name, first_name, last_name, wix_member_id, blocked, role, created_at) VALUES ('40701e759496480e916363cd4c272cc1', 'mkeziah95@gmail.com', 1, '', '', '', '', NULL, 0, 'member', '2025-05-07 14:32');

INSERT OR IGNORE INTO user (id, email, email_verified, hashed_password, name, first_name, last_name, wix_member_id, blocked, role, created_at) VALUES ('982ce7a322814416802a2c6c73225566', 'officialpaigedenae@gmail.com', 1, '', '', '', '', NULL, 0, 'member', '2025-05-13 00:44');

INSERT OR IGNORE INTO user (id, email, email_verified, hashed_password, name, first_name, last_name, wix_member_id, blocked, role, created_at) VALUES ('1824b9a4d367494fbce4ee21ca4b3362', 'tennesseaniniowa@gmail.com', 1, '', '', '', '', NULL, 0, 'member', '2025-05-13 18:30');

INSERT OR IGNORE INTO user (id, email, email_verified, hashed_password, name, first_name, last_name, wix_member_id, blocked, role, created_at) VALUES ('d740017b466f48528015720f5cae76e8', 'hrtchividjian@gmail.com', 1, '', '', '', '', NULL, 0, 'member', '2025-05-13 21:22');

INSERT OR IGNORE INTO user (id, email, email_verified, hashed_password, name, first_name, last_name, wix_member_id, blocked, role, created_at) VALUES ('fec08a9e2cf64cd9be539ceee7475304', 'kristiaibang@gmail.com', 1, '', '', '', '', NULL, 0, 'member', '2025-05-06 18:50');

INSERT OR IGNORE INTO user (id, email, email_verified, hashed_password, name, first_name, last_name, wix_member_id, blocked, role, created_at) VALUES ('e0bc7dbfb7f4430a87353f9b650807bc', 'janelle.scharringa@gmail.com', 1, '', '', '', '', NULL, 0, 'member', '2025-05-08 22:51');

INSERT OR IGNORE INTO user (id, email, email_verified, hashed_password, name, first_name, last_name, wix_member_id, blocked, role, created_at) VALUES ('045c9adead28400cbc0b2c7a1c175389', 'mortensenrobyn@gmail.com', 1, '', 'Robyn Mortensen', 'Robyn', 'Mortensen', NULL, 0, 'member', '2025-05-12 06:35');

INSERT OR IGNORE INTO user (id, email, email_verified, hashed_password, name, first_name, last_name, wix_member_id, blocked, role, created_at) VALUES ('96464d4535e349ed88f7b25cdf775810', 'jsnovack@gmail.com', 1, '', '', '', '', NULL, 0, 'member', '2025-05-10 02:16');
INSERT OR IGNORE INTO user_label (user_id, label) VALUES ('96464d4535e349ed88f7b25cdf775810', 'RRM Academy Members Group member');

INSERT OR IGNORE INTO user (id, email, email_verified, hashed_password, name, first_name, last_name, wix_member_id, blocked, role, created_at) VALUES ('a72bdeb41f9b42f0825395b5ab9d7444', 'aveltre4@gmail.com', 1, '', '', '', '', NULL, 0, 'member', '2025-05-12 01:11');

INSERT OR IGNORE INTO user (id, email, email_verified, hashed_password, name, first_name, last_name, wix_member_id, blocked, role, created_at) VALUES ('4cd84c2e410c4bdc8dcde4d48c9bb4e7', 'cbbarlow@hotmail.com', 1, '', '', '', '', NULL, 0, 'member', '2025-05-09 20:27');

INSERT OR IGNORE INTO user (id, email, email_verified, hashed_password, name, first_name, last_name, wix_member_id, blocked, role, created_at) VALUES ('84f05ac5ad474f00a358ed7cca945923', 'kayleeknox31@gmail.com', 1, '', '', '', '', NULL, 0, 'member', '2025-05-07 00:15');

INSERT OR IGNORE INTO user (id, email, email_verified, hashed_password, name, first_name, last_name, wix_member_id, blocked, role, created_at) VALUES ('bc3926fe95f84099b32f966ae59b5052', 'mic.zlr@gmail.com', 1, '', 'Michaela Lowell', 'Michaela', 'Lowell', NULL, 0, 'member', '2025-05-12 10:01');

INSERT OR IGNORE INTO user (id, email, email_verified, hashed_password, name, first_name, last_name, wix_member_id, blocked, role, created_at) VALUES ('357dcda325cf4640be1c206a10fc759a', 'support@yourfertilityyourfuture.com', 1, '', 'Kayleigh McClory', 'Kayleigh', 'McClory', NULL, 0, 'member', '2025-05-09 13:52');
INSERT OR IGNORE INTO user_label (user_id, label) VALUES ('357dcda325cf4640be1c206a10fc759a', 'RRM Academy Members Group member');

INSERT OR IGNORE INTO user (id, email, email_verified, hashed_password, name, first_name, last_name, wix_member_id, blocked, role, created_at) VALUES ('8d1c5a74afd4414184b4ba9a9add933a', 'drdigirolamo22@gmail.com', 1, '', '', '', '', NULL, 0, 'member', '2025-05-07 13:03');

INSERT OR IGNORE INTO user (id, email, email_verified, hashed_password, name, first_name, last_name, wix_member_id, blocked, role, created_at) VALUES ('8b9e5f093dd842f6b18b5a47db885773', 'meridafaescott@gmail.com', 1, '', '', '', '', NULL, 0, 'member', '2025-05-07 21:10');

INSERT OR IGNORE INTO user (id, email, email_verified, hashed_password, name, first_name, last_name, wix_member_id, blocked, role, created_at) VALUES ('1804c1e6ad0b41428a088f990961f29f', 'tanaa.kareem@gmail.com', 1, '', '', '', '', NULL, 0, 'member', '2025-05-09 04:06');

INSERT OR IGNORE INTO user (id, email, email_verified, hashed_password, name, first_name, last_name, wix_member_id, blocked, role, created_at) VALUES ('178a2dc9142342f48f8be99990f31408', 'ovmarkarian@gmail.com', 1, '', '', '', '', NULL, 0, 'member', '2025-05-06 07:02');

INSERT OR IGNORE INTO user (id, email, email_verified, hashed_password, name, first_name, last_name, wix_member_id, blocked, role, created_at) VALUES ('e3f1132f104e41a781e75c731b1793a4', 'tavianadpersaud@gmail.com', 1, '', 'Taviana Persuad', 'Taviana', 'Persuad', NULL, 0, 'member', '2025-05-08 22:21');

INSERT OR IGNORE INTO user (id, email, email_verified, hashed_password, name, first_name, last_name, wix_member_id, blocked, role, created_at) VALUES ('462abf1823e64fab847ad0bbc05ab7ce', 'christinabranch1991@gmail.com', 1, '', 'Christina Branch', 'Christina', 'Branch', NULL, 0, 'member', '2025-05-13 21:36');

INSERT OR IGNORE INTO user (id, email, email_verified, hashed_password, name, first_name, last_name, wix_member_id, blocked, role, created_at) VALUES ('aa33bea464c8487f8628ec5e4b7cc2f7', 'roujauna.hylton@gmail.com', 1, '', 'Roujauna Hylton', 'Roujauna', 'Hylton', NULL, 0, 'member', '2025-05-09 04:29');

INSERT OR IGNORE INTO user (id, email, email_verified, hashed_password, name, first_name, last_name, wix_member_id, blocked, role, created_at) VALUES ('ddbcd599ad3d4aba864ffc9802c33a48', 'tammymahaney12@gmail.com', 1, '', '', '', '', NULL, 0, 'member', '2025-05-09 18:40');

INSERT OR IGNORE INTO user (id, email, email_verified, hashed_password, name, first_name, last_name, wix_member_id, blocked, role, created_at) VALUES ('7294d19eff4542818b72f8af6aab4d5b', 'cflorencio22@gmail.com', 1, '', '', '', '', NULL, 0, 'member', '2025-05-08 00:31');

INSERT OR IGNORE INTO user (id, email, email_verified, hashed_password, name, first_name, last_name, wix_member_id, blocked, role, created_at) VALUES ('da9df42d5125413b9f74ee7aeaca4b58', 'melody.kering@gmail.com', 1, '', '', '', '', NULL, 0, 'member', '2025-05-11 16:36');

INSERT OR IGNORE INTO user (id, email, email_verified, hashed_password, name, first_name, last_name, wix_member_id, blocked, role, created_at) VALUES ('d4dbd71a09c947bfb5238978c8667a7c', 'elizabethcaste0107@gmail.com', 1, '', 'Eli Rodriguez', 'Eli', 'Rodriguez', NULL, 0, 'member', '2025-05-12 15:44');

INSERT OR IGNORE INTO user (id, email, email_verified, hashed_password, name, first_name, last_name, wix_member_id, blocked, role, created_at) VALUES ('3a0286d5a0ea43b79864b05fe3ca81c3', 'sharonq594@gmail.com', 1, '', '', '', '', NULL, 0, 'member', '2025-05-09 03:20');

INSERT OR IGNORE INTO user (id, email, email_verified, hashed_password, name, first_name, last_name, wix_member_id, blocked, role, created_at) VALUES ('cf1bad848f2f4e2a81e8fab5251dad48', 'antonella.rossi@outlook.com', 1, '', '', '', '', NULL, 0, 'member', '2025-05-11 20:57');

INSERT OR IGNORE INTO user (id, email, email_verified, hashed_password, name, first_name, last_name, wix_member_id, blocked, role, created_at) VALUES ('5035b22a85e74388b42667cc2817e9b0', 'tmmicsky@gmail.com', 1, '', '', '', '', NULL, 0, 'member', '2025-05-08 01:12');
INSERT OR IGNORE INTO user_label (user_id, label) VALUES ('5035b22a85e74388b42667cc2817e9b0', 'RRM Academy Members Group member');

INSERT OR IGNORE INTO user (id, email, email_verified, hashed_password, name, first_name, last_name, wix_member_id, blocked, role, created_at) VALUES ('1767693b68684c06b5a8dbf05c99850e', 'mroseskonieczny@gmail.com', 1, '', '', '', '', NULL, 0, 'member', '2025-05-08 22:04');

INSERT OR IGNORE INTO user (id, email, email_verified, hashed_password, name, first_name, last_name, wix_member_id, blocked, role, created_at) VALUES ('158679bbf98745ca8d7d9ed69843a2e4', 'oliviapassafiume@gmail.com', 1, '', 'Olivia Passafiume', 'Olivia', 'Passafiume', NULL, 0, 'member', '2025-05-06 17:23');

INSERT OR IGNORE INTO user (id, email, email_verified, hashed_password, name, first_name, last_name, wix_member_id, blocked, role, created_at) VALUES ('67205137cb1d47eb86640816f3cd7ce1', 'courtenayturner@mac.com', 1, '', '', '', '', NULL, 0, 'member', '2025-05-12 15:28');

INSERT OR IGNORE INTO user (id, email, email_verified, hashed_password, name, first_name, last_name, wix_member_id, blocked, role, created_at) VALUES ('74a47c1f49c44c5aab6fb093760e062e', 'emalie.boggs@gmail.com', 1, '', 'Emalie Boggs', 'Emalie', 'Boggs', NULL, 0, 'member', '2025-05-13 23:13');

INSERT OR IGNORE INTO user (id, email, email_verified, hashed_password, name, first_name, last_name, wix_member_id, blocked, role, created_at) VALUES ('05cb56bf6e5a41b89de9c2d530828598', 'kayladonahue810@gmail.com', 1, '', 'Kayla Donahue', 'Kayla', 'Donahue', NULL, 0, 'member', '2025-05-12 18:37');

INSERT OR IGNORE INTO user (id, email, email_verified, hashed_password, name, first_name, last_name, wix_member_id, blocked, role, created_at) VALUES ('906674f5acfb4b7180dfcfcf20a245f4', 'kbreck57@gmail.com', 1, '', 'Katie Breckenridge', 'Katie', 'Breckenridge', NULL, 0, 'member', '2025-05-09 23:37');
INSERT OR IGNORE INTO user_label (user_id, label) VALUES ('906674f5acfb4b7180dfcfcf20a245f4', 'RRM Academy Members Group member');

INSERT OR IGNORE INTO user (id, email, email_verified, hashed_password, name, first_name, last_name, wix_member_id, blocked, role, created_at) VALUES ('c1c529ff9f4348debc58163513c72a40', 'lexismith32@icloud.com', 1, '', 'Lexi Lippoldt', 'Lexi', 'Lippoldt', NULL, 0, 'member', '2025-05-08 01:33');

INSERT OR IGNORE INTO user (id, email, email_verified, hashed_password, name, first_name, last_name, wix_member_id, blocked, role, created_at) VALUES ('85fed6deb82a4ee7b7ee21e046de9d69', 'elissahusfeldt@gmail.com', 1, '', 'Elissa Husfeldt', 'Elissa', 'Husfeldt', NULL, 0, 'member', '2025-05-14 16:24');

INSERT OR IGNORE INTO user (id, email, email_verified, hashed_password, name, first_name, last_name, wix_member_id, blocked, role, created_at) VALUES ('3f05da59aaae498a97f1ba896ed80d33', 'crysin88@gmail.com', 1, '', 'C S', 'C', 'S', NULL, 0, 'member', '2025-05-08 22:04');

INSERT OR IGNORE INTO user (id, email, email_verified, hashed_password, name, first_name, last_name, wix_member_id, blocked, role, created_at) VALUES ('9b50a5836e1f4f19869ae7435d84fda7', 'sosharp12@gmail.com', 1, '', '', '', '', NULL, 0, 'member', '2025-05-14 12:18');
INSERT OR IGNORE INTO user_label (user_id, label) VALUES ('9b50a5836e1f4f19869ae7435d84fda7', 'RRM Academy Members Group member');

INSERT OR IGNORE INTO user (id, email, email_verified, hashed_password, name, first_name, last_name, wix_member_id, blocked, role, created_at) VALUES ('4fdc2da4ce994580a865d1265bfeba1a', 'kwolken_10@hotmail.com', 1, '', '', '', '', NULL, 0, 'member', '2025-05-09 00:17');

INSERT OR IGNORE INTO user (id, email, email_verified, hashed_password, name, first_name, last_name, wix_member_id, blocked, role, created_at) VALUES ('0b0d4d1383f6421a8992286ddf62827a', 'erin.janes@frontier.edu', 1, '', '', '', '', NULL, 0, 'member', '2025-05-13 00:41');

INSERT OR IGNORE INTO user (id, email, email_verified, hashed_password, name, first_name, last_name, wix_member_id, blocked, role, created_at) VALUES ('291a53ee5876499685cb8a438742aaa7', 'mariroselia@gmail.com', 1, '', 'Marina Torres', 'Marina', 'Torres', NULL, 0, 'member', '2025-05-07 18:51');

INSERT OR IGNORE INTO user (id, email, email_verified, hashed_password, name, first_name, last_name, wix_member_id, blocked, role, created_at) VALUES ('bd08b836f0ff4addb91b255be17b432c', 'parry.annalies@gmail.com', 1, '', '', '', '', NULL, 0, 'member', '2025-05-10 17:23');

INSERT OR IGNORE INTO user (id, email, email_verified, hashed_password, name, first_name, last_name, wix_member_id, blocked, role, created_at) VALUES ('37b6e096752c4b90ad6b2309d09ff802', 'emilysgolding@gmail.com', 1, '', 'Emily Golding', 'Emily', 'Golding', NULL, 0, 'member', '2025-05-09 00:46');
INSERT OR IGNORE INTO user_label (user_id, label) VALUES ('37b6e096752c4b90ad6b2309d09ff802', 'RRM Academy Members Group member');
INSERT OR IGNORE INTO user_label (user_id, label) VALUES ('37b6e096752c4b90ad6b2309d09ff802', 'Masterclass Members Group member');
INSERT OR IGNORE INTO user_label (user_id, label) VALUES ('37b6e096752c4b90ad6b2309d09ff802', 'Masterclass in Endometriosis and Surgery');
INSERT OR IGNORE INTO user_label (user_id, label) VALUES ('37b6e096752c4b90ad6b2309d09ff802', 'Masterclass in Endometriosis & Surgery');
INSERT OR IGNORE INTO user_label (user_id, label) VALUES ('37b6e096752c4b90ad6b2309d09ff802', 'Endo Surgeon Workbook 🏷️');
INSERT OR IGNORE INTO enrollment (id, user_id, course_id, enrolled_at) VALUES ('32779092cd944e36afdadcb8a8793175', '37b6e096752c4b90ad6b2309d09ff802', 'masterclass-endo-surgery', '2025-05-09 00:46');

INSERT OR IGNORE INTO user (id, email, email_verified, hashed_password, name, first_name, last_name, wix_member_id, blocked, role, created_at) VALUES ('d4ae11bc3e3c4f67887429a74b41c918', 'tayway2@gmail.com', 1, '', 'Taylor Schott', 'Taylor', 'Schott', NULL, 0, 'member', '2025-05-13 22:38');
INSERT OR IGNORE INTO user_label (user_id, label) VALUES ('d4ae11bc3e3c4f67887429a74b41c918', 'RRM Academy Members Group member');

INSERT OR IGNORE INTO user (id, email, email_verified, hashed_password, name, first_name, last_name, wix_member_id, blocked, role, created_at) VALUES ('4ace75d634774113abc77d34088f42fd', 'amy.talbott1@gmail.com', 1, '', '', '', '', NULL, 0, 'member', '2025-05-08 16:42');

INSERT OR IGNORE INTO user (id, email, email_verified, hashed_password, name, first_name, last_name, wix_member_id, blocked, role, created_at) VALUES ('1c40f5a0f6304e6a83bbf4ba420f185e', 'ashlyn1002@gmail.com', 1, '', '', '', '', NULL, 0, 'member', '2025-05-11 20:16');

INSERT OR IGNORE INTO user (id, email, email_verified, hashed_password, name, first_name, last_name, wix_member_id, blocked, role, created_at) VALUES ('36666b304fe3448f9a2f97c5fcf9792e', 'revybadass@gmail.com', 1, '', 'revy lagoon', 'revy', 'lagoon', NULL, 0, 'member', '2025-05-08 09:51');

INSERT OR IGNORE INTO user (id, email, email_verified, hashed_password, name, first_name, last_name, wix_member_id, blocked, role, created_at) VALUES ('76b5ae6ec7e44e5292d9ba92e961098c', 'v.becker46@gmail.com', 1, '', '', '', '', NULL, 0, 'member', '2025-05-07 22:23');

INSERT OR IGNORE INTO user (id, email, email_verified, hashed_password, name, first_name, last_name, wix_member_id, blocked, role, created_at) VALUES ('6223379b185845b29d05d8d5acbbc5d0', 'ctoland30@gmail.com', 1, '', 'Corinne King', 'Corinne', 'King', NULL, 0, 'member', '2025-05-09 13:54');

INSERT OR IGNORE INTO user (id, email, email_verified, hashed_password, name, first_name, last_name, wix_member_id, blocked, role, created_at) VALUES ('93fc232080f74fa483e959605b167dd9', 'okb1992@gmail.com', 1, '', 'Olivia Lloyd', 'Olivia', 'Lloyd', NULL, 0, 'member', '2025-05-07 16:11');

INSERT OR IGNORE INTO user (id, email, email_verified, hashed_password, name, first_name, last_name, wix_member_id, blocked, role, created_at) VALUES ('57c44e258f47484181329bbdafee5572', 'krvalletta17@gmail.com', 1, '', '', '', '', NULL, 0, 'member', '2025-05-07 13:22');

INSERT OR IGNORE INTO user (id, email, email_verified, hashed_password, name, first_name, last_name, wix_member_id, blocked, role, created_at) VALUES ('b5a0ecc18b5341d38a95137f721d52ab', 'admcarr@gmail.com', 1, '', '', '', '', NULL, 0, 'member', '2025-05-07 01:50');

INSERT OR IGNORE INTO user (id, email, email_verified, hashed_password, name, first_name, last_name, wix_member_id, blocked, role, created_at) VALUES ('77a150945d4d45f7b09eb29c0a8b2a24', 'miloneka@gmail.com', 1, '', 'Kathleen Milone', 'Kathleen', 'Milone', NULL, 0, 'member', '2025-05-08 01:36');

INSERT OR IGNORE INTO user (id, email, email_verified, hashed_password, name, first_name, last_name, wix_member_id, blocked, role, created_at) VALUES ('5501cd132b34420fb273b4c1ce7a90b1', 'arthur.freda@chartneo.com', 1, '', '', '', '', NULL, 0, 'member', '2025-05-14 01:00');
INSERT OR IGNORE INTO user_label (user_id, label) VALUES ('5501cd132b34420fb273b4c1ce7a90b1', 'RRM Academy Members Group member');

INSERT OR IGNORE INTO user (id, email, email_verified, hashed_password, name, first_name, last_name, wix_member_id, blocked, role, created_at) VALUES ('38a6e288bf33412b93f1b5870a16f896', 'martina.callanan@gmail.com', 1, '', 'Martina Callanan', 'Martina', 'Callanan', NULL, 0, 'member', '2025-05-09 07:17');

INSERT OR IGNORE INTO user (id, email, email_verified, hashed_password, name, first_name, last_name, wix_member_id, blocked, role, created_at) VALUES ('b43829bcae8547e9a7f0ef9f59708283', 'trinhkathy92@gmail.com', 1, '', '', '', '', NULL, 0, 'member', '2025-05-07 02:17');

INSERT OR IGNORE INTO user (id, email, email_verified, hashed_password, name, first_name, last_name, wix_member_id, blocked, role, created_at) VALUES ('106fb2bf2359452085fca866f07031e0', 'countemotears@gmail.com', 1, '', '', '', '', NULL, 0, 'member', '2025-05-06 06:06');

INSERT OR IGNORE INTO user (id, email, email_verified, hashed_password, name, first_name, last_name, wix_member_id, blocked, role, created_at) VALUES ('003ba1d6f5e14cbdafff8a271b825cb8', 'klab7635@gmail.com', 1, '', '', '', '', NULL, 0, 'member', '2025-05-08 23:22');

INSERT OR IGNORE INTO user (id, email, email_verified, hashed_password, name, first_name, last_name, wix_member_id, blocked, role, created_at) VALUES ('055e6302e5b54c0fb8b93161e31e0842', 'pazdbc@gmail.com', 1, '', 'P D', 'P', 'D', NULL, 0, 'member', '2025-05-08 09:55');
INSERT OR IGNORE INTO user_label (user_id, label) VALUES ('055e6302e5b54c0fb8b93161e31e0842', 'RRM Academy Members Group member');

INSERT OR IGNORE INTO user (id, email, email_verified, hashed_password, name, first_name, last_name, wix_member_id, blocked, role, created_at) VALUES ('a45ff4ac29b743f5a432b9957be95f17', 'dn.taylor16@hotmail.com', 1, '', '', '', '', NULL, 0, 'member', '2025-05-09 16:41');

INSERT OR IGNORE INTO user (id, email, email_verified, hashed_password, name, first_name, last_name, wix_member_id, blocked, role, created_at) VALUES ('5836064ee2cb4ac7bca410b52b163097', 'virtualassistant@rrmacademy.org', 1, '', 'Virtual Assistant', 'Virtual', 'Assistant', NULL, 0, 'member', '2025-05-11 22:37');
INSERT OR IGNORE INTO user_label (user_id, label) VALUES ('5836064ee2cb4ac7bca410b52b163097', 'Donor 👏');
INSERT OR IGNORE INTO user_label (user_id, label) VALUES ('5836064ee2cb4ac7bca410b52b163097', 'Customers');
INSERT OR IGNORE INTO user_label (user_id, label) VALUES ('5836064ee2cb4ac7bca410b52b163097', 'Save the Uterus Club Group member');
INSERT OR IGNORE INTO user_label (user_id, label) VALUES ('5836064ee2cb4ac7bca410b52b163097', 'Uterus Member 🐻');

INSERT OR IGNORE INTO user (id, email, email_verified, hashed_password, name, first_name, last_name, wix_member_id, blocked, role, created_at) VALUES ('2627d6a9e3d449538319b795c28a14d6', 'nayla.kawerk@gmail.com', 1, '', '', '', '', NULL, 0, 'member', '2025-05-10 18:04');

INSERT OR IGNORE INTO user (id, email, email_verified, hashed_password, name, first_name, last_name, wix_member_id, blocked, role, created_at) VALUES ('0b609e7e2af3474181df48866551832a', 'alyssakaupas@gmail.com', 1, '', '', '', '', NULL, 0, 'member', '2025-05-06 23:04');

INSERT OR IGNORE INTO user (id, email, email_verified, hashed_password, name, first_name, last_name, wix_member_id, blocked, role, created_at) VALUES ('af8374fdd12b4f40a287be7f43e39135', 'caiti_rosie44@yahoo.com', 1, '', 'Caitlin Ashworth', 'Caitlin', 'Ashworth', NULL, 0, 'member', '2025-05-07 19:34');

INSERT OR IGNORE INTO user (id, email, email_verified, hashed_password, name, first_name, last_name, wix_member_id, blocked, role, created_at) VALUES ('167a7747a84249408e0f7aac0c1adc5f', 'deloresfr98@gmail.com', 1, '', '', '', '', NULL, 0, 'member', '2025-05-07 18:00');

INSERT OR IGNORE INTO user (id, email, email_verified, hashed_password, name, first_name, last_name, wix_member_id, blocked, role, created_at) VALUES ('fe8c59526b8741ea84a4d5b62b6c0513', 'christine.ann.clancy@gmail.com', 1, '', 'Christine Clancy', 'Christine', 'Clancy', NULL, 0, 'member', '2025-05-15 01:58');

INSERT OR IGNORE INTO user (id, email, email_verified, hashed_password, name, first_name, last_name, wix_member_id, blocked, role, created_at) VALUES ('a6c30d90e5ca41caa3ee6919683529f9', 'lopezgladys349@gmail.com', 1, '', '', '', '', NULL, 0, 'member', '2025-05-09 03:30');

INSERT OR IGNORE INTO user (id, email, email_verified, hashed_password, name, first_name, last_name, wix_member_id, blocked, role, created_at) VALUES ('1a94d2a739fd4b419c55b4e34b7f9e72', 'nick.esquivel@gmail.com', 1, '', '', '', '', NULL, 0, 'member', '2025-05-12 19:49');

INSERT OR IGNORE INTO user (id, email, email_verified, hashed_password, name, first_name, last_name, wix_member_id, blocked, role, created_at) VALUES ('752ce03e15014035ba78ecbaefb5f9a5', 'perezluisa2988@gmail.com', 1, '', '', '', '', NULL, 0, 'member', '2025-05-14 18:44');
INSERT OR IGNORE INTO user_label (user_id, label) VALUES ('752ce03e15014035ba78ecbaefb5f9a5', 'RRM Academy Members Group member');

INSERT OR IGNORE INTO user (id, email, email_verified, hashed_password, name, first_name, last_name, wix_member_id, blocked, role, created_at) VALUES ('9eddf1e794024db6bbd2adbed07a5230', 'grahamkiona@gmail.com', 1, '', '', '', '', NULL, 0, 'member', '2025-05-09 11:21');

INSERT OR IGNORE INTO user (id, email, email_verified, hashed_password, name, first_name, last_name, wix_member_id, blocked, role, created_at) VALUES ('c2fa6bb4994243a4af2811be5d8979c7', 'brooke.boskovich@gmail.com', 1, '', '', '', '', NULL, 0, 'member', '2025-05-13 20:16');

INSERT OR IGNORE INTO user (id, email, email_verified, hashed_password, name, first_name, last_name, wix_member_id, blocked, role, created_at) VALUES ('80120ebc61054678a80c2846d5e38de0', 'sherin.george@mycatholicdoctor.com', 1, '', 'Sherin George', 'Sherin', 'George', NULL, 0, 'member', '2025-05-06 15:40');
INSERT OR IGNORE INTO user_label (user_id, label) VALUES ('80120ebc61054678a80c2846d5e38de0', 'RRM Academy Members Group member');

INSERT OR IGNORE INTO user (id, email, email_verified, hashed_password, name, first_name, last_name, wix_member_id, blocked, role, created_at) VALUES ('393c3eb01bdb4b0b900ca43e9f7ccadc', 'ericaadubato@gmail.com', 1, '', 'Erica Adubato', 'Erica', 'Adubato', NULL, 0, 'member', '2025-05-12 20:17');

INSERT OR IGNORE INTO user (id, email, email_verified, hashed_password, name, first_name, last_name, wix_member_id, blocked, role, created_at) VALUES ('47489bbf72fb4fbcb58863b965672466', 'osprau@gmail.com', 1, '', 'Olivia S', 'Olivia', 'S', NULL, 0, 'member', '2025-05-09 22:25');

INSERT OR IGNORE INTO user (id, email, email_verified, hashed_password, name, first_name, last_name, wix_member_id, blocked, role, created_at) VALUES ('e158e1b5e888463ba8c162699653114c', 'christina_keliikoa@yahoo.com', 1, '', '', '', '', NULL, 0, 'member', '2025-05-09 04:46');

INSERT OR IGNORE INTO user (id, email, email_verified, hashed_password, name, first_name, last_name, wix_member_id, blocked, role, created_at) VALUES ('dec3fd556a414ca59cd1355ccb704ab5', 'kefrantz1@gmail.com', 1, '', '', '', '', NULL, 0, 'member', '2025-05-09 15:18');

INSERT OR IGNORE INTO user (id, email, email_verified, hashed_password, name, first_name, last_name, wix_member_id, blocked, role, created_at) VALUES ('0379b29f9d56401089ebcc6b91b476a4', 'philline.gffrecruitment@gmail.com', 1, '', 'Philline Vera Misa', 'Philline Vera', 'Misa', NULL, 0, 'member', '2025-05-11 22:22');

INSERT OR IGNORE INTO user (id, email, email_verified, hashed_password, name, first_name, last_name, wix_member_id, blocked, role, created_at) VALUES ('0dbe89e3792441969524bf7bcf7ae053', 'smithchristine776@gmail.com', 1, '', '', '', '', NULL, 0, 'member', '2025-05-12 13:43');

INSERT OR IGNORE INTO user (id, email, email_verified, hashed_password, name, first_name, last_name, wix_member_id, blocked, role, created_at) VALUES ('1207e45749bd44bb94c9bb1d75bf8639', 'michelewhnpibclc@gmail.com', 1, '', 'Michele Trosclair', 'Michele', 'Trosclair', NULL, 0, 'member', '2025-05-14 13:48');

INSERT OR IGNORE INTO user (id, email, email_verified, hashed_password, name, first_name, last_name, wix_member_id, blocked, role, created_at) VALUES ('d22d93a19a5148bd885d2eb5d6a09941', 'jessthemess814@gmail.com', 1, '', '', '', '', NULL, 0, 'member', '2025-05-22 22:56');

INSERT OR IGNORE INTO user (id, email, email_verified, hashed_password, name, first_name, last_name, wix_member_id, blocked, role, created_at) VALUES ('38502c8f2e124f2f9816875b00e79b2c', 'dixiexpress@gmail.com', 1, '', '', '', '', NULL, 0, 'member', '2025-05-15 21:07');

INSERT OR IGNORE INTO user (id, email, email_verified, hashed_password, name, first_name, last_name, wix_member_id, blocked, role, created_at) VALUES ('99013887e4ab4e1b96899f7bcfd7859d', 'lauren.auditore@gmail.com', 1, '', 'Lauren Auditore', 'Lauren', 'Auditore', NULL, 0, 'member', '2025-05-19 11:37');

INSERT OR IGNORE INTO user (id, email, email_verified, hashed_password, name, first_name, last_name, wix_member_id, blocked, role, created_at) VALUES ('11f9264fa5f8492f8d1ecfaebe8abde1', 'julineedmondson@gmail.com', 1, '', 'Juline Edmondson', 'Juline', 'Edmondson', NULL, 0, 'member', '2025-05-18 02:37');

INSERT OR IGNORE INTO user (id, email, email_verified, hashed_password, name, first_name, last_name, wix_member_id, blocked, role, created_at) VALUES ('7f9d2b2882dd405d8e1467c535eb17a9', 'hillaryroseg@gmail.com', 1, '', 'Hillary Hartman', 'Hillary', 'Hartman', NULL, 0, 'member', '2025-05-18 00:47');

INSERT OR IGNORE INTO user (id, email, email_verified, hashed_password, name, first_name, last_name, wix_member_id, blocked, role, created_at) VALUES ('1d027176dd374c86be32c9d8a40c15d7', 'zodiwoods@gmail.com', 1, '', '', '', '', NULL, 0, 'member', '2025-05-20 07:50');

INSERT OR IGNORE INTO user (id, email, email_verified, hashed_password, name, first_name, last_name, wix_member_id, blocked, role, created_at) VALUES ('8d6ef5d4b8254bf6bcb60b6e127fa5ab', 'marybrunocrms@gmail.com', 1, '', 'Mary Bruno', 'Mary', 'Bruno', NULL, 0, 'member', '2025-05-22 13:41');
INSERT OR IGNORE INTO user_label (user_id, label) VALUES ('8d6ef5d4b8254bf6bcb60b6e127fa5ab', 'RRM Academy Members Group member');

INSERT OR IGNORE INTO user (id, email, email_verified, hashed_password, name, first_name, last_name, wix_member_id, blocked, role, created_at) VALUES ('9de80253ae3049979a07e7be0b6c1d55', 'matilda.thorburn@gmail.com', 1, '', 'Matilda Thorburn', 'Matilda', 'Thorburn', NULL, 0, 'member', '2025-05-22 13:57');

INSERT OR IGNORE INTO user (id, email, email_verified, hashed_password, name, first_name, last_name, wix_member_id, blocked, role, created_at) VALUES ('2fc52216174f488fb54c623c428cd15f', 'ctgwitter@hotmail.com', 1, '', '', '', '', NULL, 0, 'member', '2025-05-17 17:45');

INSERT OR IGNORE INTO user (id, email, email_verified, hashed_password, name, first_name, last_name, wix_member_id, blocked, role, created_at) VALUES ('06db0e9740054b19a64ac042237889b8', 'mycowsasha@gmail.com', 1, '', '', '', '', NULL, 0, 'member', '2025-05-21 16:20');
INSERT OR IGNORE INTO user_label (user_id, label) VALUES ('06db0e9740054b19a64ac042237889b8', 'RRM Academy Members Group member');

INSERT OR IGNORE INTO user (id, email, email_verified, hashed_password, name, first_name, last_name, wix_member_id, blocked, role, created_at) VALUES ('2321284c5628425482149f19c77e5066', 'lewismaryann102@gmail.com', 1, '', '', '', '', NULL, 0, 'member', '2025-05-17 17:49');

INSERT OR IGNORE INTO user (id, email, email_verified, hashed_password, name, first_name, last_name, wix_member_id, blocked, role, created_at) VALUES ('d7c6a7ae93a344e785065cf92a09eaa8', 'julianneguti@gmail.com', 1, '', 'Julianne Gutierrez', 'Julianne', 'Gutierrez', NULL, 0, 'member', '2025-05-17 02:05');

INSERT OR IGNORE INTO user (id, email, email_verified, hashed_password, name, first_name, last_name, wix_member_id, blocked, role, created_at) VALUES ('9caf0e4e0ec24f86aae0c10ed390e6f0', 'jenna@jennalongoria.com', 1, '', '', '', '', NULL, 0, 'member', '2025-05-17 21:39');

INSERT OR IGNORE INTO user (id, email, email_verified, hashed_password, name, first_name, last_name, wix_member_id, blocked, role, created_at) VALUES ('4a9ad8f50469497cbf720a153c3d18fd', 'shelly@coylefamily.org', 1, '', '', '', '', NULL, 0, 'member', '2025-05-18 12:50');

INSERT OR IGNORE INTO user (id, email, email_verified, hashed_password, name, first_name, last_name, wix_member_id, blocked, role, created_at) VALUES ('df837bdc73e342448ef0dc2f757869be', 'mrsblondies@gmail.com', 1, '', 'Carolyn Stehm', 'Carolyn', 'Stehm', NULL, 0, 'member', '2025-05-18 19:34');

INSERT OR IGNORE INTO user (id, email, email_verified, hashed_password, name, first_name, last_name, wix_member_id, blocked, role, created_at) VALUES ('65e4d392a5af4ae49ff6e8d73e6ad8b3', 'lauren.a.merkel@gmail.com', 1, '', '', '', '', NULL, 0, 'member', '2025-05-20 23:40');

INSERT OR IGNORE INTO user (id, email, email_verified, hashed_password, name, first_name, last_name, wix_member_id, blocked, role, created_at) VALUES ('e430b4fc76de41d9b58ecc7e97ce5732', 'haley520girl@gmail.com', 1, '', 'Alicia', 'Alicia', '', NULL, 0, 'member', '2025-05-18 11:35');
INSERT OR IGNORE INTO user_label (user_id, label) VALUES ('e430b4fc76de41d9b58ecc7e97ce5732', 'RRM Academy Members Group member');

INSERT OR IGNORE INTO user (id, email, email_verified, hashed_password, name, first_name, last_name, wix_member_id, blocked, role, created_at) VALUES ('c283d07af7964cd98168c410ad4ba52c', 'a_ruhl32@yahoo.com', 1, '', '', '', '', NULL, 0, 'member', '2025-05-19 02:46');

INSERT OR IGNORE INTO user (id, email, email_verified, hashed_password, name, first_name, last_name, wix_member_id, blocked, role, created_at) VALUES ('f1132e9eb1ce4639a3c7a81ad6553658', 'erinlovestacos87@gmail.com', 1, '', 'Erin Atkinson', 'Erin', 'Atkinson', NULL, 0, 'member', '2025-05-19 13:31');

INSERT OR IGNORE INTO user (id, email, email_verified, hashed_password, name, first_name, last_name, wix_member_id, blocked, role, created_at) VALUES ('6d9a30f9560c49f5980e9fc2f3459c70', 'flockleen@comcast.net', 1, '', '', '', '', NULL, 0, 'member', '2025-05-22 15:44');

INSERT OR IGNORE INTO user (id, email, email_verified, hashed_password, name, first_name, last_name, wix_member_id, blocked, role, created_at) VALUES ('20c4373b09104634a64c6e68a0663141', 'carolinee03@gmail.com', 1, '', '', '', '', NULL, 0, 'member', '2025-05-18 08:30');

INSERT OR IGNORE INTO user (id, email, email_verified, hashed_password, name, first_name, last_name, wix_member_id, blocked, role, created_at) VALUES ('a370b712f5304cccb9a8540d3aec7b68', 'marqueschulte@gmail.com', 1, '', 'Marque Moss', 'Marque', 'Moss', NULL, 0, 'member', '2025-05-19 02:33');

INSERT OR IGNORE INTO user (id, email, email_verified, hashed_password, name, first_name, last_name, wix_member_id, blocked, role, created_at) VALUES ('c39d602e1dc44579987b240aed852fe7', 'lyndanhunguyen@gmail.com', 1, '', 'Lynda Nguyen', 'Lynda', 'Nguyen', NULL, 0, 'member', '2025-05-19 02:33');

INSERT OR IGNORE INTO user (id, email, email_verified, hashed_password, name, first_name, last_name, wix_member_id, blocked, role, created_at) VALUES ('d7d2cbf226054e8f918cc289ef636ac5', 'dmart754@comcast.net', 1, '', '', '', '', NULL, 0, 'member', '2025-05-18 22:26');
INSERT OR IGNORE INTO user_label (user_id, label) VALUES ('d7d2cbf226054e8f918cc289ef636ac5', 'RRM Academy Members Group member');

INSERT OR IGNORE INTO user (id, email, email_verified, hashed_password, name, first_name, last_name, wix_member_id, blocked, role, created_at) VALUES ('0ab9667ec6b24e8f92eb6989c880c91b', 'horsebackridingfarmgirl@gmail.com', 1, '', '', '', '', NULL, 0, 'member', '2025-05-15 23:45');

INSERT OR IGNORE INTO user (id, email, email_verified, hashed_password, name, first_name, last_name, wix_member_id, blocked, role, created_at) VALUES ('bfbbf4ff220b48c481042c79f088d9f0', 'socrates1209@yahoo.com', 1, '', '', '', '', NULL, 0, 'member', '2025-05-19 01:16');

INSERT OR IGNORE INTO user (id, email, email_verified, hashed_password, name, first_name, last_name, wix_member_id, blocked, role, created_at) VALUES ('33ce027cc7ca4512b52eb60d0ff7aecd', 'mackenziegahr@gmail.com', 1, '', '', '', '', NULL, 0, 'member', '2025-05-22 20:32');

INSERT OR IGNORE INTO user (id, email, email_verified, hashed_password, name, first_name, last_name, wix_member_id, blocked, role, created_at) VALUES ('8d6a9f21fd7847b68a9ce72ee244f3d0', 'elyahner@gmail.com', 1, '', '', '', '', NULL, 0, 'member', '2025-05-22 00:05');

INSERT OR IGNORE INTO user (id, email, email_verified, hashed_password, name, first_name, last_name, wix_member_id, blocked, role, created_at) VALUES ('4375d9237a324f018bdee93081d61954', 'em19rk@yahoo.com', 1, '', '', '', '', NULL, 0, 'member', '2025-05-17 17:42');

INSERT OR IGNORE INTO user (id, email, email_verified, hashed_password, name, first_name, last_name, wix_member_id, blocked, role, created_at) VALUES ('255360b7c93543189cec680805b3007b', 'gemkel@gmail.com', 1, '', '', '', '', NULL, 0, 'member', '2025-05-19 21:49');

INSERT OR IGNORE INTO user (id, email, email_verified, hashed_password, name, first_name, last_name, wix_member_id, blocked, role, created_at) VALUES ('2ce4aa414f3243ad9fb20014871499ec', 'vbbbshorty10@yahoo.com', 1, '', 'Madeline Powelson', 'Madeline', 'Powelson', NULL, 0, 'member', '2025-05-22 19:02');

INSERT OR IGNORE INTO user (id, email, email_verified, hashed_password, name, first_name, last_name, wix_member_id, blocked, role, created_at) VALUES ('8a1e913833b1421cb71977f56c1b82a0', 'isom.caroline@gmail.com', 1, '', 'Caroline Isom', 'Caroline', 'Isom', NULL, 0, 'member', '2025-05-17 20:03');

INSERT OR IGNORE INTO user (id, email, email_verified, hashed_password, name, first_name, last_name, wix_member_id, blocked, role, created_at) VALUES ('4a546037182d493a95fddbd03075644f', 'mthammer927@gmail.com', 1, '', '', '', '', NULL, 0, 'member', '2025-05-19 18:59');

INSERT OR IGNORE INTO user (id, email, email_verified, hashed_password, name, first_name, last_name, wix_member_id, blocked, role, created_at) VALUES ('eab20e14bc1445729098b34c6edaa32c', 'volunteer@rrmacademy.org', 1, '', 'Volunteer Friends', 'Volunteer', 'Friends', NULL, 0, 'member', '2025-05-15 21:09');

INSERT OR IGNORE INTO user (id, email, email_verified, hashed_password, name, first_name, last_name, wix_member_id, blocked, role, created_at) VALUES ('5e5b1e7034fb46a4b772d816cc2b509f', 'lseward20@outlook.com', 1, '', '', '', '', NULL, 0, 'member', '2025-05-18 17:59');

INSERT OR IGNORE INTO user (id, email, email_verified, hashed_password, name, first_name, last_name, wix_member_id, blocked, role, created_at) VALUES ('d22221e3b18145d69c03df733b3da434', 'mj027674@outlook.com', 1, '', '', '', '', NULL, 0, 'member', '2025-05-18 17:50');

INSERT OR IGNORE INTO user (id, email, email_verified, hashed_password, name, first_name, last_name, wix_member_id, blocked, role, created_at) VALUES ('581695c706fa4dce8d8c722817d9378e', 'glutjen@gmail.com', 1, '', 'Gabriella Lutjen', 'Gabriella', 'Lutjen', NULL, 0, 'member', '2025-05-17 06:23');

INSERT OR IGNORE INTO user (id, email, email_verified, hashed_password, name, first_name, last_name, wix_member_id, blocked, role, created_at) VALUES ('af677cf1501c4d329a221d26d7874836', 'brittanyr_10@hotmail.com', 1, '', 'Brittany Holtrop', 'Brittany', 'Holtrop', NULL, 0, 'member', '2025-05-18 03:21');

INSERT OR IGNORE INTO user (id, email, email_verified, hashed_password, name, first_name, last_name, wix_member_id, blocked, role, created_at) VALUES ('f6730d6d179940759c1d624a39e065ca', 'oliviagphoto@gmail.com', 1, '', '', '', '', NULL, 0, 'member', '2025-05-15 14:58');

INSERT OR IGNORE INTO user (id, email, email_verified, hashed_password, name, first_name, last_name, wix_member_id, blocked, role, created_at) VALUES ('73af18286d814d97bd7fe0f7454a3460', 'baseballschoolboy@yahoo.com', 1, '', '', '', '', NULL, 0, 'member', '2025-05-20 16:46');

INSERT OR IGNORE INTO user (id, email, email_verified, hashed_password, name, first_name, last_name, wix_member_id, blocked, role, created_at) VALUES ('692c4daa74a84abb9a863a5d8b1a2980', 'tricia.kentner@gmail.com', 1, '', 'Tricia Kentner', 'Tricia', 'Kentner', NULL, 0, 'member', '2025-05-21 15:31');

INSERT OR IGNORE INTO user (id, email, email_verified, hashed_password, name, first_name, last_name, wix_member_id, blocked, role, created_at) VALUES ('8db2c7ddda9848a98bdf29fbc578a0ae', 'kbhaley25@gmail.com', 1, '', '', '', '', NULL, 0, 'member', '2025-05-19 17:51');
INSERT OR IGNORE INTO user_label (user_id, label) VALUES ('8db2c7ddda9848a98bdf29fbc578a0ae', 'RRM Academy Members Group member');

INSERT OR IGNORE INTO user (id, email, email_verified, hashed_password, name, first_name, last_name, wix_member_id, blocked, role, created_at) VALUES ('847c6119051c47ebb0f221cf7f730f22', 'carmen.knott29@gmail.com', 1, '', '', '', '', NULL, 0, 'member', '2025-05-17 20:53');

INSERT OR IGNORE INTO user (id, email, email_verified, hashed_password, name, first_name, last_name, wix_member_id, blocked, role, created_at) VALUES ('bbcc392ab2264fd3a0c4b6bb37d2e3f9', 'mez62c@yahoo.com', 1, '', 'Margaret McEneny', 'Margaret', 'McEneny', NULL, 0, 'member', '2025-05-17 22:07');

INSERT OR IGNORE INTO user (id, email, email_verified, hashed_password, name, first_name, last_name, wix_member_id, blocked, role, created_at) VALUES ('02155c808be043829e21f68bcfce080e', 'cassbadilla31@gmail.com', 1, '', '', '', '', NULL, 0, 'member', '2025-05-23 01:05');

INSERT OR IGNORE INTO user (id, email, email_verified, hashed_password, name, first_name, last_name, wix_member_id, blocked, role, created_at) VALUES ('91ce7274a95c4c97aa9c6906281d0d23', 'karinaperezrouco@gmail.com', 1, '', '', '', '', NULL, 0, 'member', '2025-05-21 03:10');

INSERT OR IGNORE INTO user (id, email, email_verified, hashed_password, name, first_name, last_name, wix_member_id, blocked, role, created_at) VALUES ('93ed4d6ab8874f16b80abfe9ff9b0ec2', 'hazeljael@yahoo.com', 1, '', '', '', '', NULL, 0, 'member', '2025-05-15 23:30');

INSERT OR IGNORE INTO user (id, email, email_verified, hashed_password, name, first_name, last_name, wix_member_id, blocked, role, created_at) VALUES ('072ddb5db8d948db96a41928c45903ac', 'karivrad@gmail.com', 1, '', '', '', '', NULL, 0, 'member', '2025-05-16 13:39');
INSERT OR IGNORE INTO user_label (user_id, label) VALUES ('072ddb5db8d948db96a41928c45903ac', 'RRM Academy Members Group member');

INSERT OR IGNORE INTO user (id, email, email_verified, hashed_password, name, first_name, last_name, wix_member_id, blocked, role, created_at) VALUES ('725fca2bcb0044c4964d500105535ae9', 'megan.golino@gmail.com', 1, '', 'Megan Golinowski', 'Megan', 'Golinowski', NULL, 0, 'member', '2025-05-19 23:53');

INSERT OR IGNORE INTO user (id, email, email_verified, hashed_password, name, first_name, last_name, wix_member_id, blocked, role, created_at) VALUES ('d144b0aa8e3e41d0ba11977df6dd2830', 'mharrold0208@gmail.com', 1, '', 'Martha Hahn', 'Martha', 'Hahn', NULL, 0, 'member', '2025-05-22 06:09');

INSERT OR IGNORE INTO user (id, email, email_verified, hashed_password, name, first_name, last_name, wix_member_id, blocked, role, created_at) VALUES ('c6dca9f82084476ebc734e806c343beb', 'samantha.m.melendez@gmail.com', 1, '', '', '', '', NULL, 0, 'member', '2025-05-18 20:28');

INSERT OR IGNORE INTO user (id, email, email_verified, hashed_password, name, first_name, last_name, wix_member_id, blocked, role, created_at) VALUES ('6818963611234b818555b5c6eb6d202b', 'laurenvitale@mmnfp.com', 1, '', 'Lauren Vitale', 'Lauren', 'Vitale', NULL, 0, 'member', '2025-05-16 16:12');

INSERT OR IGNORE INTO user (id, email, email_verified, hashed_password, name, first_name, last_name, wix_member_id, blocked, role, created_at) VALUES ('c44da12c1e6d4e65b6a26e4c0e6a9665', 'raynehouser@gmail.com', 1, '', 'Rayne Houser', 'Rayne', 'Houser', NULL, 0, 'member', '2025-05-21 18:43');

INSERT OR IGNORE INTO user (id, email, email_verified, hashed_password, name, first_name, last_name, wix_member_id, blocked, role, created_at) VALUES ('750b4ed7ad95438f9acd207a2f1446ba', 'stsherwood99@gmail.com', 1, '', '', '', '', NULL, 0, 'member', '2025-05-15 03:16');

INSERT OR IGNORE INTO user (id, email, email_verified, hashed_password, name, first_name, last_name, wix_member_id, blocked, role, created_at) VALUES ('6e7013f7178a46be9ce2822bef724b06', 'mckizior@gmail.com', 1, '', 'Mary Kizior', 'Mary', 'Kizior', NULL, 0, 'member', '2025-05-18 14:26');

INSERT OR IGNORE INTO user (id, email, email_verified, hashed_password, name, first_name, last_name, wix_member_id, blocked, role, created_at) VALUES ('800c53aa462a489ca7de4079477b2ec5', 'cdmarquis24@gmail.com', 1, '', 'Chelsea Marquis', 'Chelsea', 'Marquis', NULL, 0, 'member', '2025-05-19 01:30');
INSERT OR IGNORE INTO user_label (user_id, label) VALUES ('800c53aa462a489ca7de4079477b2ec5', 'RRM Academy Members Group member');

INSERT OR IGNORE INTO user (id, email, email_verified, hashed_password, name, first_name, last_name, wix_member_id, blocked, role, created_at) VALUES ('6c213b0d23564839833c2049489abc08', 'laurensantosad2@gmail.com', 1, '', '', '', '', NULL, 0, 'member', '2025-05-17 10:38');

INSERT OR IGNORE INTO user (id, email, email_verified, hashed_password, name, first_name, last_name, wix_member_id, blocked, role, created_at) VALUES ('026addcd22be44e59fe9ec749183f2d7', 'eva.brockschmidt@gmail.com', 1, '', '', '', '', NULL, 0, 'member', '2025-05-22 16:00');

INSERT OR IGNORE INTO user (id, email, email_verified, hashed_password, name, first_name, last_name, wix_member_id, blocked, role, created_at) VALUES ('f8033aaf25314ede9d7f1d1e705c4f60', 'briannanorum@gmail.com', 1, '', '', '', '', NULL, 0, 'member', '2025-05-15 21:59');

INSERT OR IGNORE INTO user (id, email, email_verified, hashed_password, name, first_name, last_name, wix_member_id, blocked, role, created_at) VALUES ('5cab7062a23f43a398c4aac7f6e0cc60', 'doggy.lover99@yahoo.com', 1, '', '', '', '', NULL, 0, 'member', '2025-05-19 02:24');

INSERT OR IGNORE INTO user (id, email, email_verified, hashed_password, name, first_name, last_name, wix_member_id, blocked, role, created_at) VALUES ('45724156276048ca82a1745cee01969a', '1kellyshanahan@gmail.com', 1, '', '', '', '', NULL, 0, 'member', '2025-05-18 00:23');

INSERT OR IGNORE INTO user (id, email, email_verified, hashed_password, name, first_name, last_name, wix_member_id, blocked, role, created_at) VALUES ('686781f9276d435ba4c60ffcd6a304d1', 'director@dakotahope.org', 1, '', 'Nadia Smetana', 'Nadia', 'Smetana', NULL, 0, 'member', '2025-05-17 17:23');
INSERT OR IGNORE INTO user_label (user_id, label) VALUES ('686781f9276d435ba4c60ffcd6a304d1', 'RRM Academy Members Group member');

INSERT OR IGNORE INTO user (id, email, email_verified, hashed_password, name, first_name, last_name, wix_member_id, blocked, role, created_at) VALUES ('c1c0be28a4a54d3ba0bfd9b32e6febf4', 'laurenkubisch@gmail.com', 1, '', 'Lauren Kubisch', 'Lauren', 'Kubisch', NULL, 0, 'member', '2025-05-19 23:40');

INSERT OR IGNORE INTO user (id, email, email_verified, hashed_password, name, first_name, last_name, wix_member_id, blocked, role, created_at) VALUES ('68f6111fb14c4eb89eeeefd6b50d0737', 'jasminewixsolution@gmail.com', 1, '', 'Jasminewix Solution', 'Jasminewix', 'Solution', NULL, 1, 'member', '2025-05-22 06:11');
INSERT OR IGNORE INTO user_label (user_id, label) VALUES ('68f6111fb14c4eb89eeeefd6b50d0737', 'Spam 🛑');

INSERT OR IGNORE INTO user (id, email, email_verified, hashed_password, name, first_name, last_name, wix_member_id, blocked, role, created_at) VALUES ('ba34cad7ca854cc5ba00518141f401d5', 'hsaum@hotmail.co.uk', 1, '', '', '', '', NULL, 0, 'member', '2025-05-19 21:09');

INSERT OR IGNORE INTO user (id, email, email_verified, hashed_password, name, first_name, last_name, wix_member_id, blocked, role, created_at) VALUES ('712b7d5386754397b16527c61e43b2e3', 'gerard@naturalwomanhood.org', 1, '', '', '', '', NULL, 0, 'member', '2025-05-22 19:09');
INSERT OR IGNORE INTO user_label (user_id, label) VALUES ('712b7d5386754397b16527c61e43b2e3', 'RRM Academy Members Group member');

INSERT OR IGNORE INTO user (id, email, email_verified, hashed_password, name, first_name, last_name, wix_member_id, blocked, role, created_at) VALUES ('09552d59cd9842c78921bec8519e1702', 'demowixpartner@gmail.com', 1, '', '', '', '', NULL, 1, 'member', '2025-05-22 21:19');
INSERT OR IGNORE INTO user_label (user_id, label) VALUES ('09552d59cd9842c78921bec8519e1702', 'Spam 🛑');

INSERT OR IGNORE INTO user (id, email, email_verified, hashed_password, name, first_name, last_name, wix_member_id, blocked, role, created_at) VALUES ('51cd2c92705f43e28f814b71ddbc2519', 'carolineabramowicz@gmail.com', 1, '', 'Caroline Abramowicz', 'Caroline', 'Abramowicz', NULL, 0, 'member', '2025-05-17 20:25');

INSERT OR IGNORE INTO user (id, email, email_verified, hashed_password, name, first_name, last_name, wix_member_id, blocked, role, created_at) VALUES ('765fd3c1286d49a8adabba7367205f8c', 'starrtalksfit@gmail.com', 1, '', 'Starr Rochelle', 'Starr', 'Rochelle', NULL, 0, 'member', '2025-05-26 20:20');

INSERT OR IGNORE INTO user (id, email, email_verified, hashed_password, name, first_name, last_name, wix_member_id, blocked, role, created_at) VALUES ('661643295d21423ba2c5e62b93800f7f', 'shayladever511@gmail.com', 1, '', '', '', '', NULL, 0, 'member', '2025-05-27 04:16');

INSERT OR IGNORE INTO user (id, email, email_verified, hashed_password, name, first_name, last_name, wix_member_id, blocked, role, created_at) VALUES ('22eb05c91107491699e3c1112cdd8204', 'janie.mcmanus@icloud.com', 1, '', '', '', '', NULL, 0, 'member', '2025-05-28 23:14');

INSERT OR IGNORE INTO user (id, email, email_verified, hashed_password, name, first_name, last_name, wix_member_id, blocked, role, created_at) VALUES ('5fd4356cf3784a8aa782b9bfa90a3986', 'k.alfermann@gmail.com', 1, '', '', '', '', NULL, 0, 'member', '2025-05-27 00:17');

INSERT OR IGNORE INTO user (id, email, email_verified, hashed_password, name, first_name, last_name, wix_member_id, blocked, role, created_at) VALUES ('9dfa8b1861a644949b0d414246d3bbc9', 'charmingcurls@yahoo.com', 1, '', '', '', '', NULL, 0, 'member', '2025-05-28 16:08');

INSERT OR IGNORE INTO user (id, email, email_verified, hashed_password, name, first_name, last_name, wix_member_id, blocked, role, created_at) VALUES ('ec91d2f643ac49ac841ce57bc9c4d17e', 'laurendugger@aol.com', 1, '', '', '', '', NULL, 0, 'member', '2025-06-03 23:21');

INSERT OR IGNORE INTO user (id, email, email_verified, hashed_password, name, first_name, last_name, wix_member_id, blocked, role, created_at) VALUES ('2725b90af99d40b6a5cc0d66394d1a48', 'gonefishin1129@gmail.com', 1, '', '', '', '', NULL, 0, 'member', '2025-05-27 03:46');

INSERT OR IGNORE INTO user (id, email, email_verified, hashed_password, name, first_name, last_name, wix_member_id, blocked, role, created_at) VALUES ('a8dce1242a144b208dcaba12ac52ce6c', 'rahmonaab2@gmail.com', 1, '', 'Rahmona Ab', 'Rahmona', 'Ab', NULL, 0, 'member', '2025-05-24 00:22');

INSERT OR IGNORE INTO user (id, email, email_verified, hashed_password, name, first_name, last_name, wix_member_id, blocked, role, created_at) VALUES ('cfe53df1fcec4f6eb141bf21a582adea', 'anna72489@yahoo.com', 1, '', '', '', '', NULL, 0, 'member', '2025-05-27 04:00');

INSERT OR IGNORE INTO user (id, email, email_verified, hashed_password, name, first_name, last_name, wix_member_id, blocked, role, created_at) VALUES ('7e76957cf83f4c75bdafc2bf8cd7a02e', 'gkramp22@gmail.com', 1, '', '', '', '', NULL, 0, 'member', '2025-05-25 11:23');

INSERT OR IGNORE INTO user (id, email, email_verified, hashed_password, name, first_name, last_name, wix_member_id, blocked, role, created_at) VALUES ('39c80204e90c41e58a1530b17043bfe9', 'lily.kane.myette@gmail.com', 1, '', '', '', '', NULL, 0, 'member', '2025-06-01 02:37');

INSERT OR IGNORE INTO user (id, email, email_verified, hashed_password, name, first_name, last_name, wix_member_id, blocked, role, created_at) VALUES ('bfe6f67a047141989faeccf4d56cee1f', 'hlighty@gmail.com', 1, '', '', '', '', NULL, 0, 'member', '2025-05-27 17:18');

INSERT OR IGNORE INTO user (id, email, email_verified, hashed_password, name, first_name, last_name, wix_member_id, blocked, role, created_at) VALUES ('de7e9d800e4847ccbf29f50163e46b8b', 'emmybyrum@gmail.com', 1, '', '', '', '', NULL, 0, 'member', '2025-05-28 15:38');

INSERT OR IGNORE INTO user (id, email, email_verified, hashed_password, name, first_name, last_name, wix_member_id, blocked, role, created_at) VALUES ('4049d5002cc04c8eafe3bd06c9c9b652', 'kadest17@gmail.com', 1, '', 'Krystal Destrampe', 'Krystal', 'Destrampe', NULL, 0, 'member', '2025-05-23 21:03');

INSERT OR IGNORE INTO user (id, email, email_verified, hashed_password, name, first_name, last_name, wix_member_id, blocked, role, created_at) VALUES ('82ce0758806d483199789bf7054ed079', 'michaelwixlegend@gmail.com', 1, '', 'Michael Wix legend', 'Michael', 'Wix legend', NULL, 1, 'member', '2025-05-24 17:53');
INSERT OR IGNORE INTO user_label (user_id, label) VALUES ('82ce0758806d483199789bf7054ed079', 'Spam 🛑');

INSERT OR IGNORE INTO user (id, email, email_verified, hashed_password, name, first_name, last_name, wix_member_id, blocked, role, created_at) VALUES ('b93ce6df0d1e4675a4c1025827e33ec0', 'dewh16@gmail.com', 1, '', '', '', '', NULL, 0, 'member', '2025-05-24 02:14');
INSERT OR IGNORE INTO user_label (user_id, label) VALUES ('b93ce6df0d1e4675a4c1025827e33ec0', 'RRM Academy Members Group member');

INSERT OR IGNORE INTO user (id, email, email_verified, hashed_password, name, first_name, last_name, wix_member_id, blocked, role, created_at) VALUES ('8382f35894e640bdbf7c2f087b6a0c45', 'heather.caligiuri@gmail.com', 1, '', '', '', '', NULL, 0, 'member', '2025-05-24 12:28');

INSERT OR IGNORE INTO user (id, email, email_verified, hashed_password, name, first_name, last_name, wix_member_id, blocked, role, created_at) VALUES ('2ea918f4a7ab41308ca97a4146527666', 'loic@healthdatasafe.org', 1, '', '', '', '', NULL, 0, 'member', '2025-05-26 20:56');
INSERT OR IGNORE INTO user_label (user_id, label) VALUES ('2ea918f4a7ab41308ca97a4146527666', 'RRM Academy Members Group member');

INSERT OR IGNORE INTO user (id, email, email_verified, hashed_password, name, first_name, last_name, wix_member_id, blocked, role, created_at) VALUES ('518fee073f2d481c925d2a39023ba8b2', 'sjmellen@gmail.com', 1, '', '', '', '', NULL, 0, 'member', '2025-05-27 02:17');

INSERT OR IGNORE INTO user (id, email, email_verified, hashed_password, name, first_name, last_name, wix_member_id, blocked, role, created_at) VALUES ('f4067cc4bf114a74b3f73b7691a6e759', 'caitlinmwrightaz@gmail.com', 1, '', '', '', '', NULL, 0, 'member', '2025-05-26 14:03');

INSERT OR IGNORE INTO user (id, email, email_verified, hashed_password, name, first_name, last_name, wix_member_id, blocked, role, created_at) VALUES ('09b5a9f2a254427eaccb10eb0e52e9b0', 'mia.d.thomas@gmail.com', 1, '', '', '', '', NULL, 0, 'member', '2025-05-26 20:10');

INSERT OR IGNORE INTO user (id, email, email_verified, hashed_password, name, first_name, last_name, wix_member_id, blocked, role, created_at) VALUES ('285838b276364d95b0beb38a24d133bc', 'leggrachel18@gmail.com', 1, '', '', '', '', NULL, 0, 'member', '2025-05-31 01:38');

INSERT OR IGNORE INTO user (id, email, email_verified, hashed_password, name, first_name, last_name, wix_member_id, blocked, role, created_at) VALUES ('a08b73068663436490ee9bdf583b2ec4', 'bdeabreu88@gmail.com', 1, '', 'Bonita DeAbreu', 'Bonita', 'DeAbreu', NULL, 0, 'member', '2025-06-04 03:08');

INSERT OR IGNORE INTO user (id, email, email_verified, hashed_password, name, first_name, last_name, wix_member_id, blocked, role, created_at) VALUES ('6fa866a0845041fbb8c0f943ad470b4b', 'lisa.grishko@gmail.com', 1, '', '', '', '', NULL, 0, 'member', '2025-05-31 01:25');

INSERT OR IGNORE INTO user (id, email, email_verified, hashed_password, name, first_name, last_name, wix_member_id, blocked, role, created_at) VALUES ('c868452b99814376bda1875f33c85d11', 'karapronesti@hotmail.com', 1, '', '', '', '', NULL, 0, 'member', '2025-05-31 18:31');

INSERT OR IGNORE INTO user (id, email, email_verified, hashed_password, name, first_name, last_name, wix_member_id, blocked, role, created_at) VALUES ('84708f9cebef4284884a3eb8d983d6dd', 'edrum20@gmail.com', 1, '', '', '', '', NULL, 0, 'member', '2025-05-25 17:21');

INSERT OR IGNORE INTO user (id, email, email_verified, hashed_password, name, first_name, last_name, wix_member_id, blocked, role, created_at) VALUES ('19efc584dddc4c1b905338303eeb3e91', 'amanda.proia@gmail.com', 1, '', 'Amanda Stipek', 'Amanda', 'Stipek', NULL, 0, 'member', '2025-05-30 16:18');

INSERT OR IGNORE INTO user (id, email, email_verified, hashed_password, name, first_name, last_name, wix_member_id, blocked, role, created_at) VALUES ('df0ae8f4b6ad4028a6b0789bb479d8f3', 'katelyn_copell@yahoo.com', 1, '', 'Katelyn Copell Romero', 'Katelyn', 'Copell Romero', NULL, 0, 'member', '2025-05-31 14:03');

INSERT OR IGNORE INTO user (id, email, email_verified, hashed_password, name, first_name, last_name, wix_member_id, blocked, role, created_at) VALUES ('98064fea644a4d609fe9caab1f835555', 'nat_abraham8@hotmail.com', 1, '', '', '', '', NULL, 0, 'member', '2025-06-02 03:02');

INSERT OR IGNORE INTO user (id, email, email_verified, hashed_password, name, first_name, last_name, wix_member_id, blocked, role, created_at) VALUES ('af32d6b413af47b5aacf57419ab9af3a', 'corict@gmail.com', 1, '', 'Corina Contaris Torres', 'Corina', 'Contaris Torres', NULL, 0, 'member', '2025-05-26 22:42');

INSERT OR IGNORE INTO user (id, email, email_verified, hashed_password, name, first_name, last_name, wix_member_id, blocked, role, created_at) VALUES ('be7d2571e36642d9a156219df5b8c41c', 'carrienemeh@gmail.com', 1, '', '', '', '', NULL, 0, 'member', '2025-05-29 22:45');

INSERT OR IGNORE INTO user (id, email, email_verified, hashed_password, name, first_name, last_name, wix_member_id, blocked, role, created_at) VALUES ('239e6dee523040cfa017718df6a4c6d6', 'annapatterson818@gmail.com', 1, '', '', '', '', NULL, 0, 'member', '2025-05-27 23:56');

INSERT OR IGNORE INTO user (id, email, email_verified, hashed_password, name, first_name, last_name, wix_member_id, blocked, role, created_at) VALUES ('a56c034c9d434718bcf2e279f41d75aa', 'mikhockens@gmail.com', 1, '', '', '', '', NULL, 0, 'member', '2025-05-28 22:33');

INSERT OR IGNORE INTO user (id, email, email_verified, hashed_password, name, first_name, last_name, wix_member_id, blocked, role, created_at) VALUES ('7c6b8a5675cc428e9d404906d38ea809', 'hahahahaha@gmail.com', 1, '', '', '', '', NULL, 0, 'member', '2025-05-26 12:43');

INSERT OR IGNORE INTO user (id, email, email_verified, hashed_password, name, first_name, last_name, wix_member_id, blocked, role, created_at) VALUES ('521bf61a15954c64b6a526e557e06d91', 'christinemjohns@gmail.com', 1, '', 'Christy J', 'Christy', 'J', NULL, 0, 'member', '2025-05-30 19:21');

INSERT OR IGNORE INTO user (id, email, email_verified, hashed_password, name, first_name, last_name, wix_member_id, blocked, role, created_at) VALUES ('bc607e51810c4abab168f1a6f58b3687', 'arianapoulakos@gmail.com', 1, '', '', '', '', NULL, 0, 'member', '2025-05-28 03:08');
INSERT OR IGNORE INTO user_label (user_id, label) VALUES ('bc607e51810c4abab168f1a6f58b3687', 'RRM Academy Members Group member');

INSERT OR IGNORE INTO user (id, email, email_verified, hashed_password, name, first_name, last_name, wix_member_id, blocked, role, created_at) VALUES ('29ed0c46a4ca4b46bf400b531ffdf858', 'jennifer.naaden@gmail.com', 1, '', '', '', '', NULL, 0, 'member', '2025-05-26 21:23');

INSERT OR IGNORE INTO user (id, email, email_verified, hashed_password, name, first_name, last_name, wix_member_id, blocked, role, created_at) VALUES ('5c4d21b144454f6f8e6ab8d5ca2fbe4d', 'donna.t.walsh@gmail.com', 1, '', '', '', '', NULL, 0, 'member', '2025-05-29 19:52');

INSERT OR IGNORE INTO user (id, email, email_verified, hashed_password, name, first_name, last_name, wix_member_id, blocked, role, created_at) VALUES ('b269ae2941634095a80c759ff497c883', 'creative.one@me.com', 1, '', '', '', '', NULL, 0, 'member', '2025-06-03 15:29');

INSERT OR IGNORE INTO user (id, email, email_verified, hashed_password, name, first_name, last_name, wix_member_id, blocked, role, created_at) VALUES ('0b5d1eccd0d04f868d9dd4181c03a1a6', 'nataliekovatch@gmail.com', 1, '', '', '', '', NULL, 0, 'member', '2025-05-30 17:25');

INSERT OR IGNORE INTO user (id, email, email_verified, hashed_password, name, first_name, last_name, wix_member_id, blocked, role, created_at) VALUES ('88dcfbd4dc3043aa87d131c70145c1b8', 'amy.galvan@agaom.com', 1, '', '', '', '', NULL, 0, 'member', '2025-06-01 20:27');
INSERT OR IGNORE INTO user_label (user_id, label) VALUES ('88dcfbd4dc3043aa87d131c70145c1b8', 'Masterclass in Endometriosis and Surgery');
INSERT OR IGNORE INTO user_label (user_id, label) VALUES ('88dcfbd4dc3043aa87d131c70145c1b8', 'Masterclass Members Group member');
INSERT OR IGNORE INTO user_label (user_id, label) VALUES ('88dcfbd4dc3043aa87d131c70145c1b8', 'RRM Academy Members Group member');
INSERT OR IGNORE INTO user_label (user_id, label) VALUES ('88dcfbd4dc3043aa87d131c70145c1b8', 'Endo Surgeon Workbook 🏷️');
INSERT OR IGNORE INTO enrollment (id, user_id, course_id, enrolled_at) VALUES ('3c5c2f7684424a16b63e81115f1d057f', '88dcfbd4dc3043aa87d131c70145c1b8', 'masterclass-endo-surgery', '2025-06-01 20:27');

INSERT OR IGNORE INTO user (id, email, email_verified, hashed_password, name, first_name, last_name, wix_member_id, blocked, role, created_at) VALUES ('94743d1d63814803b224586c9f427400', 'jennajacoby7@gmail.com', 1, '', 'Jenna Jacoby', 'Jenna', 'Jacoby', NULL, 0, 'member', '2025-05-26 00:14');

INSERT OR IGNORE INTO user (id, email, email_verified, hashed_password, name, first_name, last_name, wix_member_id, blocked, role, created_at) VALUES ('1ba91badd23149c1a97395f7b17ffb8f', 'martin54768@gmail.com', 1, '', 'David Martin', 'David', 'Martin', NULL, 0, 'member', '2025-05-29 17:32');

INSERT OR IGNORE INTO user (id, email, email_verified, hashed_password, name, first_name, last_name, wix_member_id, blocked, role, created_at) VALUES ('27754de3d43341948aa79eedd4937baa', 'familyfirstfcc@gmail.com', 1, '', 'Kay O Dwyer', 'Kay', 'O Dwyer', NULL, 0, 'member', '2025-05-30 11:57');
INSERT OR IGNORE INTO user_label (user_id, label) VALUES ('27754de3d43341948aa79eedd4937baa', 'RRM Academy Members Group member');

INSERT OR IGNORE INTO user (id, email, email_verified, hashed_password, name, first_name, last_name, wix_member_id, blocked, role, created_at) VALUES ('a9d1aa7974a14769a732966df9fdb40d', 'embrek24@gmail.com', 1, '', '', '', '', NULL, 0, 'member', '2025-05-29 15:55');

INSERT OR IGNORE INTO user (id, email, email_verified, hashed_password, name, first_name, last_name, wix_member_id, blocked, role, created_at) VALUES ('71c0412ad6b54c588f4fe6361fc46d29', 'missfeb229@gmail.com', 1, '', 'Dawn', 'Dawn', '', NULL, 0, 'member', '2025-05-31 01:27');

INSERT OR IGNORE INTO user (id, email, email_verified, hashed_password, name, first_name, last_name, wix_member_id, blocked, role, created_at) VALUES ('5c0a0bf3e9cd414683fae392e7b6e06f', 'shelbyrvause@gmail.com', 1, '', '', '', '', NULL, 0, 'member', '2025-05-26 04:42');

INSERT OR IGNORE INTO user (id, email, email_verified, hashed_password, name, first_name, last_name, wix_member_id, blocked, role, created_at) VALUES ('84295d04a6d546c8910b45e54b80a639', 'k.maethibault@gmail.com', 1, '', 'Kelsey M.', 'Kelsey', 'M.', NULL, 0, 'member', '2025-05-26 20:39');

INSERT OR IGNORE INTO user (id, email, email_verified, hashed_password, name, first_name, last_name, wix_member_id, blocked, role, created_at) VALUES ('19fa552b9cfe48bdbc8630064c24bd1e', 'jeschwartz91@gmail.com', 1, '', 'Jade Schwartz', 'Jade', 'Schwartz', NULL, 0, 'member', '2025-06-04 20:04');

INSERT OR IGNORE INTO user (id, email, email_verified, hashed_password, name, first_name, last_name, wix_member_id, blocked, role, created_at) VALUES ('df200f49cd8148369b3bd57f8ad8e52a', 'sarah.ann.spencer@gmail.com', 1, '', '', '', '', NULL, 0, 'member', '2025-05-26 23:36');

INSERT OR IGNORE INTO user (id, email, email_verified, hashed_password, name, first_name, last_name, wix_member_id, blocked, role, created_at) VALUES ('28fa87a17d434284af3a2bf9eddfd775', 'e.hebert1214@gmail.com', 1, '', '', '', '', NULL, 0, 'member', '2025-05-26 03:17');

INSERT OR IGNORE INTO user (id, email, email_verified, hashed_password, name, first_name, last_name, wix_member_id, blocked, role, created_at) VALUES ('096516fbea5145c0936e37fb6d3d7705', 'mrswasey18@gmail.com', 1, '', 'Morgan Swasey', 'Morgan', 'Swasey', NULL, 0, 'member', '2025-05-29 17:46');

INSERT OR IGNORE INTO user (id, email, email_verified, hashed_password, name, first_name, last_name, wix_member_id, blocked, role, created_at) VALUES ('25f82eab236546b2920e6c638b3c725d', 'margmcginley@gmail.com', 1, '', '', '', '', NULL, 0, 'member', '2025-06-03 14:01');

INSERT OR IGNORE INTO user (id, email, email_verified, hashed_password, name, first_name, last_name, wix_member_id, blocked, role, created_at) VALUES ('ee302a7481834c99b15524fa6d5455c1', 'emilykmillard@gmail.com', 1, '', '', '', '', NULL, 0, 'member', '2025-05-30 01:45');

INSERT OR IGNORE INTO user (id, email, email_verified, hashed_password, name, first_name, last_name, wix_member_id, blocked, role, created_at) VALUES ('d3502f278339442a807fc81ab820fea0', 'mstmkt@gmail.com', 1, '', 'Michele Trosclair', 'Michele', 'Trosclair', NULL, 0, 'member', '2025-06-03 13:55');

INSERT OR IGNORE INTO user (id, email, email_verified, hashed_password, name, first_name, last_name, wix_member_id, blocked, role, created_at) VALUES ('289ccf4edebb41dca24a3c6ce2b0150f', 'rltvrdy@gmail.com', 1, '', 'Rachael Tvrdy', 'Rachael', 'Tvrdy', NULL, 0, 'member', '2025-06-03 22:13');

INSERT OR IGNORE INTO user (id, email, email_verified, hashed_password, name, first_name, last_name, wix_member_id, blocked, role, created_at) VALUES ('a57185f2a30e4b6cbc48af3c170c7e84', 'sarahfranks7@icloud.com', 1, '', '', '', '', NULL, 0, 'member', '2025-05-23 02:29');

INSERT OR IGNORE INTO user (id, email, email_verified, hashed_password, name, first_name, last_name, wix_member_id, blocked, role, created_at) VALUES ('ee284300fb424ed8818b8a51016ef04a', 'rachelgaikwad@gmail.com', 1, '', 'Rachel Gaikwad', 'Rachel', 'Gaikwad', NULL, 0, 'member', '2025-05-23 07:55');
INSERT OR IGNORE INTO user_label (user_id, label) VALUES ('ee284300fb424ed8818b8a51016ef04a', 'RRM Academy Members Group member');

INSERT OR IGNORE INTO user (id, email, email_verified, hashed_password, name, first_name, last_name, wix_member_id, blocked, role, created_at) VALUES ('4d82a43af78849c1a7f29abe1047a787', '7000missionaries@gmail.com', 1, '', '', '', '', NULL, 0, 'member', '2025-05-27 09:28');

INSERT OR IGNORE INTO user (id, email, email_verified, hashed_password, name, first_name, last_name, wix_member_id, blocked, role, created_at) VALUES ('c3b4c604b12e452981ec953b5d751ea5', 'mjkenney6@gmail.com', 1, '', '', '', '', NULL, 0, 'member', '2025-05-26 19:05');

INSERT OR IGNORE INTO user (id, email, email_verified, hashed_password, name, first_name, last_name, wix_member_id, blocked, role, created_at) VALUES ('15d93c020f0148be883523b9ca673db9', 'jessilarssen@gmail.com', 1, '', '', '', '', NULL, 0, 'member', '2025-05-24 19:25');

INSERT OR IGNORE INTO user (id, email, email_verified, hashed_password, name, first_name, last_name, wix_member_id, blocked, role, created_at) VALUES ('48946ed7d4134774a25fb6c9accdf572', 'kariknc@gmail.com', 1, '', 'Karina Conde', 'Karina', 'Conde', NULL, 0, 'member', '2025-05-27 02:18');

INSERT OR IGNORE INTO user (id, email, email_verified, hashed_password, name, first_name, last_name, wix_member_id, blocked, role, created_at) VALUES ('5420e789b89d4ba18acc0c04147fa9e5', 'kholtz7796@gmail.com', 1, '', '', '', '', NULL, 0, 'member', '2025-06-02 18:16');

INSERT OR IGNORE INTO user (id, email, email_verified, hashed_password, name, first_name, last_name, wix_member_id, blocked, role, created_at) VALUES ('badcc38307a241449166ab1453f04fdd', 'kaitklein2@gmail.com', 1, '', '', '', '', NULL, 0, 'member', '2025-05-24 05:51');

INSERT OR IGNORE INTO user (id, email, email_verified, hashed_password, name, first_name, last_name, wix_member_id, blocked, role, created_at) VALUES ('78f1445eadc54741b0dc3b70a5a4c62d', 'rskmiecik@cox.net', 1, '', '', '', '', NULL, 0, 'member', '2025-05-27 01:46');

INSERT OR IGNORE INTO user (id, email, email_verified, hashed_password, name, first_name, last_name, wix_member_id, blocked, role, created_at) VALUES ('c8114f794fca4f7dbe09bb609907104f', 'lgoeke22@gmail.com', 1, '', '', '', '', NULL, 0, 'member', '2025-05-25 23:38');

INSERT OR IGNORE INTO user (id, email, email_verified, hashed_password, name, first_name, last_name, wix_member_id, blocked, role, created_at) VALUES ('65fa3b8bc440493dacd46a43076b46f7', 'caitangelocci@gmail.com', 1, '', '', '', '', NULL, 0, 'member', '2025-05-27 04:13');

INSERT OR IGNORE INTO user (id, email, email_verified, hashed_password, name, first_name, last_name, wix_member_id, blocked, role, created_at) VALUES ('4389b01a91cb480798d1dbb074fee0e9', 'mhayes1221@gmail.com', 1, '', '', '', '', NULL, 0, 'member', '2025-05-26 20:47');

INSERT OR IGNORE INTO user (id, email, email_verified, hashed_password, name, first_name, last_name, wix_member_id, blocked, role, created_at) VALUES ('982c4658bb894e98af383afd722a4fac', 'shannencooper19@gmail.com', 1, '', '', '', '', NULL, 0, 'member', '2025-06-04 00:49');

INSERT OR IGNORE INTO user (id, email, email_verified, hashed_password, name, first_name, last_name, wix_member_id, blocked, role, created_at) VALUES ('ccfedfc578f4474190bcbf098c5705cf', 'ryan@elanor.health', 1, '', 'Ryan O''Connell', 'Ryan', 'O''Connell', NULL, 0, 'member', '2025-05-26 16:23');
INSERT OR IGNORE INTO user_label (user_id, label) VALUES ('ccfedfc578f4474190bcbf098c5705cf', 'RRM Academy Members Group member');

INSERT OR IGNORE INTO user (id, email, email_verified, hashed_password, name, first_name, last_name, wix_member_id, blocked, role, created_at) VALUES ('f162d3893595436bad7ae349ef67a636', 'aribiamail@gmail.com', 1, '', 'Iaia Bia', 'Iaia', 'Bia', NULL, 0, 'member', '2025-05-27 18:43');

INSERT OR IGNORE INTO user (id, email, email_verified, hashed_password, name, first_name, last_name, wix_member_id, blocked, role, created_at) VALUES ('b861586553bb4d99ae45c9e264751f3e', 'mathewwix20@gmail.com', 1, '', '', '', '', NULL, 1, 'member', '2025-06-03 13:48');
INSERT OR IGNORE INTO user_label (user_id, label) VALUES ('b861586553bb4d99ae45c9e264751f3e', 'Spam 🛑');

INSERT OR IGNORE INTO user (id, email, email_verified, hashed_password, name, first_name, last_name, wix_member_id, blocked, role, created_at) VALUES ('97660f2e170b4ef2a135001266149e01', 'annette.kiazyk@gmail.com', 1, '', '', '', '', NULL, 0, 'member', '2025-06-03 22:45');

INSERT OR IGNORE INTO user (id, email, email_verified, hashed_password, name, first_name, last_name, wix_member_id, blocked, role, created_at) VALUES ('8604afe3f47249708d2d29df2bf33623', 'peacefulhomebirthpodcast@gmail.com', 1, '', 'Aly McClain', 'Aly', 'McClain', NULL, 0, 'member', '2025-05-29 00:10');

INSERT OR IGNORE INTO user (id, email, email_verified, hashed_password, name, first_name, last_name, wix_member_id, blocked, role, created_at) VALUES ('fddc382a748449fe95ca8c929a19abe4', 'serenesolution254@gmail.com', 1, '', 'Serene Solution', 'Serene', 'Solution', NULL, 0, 'member', '2025-06-02 12:44');

INSERT OR IGNORE INTO user (id, email, email_verified, hashed_password, name, first_name, last_name, wix_member_id, blocked, role, created_at) VALUES ('a04cff6bd7d44b4e9df39d72ae6d4fb8', 'krystlemadewell@gmail.com', 1, '', '', '', '', NULL, 0, 'member', '2025-05-26 19:57');

INSERT OR IGNORE INTO user (id, email, email_verified, hashed_password, name, first_name, last_name, wix_member_id, blocked, role, created_at) VALUES ('6e6a3749a99b41c4b039327a97c79629', 'g.gomez.omati@gmail.com', 1, '', 'Maria Georgina Gomez Omati', 'Maria Georgina', 'Gomez Omati', NULL, 0, 'member', '2025-06-04 08:40');

INSERT OR IGNORE INTO user (id, email, email_verified, hashed_password, name, first_name, last_name, wix_member_id, blocked, role, created_at) VALUES ('16646253fa554c9987809b509ee229cb', '5035a5a6-6aa4-4e36-aaf2-f01f010e0df0@offline-members-wix.com', 1, '', 'Alexa Di Giovanni PA-S', 'Alexa Di Giovanni PA-S', '', NULL, 0, 'member', '2025-05-28 19:13');
INSERT OR IGNORE INTO user_label (user_id, label) VALUES ('16646253fa554c9987809b509ee229cb', 'Guest Writer ✍️');

INSERT OR IGNORE INTO user (id, email, email_verified, hashed_password, name, first_name, last_name, wix_member_id, blocked, role, created_at) VALUES ('704273921a6c4e71ba24246fac731343', 'alicia.ates.dds@gmail.com', 1, '', '', '', '', NULL, 0, 'member', '2025-05-25 19:34');

INSERT OR IGNORE INTO user (id, email, email_verified, hashed_password, name, first_name, last_name, wix_member_id, blocked, role, created_at) VALUES ('976f5a0ffdb84cf88059fe531b8a0c31', 'laberstene@hotmail.com', 1, '', '', '', '', NULL, 0, 'member', '2025-05-26 23:49');

INSERT OR IGNORE INTO user (id, email, email_verified, hashed_password, name, first_name, last_name, wix_member_id, blocked, role, created_at) VALUES ('cfea70f9876f47c4a9b4dbcd1d21e685', 'ericagoecke1@gmail.com', 1, '', 'Erica Goecke', 'Erica', 'Goecke', NULL, 0, 'member', '2025-05-26 03:45');

INSERT OR IGNORE INTO user (id, email, email_verified, hashed_password, name, first_name, last_name, wix_member_id, blocked, role, created_at) VALUES ('f680282a1c1c4dd485f3516849bef2ab', 'marylagroue@gmail.com', 1, '', '', '', '', NULL, 0, 'member', '2025-05-26 22:33');

INSERT OR IGNORE INTO user (id, email, email_verified, hashed_password, name, first_name, last_name, wix_member_id, blocked, role, created_at) VALUES ('633aae454fd34164ae44069fcbf1add3', 'love2sk8@gmail.com', 1, '', 'Karla Beristain', 'Karla', 'Beristain', NULL, 0, 'member', '2025-05-30 00:20');

INSERT OR IGNORE INTO user (id, email, email_verified, hashed_password, name, first_name, last_name, wix_member_id, blocked, role, created_at) VALUES ('ce18c63497c64b3c9c4637623dd21d04', 'huffakermk@gmail.com', 1, '', '', '', '', NULL, 0, 'member', '2025-06-02 15:51');

INSERT OR IGNORE INTO user (id, email, email_verified, hashed_password, name, first_name, last_name, wix_member_id, blocked, role, created_at) VALUES ('eb0fa514a23e4ebbb8770138767490f7', 'shannon.honour@gmail.com', 1, '', 'Shannon Honour Shaw', 'Shannon', 'Honour Shaw', NULL, 0, 'member', '2025-05-30 03:37');

INSERT OR IGNORE INTO user (id, email, email_verified, hashed_password, name, first_name, last_name, wix_member_id, blocked, role, created_at) VALUES ('d149400cdb1c4585b01f9b1d73e75cc9', 'nunifairbanks@gmail.com', 1, '', 'Nuni Fairbanks', 'Nuni', 'Fairbanks', NULL, 0, 'member', '2025-05-29 17:36');

INSERT OR IGNORE INTO user (id, email, email_verified, hashed_password, name, first_name, last_name, wix_member_id, blocked, role, created_at) VALUES ('692285a09eb648dbb2df0f723c27c3b3', 'hopfor15@gmail.com', 1, '', '', '', '', NULL, 0, 'member', '2025-05-26 00:04');

INSERT OR IGNORE INTO user (id, email, email_verified, hashed_password, name, first_name, last_name, wix_member_id, blocked, role, created_at) VALUES ('0a5aa2630a784d23b1a37d80dede4111', '123musicgem@gmail.com', 1, '', '', '', '', NULL, 0, 'member', '2025-05-26 12:28');

INSERT OR IGNORE INTO user (id, email, email_verified, hashed_password, name, first_name, last_name, wix_member_id, blocked, role, created_at) VALUES ('e86685e8b5ce4672899be5f44408ca8a', 'laura@drlauragouge.com', 1, '', '', '', '', NULL, 0, 'member', '2025-05-29 02:29');

INSERT OR IGNORE INTO user (id, email, email_verified, hashed_password, name, first_name, last_name, wix_member_id, blocked, role, created_at) VALUES ('bae712e610e24f0f8732ae6eabcd55a7', 'gauxinha87@gmail.com', 1, '', 'Tabita F', 'Tabita', 'F', NULL, 0, 'member', '2025-05-26 00:41');

INSERT OR IGNORE INTO user (id, email, email_verified, hashed_password, name, first_name, last_name, wix_member_id, blocked, role, created_at) VALUES ('d18fc2292f9e41a79197586949336fc7', 'perkiz@gmail.com', 1, '', 'Pierre-Mikael Legris', 'Pierre-Mikael', 'Legris', NULL, 0, 'member', '2025-05-27 13:07');

INSERT OR IGNORE INTO user (id, email, email_verified, hashed_password, name, first_name, last_name, wix_member_id, blocked, role, created_at) VALUES ('ab0b1031ae694e2f9621b62fa3217b12', 'megana.kelly@yahoo.com', 1, '', '', '', '', NULL, 0, 'member', '2025-05-29 14:01');

INSERT OR IGNORE INTO user (id, email, email_verified, hashed_password, name, first_name, last_name, wix_member_id, blocked, role, created_at) VALUES ('2e3c5748f3824019b606d31e137a4f8b', 'shannanmstewart@yahoo.com', 1, '', '', '', '', NULL, 0, 'member', '2025-06-06 20:55');

INSERT OR IGNORE INTO user (id, email, email_verified, hashed_password, name, first_name, last_name, wix_member_id, blocked, role, created_at) VALUES ('630a4e3c4e674ad68d203bcea01db8e7', 'sayrah87@yahoo.com', 1, '', 'Sarah Woodard', 'Sarah', 'Woodard', NULL, 0, 'member', '2025-06-07 01:29');
INSERT OR IGNORE INTO user_label (user_id, label) VALUES ('630a4e3c4e674ad68d203bcea01db8e7', 'RRM Academy Members Group member');

INSERT OR IGNORE INTO user (id, email, email_verified, hashed_password, name, first_name, last_name, wix_member_id, blocked, role, created_at) VALUES ('200464fc5a864d4d97db49610d01b00c', 'diazshelley24@gmail.com', 1, '', 'Shelley Diaz', 'Shelley', 'Diaz', NULL, 0, 'member', '2025-06-12 21:49');

INSERT OR IGNORE INTO user (id, email, email_verified, hashed_password, name, first_name, last_name, wix_member_id, blocked, role, created_at) VALUES ('19ffb2edd34645f29195a20d4eeb9ef2', 'laneywallace@gmail.com', 1, '', '', '', '', NULL, 0, 'member', '2025-06-14 14:13');

INSERT OR IGNORE INTO user (id, email, email_verified, hashed_password, name, first_name, last_name, wix_member_id, blocked, role, created_at) VALUES ('42f466b558ff40f8ba6cce85d841462a', 'lizettecutie00@gmail.com', 1, '', 'Bianca Liz', 'Bianca', 'Liz', NULL, 0, 'member', '2025-06-06 15:31');

INSERT OR IGNORE INTO user (id, email, email_verified, hashed_password, name, first_name, last_name, wix_member_id, blocked, role, created_at) VALUES ('413c191f1b6146a4bfd7f97af2687999', 'katie.lock11@gmail.com', 1, '', '', '', '', NULL, 0, 'member', '2025-06-09 03:05');

INSERT OR IGNORE INTO user (id, email, email_verified, hashed_password, name, first_name, last_name, wix_member_id, blocked, role, created_at) VALUES ('d4ad5e80d9fb4332a5f82822068f5f90', 'blcoates11@gmail.com', 1, '', '', '', '', NULL, 0, 'member', '2025-06-16 00:37');

INSERT OR IGNORE INTO user (id, email, email_verified, hashed_password, name, first_name, last_name, wix_member_id, blocked, role, created_at) VALUES ('870ed53c22a94096a9abb3b351cbb651', 'rachelannminor@gmail.com', 1, '', 'rachel minor', 'rachel', 'minor', NULL, 0, 'member', '2025-06-05 15:50');

INSERT OR IGNORE INTO user (id, email, email_verified, hashed_password, name, first_name, last_name, wix_member_id, blocked, role, created_at) VALUES ('733d475196394d5881a824b2543ebcba', 'kjrodriguez357@gmail.com', 1, '', '', '', '', NULL, 0, 'member', '2025-06-05 18:54');

INSERT OR IGNORE INTO user (id, email, email_verified, hashed_password, name, first_name, last_name, wix_member_id, blocked, role, created_at) VALUES ('4a7cf72d481a4fc78d857f8e0680c638', 'devan.larsen17@yahoo.com', 1, '', '', '', '', NULL, 0, 'member', '2025-06-06 19:17');

INSERT OR IGNORE INTO user (id, email, email_verified, hashed_password, name, first_name, last_name, wix_member_id, blocked, role, created_at) VALUES ('9154a21af7734cd3adb8b310864ba68f', 'kaliopi.massalis@gmail.com', 1, '', 'Kaliopi Massalis', 'Kaliopi', 'Massalis', NULL, 0, 'member', '2025-06-07 04:20');

INSERT OR IGNORE INTO user (id, email, email_verified, hashed_password, name, first_name, last_name, wix_member_id, blocked, role, created_at) VALUES ('268c7546e79b47bf89f5d9ff4a83ca90', 'claire@pedregon.com', 1, '', 'Claire Pedregon', 'Claire', 'Pedregon', NULL, 0, 'member', '2025-06-18 14:47');

INSERT OR IGNORE INTO user (id, email, email_verified, hashed_password, name, first_name, last_name, wix_member_id, blocked, role, created_at) VALUES ('a6a58d1647f0434cb602afcab4215413', 'apatarroyo312@me.com', 1, '', '', '', '', NULL, 0, 'member', '2025-06-17 00:18');

INSERT OR IGNORE INTO user (id, email, email_verified, hashed_password, name, first_name, last_name, wix_member_id, blocked, role, created_at) VALUES ('f8920e245ca64638ad513e0a45003127', 'alyssa.crannell@gmail.com', 1, '', '', '', '', NULL, 0, 'member', '2025-06-10 21:29');

INSERT OR IGNORE INTO user (id, email, email_verified, hashed_password, name, first_name, last_name, wix_member_id, blocked, role, created_at) VALUES ('6017432ff4364e5399ed486e5199a70c', 'conwayc316@gmail.com', 1, '', 'Carissa Patchey', 'Carissa', 'Patchey', NULL, 0, 'member', '2025-06-18 01:11');
INSERT OR IGNORE INTO user_label (user_id, label) VALUES ('6017432ff4364e5399ed486e5199a70c', 'RRM Academy Members Group member');

INSERT OR IGNORE INTO user (id, email, email_verified, hashed_password, name, first_name, last_name, wix_member_id, blocked, role, created_at) VALUES ('91015925d5e94797ae8f4ef6c0f110ca', 'mirandimak@yahoo.ca', 1, '', 'Mirandi Alexander', 'Mirandi', 'Alexander', NULL, 0, 'member', '2025-06-14 10:26');

INSERT OR IGNORE INTO user (id, email, email_verified, hashed_password, name, first_name, last_name, wix_member_id, blocked, role, created_at) VALUES ('fd904ce3c87a460ea520ea2139bdf601', 'lilycroome@gmail.com', 1, '', 'Lily Roome', 'Lily', 'Roome', NULL, 0, 'member', '2025-06-12 23:28');

INSERT OR IGNORE INTO user (id, email, email_verified, hashed_password, name, first_name, last_name, wix_member_id, blocked, role, created_at) VALUES ('d9e43e7e1e574e43b1d33d3b8a6011f4', 'concat2024@gmail.com', 1, '', '', '', '', NULL, 0, 'member', '2025-06-08 17:23');

INSERT OR IGNORE INTO user (id, email, email_verified, hashed_password, name, first_name, last_name, wix_member_id, blocked, role, created_at) VALUES ('326616f6b7d5438ba00d8a1202c1ffff', 'andreitampink@gmail.com', 1, '', 'Andrea Montenegro', 'Andrea', 'Montenegro', NULL, 0, 'member', '2025-06-11 16:43');

INSERT OR IGNORE INTO user (id, email, email_verified, hashed_password, name, first_name, last_name, wix_member_id, blocked, role, created_at) VALUES ('056567f1d14e4e56be8c0d710a3b3d39', 'dianahyoon@gmail.com', 1, '', '', '', '', NULL, 0, 'member', '2025-06-14 13:29');

INSERT OR IGNORE INTO user (id, email, email_verified, hashed_password, name, first_name, last_name, wix_member_id, blocked, role, created_at) VALUES ('814e8ad9a5114875af8f59da2dbd48d8', 'sarahalexissc@gmail.com', 1, '', 'Sarah Loup', 'Sarah', 'Loup', NULL, 0, 'member', '2025-06-16 16:40');

INSERT OR IGNORE INTO user (id, email, email_verified, hashed_password, name, first_name, last_name, wix_member_id, blocked, role, created_at) VALUES ('f0eed9b80e764d488dfb91988bf25a1a', 'evelyngustwiller@gmail.com', 1, '', '', '', '', NULL, 0, 'member', '2025-06-17 23:35');

INSERT OR IGNORE INTO user (id, email, email_verified, hashed_password, name, first_name, last_name, wix_member_id, blocked, role, created_at) VALUES ('dc20f5a7d81d42e39748b6c45011d87a', 'ivethr1120@gmail.com', 1, '', '', '', '', NULL, 0, 'member', '2025-06-17 17:34');

INSERT OR IGNORE INTO user (id, email, email_verified, hashed_password, name, first_name, last_name, wix_member_id, blocked, role, created_at) VALUES ('be4c315504b045feb0f811c2c636a514', 'jeniferwixpartner.uk@gmail.com', 1, '', 'Jeniferwixpartner.uk@gmail.com', 'Jeniferwixpartner.uk@gmail.com', '', NULL, 1, 'member', '2025-06-05 20:12');
INSERT OR IGNORE INTO user_label (user_id, label) VALUES ('be4c315504b045feb0f811c2c636a514', 'Spam 🛑');

INSERT OR IGNORE INTO user (id, email, email_verified, hashed_password, name, first_name, last_name, wix_member_id, blocked, role, created_at) VALUES ('e370b73bd98447e9887f178fac8034d1', 'tracylchap@gmail.com', 1, '', 'Tracy Chapman Reif', 'Tracy', 'Chapman Reif', NULL, 0, 'member', '2025-06-13 05:56');

INSERT OR IGNORE INTO user (id, email, email_verified, hashed_password, name, first_name, last_name, wix_member_id, blocked, role, created_at) VALUES ('75579650d5d44880a4c675735853ab54', 'elianagrace006@gmail.com', 1, '', 'Ellie', 'Ellie', '', NULL, 0, 'member', '2025-06-12 21:02');

INSERT OR IGNORE INTO user (id, email, email_verified, hashed_password, name, first_name, last_name, wix_member_id, blocked, role, created_at) VALUES ('d587c7a0ca2449b3b296dd11722c0e27', 'meagan.sullivan812@gmail.com', 1, '', 'Meagan Sullivan', 'Meagan', 'Sullivan', NULL, 0, 'member', '2025-06-09 14:26');

INSERT OR IGNORE INTO user (id, email, email_verified, hashed_password, name, first_name, last_name, wix_member_id, blocked, role, created_at) VALUES ('3e670bd20b374db9967e12482201a7ef', 'areion28@gmail.com', 1, '', 'Areion Calhoun', 'Areion', 'Calhoun', NULL, 0, 'member', '2025-06-13 17:33');

INSERT OR IGNORE INTO user (id, email, email_verified, hashed_password, name, first_name, last_name, wix_member_id, blocked, role, created_at) VALUES ('b8029f81477b4a6d8864de5ac55e6f04', 'jdrscr@bellsouth.net', 1, '', '', '', '', NULL, 0, 'member', '2025-06-12 02:53');

INSERT OR IGNORE INTO user (id, email, email_verified, hashed_password, name, first_name, last_name, wix_member_id, blocked, role, created_at) VALUES ('4b70d6a5703a44be85422cb3dd33d986', 'richardk@upmc.edu', 1, '', '', '', '', NULL, 0, 'member', '2025-06-05 16:47');

INSERT OR IGNORE INTO user (id, email, email_verified, hashed_password, name, first_name, last_name, wix_member_id, blocked, role, created_at) VALUES ('31d9edb34a6f43bba00b1abe4ab80150', 'elizabeth.mustacchio@gmail.com', 1, '', '', '', '', NULL, 0, 'member', '2025-06-06 23:15');

INSERT OR IGNORE INTO user (id, email, email_verified, hashed_password, name, first_name, last_name, wix_member_id, blocked, role, created_at) VALUES ('03588983f925444ab9b66668be60c01b', 'aleiterman5@gmail.com', 1, '', '', '', '', NULL, 0, 'member', '2025-06-11 15:33');

INSERT OR IGNORE INTO user (id, email, email_verified, hashed_password, name, first_name, last_name, wix_member_id, blocked, role, created_at) VALUES ('9edffde51f22459b9d710c98264e5beb', 'bsilvaniuk@gmail.com', 1, '', 'Brittney Silvaniuk', 'Brittney', 'Silvaniuk', NULL, 0, 'member', '2025-06-11 15:15');

INSERT OR IGNORE INTO user (id, email, email_verified, hashed_password, name, first_name, last_name, wix_member_id, blocked, role, created_at) VALUES ('1121edc9da444915980f262d04ebd302', 'courses.and.freestuff@gmail.com', 1, '', '', '', '', NULL, 0, 'member', '2025-06-07 02:13');

INSERT OR IGNORE INTO user (id, email, email_verified, hashed_password, name, first_name, last_name, wix_member_id, blocked, role, created_at) VALUES ('ce84fc38cee7416abc047b111d59f6c2', 'websitewixfixteam@gmail.com', 1, '', 'Website Wix Fix Team Support', 'Website Wix', 'Fix Team Support', NULL, 1, 'member', '2025-06-04 23:58');
INSERT OR IGNORE INTO user_label (user_id, label) VALUES ('ce84fc38cee7416abc047b111d59f6c2', 'Spam 🛑');

INSERT OR IGNORE INTO user (id, email, email_verified, hashed_password, name, first_name, last_name, wix_member_id, blocked, role, created_at) VALUES ('2bb6482eba364cff9ec18b7d502a154a', 'teresamlongano@gmail.com', 1, '', 'Teresa Longano', 'Teresa', 'Longano', NULL, 0, 'member', '2025-06-17 16:43');

INSERT OR IGNORE INTO user (id, email, email_verified, hashed_password, name, first_name, last_name, wix_member_id, blocked, role, created_at) VALUES ('0e05b304d8954bcda03dd07cdd8597e5', 'ckrantz23@yahoo.com', 1, '', '', '', '', NULL, 0, 'member', '2025-06-13 00:02');

INSERT OR IGNORE INTO user (id, email, email_verified, hashed_password, name, first_name, last_name, wix_member_id, blocked, role, created_at) VALUES ('b78a1973bece4901b69b5a84c04c5b17', 'oller.green@gmail.com', 1, '', '', '', '', NULL, 0, 'member', '2025-06-06 02:17');

INSERT OR IGNORE INTO user (id, email, email_verified, hashed_password, name, first_name, last_name, wix_member_id, blocked, role, created_at) VALUES ('afb5f1918bdd4e7ca02cbace0b502b9e', 'brinkhaley22@gmail.com', 1, '', '', '', '', NULL, 0, 'member', '2025-06-14 15:14');

INSERT OR IGNORE INTO user (id, email, email_verified, hashed_password, name, first_name, last_name, wix_member_id, blocked, role, created_at) VALUES ('ba8d450d303a41509a019244e5c32ee6', 'sam.rivera1106@gmail.com', 1, '', 'Samantha Rivera', 'Samantha', 'Rivera', NULL, 0, 'member', '2025-06-13 21:24');

INSERT OR IGNORE INTO user (id, email, email_verified, hashed_password, name, first_name, last_name, wix_member_id, blocked, role, created_at) VALUES ('e0fefd7652eb4a5b9d19e84ac5e0f4af', 'katherineskeen30@gmail.com', 1, '', 'Katherine F', 'Katherine', 'F', NULL, 0, 'member', '2025-06-05 14:12');

INSERT OR IGNORE INTO user (id, email, email_verified, hashed_password, name, first_name, last_name, wix_member_id, blocked, role, created_at) VALUES ('1e037dcbe1994d18b19ad41a64f847a5', '4def8c5d-2d2d-461e-bcb4-34a2e28f18d3@offline-members-wix.com', 1, '', 'Brian Whittaker', 'Brian', 'Whittaker', NULL, 0, 'member', '2025-06-10 23:24');

INSERT OR IGNORE INTO user (id, email, email_verified, hashed_password, name, first_name, last_name, wix_member_id, blocked, role, created_at) VALUES ('403d9d8ddbfb4749a7e4099598b99a7c', 'jasoncourtney2021@gmail.com', 1, '', '', '', '', NULL, 0, 'member', '2025-06-07 03:05');

INSERT OR IGNORE INTO user (id, email, email_verified, hashed_password, name, first_name, last_name, wix_member_id, blocked, role, created_at) VALUES ('eafae7ac7bbd4f728b6d96844d90c3ee', 'kristinamlama@gmail.com', 1, '', '', '', '', NULL, 0, 'member', '2025-06-13 16:04');

INSERT OR IGNORE INTO user (id, email, email_verified, hashed_password, name, first_name, last_name, wix_member_id, blocked, role, created_at) VALUES ('b6b3732dc6414242b094588684b65c1a', 'kristnbrun@gmail.com', 1, '', '', '', '', NULL, 0, 'member', '2025-06-07 22:24');

INSERT OR IGNORE INTO user (id, email, email_verified, hashed_password, name, first_name, last_name, wix_member_id, blocked, role, created_at) VALUES ('6df727562e384d6480ceab325a7eca72', 'hannahhernley@gmail.com', 1, '', 'Hannah Hernley', 'Hannah', 'Hernley', NULL, 0, 'member', '2025-06-10 08:08');

INSERT OR IGNORE INTO user (id, email, email_verified, hashed_password, name, first_name, last_name, wix_member_id, blocked, role, created_at) VALUES ('44a889cc74fb49c0b8e9a11631093bd5', 'bmspeiser@gmail.com', 1, '', 'Brooke Speiser', 'Brooke', 'Speiser', NULL, 0, 'member', '2025-06-16 23:50');

INSERT OR IGNORE INTO user (id, email, email_verified, hashed_password, name, first_name, last_name, wix_member_id, blocked, role, created_at) VALUES ('7fee1e68adb6455bb61a01a0da5bd9fa', 'tinawixpartner377@gmail.com', 1, '', 'Tina Wix partner', 'Tina', 'Wix partner', NULL, 1, 'member', '2025-06-12 16:23');
INSERT OR IGNORE INTO user_label (user_id, label) VALUES ('7fee1e68adb6455bb61a01a0da5bd9fa', 'Spam 🛑');

INSERT OR IGNORE INTO user (id, email, email_verified, hashed_password, name, first_name, last_name, wix_member_id, blocked, role, created_at) VALUES ('7505c1656c6447f2a06cd28a6b91cdbb', 'jennalebeling@gmail.com', 1, '', 'Jenna Ebeling', 'Jenna', 'Ebeling', NULL, 0, 'member', '2025-06-17 21:19');

INSERT OR IGNORE INTO user (id, email, email_verified, hashed_password, name, first_name, last_name, wix_member_id, blocked, role, created_at) VALUES ('965f3a9a1d674ef885a24eaedf46fa09', 'taylorjennings60@gmail.com', 1, '', '', '', '', NULL, 0, 'member', '2025-06-15 18:41');

INSERT OR IGNORE INTO user (id, email, email_verified, hashed_password, name, first_name, last_name, wix_member_id, blocked, role, created_at) VALUES ('d0c6d6a82218405a8239b995685b0fdf', 'morice19@utexas.edu', 1, '', '', '', '', NULL, 0, 'member', '2025-06-08 17:21');
INSERT OR IGNORE INTO user_label (user_id, label) VALUES ('d0c6d6a82218405a8239b995685b0fdf', 'RRM Academy Members Group member');

INSERT OR IGNORE INTO user (id, email, email_verified, hashed_password, name, first_name, last_name, wix_member_id, blocked, role, created_at) VALUES ('a36a848462124a5ea811f95fc71616e2', 'administrator@rrmacademy.org', 1, '', 'RRM Admin', 'RRM', 'Admin', NULL, 0, 'member', '2025-06-09 02:14');

INSERT OR IGNORE INTO user (id, email, email_verified, hashed_password, name, first_name, last_name, wix_member_id, blocked, role, created_at) VALUES ('5ecd082c97f347389fa429f781e775fe', 'schneidc@alumni.uni.edu', 1, '', '', '', '', NULL, 0, 'member', '2025-06-08 06:08');

INSERT OR IGNORE INTO user (id, email, email_verified, hashed_password, name, first_name, last_name, wix_member_id, blocked, role, created_at) VALUES ('d001d4cf38ad42e4829f0d4243638847', 'karisrawlins@gmail.com', 1, '', 'K V', 'K', 'V', NULL, 0, 'member', '2025-06-16 17:42');

INSERT OR IGNORE INTO user (id, email, email_verified, hashed_password, name, first_name, last_name, wix_member_id, blocked, role, created_at) VALUES ('50c36bb0aaea4c6e9f92798f1578457b', 'marchar2124@gmail.com', 1, '', 'Ashley March', 'Ashley', 'March', NULL, 0, 'member', '2025-06-14 23:44');

INSERT OR IGNORE INTO user (id, email, email_verified, hashed_password, name, first_name, last_name, wix_member_id, blocked, role, created_at) VALUES ('1f39fff1c8284ccb97a3e34894467319', '9fc5544f-de71-4161-b2df-898457244dea@offline-members-wix.com', 1, '', '', '', '', NULL, 0, 'member', '2025-06-11 20:04');

INSERT OR IGNORE INTO user (id, email, email_verified, hashed_password, name, first_name, last_name, wix_member_id, blocked, role, created_at) VALUES ('f464780d2971449dbb3505d471e82bca', 'mary.radermacher@outlook.com', 1, '', '', '', '', NULL, 0, 'member', '2025-06-06 22:47');

INSERT OR IGNORE INTO user (id, email, email_verified, hashed_password, name, first_name, last_name, wix_member_id, blocked, role, created_at) VALUES ('f9f5cab274284c398a3fb4029788836d', 'allenalijo@gmail.com', 1, '', '', '', '', NULL, 0, 'member', '2025-06-06 15:06');

INSERT OR IGNORE INTO user (id, email, email_verified, hashed_password, name, first_name, last_name, wix_member_id, blocked, role, created_at) VALUES ('71a34269ae0c42bc89bd1b5d73c2c00f', 'annakateshelt@gmail.com', 1, '', 'Katelyn Shelton', 'Katelyn', 'Shelton', NULL, 0, 'member', '2025-06-05 01:19');

INSERT OR IGNORE INTO user (id, email, email_verified, hashed_password, name, first_name, last_name, wix_member_id, blocked, role, created_at) VALUES ('332d015d8ac44e47941f4f71698a262e', 'mmschmidt23@gmail.com', 1, '', 'Mary Cartmill', 'Mary', 'Cartmill', NULL, 0, 'member', '2025-06-05 18:36');

INSERT OR IGNORE INTO user (id, email, email_verified, hashed_password, name, first_name, last_name, wix_member_id, blocked, role, created_at) VALUES ('1306cb7673a3444cad52143e852e7fdf', 'risbaum15@gmail.com', 1, '', '', '', '', NULL, 0, 'member', '2025-06-12 10:07');

INSERT OR IGNORE INTO user (id, email, email_verified, hashed_password, name, first_name, last_name, wix_member_id, blocked, role, created_at) VALUES ('40ce0472a985461bba8471d192b54d69', 'melissalynnrachel@gmail.com', 1, '', 'Melissa Rachel', 'Melissa', 'Rachel', NULL, 0, 'member', '2025-06-19 01:13');

INSERT OR IGNORE INTO user (id, email, email_verified, hashed_password, name, first_name, last_name, wix_member_id, blocked, role, created_at) VALUES ('cae3390495984ab8b962aacb01effbaa', 'egstrohman@gmail.com', 1, '', 'Elizabeth Strohman', 'Elizabeth', 'Strohman', NULL, 0, 'member', '2025-06-06 23:51');

INSERT OR IGNORE INTO user (id, email, email_verified, hashed_password, name, first_name, last_name, wix_member_id, blocked, role, created_at) VALUES ('1a6c2cd2965f4cb6be36c04585dd1e2c', 'guerranh@gmail.com', 1, '', 'Nora Guerra', 'Nora', 'Guerra', NULL, 0, 'member', '2025-06-18 17:42');

INSERT OR IGNORE INTO user (id, email, email_verified, hashed_password, name, first_name, last_name, wix_member_id, blocked, role, created_at) VALUES ('17f83aeabbbc4268965773b720f1214a', 'teffiewalker@gmail.com', 1, '', 'Tracy E O', 'Tracy', 'E O', NULL, 0, 'member', '2025-06-08 20:57');

INSERT OR IGNORE INTO user (id, email, email_verified, hashed_password, name, first_name, last_name, wix_member_id, blocked, role, created_at) VALUES ('5410b9ad63fb4c409ef3fccb0144f154', 'eve.s.chambers@gmail.com', 1, '', '', '', '', NULL, 0, 'member', '2025-06-18 03:43');

INSERT OR IGNORE INTO user (id, email, email_verified, hashed_password, name, first_name, last_name, wix_member_id, blocked, role, created_at) VALUES ('359f890b900c4d7c99f4d8380dc46ac4', 'taylortezel@gmail.com', 1, '', 'Taylor Tezel', 'Taylor', 'Tezel', NULL, 0, 'member', '2025-06-17 01:31');

INSERT OR IGNORE INTO user (id, email, email_verified, hashed_password, name, first_name, last_name, wix_member_id, blocked, role, created_at) VALUES ('31a6ee40d20d4e53b1ba59f4d2d7c56a', 'mollyvalletta@yahoo.com', 1, '', '', '', '', NULL, 0, 'member', '2025-06-05 00:34');

INSERT OR IGNORE INTO user (id, email, email_verified, hashed_password, name, first_name, last_name, wix_member_id, blocked, role, created_at) VALUES ('d0ba660cbd454119b4a399cf32ea3638', 'andrea.adams7@gmail.com', 1, '', '', '', '', NULL, 0, 'member', '2025-06-08 19:19');

INSERT OR IGNORE INTO user (id, email, email_verified, hashed_password, name, first_name, last_name, wix_member_id, blocked, role, created_at) VALUES ('3a791b8d68db4f72b24cf244ac531f40', 'kellyjprak@gmail.com', 1, '', 'Kelly Prak', 'Kelly', 'Prak', NULL, 0, 'member', '2025-06-06 19:43');

INSERT OR IGNORE INTO user (id, email, email_verified, hashed_password, name, first_name, last_name, wix_member_id, blocked, role, created_at) VALUES ('87bc227dd14c4dfc9169f012a2713401', 'wixpartnerdenise@gmail.com', 1, '', '', '', '', NULL, 1, 'member', '2025-06-11 15:49');
INSERT OR IGNORE INTO user_label (user_id, label) VALUES ('87bc227dd14c4dfc9169f012a2713401', 'Spam 🛑');

INSERT OR IGNORE INTO user (id, email, email_verified, hashed_password, name, first_name, last_name, wix_member_id, blocked, role, created_at) VALUES ('d480d829813148bd9ddc249629ffd74d', 'amandatinpan@gmail.com', 1, '', 'Amanda Tinpan', 'Amanda', 'Tinpan', NULL, 0, 'member', '2025-06-06 18:46');

INSERT OR IGNORE INTO user (id, email, email_verified, hashed_password, name, first_name, last_name, wix_member_id, blocked, role, created_at) VALUES ('3a7a747f41aa48ea9b264abf31fe83fc', 'anna.s.karageorgiou@gmail.com', 1, '', '', '', '', NULL, 0, 'member', '2025-06-10 02:41');

INSERT OR IGNORE INTO user (id, email, email_verified, hashed_password, name, first_name, last_name, wix_member_id, blocked, role, created_at) VALUES ('2c82d4c59dc54d81aa283a9e0ca35da3', 'wixpartnersamuel@gmail.com', 1, '', 'Samuel Wiclxpartner', 'Samuel', 'Wiclxpartner', NULL, 1, 'member', '2025-06-11 16:09');
INSERT OR IGNORE INTO user_label (user_id, label) VALUES ('2c82d4c59dc54d81aa283a9e0ca35da3', 'Spam 🛑');

INSERT OR IGNORE INTO user (id, email, email_verified, hashed_password, name, first_name, last_name, wix_member_id, blocked, role, created_at) VALUES ('28c2a91c436e4ed4a3e16c192f0a2ed9', 'amanda.mcgreal14@gmail.com', 1, '', '', '', '', NULL, 0, 'member', '2025-06-06 22:03');

INSERT OR IGNORE INTO user (id, email, email_verified, hashed_password, name, first_name, last_name, wix_member_id, blocked, role, created_at) VALUES ('bb71068fe2554fdaa32c271f42bcfd90', 'eal17b@gmail.com', 1, '', '', '', '', NULL, 0, 'member', '2025-06-16 15:26');

INSERT OR IGNORE INTO user (id, email, email_verified, hashed_password, name, first_name, last_name, wix_member_id, blocked, role, created_at) VALUES ('032fe155890148918e53fc9483289bf3', 'hanson.sarah16@gmail.com', 1, '', '', '', '', NULL, 0, 'member', '2025-06-10 15:00');

INSERT OR IGNORE INTO user (id, email, email_verified, hashed_password, name, first_name, last_name, wix_member_id, blocked, role, created_at) VALUES ('8ff315a9e4cd4ee2842f7190897c960f', 'johannaihasz@gmail.com', 1, '', 'Johanna I', 'Johanna', 'I', NULL, 0, 'member', '2025-06-07 16:45');

INSERT OR IGNORE INTO user (id, email, email_verified, hashed_password, name, first_name, last_name, wix_member_id, blocked, role, created_at) VALUES ('fa8fa4eb64d7427588bea2e3b6e80ed8', 'ashtonblair7@hotmail.com', 1, '', '', '', '', NULL, 0, 'member', '2025-06-17 16:50');

INSERT OR IGNORE INTO user (id, email, email_verified, hashed_password, name, first_name, last_name, wix_member_id, blocked, role, created_at) VALUES ('bb093948f4cf496f82d05ae3840c7bab', 'dominiquemontecino@yahoo.com', 1, '', '', '', '', NULL, 0, 'member', '2025-06-05 00:28');

INSERT OR IGNORE INTO user (id, email, email_verified, hashed_password, name, first_name, last_name, wix_member_id, blocked, role, created_at) VALUES ('22aa4441bfbf4527b315740b739f0ecd', 'miss.frills97@gmail.com', 1, '', '', '', '', NULL, 0, 'member', '2025-06-10 02:25');

INSERT OR IGNORE INTO user (id, email, email_verified, hashed_password, name, first_name, last_name, wix_member_id, blocked, role, created_at) VALUES ('0bdd7d7ff1534e3392847dbc9faf1f46', 'mcostello355@gmail.com', 1, '', 'Monica C', 'Monica', 'C', NULL, 0, 'member', '2025-06-12 13:24');

INSERT OR IGNORE INTO user (id, email, email_verified, hashed_password, name, first_name, last_name, wix_member_id, blocked, role, created_at) VALUES ('54b8cdb8ec41437eb9e1cbb0219f2df0', 'alexandrajarv@gmail.com', 1, '', 'Xandra', 'Xandra', '', NULL, 0, 'member', '2025-06-05 04:22');

INSERT OR IGNORE INTO user (id, email, email_verified, hashed_password, name, first_name, last_name, wix_member_id, blocked, role, created_at) VALUES ('f9ec0b0c360a46e0b2ee32d0fc00a56d', 'olivialhyde@gmail.com', 1, '', '', '', '', NULL, 0, 'member', '2025-06-18 04:59');
INSERT OR IGNORE INTO user_label (user_id, label) VALUES ('f9ec0b0c360a46e0b2ee32d0fc00a56d', 'RRM Academy Members Group member');

INSERT OR IGNORE INTO user (id, email, email_verified, hashed_password, name, first_name, last_name, wix_member_id, blocked, role, created_at) VALUES ('aaa19a8e18694491ac162555cc37225a', 'ashleej2@gmail.com', 1, '', '', '', '', NULL, 0, 'member', '2025-06-07 17:00');

INSERT OR IGNORE INTO user (id, email, email_verified, hashed_password, name, first_name, last_name, wix_member_id, blocked, role, created_at) VALUES ('e0ba116801e248eea7cd18927ace0f30', 'kathryn.sloan1020@gmail.com', 1, '', 'Katie Henrichs', 'Katie', 'Henrichs', NULL, 0, 'member', '2025-06-12 00:04');

INSERT OR IGNORE INTO user (id, email, email_verified, hashed_password, name, first_name, last_name, wix_member_id, blocked, role, created_at) VALUES ('519372d3ffb641f1afc446638a5f2476', 'lu.maciass@gmail.com', 1, '', '', '', '', NULL, 0, 'member', '2025-06-16 15:18');

INSERT OR IGNORE INTO user (id, email, email_verified, hashed_password, name, first_name, last_name, wix_member_id, blocked, role, created_at) VALUES ('e630e9306e6641f696bb9b1adbf41f96', 'meg.heatley19@gmail.com', 1, '', '', '', '', NULL, 0, 'member', '2025-06-18 12:02');

INSERT OR IGNORE INTO user (id, email, email_verified, hashed_password, name, first_name, last_name, wix_member_id, blocked, role, created_at) VALUES ('d19589306aa24727bc61fcfd02e1e588', 'acmatherne@gmail.com', 1, '', 'Adrienne Matherne', 'Adrienne', 'Matherne', NULL, 0, 'member', '2025-06-15 22:31');

INSERT OR IGNORE INTO user (id, email, email_verified, hashed_password, name, first_name, last_name, wix_member_id, blocked, role, created_at) VALUES ('0dcf6cea6a254feab376091c338b09df', 'wixpartners.uk@gmail.com', 1, '', 'Wix Partner Support', 'Wix Partner', 'Support', NULL, 1, 'member', '2025-06-10 14:13');
INSERT OR IGNORE INTO user_label (user_id, label) VALUES ('0dcf6cea6a254feab376091c338b09df', 'Spam 🛑');

INSERT OR IGNORE INTO user (id, email, email_verified, hashed_password, name, first_name, last_name, wix_member_id, blocked, role, created_at) VALUES ('6c78e2fbd16b428c80064a76bae0d0e4', 'sloanegarrett25@gmail.com', 1, '', '', '', '', NULL, 0, 'member', '2025-06-08 12:46');

INSERT OR IGNORE INTO user (id, email, email_verified, hashed_password, name, first_name, last_name, wix_member_id, blocked, role, created_at) VALUES ('a23e169febfd4b5fb68dea0fc1abd43d', 'juleggio@gmail.com', 1, '', '', '', '', NULL, 0, 'member', '2025-06-18 16:34');

INSERT OR IGNORE INTO user (id, email, email_verified, hashed_password, name, first_name, last_name, wix_member_id, blocked, role, created_at) VALUES ('049fa3298dbe4f1dbfe5ebd2f4b2e7c3', 'sarah.cline218@gmail.com', 1, '', 'Sarah Cline', 'Sarah', 'Cline', NULL, 0, 'member', '2025-06-16 19:38');

INSERT OR IGNORE INTO user (id, email, email_verified, hashed_password, name, first_name, last_name, wix_member_id, blocked, role, created_at) VALUES ('865bb5a291d3418a96ac973e577ba8f5', 'bs292@lockrmail.com', 1, '', '', '', '', NULL, 0, 'member', '2025-06-11 12:58');

INSERT OR IGNORE INTO user (id, email, email_verified, hashed_password, name, first_name, last_name, wix_member_id, blocked, role, created_at) VALUES ('c57a8a0190204932b801c27292cc7dc5', 'jillvwronski@gmail.com', 1, '', 'Jill Wronski', 'Jill', 'Wronski', NULL, 0, 'member', '2025-06-12 21:31');

INSERT OR IGNORE INTO user (id, email, email_verified, hashed_password, name, first_name, last_name, wix_member_id, blocked, role, created_at) VALUES ('326c27f257874b8ca7ee8a2b295cdc73', 'fertilitycarecanada@gmail.com', 1, '', 'Maria Bizecki', 'Maria', 'Bizecki', NULL, 0, 'member', '2025-07-01 03:25');

INSERT OR IGNORE INTO user (id, email, email_verified, hashed_password, name, first_name, last_name, wix_member_id, blocked, role, created_at) VALUES ('84c02174e7994aa3bcd4de0e09949d19', 'osteralana@gmail.com', 1, '', '', '', '', NULL, 0, 'member', '2025-06-22 13:22');

INSERT OR IGNORE INTO user (id, email, email_verified, hashed_password, name, first_name, last_name, wix_member_id, blocked, role, created_at) VALUES ('07e3174088644a81b0d8d5a3b7168422', 'aquigle4@vols.utk.edu', 1, '', '', '', '', NULL, 0, 'member', '2025-06-23 15:33');

INSERT OR IGNORE INTO user (id, email, email_verified, hashed_password, name, first_name, last_name, wix_member_id, blocked, role, created_at) VALUES ('3d4766eb252a44efb809880a1834c6cc', 'sara.rawson@gmail.com', 1, '', '', '', '', NULL, 0, 'member', '2025-06-27 11:32');

INSERT OR IGNORE INTO user (id, email, email_verified, hashed_password, name, first_name, last_name, wix_member_id, blocked, role, created_at) VALUES ('3d37fb4fa1114327b85d0561154c1282', 'xpebbles14x@yahoo.com', 1, '', '', '', '', NULL, 0, 'member', '2025-07-02 13:39');

INSERT OR IGNORE INTO user (id, email, email_verified, hashed_password, name, first_name, last_name, wix_member_id, blocked, role, created_at) VALUES ('34fcfd110a6c4e628b60521008372d1b', 'jccaye@hotmail.com', 1, '', '', '', '', NULL, 0, 'member', '2025-06-24 02:37');

INSERT OR IGNORE INTO user (id, email, email_verified, hashed_password, name, first_name, last_name, wix_member_id, blocked, role, created_at) VALUES ('9813fcc748ff4c3dbff16c520466df8d', 'kavyasingh977@gmail.com', 1, '', '', '', '', NULL, 0, 'member', '2025-07-03 03:28');

INSERT OR IGNORE INTO user (id, email, email_verified, hashed_password, name, first_name, last_name, wix_member_id, blocked, role, created_at) VALUES ('941871beaac146f1ba76f1f8b0c05f12', 'bsaun23@gmail.com', 1, '', 'Briana Saunders', 'Briana', 'Saunders', NULL, 0, 'member', '2025-07-07 15:44');
INSERT OR IGNORE INTO user_label (user_id, label) VALUES ('941871beaac146f1ba76f1f8b0c05f12', 'RRM Academy Members Group member');

INSERT OR IGNORE INTO user (id, email, email_verified, hashed_password, name, first_name, last_name, wix_member_id, blocked, role, created_at) VALUES ('62e9ec46078b4419a83bad8d9249a5d8', 'sydahebert@gmail.com', 1, '', 'Sydney Brignoni', 'Sydney', 'Brignoni', NULL, 0, 'member', '2025-06-30 21:17');

INSERT OR IGNORE INTO user (id, email, email_verified, hashed_password, name, first_name, last_name, wix_member_id, blocked, role, created_at) VALUES ('a4a60a520ddf405290c2ed8dd728b2e2', 'darby.workman@impact360.net', 1, '', '', '', '', NULL, 0, 'member', '2025-06-25 23:04');

INSERT OR IGNORE INTO user (id, email, email_verified, hashed_password, name, first_name, last_name, wix_member_id, blocked, role, created_at) VALUES ('be96ac702e684a579bbeabd4d2959f77', 'southardkasey@gmail.com', 1, '', '', '', '', NULL, 0, 'member', '2025-06-26 21:51');

INSERT OR IGNORE INTO user (id, email, email_verified, hashed_password, name, first_name, last_name, wix_member_id, blocked, role, created_at) VALUES ('a1781ab32fc447379b752213840f2919', 'carolynlutzwcth@gmail.com', 1, '', '', '', '', NULL, 0, 'member', '2025-06-25 16:19');

INSERT OR IGNORE INTO user (id, email, email_verified, hashed_password, name, first_name, last_name, wix_member_id, blocked, role, created_at) VALUES ('a8257ece89324a379437d1198463d245', 'stricklandkelsey@gmail.com', 1, '', '', '', '', NULL, 0, 'member', '2025-06-26 21:30');

INSERT OR IGNORE INTO user (id, email, email_verified, hashed_password, name, first_name, last_name, wix_member_id, blocked, role, created_at) VALUES ('f2093e42bd93441198fd69d534a1d5c5', 'amanda@ascendpelvichealth.co', 1, '', 'Amanda Simmons', 'Amanda', 'Simmons', NULL, 0, 'member', '2025-07-02 18:38');
INSERT OR IGNORE INTO user_label (user_id, label) VALUES ('f2093e42bd93441198fd69d534a1d5c5', 'Donor 👏');
INSERT OR IGNORE INTO user_label (user_id, label) VALUES ('f2093e42bd93441198fd69d534a1d5c5', 'RRM Academy Members Group member');
INSERT OR IGNORE INTO user_label (user_id, label) VALUES ('f2093e42bd93441198fd69d534a1d5c5', 'Customers');
INSERT OR IGNORE INTO user_label (user_id, label) VALUES ('f2093e42bd93441198fd69d534a1d5c5', 'Save the Uterus Club Group member');
INSERT OR IGNORE INTO user_label (user_id, label) VALUES ('f2093e42bd93441198fd69d534a1d5c5', 'Uterus Member 🐻');
INSERT OR IGNORE INTO user_label (user_id, label) VALUES ('f2093e42bd93441198fd69d534a1d5c5', 'Save the Uterus Club 🏷️');

INSERT OR IGNORE INTO user (id, email, email_verified, hashed_password, name, first_name, last_name, wix_member_id, blocked, role, created_at) VALUES ('877f87c3ab3f49f3ab74b8d949ab845d', 'alexagrace2002@gmail.com', 1, '', 'Alexa DiGiovanni', 'Alexa', 'DiGiovanni', NULL, 0, 'member', '2025-07-02 23:20');

INSERT OR IGNORE INTO user (id, email, email_verified, hashed_password, name, first_name, last_name, wix_member_id, blocked, role, created_at) VALUES ('fa58656588f64baa8d124860e877d995', 'mbrady7@lsu.edu', 1, '', '', '', '', NULL, 0, 'member', '2025-06-30 00:26');

INSERT OR IGNORE INTO user (id, email, email_verified, hashed_password, name, first_name, last_name, wix_member_id, blocked, role, created_at) VALUES ('be4f5d800f7743d4b38888cd62a14ebb', 'thewomenshealthrn@gmail.com', 1, '', 'Ginny Noce', 'Ginny', 'Noce', NULL, 0, 'member', '2025-07-03 20:00');
INSERT OR IGNORE INTO user_label (user_id, label) VALUES ('be4f5d800f7743d4b38888cd62a14ebb', 'Donor 👏');
INSERT OR IGNORE INTO user_label (user_id, label) VALUES ('be4f5d800f7743d4b38888cd62a14ebb', 'Save the Uterus Club Membership');
INSERT OR IGNORE INTO user_label (user_id, label) VALUES ('be4f5d800f7743d4b38888cd62a14ebb', 'Save the Uterus Club 🏷️');
INSERT OR IGNORE INTO user_label (user_id, label) VALUES ('be4f5d800f7743d4b38888cd62a14ebb', 'Uterus Super Hero 🦸‍♀️');
INSERT OR IGNORE INTO user_label (user_id, label) VALUES ('be4f5d800f7743d4b38888cd62a14ebb', 'Circle of Impact 📥');
INSERT OR IGNORE INTO user_label (user_id, label) VALUES ('be4f5d800f7743d4b38888cd62a14ebb', 'Save the Uterus Club Group member');

INSERT OR IGNORE INTO user (id, email, email_verified, hashed_password, name, first_name, last_name, wix_member_id, blocked, role, created_at) VALUES ('882d45dc166443598a7a7ed2740e63b8', 'info@dignityempowered.com', 1, '', '', '', '', NULL, 0, 'member', '2025-07-03 20:35');

INSERT OR IGNORE INTO user (id, email, email_verified, hashed_password, name, first_name, last_name, wix_member_id, blocked, role, created_at) VALUES ('844c9644c6e1421f8112898f153b35d4', 'marybeth8860@gmail.com', 1, '', 'Marybeth G', 'Marybeth', 'G', NULL, 0, 'member', '2025-06-21 17:05');

INSERT OR IGNORE INTO user (id, email, email_verified, hashed_password, name, first_name, last_name, wix_member_id, blocked, role, created_at) VALUES ('d9dffc725dde40f39f6d09fd47c8302c', 'anllizulua14@gmail.com', 1, '', 'Anlly Quintero', 'Anlly', 'Quintero', NULL, 0, 'member', '2025-06-30 18:50');

INSERT OR IGNORE INTO user (id, email, email_verified, hashed_password, name, first_name, last_name, wix_member_id, blocked, role, created_at) VALUES ('1480078350a4488a9ef67b78d9a442de', 'tobibankole02@gmail.com', 1, '', '', '', '', NULL, 0, 'member', '2025-06-30 03:17');

INSERT OR IGNORE INTO user (id, email, email_verified, hashed_password, name, first_name, last_name, wix_member_id, blocked, role, created_at) VALUES ('30d390c68f8a4cfc99226bc3b7494725', 'emily@youarebeautifulmission.org', 1, '', 'Emily Egbers', 'Emily', 'Egbers', NULL, 0, 'member', '2025-07-02 13:05');

INSERT OR IGNORE INTO user (id, email, email_verified, hashed_password, name, first_name, last_name, wix_member_id, blocked, role, created_at) VALUES ('21369f3b019840c491df0c3ec177fabe', 'mariah.matinian@tufts.edu', 1, '', '', '', '', NULL, 0, 'member', '2025-06-27 13:26');

INSERT OR IGNORE INTO user (id, email, email_verified, hashed_password, name, first_name, last_name, wix_member_id, blocked, role, created_at) VALUES ('6bdd48d2f5544d4d8a6fb9704116f981', 'christineremski@gmail.com', 1, '', '', '', '', NULL, 0, 'member', '2025-06-27 03:18');

INSERT OR IGNORE INTO user (id, email, email_verified, hashed_password, name, first_name, last_name, wix_member_id, blocked, role, created_at) VALUES ('7580aa35113a4474ad704c34df90f0a8', 'danielle.hurhula@gmail.com', 1, '', '', '', '', NULL, 0, 'member', '2025-06-27 21:51');

INSERT OR IGNORE INTO user (id, email, email_verified, hashed_password, name, first_name, last_name, wix_member_id, blocked, role, created_at) VALUES ('c5a1da56a3c3449d948bbed72e129ec5', 'micaylasherman@gmail.com', 1, '', '', '', '', NULL, 0, 'member', '2025-06-25 00:30');

INSERT OR IGNORE INTO user (id, email, email_verified, hashed_password, name, first_name, last_name, wix_member_id, blocked, role, created_at) VALUES ('f44da41b7f134c30a2a9f3d2632f33a9', 'charlotteinnz@hotmail.com', 1, '', '', '', '', NULL, 0, 'member', '2025-06-20 07:25');

INSERT OR IGNORE INTO user (id, email, email_verified, hashed_password, name, first_name, last_name, wix_member_id, blocked, role, created_at) VALUES ('020f489b6c5747f198b672e044f21a1b', 'tanmetchkoff86@hotmail.com', 1, '', '', '', '', NULL, 0, 'member', '2025-07-03 01:34');

INSERT OR IGNORE INTO user (id, email, email_verified, hashed_password, name, first_name, last_name, wix_member_id, blocked, role, created_at) VALUES ('3e8abc146dfb4c2ea97dbafa20996d33', 'susiestrong94@gmail.com', 1, '', 'susie strong', 'susie', 'strong', NULL, 0, 'member', '2025-06-28 01:59');

INSERT OR IGNORE INTO user (id, email, email_verified, hashed_password, name, first_name, last_name, wix_member_id, blocked, role, created_at) VALUES ('2ffb2d2baa3f46b8b17a6c30e5b90562', 'elissem614@gmail.com', 1, '', 'Elisse Martin', 'Elisse', 'Martin', NULL, 0, 'member', '2025-07-02 14:38');

INSERT OR IGNORE INTO user (id, email, email_verified, hashed_password, name, first_name, last_name, wix_member_id, blocked, role, created_at) VALUES ('9c0073278d7140909d36b7ebfe23bc9d', 'gita.nachy@gmail.com', 1, '', 'Gita&Nachy Faiman', 'Gita&Nachy', 'Faiman', NULL, 0, 'member', '2025-07-02 23:14');

INSERT OR IGNORE INTO user (id, email, email_verified, hashed_password, name, first_name, last_name, wix_member_id, blocked, role, created_at) VALUES ('856ca2f444d24c5d8ac770adfd60f728', 'rterefe1225@gmail.com', 1, '', 'Ruth Terefe', 'Ruth', 'Terefe', NULL, 0, 'member', '2025-06-20 20:55');

INSERT OR IGNORE INTO user (id, email, email_verified, hashed_password, name, first_name, last_name, wix_member_id, blocked, role, created_at) VALUES ('bd2e25b84c9247c09bd93e89d4ca3232', 'shannonmariah@gmail.com', 1, '', 'Shannon Leach', 'Shannon', 'Leach', NULL, 0, 'member', '2025-07-01 18:24');
INSERT OR IGNORE INTO user_label (user_id, label) VALUES ('bd2e25b84c9247c09bd93e89d4ca3232', 'RRM Academy Members Group member');

INSERT OR IGNORE INTO user (id, email, email_verified, hashed_password, name, first_name, last_name, wix_member_id, blocked, role, created_at) VALUES ('eb200808a8b44ee6b720132b120e1996', 'averythompz@gmail.com', 1, '', 'Avery Thompson', 'Avery', 'Thompson', NULL, 0, 'member', '2025-07-06 23:38');

INSERT OR IGNORE INTO user (id, email, email_verified, hashed_password, name, first_name, last_name, wix_member_id, blocked, role, created_at) VALUES ('74afc1d66be94ee597e533a7a8d8d309', 'mtangeman20@gmail.com', 1, '', '', '', '', NULL, 0, 'member', '2025-06-29 14:06');

INSERT OR IGNORE INTO user (id, email, email_verified, hashed_password, name, first_name, last_name, wix_member_id, blocked, role, created_at) VALUES ('41cb9673fe2845aaa460ab91029a66ca', 'diehl.kell@gmail.com', 1, '', '', '', '', NULL, 0, 'member', '2025-06-28 21:10');

INSERT OR IGNORE INTO user (id, email, email_verified, hashed_password, name, first_name, last_name, wix_member_id, blocked, role, created_at) VALUES ('e2544126072b48e89473bf3758cfebda', 'jujimendez@gmail.com', 1, '', '', '', '', NULL, 0, 'member', '2025-06-22 06:03');

INSERT OR IGNORE INTO user (id, email, email_verified, hashed_password, name, first_name, last_name, wix_member_id, blocked, role, created_at) VALUES ('2c12990ff0674d45aabe4ae97c6ac344', 'thereseeobrien@icloud.com', 1, '', 'Therese O''Brien', 'Therese', 'O''Brien', NULL, 0, 'member', '2025-07-03 00:28');

INSERT OR IGNORE INTO user (id, email, email_verified, hashed_password, name, first_name, last_name, wix_member_id, blocked, role, created_at) VALUES ('9450c258c1294d60a9b8b7393eb8221d', 'glavincaroline@gmail.com', 1, '', 'Caroline Glavin', 'Caroline', 'Glavin', NULL, 0, 'member', '2025-06-22 21:40');
INSERT OR IGNORE INTO user_label (user_id, label) VALUES ('9450c258c1294d60a9b8b7393eb8221d', 'RRM Academy Members Group member');

INSERT OR IGNORE INTO user (id, email, email_verified, hashed_password, name, first_name, last_name, wix_member_id, blocked, role, created_at) VALUES ('c9a3d45662294ef18f417d5438bcf5f0', 'jj211259@yahoo.com', 1, '', '', '', '', NULL, 0, 'member', '2025-06-23 22:03');

INSERT OR IGNORE INTO user (id, email, email_verified, hashed_password, name, first_name, last_name, wix_member_id, blocked, role, created_at) VALUES ('20d54d7f4b074467bd37320080726bb7', 'sarah.allec@gmail.com', 1, '', 'Sarah Allec', 'Sarah', 'Allec', NULL, 0, 'member', '2025-06-25 00:35');

INSERT OR IGNORE INTO user (id, email, email_verified, hashed_password, name, first_name, last_name, wix_member_id, blocked, role, created_at) VALUES ('c53efaa1cbbb4948806f96ac16b7790a', 'ashley@nourishgreenville.com', 1, '', 'Ashley Nickerson', 'Ashley', 'Nickerson', NULL, 0, 'member', '2025-06-19 12:33');
INSERT OR IGNORE INTO user_label (user_id, label) VALUES ('c53efaa1cbbb4948806f96ac16b7790a', 'RRM Academy Members Group member');

INSERT OR IGNORE INTO user (id, email, email_verified, hashed_password, name, first_name, last_name, wix_member_id, blocked, role, created_at) VALUES ('af873db1b0a84098824f05f05c52208e', 'maureennashpt@gmail.com', 1, '', '', '', '', NULL, 0, 'member', '2025-06-23 00:30');

INSERT OR IGNORE INTO user (id, email, email_verified, hashed_password, name, first_name, last_name, wix_member_id, blocked, role, created_at) VALUES ('08879a48642a45ec931e9f9034b9d5a4', 'aarsenian@gmail.com', 1, '', '', '', '', NULL, 0, 'member', '2025-06-25 22:16');

INSERT OR IGNORE INTO user (id, email, email_verified, hashed_password, name, first_name, last_name, wix_member_id, blocked, role, created_at) VALUES ('a6d5523be81743b8be37a6a78e6ca806', 'katrinalyoder@gmail.com', 1, '', '', '', '', NULL, 0, 'member', '2025-06-24 20:17');

INSERT OR IGNORE INTO user (id, email, email_verified, hashed_password, name, first_name, last_name, wix_member_id, blocked, role, created_at) VALUES ('e57dab8412f342c19fb00b4a59a561b1', 'sarahaeilert@gmail.com', 1, '', '', '', '', NULL, 0, 'member', '2025-06-25 18:06');

INSERT OR IGNORE INTO user (id, email, email_verified, hashed_password, name, first_name, last_name, wix_member_id, blocked, role, created_at) VALUES ('e2af7809ae6b4068b06a3b84952f58dc', 'doughertyashley22@gmail.com', 1, '', 'Ashley Dougherty', 'Ashley', 'Dougherty', NULL, 0, 'member', '2025-06-22 17:03');

INSERT OR IGNORE INTO user (id, email, email_verified, hashed_password, name, first_name, last_name, wix_member_id, blocked, role, created_at) VALUES ('d7ee0572fdbf4d2084678f300b36124a', 'kmirek1@yahoo.com', 1, '', '', '', '', NULL, 0, 'member', '2025-06-30 15:51');

INSERT OR IGNORE INTO user (id, email, email_verified, hashed_password, name, first_name, last_name, wix_member_id, blocked, role, created_at) VALUES ('15871cb5bfbb484196d4a24f96ae5bda', 'mollerdanica@gmail.com', 1, '', '', '', '', NULL, 0, 'member', '2025-06-27 10:56');

INSERT OR IGNORE INTO user (id, email, email_verified, hashed_password, name, first_name, last_name, wix_member_id, blocked, role, created_at) VALUES ('3c81aefd415345bcbd4f2948385709ac', 'anna.kiernan@hotmail.com', 1, '', '', '', '', NULL, 0, 'member', '2025-07-04 02:51');

INSERT OR IGNORE INTO user (id, email, email_verified, hashed_password, name, first_name, last_name, wix_member_id, blocked, role, created_at) VALUES ('a139df77780240b491e00b7b0ebf299a', 'rianegoogeg@gmail.com', 1, '', 'riane googeg', 'riane', 'googeg', NULL, 0, 'member', '2025-06-19 21:13');

INSERT OR IGNORE INTO user (id, email, email_verified, hashed_password, name, first_name, last_name, wix_member_id, blocked, role, created_at) VALUES ('2f8859635f0744eab686bf90454dd9c8', 'bcaggie15@gmail.com', 1, '', 'Brooke Lawrence', 'Brooke', 'Lawrence', NULL, 0, 'member', '2025-07-01 01:03');

INSERT OR IGNORE INTO user (id, email, email_verified, hashed_password, name, first_name, last_name, wix_member_id, blocked, role, created_at) VALUES ('faf21049f94c4fe48ed8854a5ec33a21', 'rebekah.hilfiger@gmail.com', 1, '', '', '', '', NULL, 0, 'member', '2025-07-05 12:53');

INSERT OR IGNORE INTO user (id, email, email_verified, hashed_password, name, first_name, last_name, wix_member_id, blocked, role, created_at) VALUES ('5fd32f311ce340fc8a22762273ae7495', 'bap1250@sbcglobal.net', 1, '', '', '', '', NULL, 0, 'member', '2025-07-06 18:14');

INSERT OR IGNORE INTO user (id, email, email_verified, hashed_password, name, first_name, last_name, wix_member_id, blocked, role, created_at) VALUES ('c0cf008c8a6e4b5f89ceb0e5d6ef1862', 'eshudak94@gmail.com', 1, '', '', '', '', NULL, 0, 'member', '2025-06-22 21:36');

INSERT OR IGNORE INTO user (id, email, email_verified, hashed_password, name, first_name, last_name, wix_member_id, blocked, role, created_at) VALUES ('984440cdddfc400082324bd21579c6f3', 'sophiajoycekaregeannes@gmail.com', 1, '', '', '', '', NULL, 0, 'member', '2025-06-22 22:09');

INSERT OR IGNORE INTO user (id, email, email_verified, hashed_password, name, first_name, last_name, wix_member_id, blocked, role, created_at) VALUES ('703f7d5aeeb8444f96b7c4b43fc6fd86', 'ccmihovk@gmail.com', 1, '', 'Claire Mihovk', 'Claire', 'Mihovk', NULL, 0, 'member', '2025-07-02 17:29');

INSERT OR IGNORE INTO user (id, email, email_verified, hashed_password, name, first_name, last_name, wix_member_id, blocked, role, created_at) VALUES ('f2d637bda3534037979cf315d42bd891', 'jmmburke23@gmail.com', 1, '', '', '', '', NULL, 0, 'member', '2025-07-01 12:44');

INSERT OR IGNORE INTO user (id, email, email_verified, hashed_password, name, first_name, last_name, wix_member_id, blocked, role, created_at) VALUES ('f60da771ac5648bc9d28c360f00672be', 'brenda.sevcik@gmail.com', 1, '', 'Brenda Sevcik', 'Brenda', 'Sevcik', NULL, 0, 'member', '2025-07-01 06:10');

INSERT OR IGNORE INTO user (id, email, email_verified, hashed_password, name, first_name, last_name, wix_member_id, blocked, role, created_at) VALUES ('184560030743477ea7c070d00e404ab8', 'rianegoogeg@hotmail.com', 1, '', '', '', '', NULL, 0, 'member', '2025-06-19 21:57');

INSERT OR IGNORE INTO user (id, email, email_verified, hashed_password, name, first_name, last_name, wix_member_id, blocked, role, created_at) VALUES ('ae4afc2d81ca47e996d100eaf8dc0b58', 'wixstudio696@gmail.com', 1, '', 'Wix Studio', 'Wix', 'Studio', NULL, 1, 'member', '2025-06-22 21:26');
INSERT OR IGNORE INTO user_label (user_id, label) VALUES ('ae4afc2d81ca47e996d100eaf8dc0b58', 'Spam 🛑');

INSERT OR IGNORE INTO user (id, email, email_verified, hashed_password, name, first_name, last_name, wix_member_id, blocked, role, created_at) VALUES ('72b4c86da5c947eb8cbfe4eb2186433e', 'ajupena@gmail.com', 1, '', '', '', '', NULL, 0, 'member', '2025-06-27 10:59');

INSERT OR IGNORE INTO user (id, email, email_verified, hashed_password, name, first_name, last_name, wix_member_id, blocked, role, created_at) VALUES ('b87ab3ae68c0444bade981fef2fc9826', 'loganwaggenspack@gmail.com', 1, '', 'Logan Waggenspack', 'Logan', 'Waggenspack', NULL, 0, 'member', '2025-06-25 18:10');
INSERT OR IGNORE INTO user_label (user_id, label) VALUES ('b87ab3ae68c0444bade981fef2fc9826', 'RRM Academy Members Group member');

INSERT OR IGNORE INTO user (id, email, email_verified, hashed_password, name, first_name, last_name, wix_member_id, blocked, role, created_at) VALUES ('f8be18382ef649b68898767df4fc09f6', 'clogger.girl1997@gmail.com', 1, '', '', '', '', NULL, 0, 'member', '2025-06-24 20:36');

INSERT OR IGNORE INTO user (id, email, email_verified, hashed_password, name, first_name, last_name, wix_member_id, blocked, role, created_at) VALUES ('b3ad7448e5f64e9f954e8559bbb5cb72', 'aliciadeleidi@gmail.com', 1, '', 'Alicia Deleidi', 'Alicia', 'Deleidi', NULL, 0, 'member', '2025-07-03 20:18');

INSERT OR IGNORE INTO user (id, email, email_verified, hashed_password, name, first_name, last_name, wix_member_id, blocked, role, created_at) VALUES ('f1e77999d22f4f7b8819dbc2de3ecbdd', 'writessharma@gmail.com', 1, '', '', '', '', NULL, 0, 'member', '2025-06-27 22:48');

INSERT OR IGNORE INTO user (id, email, email_verified, hashed_password, name, first_name, last_name, wix_member_id, blocked, role, created_at) VALUES ('0335eeafe8de409d9dc329406815336d', 'christin.31.ch@gmail.com', 1, '', '', '', '', NULL, 0, 'member', '2025-07-03 20:24');

INSERT OR IGNORE INTO user (id, email, email_verified, hashed_password, name, first_name, last_name, wix_member_id, blocked, role, created_at) VALUES ('7f7c92b2e5184d9999b56bd9b98863ca', 'starrbrochelle@gmail.com', 1, '', '', '', '', NULL, 0, 'member', '2025-06-29 18:45');

INSERT OR IGNORE INTO user (id, email, email_verified, hashed_password, name, first_name, last_name, wix_member_id, blocked, role, created_at) VALUES ('b58c5ea320484616813d41b8a6b0b2f1', 'leichtnam.sydney@gmail.com', 1, '', '', '', '', NULL, 0, 'member', '2025-07-05 23:30');

INSERT OR IGNORE INTO user (id, email, email_verified, hashed_password, name, first_name, last_name, wix_member_id, blocked, role, created_at) VALUES ('b67eaad196b14be194e6cc7aedc08233', 'kourtney.heichel@gmail.com', 1, '', '', '', '', NULL, 0, 'member', '2025-07-02 15:52');

INSERT OR IGNORE INTO user (id, email, email_verified, hashed_password, name, first_name, last_name, wix_member_id, blocked, role, created_at) VALUES ('fa72f861b86446c7a3e8665933e0de96', 'eden.wilkees@gmail.com', 1, '', 'Eden Brown', 'Eden', 'Brown', NULL, 0, 'member', '2025-06-24 23:20');

INSERT OR IGNORE INTO user (id, email, email_verified, hashed_password, name, first_name, last_name, wix_member_id, blocked, role, created_at) VALUES ('87ffe6ddffa84501b9bdcaae37553b43', 'felicia_emtman@hotmail.com', 1, '', '', '', '', NULL, 0, 'member', '2025-07-07 17:24');

INSERT OR IGNORE INTO user (id, email, email_verified, hashed_password, name, first_name, last_name, wix_member_id, blocked, role, created_at) VALUES ('dbad86f87d0845c1a613d78ed61f001b', 'foglietta.j@gmail.com', 1, '', '', '', '', NULL, 0, 'member', '2025-06-27 01:41');

INSERT OR IGNORE INTO user (id, email, email_verified, hashed_password, name, first_name, last_name, wix_member_id, blocked, role, created_at) VALUES ('c91a66eeb30d4ee8a5ac959dbb1ce67c', 'morganb_94@yahoo.com', 1, '', '', '', '', NULL, 0, 'member', '2025-06-20 21:16');

INSERT OR IGNORE INTO user (id, email, email_verified, hashed_password, name, first_name, last_name, wix_member_id, blocked, role, created_at) VALUES ('c1274f85185e42939b346a10db331f64', 'blglover@mix.wvu.edu', 1, '', '', '', '', NULL, 0, 'member', '2025-07-02 00:21');

INSERT OR IGNORE INTO user (id, email, email_verified, hashed_password, name, first_name, last_name, wix_member_id, blocked, role, created_at) VALUES ('78593ffebb274d1b8733c25656b792ac', 'jtgrasz19@gmail.com', 1, '', 'Jordyn Grasz', 'Jordyn', 'Grasz', NULL, 0, 'member', '2025-06-24 00:23');

INSERT OR IGNORE INTO user (id, email, email_verified, hashed_password, name, first_name, last_name, wix_member_id, blocked, role, created_at) VALUES ('c8c9e5ec39384079a1464fdc0b29c833', 'jrps145.8@gmail.com', 1, '', 'Jenny Y.', 'Jenny', 'Y.', NULL, 0, 'member', '2025-06-23 16:54');

INSERT OR IGNORE INTO user (id, email, email_verified, hashed_password, name, first_name, last_name, wix_member_id, blocked, role, created_at) VALUES ('b6917f6c1b6d4d2fbbc8af637e1df2f7', 'momina.k123@gmail.com', 1, '', '', '', '', NULL, 0, 'member', '2025-07-01 04:48');

INSERT OR IGNORE INTO user (id, email, email_verified, hashed_password, name, first_name, last_name, wix_member_id, blocked, role, created_at) VALUES ('a9491971aa874d3e9c51a5ad88496236', 'rica.cueto@yahoo.com', 1, '', '', '', '', NULL, 0, 'member', '2025-06-25 10:26');

INSERT OR IGNORE INTO user (id, email, email_verified, hashed_password, name, first_name, last_name, wix_member_id, blocked, role, created_at) VALUES ('0487721987e3493f8b308e7f734cf2bd', 'chainess333@gmail.com', 1, '', 'Conny Haines', 'Conny', 'Haines', NULL, 0, 'member', '2025-06-27 20:28');
INSERT OR IGNORE INTO user_label (user_id, label) VALUES ('0487721987e3493f8b308e7f734cf2bd', 'RRM Academy Members Group member');

INSERT OR IGNORE INTO user (id, email, email_verified, hashed_password, name, first_name, last_name, wix_member_id, blocked, role, created_at) VALUES ('b9dc7c45df894cecba9a5fc343476e10', 'hathawayah@gmail.com', 1, '', '', '', '', NULL, 0, 'member', '2025-06-29 21:42');

INSERT OR IGNORE INTO user (id, email, email_verified, hashed_password, name, first_name, last_name, wix_member_id, blocked, role, created_at) VALUES ('5baf84d1ad1b4ac2b4463e4131ab6ae4', 'ltruman2013@gmail.com', 1, '', 'Lorraine Truman', 'Lorraine', 'Truman', NULL, 0, 'member', '2025-06-23 15:08');
INSERT OR IGNORE INTO user_label (user_id, label) VALUES ('5baf84d1ad1b4ac2b4463e4131ab6ae4', 'Donor 👏');
INSERT OR IGNORE INTO user_label (user_id, label) VALUES ('5baf84d1ad1b4ac2b4463e4131ab6ae4', 'RRM Academy Members Group member');
INSERT OR IGNORE INTO user_label (user_id, label) VALUES ('5baf84d1ad1b4ac2b4463e4131ab6ae4', 'Customers');
INSERT OR IGNORE INTO user_label (user_id, label) VALUES ('5baf84d1ad1b4ac2b4463e4131ab6ae4', 'Save the Uterus Club Group member');
INSERT OR IGNORE INTO user_label (user_id, label) VALUES ('5baf84d1ad1b4ac2b4463e4131ab6ae4', 'Uterus Member 🐻');
INSERT OR IGNORE INTO user_label (user_id, label) VALUES ('5baf84d1ad1b4ac2b4463e4131ab6ae4', 'Save the Uterus Club 🏷️');

INSERT OR IGNORE INTO user (id, email, email_verified, hashed_password, name, first_name, last_name, wix_member_id, blocked, role, created_at) VALUES ('66c3fdac9e9f422b9b0616830fe72b1b', 'aglewis91@gmail.com', 1, '', '', '', '', NULL, 0, 'member', '2025-06-29 17:50');

INSERT OR IGNORE INTO user (id, email, email_verified, hashed_password, name, first_name, last_name, wix_member_id, blocked, role, created_at) VALUES ('05864e040dac480fb06ffaaedcca6c6a', 'mvartist794@gmail.com', 1, '', '', '', '', NULL, 0, 'member', '2025-07-04 05:27');
INSERT OR IGNORE INTO user_label (user_id, label) VALUES ('05864e040dac480fb06ffaaedcca6c6a', 'RRM Academy Members Group member');
INSERT OR IGNORE INTO user_label (user_id, label) VALUES ('05864e040dac480fb06ffaaedcca6c6a', 'Masterclass Members Group member');

INSERT OR IGNORE INTO user (id, email, email_verified, hashed_password, name, first_name, last_name, wix_member_id, blocked, role, created_at) VALUES ('a9c45833d63c4f218b791cd20d4bc421', 'rrstovall@gmail.com', 1, '', '', '', '', NULL, 0, 'member', '2025-07-04 00:16');

INSERT OR IGNORE INTO user (id, email, email_verified, hashed_password, name, first_name, last_name, wix_member_id, blocked, role, created_at) VALUES ('1aea89540e65439688e7c0912d95c641', 'mariannecoutu76@hotmail.fr', 1, '', '', '', '', NULL, 0, 'member', '2025-06-26 01:24');

INSERT OR IGNORE INTO user (id, email, email_verified, hashed_password, name, first_name, last_name, wix_member_id, blocked, role, created_at) VALUES ('61a1dca567824e63b236bb1309676833', 'tayhaydac@gmail.com', 1, '', 'Hayley DaCanal', 'Hayley', 'DaCanal', NULL, 0, 'member', '2025-06-23 14:58');

INSERT OR IGNORE INTO user (id, email, email_verified, hashed_password, name, first_name, last_name, wix_member_id, blocked, role, created_at) VALUES ('0b1bca629c734892a437b383abb99757', 'littlekerrysacres@gmail.com', 1, '', 'Rita Johnson', 'Rita', 'Johnson', NULL, 0, 'member', '2025-07-07 16:58');
INSERT OR IGNORE INTO user_label (user_id, label) VALUES ('0b1bca629c734892a437b383abb99757', 'Save the Uterus Club Group member');
INSERT OR IGNORE INTO user_label (user_id, label) VALUES ('0b1bca629c734892a437b383abb99757', 'RRM Academy Members Group member');
INSERT OR IGNORE INTO user_label (user_id, label) VALUES ('0b1bca629c734892a437b383abb99757', 'Circle of Impact 📥');

INSERT OR IGNORE INTO user (id, email, email_verified, hashed_password, name, first_name, last_name, wix_member_id, blocked, role, created_at) VALUES ('5b80840273914d36a02121a2f30fc1fd', 'marielogsden@gmail.com', 1, '', '', '', '', NULL, 0, 'member', '2025-07-10 05:09');

INSERT OR IGNORE INTO user (id, email, email_verified, hashed_password, name, first_name, last_name, wix_member_id, blocked, role, created_at) VALUES ('90284f5c5bcc43b2a254cdc51a4bc079', 'alondralmader98@gmail.com', 1, '', 'Alondra Griffith', 'Alondra', 'Griffith', NULL, 0, 'member', '2025-07-09 19:17');

INSERT OR IGNORE INTO user (id, email, email_verified, hashed_password, name, first_name, last_name, wix_member_id, blocked, role, created_at) VALUES ('89818520f32f45828ea9adc2f3dc7f19', 'reginareed528@gmail.com', 1, '', 'Regina Reed', 'Regina', 'Reed', NULL, 0, 'member', '2025-07-20 20:09');

INSERT OR IGNORE INTO user (id, email, email_verified, hashed_password, name, first_name, last_name, wix_member_id, blocked, role, created_at) VALUES ('81028aa3a2ac4b509ebb538ea62ab9e1', '15jcallahan@gmail.com', 1, '', 'Justice Callahan', 'Justice', 'Callahan', NULL, 0, 'member', '2025-07-21 03:09');

INSERT OR IGNORE INTO user (id, email, email_verified, hashed_password, name, first_name, last_name, wix_member_id, blocked, role, created_at) VALUES ('8d0ddfe1881d4ae4a734d94a26c4a2a8', 'jazminahurt@gmail.com', 1, '', '', '', '', NULL, 0, 'member', '2025-07-11 15:16');

INSERT OR IGNORE INTO user (id, email, email_verified, hashed_password, name, first_name, last_name, wix_member_id, blocked, role, created_at) VALUES ('9edd7f92fee5414b8b9c87415f3bae71', 'lauren.oliver2017@hotmail.com', 1, '', '', '', '', NULL, 0, 'member', '2025-07-17 20:57');

INSERT OR IGNORE INTO user (id, email, email_verified, hashed_password, name, first_name, last_name, wix_member_id, blocked, role, created_at) VALUES ('1dba489ec69f474d85e328f1fcff9e8e', 'mallory.anne.ingram@gmail.com', 1, '', 'Mallory Ingram', 'Mallory', 'Ingram', NULL, 0, 'member', '2025-07-13 13:36');

INSERT OR IGNORE INTO user (id, email, email_verified, hashed_password, name, first_name, last_name, wix_member_id, blocked, role, created_at) VALUES ('4647865630524640b6e1db3406b3e86c', 'b.austin1000@gmail.com', 1, '', 'Bianca Austin', 'Bianca', 'Austin', NULL, 0, 'member', '2025-07-18 16:44');

INSERT OR IGNORE INTO user (id, email, email_verified, hashed_password, name, first_name, last_name, wix_member_id, blocked, role, created_at) VALUES ('c1e2bca9457048048b06562b5103e508', 'clara.sevy@gmail.com', 1, '', 'Clara Sevy', 'Clara', 'Sevy', NULL, 0, 'member', '2025-07-15 00:08');

INSERT OR IGNORE INTO user (id, email, email_verified, hashed_password, name, first_name, last_name, wix_member_id, blocked, role, created_at) VALUES ('0927c0325bd6482395e923ea2a7aa8ce', 'gutshall.jaime@gmail.com', 1, '', '', '', '', NULL, 0, 'member', '2025-07-21 03:28');

INSERT OR IGNORE INTO user (id, email, email_verified, hashed_password, name, first_name, last_name, wix_member_id, blocked, role, created_at) VALUES ('0c5d0f7145cc49b5a7d4659fbcca7651', 'seb.flutterby@gmail.com', 1, '', 'Sara Bowman', 'Sara', 'Bowman', NULL, 0, 'member', '2025-07-25 12:22');

INSERT OR IGNORE INTO user (id, email, email_verified, hashed_password, name, first_name, last_name, wix_member_id, blocked, role, created_at) VALUES ('6192c727f54740a98ab4bf31693411d7', 'gstevens1803@gmail.com', 1, '', '', '', '', NULL, 0, 'member', '2025-07-19 14:17');

INSERT OR IGNORE INTO user (id, email, email_verified, hashed_password, name, first_name, last_name, wix_member_id, blocked, role, created_at) VALUES ('dbbc8bd6c5904f7088b51a77059ea540', 'jennifertan300@gmail.com', 1, '', 'Jen Tan', 'Jen', 'Tan', NULL, 0, 'member', '2025-07-20 06:55');

INSERT OR IGNORE INTO user (id, email, email_verified, hashed_password, name, first_name, last_name, wix_member_id, blocked, role, created_at) VALUES ('66b44ffad3db467c929175d256742c23', 'loburgeroliver2017@gmail.com', 1, '', 'Lauren Oliver', 'Lauren', 'Oliver', NULL, 0, 'member', '2025-07-18 16:15');
INSERT OR IGNORE INTO user_label (user_id, label) VALUES ('66b44ffad3db467c929175d256742c23', 'Contacted Me');
INSERT OR IGNORE INTO user_label (user_id, label) VALUES ('66b44ffad3db467c929175d256742c23', 'DO NOT SEND LIST 🛑');

INSERT OR IGNORE INTO user (id, email, email_verified, hashed_password, name, first_name, last_name, wix_member_id, blocked, role, created_at) VALUES ('e35f90fed30546279bf685b9b9439c37', 'nohapetros@gmail.com', 1, '', '', '', '', NULL, 0, 'member', '2025-07-20 14:41');

INSERT OR IGNORE INTO user (id, email, email_verified, hashed_password, name, first_name, last_name, wix_member_id, blocked, role, created_at) VALUES ('bb6dcc030100405fb5f1d3be65de086e', 'erinbubka@gmail.com', 1, '', 'Erin Marsalisi', 'Erin', 'Marsalisi', NULL, 0, 'member', '2025-07-22 22:09');

INSERT OR IGNORE INTO user (id, email, email_verified, hashed_password, name, first_name, last_name, wix_member_id, blocked, role, created_at) VALUES ('b198edc4eb1e4eaeaaaf8a8582def605', 'caitlin.rioux@gmail.com', 1, '', 'Caitlin Rioux', 'Caitlin', 'Rioux', NULL, 0, 'member', '2025-07-24 12:28');

INSERT OR IGNORE INTO user (id, email, email_verified, hashed_password, name, first_name, last_name, wix_member_id, blocked, role, created_at) VALUES ('bfddb5ce47e54b23a4d77b2f05ed5dd0', 'imeeanne@gmail.com', 1, '', 'Imee Williams', 'Imee', 'Williams', NULL, 0, 'member', '2025-07-23 07:21');
INSERT OR IGNORE INTO user_label (user_id, label) VALUES ('bfddb5ce47e54b23a4d77b2f05ed5dd0', 'RRM Academy Members Group member');

INSERT OR IGNORE INTO user (id, email, email_verified, hashed_password, name, first_name, last_name, wix_member_id, blocked, role, created_at) VALUES ('b1dd2fb7a6af461db1cde26952341815', 'sgannon719@gmail.com', 1, '', '', '', '', NULL, 0, 'member', '2025-07-08 01:03');

INSERT OR IGNORE INTO user (id, email, email_verified, hashed_password, name, first_name, last_name, wix_member_id, blocked, role, created_at) VALUES ('67e1005e31ca4345ac9e3a15af5aa275', 'fingersafire@gmail.com', 1, '', '', '', '', NULL, 0, 'member', '2025-07-20 20:27');

INSERT OR IGNORE INTO user (id, email, email_verified, hashed_password, name, first_name, last_name, wix_member_id, blocked, role, created_at) VALUES ('9880f48286494cbda5387912f50d7f3d', 'strawberrybetty9@gmail.com', 1, '', 'Strawberry 🍓🍰 Betty 💘💘', 'Strawberry 🍓🍰', 'Betty 💘💘', NULL, 1, 'member', '2025-07-13 02:34');
INSERT OR IGNORE INTO user_label (user_id, label) VALUES ('9880f48286494cbda5387912f50d7f3d', 'Spam 🛑');

INSERT OR IGNORE INTO user (id, email, email_verified, hashed_password, name, first_name, last_name, wix_member_id, blocked, role, created_at) VALUES ('3b9d5dc74f424368aa20587fe7f0b220', 'rebekahjoygraham@gmail.com', 1, '', '', '', '', NULL, 0, 'member', '2025-07-12 19:12');

INSERT OR IGNORE INTO user (id, email, email_verified, hashed_password, name, first_name, last_name, wix_member_id, blocked, role, created_at) VALUES ('fde32a1a271a4d34922013084f564433', 'komalroshan@hotmail.com', 1, '', '', '', '', NULL, 0, 'member', '2025-07-15 15:11');

INSERT OR IGNORE INTO user (id, email, email_verified, hashed_password, name, first_name, last_name, wix_member_id, blocked, role, created_at) VALUES ('d5bf3e75e0dc4c688d22043c6c1ce533', 'jf3604@gmail.com', 1, '', 'Julie Knipfer', 'Julie', 'Knipfer', NULL, 0, 'member', '2025-07-21 21:47');

INSERT OR IGNORE INTO user (id, email, email_verified, hashed_password, name, first_name, last_name, wix_member_id, blocked, role, created_at) VALUES ('96067f26d75549a5bf898a9d84a5f2e3', 'monica.dawn@gmail.com', 1, '', '', '', '', NULL, 0, 'member', '2025-07-18 03:33');

INSERT OR IGNORE INTO user (id, email, email_verified, hashed_password, name, first_name, last_name, wix_member_id, blocked, role, created_at) VALUES ('849b6c91907447dfb10b7a7e34aac291', 'annieward27@gmail.com', 1, '', 'Annie Ward', 'Annie', 'Ward', NULL, 0, 'member', '2025-07-21 21:38');

INSERT OR IGNORE INTO user (id, email, email_verified, hashed_password, name, first_name, last_name, wix_member_id, blocked, role, created_at) VALUES ('0d181e9fa2344fc5bddad11925c91713', 'hollymyers01@gmail.com', 1, '', 'Holly Myers', 'Holly', 'Myers', NULL, 0, 'member', '2025-07-23 02:52');

INSERT OR IGNORE INTO user (id, email, email_verified, hashed_password, name, first_name, last_name, wix_member_id, blocked, role, created_at) VALUES ('77dbcbb0226b457eb51cb3d74e551d04', 'lillykailynn@yahoo.com', 1, '', '', '', '', NULL, 0, 'member', '2025-07-12 01:39');

INSERT OR IGNORE INTO user (id, email, email_verified, hashed_password, name, first_name, last_name, wix_member_id, blocked, role, created_at) VALUES ('edf42b15ed7e4ce78b512004977689d3', 'catherinebranch03@gmail.com', 1, '', '', '', '', NULL, 0, 'member', '2025-07-14 18:35');

INSERT OR IGNORE INTO user (id, email, email_verified, hashed_password, name, first_name, last_name, wix_member_id, blocked, role, created_at) VALUES ('c08f1be6814d4c1ea82cd51a5fc36baf', 'ferrierce@gmail.com', 1, '', 'Courtney Ferrier', 'Courtney', 'Ferrier', NULL, 0, 'member', '2025-07-25 06:35');

INSERT OR IGNORE INTO user (id, email, email_verified, hashed_password, name, first_name, last_name, wix_member_id, blocked, role, created_at) VALUES ('c1f186db95cb4aaf9a3b808bc242738c', 'laura.a.folger@gmail.com', 1, '', 'Laura Folger', 'Laura', 'Folger', NULL, 0, 'member', '2025-07-16 19:14');

INSERT OR IGNORE INTO user (id, email, email_verified, hashed_password, name, first_name, last_name, wix_member_id, blocked, role, created_at) VALUES ('d525ddce853d44439e63cae86b6d551f', 'lisa.albitre@yahoo.com', 1, '', '', '', '', NULL, 0, 'member', '2025-07-26 01:56');
INSERT OR IGNORE INTO user_label (user_id, label) VALUES ('d525ddce853d44439e63cae86b6d551f', 'RRM Academy Members Group member');

INSERT OR IGNORE INTO user (id, email, email_verified, hashed_password, name, first_name, last_name, wix_member_id, blocked, role, created_at) VALUES ('847036c656be484992a90f964ff5c461', 'cheyenneh87@gmail.com', 1, '', 'Cheyenne Heath', 'Cheyenne', 'Heath', NULL, 0, 'member', '2025-07-16 20:17');

INSERT OR IGNORE INTO user (id, email, email_verified, hashed_password, name, first_name, last_name, wix_member_id, blocked, role, created_at) VALUES ('c423c2d331f44cdbaf515d1a4d677578', 'christina.chi.han@gmail.com', 1, '', '', '', '', NULL, 0, 'member', '2025-07-15 00:27');

INSERT OR IGNORE INTO user (id, email, email_verified, hashed_password, name, first_name, last_name, wix_member_id, blocked, role, created_at) VALUES ('92975cca6c5142f8990a3a7949557bdd', 'jfayerose@gmail.com', 1, '', '', '', '', NULL, 0, 'member', '2025-07-22 16:38');

INSERT OR IGNORE INTO user (id, email, email_verified, hashed_password, name, first_name, last_name, wix_member_id, blocked, role, created_at) VALUES ('388016c2a1164e3c8fbe7f9782b3469e', 'busylizzyw22@gmail.com', 1, '', '', '', '', NULL, 0, 'member', '2025-07-17 23:44');

INSERT OR IGNORE INTO user (id, email, email_verified, hashed_password, name, first_name, last_name, wix_member_id, blocked, role, created_at) VALUES ('99d07a2fb98340edb251c5e3121945ed', 'claire@truemed.com', 1, '', 'Claire Pedregon', 'Claire', 'Pedregon', NULL, 0, 'member', '2025-07-17 15:14');

INSERT OR IGNORE INTO user (id, email, email_verified, hashed_password, name, first_name, last_name, wix_member_id, blocked, role, created_at) VALUES ('ed9e967b0b7c4fbe9802ffd734c9d998', 'sopie_w@hotmail.com', 1, '', '', '', '', NULL, 0, 'member', '2025-07-12 10:30');

INSERT OR IGNORE INTO user (id, email, email_verified, hashed_password, name, first_name, last_name, wix_member_id, blocked, role, created_at) VALUES ('5fd77ab0e6334da8a695c85181153f6f', 'hello@mac-med.com', 1, '', '', '', '', NULL, 0, 'member', '2025-07-15 00:37');
INSERT OR IGNORE INTO user_label (user_id, label) VALUES ('5fd77ab0e6334da8a695c85181153f6f', 'Masterclass in Endometriosis and Surgery');
INSERT OR IGNORE INTO user_label (user_id, label) VALUES ('5fd77ab0e6334da8a695c85181153f6f', 'RRM Academy Members Group member');
INSERT OR IGNORE INTO user_label (user_id, label) VALUES ('5fd77ab0e6334da8a695c85181153f6f', 'Masterclass Members Group member');
INSERT OR IGNORE INTO enrollment (id, user_id, course_id, enrolled_at) VALUES ('03d0f0aaf0a64aba85b2e5c4e7f9a330', '5fd77ab0e6334da8a695c85181153f6f', 'masterclass-endo-surgery', '2025-07-15 00:37');

INSERT OR IGNORE INTO user (id, email, email_verified, hashed_password, name, first_name, last_name, wix_member_id, blocked, role, created_at) VALUES ('1ae041e36e7f44a7a98e1ef1beea9574', 'baileybuie10@yahoo.com', 1, '', '', '', '', NULL, 0, 'member', '2025-07-10 23:07');

INSERT OR IGNORE INTO user (id, email, email_verified, hashed_password, name, first_name, last_name, wix_member_id, blocked, role, created_at) VALUES ('b4cec8b11bcc438cb0d73647749bf4b9', 'madisonmcquary@hotmail.com', 1, '', '', '', '', NULL, 0, 'member', '2025-07-22 13:20');

INSERT OR IGNORE INTO user (id, email, email_verified, hashed_password, name, first_name, last_name, wix_member_id, blocked, role, created_at) VALUES ('6518abb7acf9457c98e0258d4cef6d34', 'kc.meyn1@gmail.com', 1, '', 'Keegan & Claudia Meyn', 'Keegan & Claudia', 'Meyn', NULL, 0, 'member', '2025-07-19 12:47');

INSERT OR IGNORE INTO user (id, email, email_verified, hashed_password, name, first_name, last_name, wix_member_id, blocked, role, created_at) VALUES ('8af542156e8245ffb90d7e04e84c07dc', 'aedmiller@gmail.com', 1, '', '', '', '', NULL, 0, 'member', '2025-07-21 13:26');

INSERT OR IGNORE INTO user (id, email, email_verified, hashed_password, name, first_name, last_name, wix_member_id, blocked, role, created_at) VALUES ('1ab2f2a8da0340c18c3fe7ba2d5e32f1', 'grace.a.kunkel@gmail.com', 1, '', 'Grace Kunkel', 'Grace', 'Kunkel', NULL, 0, 'member', '2025-07-17 11:54');

INSERT OR IGNORE INTO user (id, email, email_verified, hashed_password, name, first_name, last_name, wix_member_id, blocked, role, created_at) VALUES ('5b7348a153e543eb9e97b1f709f13fe3', 'info@abili.si', 1, '', '', '', '', NULL, 0, 'member', '2025-07-22 06:13');
INSERT OR IGNORE INTO user_label (user_id, label) VALUES ('5b7348a153e543eb9e97b1f709f13fe3', 'RRM Academy Members Group member');

INSERT OR IGNORE INTO user (id, email, email_verified, hashed_password, name, first_name, last_name, wix_member_id, blocked, role, created_at) VALUES ('09661d1f5f6d4a61be18208745bdbacd', 'avmccumber@yahoo.com', 1, '', '', '', '', NULL, 0, 'member', '2025-07-15 19:54');
INSERT OR IGNORE INTO user_label (user_id, label) VALUES ('09661d1f5f6d4a61be18208745bdbacd', 'RRM Academy Members Group member');

INSERT OR IGNORE INTO user (id, email, email_verified, hashed_password, name, first_name, last_name, wix_member_id, blocked, role, created_at) VALUES ('8c90fe45dd9f4845a70d3cdc3c1b8ef9', 'genevieve.femm@gmail.com', 1, '', 'Genevieve Cooper', 'Genevieve', 'Cooper', NULL, 0, 'member', '2025-07-18 02:59');

INSERT OR IGNORE INTO user (id, email, email_verified, hashed_password, name, first_name, last_name, wix_member_id, blocked, role, created_at) VALUES ('850c973deb4d4da3bc722a31109e5d9c', 'tawniebc@gmail.com', 1, '', 'Tawnie', 'Tawnie', '', NULL, 0, 'member', '2025-07-15 17:05');

INSERT OR IGNORE INTO user (id, email, email_verified, hashed_password, name, first_name, last_name, wix_member_id, blocked, role, created_at) VALUES ('cf97fa4b41674649967ca4e2cadb6e13', 'pishkulatori@gmail.com', 1, '', 'Tori Pishkula', 'Tori', 'Pishkula', NULL, 0, 'member', '2025-07-22 20:06');

INSERT OR IGNORE INTO user (id, email, email_verified, hashed_password, name, first_name, last_name, wix_member_id, blocked, role, created_at) VALUES ('28f514dd68b44ab8b7edfe9309caf14d', 'gilmorehannahc@gmail.com', 1, '', '', '', '', NULL, 0, 'member', '2025-07-15 14:34');

INSERT OR IGNORE INTO user (id, email, email_verified, hashed_password, name, first_name, last_name, wix_member_id, blocked, role, created_at) VALUES ('fb6e255549274a84b92dd97ed0b254f7', 'alyssarickard@hotmail.com', 1, '', '', '', '', NULL, 0, 'member', '2025-07-08 23:43');
INSERT OR IGNORE INTO user_label (user_id, label) VALUES ('fb6e255549274a84b92dd97ed0b254f7', 'RRM Academy Members Group member');

INSERT OR IGNORE INTO user (id, email, email_verified, hashed_password, name, first_name, last_name, wix_member_id, blocked, role, created_at) VALUES ('9c13bb166f3e4782b04679f3293b1c0e', 'sara.olivarez11@gmail.com', 1, '', '', '', '', NULL, 0, 'member', '2025-07-16 13:48');

INSERT OR IGNORE INTO user (id, email, email_verified, hashed_password, name, first_name, last_name, wix_member_id, blocked, role, created_at) VALUES ('97e9ed29218f45159380ccc38c0b9bb0', 'vlcistar@mtu.edu', 1, '', '', '', '', NULL, 0, 'member', '2025-07-15 17:41');

INSERT OR IGNORE INTO user (id, email, email_verified, hashed_password, name, first_name, last_name, wix_member_id, blocked, role, created_at) VALUES ('939ae94e718e4d09b18f3c3cac46429f', 'amhynes8@gmail.com', 1, '', '', '', '', NULL, 0, 'member', '2025-07-22 23:45');
INSERT OR IGNORE INTO user_label (user_id, label) VALUES ('939ae94e718e4d09b18f3c3cac46429f', 'RRM Academy Members Group member');

INSERT OR IGNORE INTO user (id, email, email_verified, hashed_password, name, first_name, last_name, wix_member_id, blocked, role, created_at) VALUES ('371cc6de86d84ceb97d0f54d66430c0a', 'hileosmuni@gmail.com', 1, '', 'Craig', 'Craig', '', NULL, 0, 'member', '2025-07-13 19:24');
INSERT OR IGNORE INTO user_label (user_id, label) VALUES ('371cc6de86d84ceb97d0f54d66430c0a', 'RRM Academy Members Group member');

INSERT OR IGNORE INTO user (id, email, email_verified, hashed_password, name, first_name, last_name, wix_member_id, blocked, role, created_at) VALUES ('c11cb422d9d14d94ad4b223a91aff363', 'candycane012@gmail.com', 1, '', '', '', '', NULL, 0, 'member', '2025-07-21 10:29');

INSERT OR IGNORE INTO user (id, email, email_verified, hashed_password, name, first_name, last_name, wix_member_id, blocked, role, created_at) VALUES ('fcfd970fa7464023af7619a53b485f1d', 'fathina88@gmail.com', 1, '', '', '', '', NULL, 0, 'member', '2025-07-15 17:07');

INSERT OR IGNORE INTO user (id, email, email_verified, hashed_password, name, first_name, last_name, wix_member_id, blocked, role, created_at) VALUES ('c8ae9eecad4b4c7793962b68c841138f', 'georgia.betts@yahoo.co.uk', 1, '', '', '', '', NULL, 0, 'member', '2025-07-11 14:41');

INSERT OR IGNORE INTO user (id, email, email_verified, hashed_password, name, first_name, last_name, wix_member_id, blocked, role, created_at) VALUES ('c202f65b053441cea18bdb17fa5d08b8', 'lmorrison.1121@gmail.com', 1, '', '', '', '', NULL, 0, 'member', '2025-07-19 23:20');

INSERT OR IGNORE INTO user (id, email, email_verified, hashed_password, name, first_name, last_name, wix_member_id, blocked, role, created_at) VALUES ('1885d61e31c94e5db625d5f046d8f22d', 'ari_ladouce@hotmail.com', 1, '', '', '', '', NULL, 0, 'member', '2025-07-15 21:42');

INSERT OR IGNORE INTO user (id, email, email_verified, hashed_password, name, first_name, last_name, wix_member_id, blocked, role, created_at) VALUES ('4f0ce0c0caf44f408f947fcff68ef152', 'nicholeussery@gmail.com', 1, '', 'Nichole Ussery', 'Nichole', 'Ussery', NULL, 0, 'member', '2025-07-15 15:54');
INSERT OR IGNORE INTO user_label (user_id, label) VALUES ('4f0ce0c0caf44f408f947fcff68ef152', 'RRM Academy Members Group member');

INSERT OR IGNORE INTO user (id, email, email_verified, hashed_password, name, first_name, last_name, wix_member_id, blocked, role, created_at) VALUES ('ac916220f77542cba788f52cd24d4b88', 'laurenharpist@gmail.com', 1, '', '', '', '', NULL, 0, 'member', '2025-07-19 18:47');

INSERT OR IGNORE INTO user (id, email, email_verified, hashed_password, name, first_name, last_name, wix_member_id, blocked, role, created_at) VALUES ('9441af6973584c8fa6f52611a5286c89', 'kelsey.beatrice7@gmail.com', 1, '', '', '', '', NULL, 0, 'member', '2025-07-10 22:35');

INSERT OR IGNORE INTO user (id, email, email_verified, hashed_password, name, first_name, last_name, wix_member_id, blocked, role, created_at) VALUES ('e625ce94fd4a46cfa489c3f20ad49f40', 'ccpinko60@gmail.com', 1, '', '', '', '', NULL, 0, 'member', '2025-07-25 01:11');

INSERT OR IGNORE INTO user (id, email, email_verified, hashed_password, name, first_name, last_name, wix_member_id, blocked, role, created_at) VALUES ('5c7e24ff7c054cf8bc765fb2676f1aa6', 'lynda-n@hotmail.com', 1, '', '', '', '', NULL, 0, 'member', '2025-07-10 12:19');

INSERT OR IGNORE INTO user (id, email, email_verified, hashed_password, name, first_name, last_name, wix_member_id, blocked, role, created_at) VALUES ('4bbf20e6f37d48ecb540ec41cea6f63f', 'bethany@fullspectrumnola.com', 1, '', 'Bethany LeBlanc', 'Bethany', 'LeBlanc', NULL, 0, 'member', '2025-07-21 23:22');
INSERT OR IGNORE INTO user_label (user_id, label) VALUES ('4bbf20e6f37d48ecb540ec41cea6f63f', 'RRM Academy Members Group member');

INSERT OR IGNORE INTO user (id, email, email_verified, hashed_password, name, first_name, last_name, wix_member_id, blocked, role, created_at) VALUES ('4162b00533514473806355d05b2c6599', 'childers@u.arizona.edu', 1, '', 'Lauren Seaton', 'Lauren', 'Seaton', NULL, 0, 'member', '2025-07-23 03:26');

INSERT OR IGNORE INTO user (id, email, email_verified, hashed_password, name, first_name, last_name, wix_member_id, blocked, role, created_at) VALUES ('793eef1288c94e82a2458a02d9bf249b', 'lanie.eberhard@gmail.com', 1, '', '', '', '', NULL, 0, 'member', '2025-07-22 17:28');

INSERT OR IGNORE INTO user (id, email, email_verified, hashed_password, name, first_name, last_name, wix_member_id, blocked, role, created_at) VALUES ('d326741fd34b41a7b5f45a60dd175af2', 'madelinernhayes@gmail.com', 1, '', '', '', '', NULL, 0, 'member', '2025-07-22 17:47');

INSERT OR IGNORE INTO user (id, email, email_verified, hashed_password, name, first_name, last_name, wix_member_id, blocked, role, created_at) VALUES ('6ac2cc60088a4fbf85624b91ac1e06d3', 'kelseybalassi@gmail.com', 1, '', '', '', '', NULL, 0, 'member', '2025-07-13 22:31');

INSERT OR IGNORE INTO user (id, email, email_verified, hashed_password, name, first_name, last_name, wix_member_id, blocked, role, created_at) VALUES ('a5cc3d8fccbf492da4b18676cb972fc2', 'dr.amy@morrisnaturalhealth.com', 1, '', 'Dr. Amy LaRue', 'Dr. Amy', 'LaRue', NULL, 0, 'member', '2025-07-11 19:23');

INSERT OR IGNORE INTO user (id, email, email_verified, hashed_password, name, first_name, last_name, wix_member_id, blocked, role, created_at) VALUES ('55463e5de9494446aab294c29fb4c7d5', 'ammanickas@gmail.com', 1, '', '', '', '', NULL, 0, 'member', '2025-07-13 14:09');

INSERT OR IGNORE INTO user (id, email, email_verified, hashed_password, name, first_name, last_name, wix_member_id, blocked, role, created_at) VALUES ('7e80fe161e37407caef913f79b46770e', 'catlettkat@gmail.com', 1, '', '', '', '', NULL, 0, 'member', '2025-07-14 19:21');

INSERT OR IGNORE INTO user (id, email, email_verified, hashed_password, name, first_name, last_name, wix_member_id, blocked, role, created_at) VALUES ('2210e1c50c2747e9bede11f908816ced', 'celestine.sansone@gmail.com', 1, '', '', '', '', NULL, 0, 'member', '2025-07-08 17:59');

INSERT OR IGNORE INTO user (id, email, email_verified, hashed_password, name, first_name, last_name, wix_member_id, blocked, role, created_at) VALUES ('c1b1e3dab59f4b57976fc1bc324a226f', 'anb93@att.net', 1, '', 'Ari Colacchio', 'Ari', 'Colacchio', NULL, 0, 'member', '2025-07-14 14:52');

INSERT OR IGNORE INTO user (id, email, email_verified, hashed_password, name, first_name, last_name, wix_member_id, blocked, role, created_at) VALUES ('392c03a49a6a4b56bc818697b8b36a9b', 'meganmarch1997@hotmail.co.uk', 1, '', '', '', '', NULL, 0, 'member', '2025-07-09 12:35');

INSERT OR IGNORE INTO user (id, email, email_verified, hashed_password, name, first_name, last_name, wix_member_id, blocked, role, created_at) VALUES ('5226e0847075445a921f900fc72e27e4', 'hlvaught@yahoo.com', 1, '', '', '', '', NULL, 0, 'member', '2025-07-18 13:47');

INSERT OR IGNORE INTO user (id, email, email_verified, hashed_password, name, first_name, last_name, wix_member_id, blocked, role, created_at) VALUES ('71de30649674446ca4c3fe08fb80b94c', 'caitwillettfntp@gmail.com', 1, '', 'Caitlin Willett', 'Caitlin', 'Willett', NULL, 0, 'member', '2025-07-16 17:34');

INSERT OR IGNORE INTO user (id, email, email_verified, hashed_password, name, first_name, last_name, wix_member_id, blocked, role, created_at) VALUES ('3229c0a817f34fdbbbbb4f67290e4f57', 'jojolee86@gmail.com', 1, '', 'Joanne Lee', 'Joanne', 'Lee', NULL, 0, 'member', '2025-07-22 06:15');

INSERT OR IGNORE INTO user (id, email, email_verified, hashed_password, name, first_name, last_name, wix_member_id, blocked, role, created_at) VALUES ('90efa679656e4a34ab50dabfb1207b57', 'heh00011@mix.wvu.edu', 1, '', 'Haley Harsh', 'Haley', 'Harsh', NULL, 0, 'member', '2025-07-09 16:27');

INSERT OR IGNORE INTO user (id, email, email_verified, hashed_password, name, first_name, last_name, wix_member_id, blocked, role, created_at) VALUES ('c17995bd2635409e977e7a7d92f6eb30', 'chantelleperrottet@gmail.com', 1, '', 'Chantelle Perrottet', 'Chantelle', 'Perrottet', NULL, 0, 'member', '2025-07-14 23:29');
INSERT OR IGNORE INTO user_label (user_id, label) VALUES ('c17995bd2635409e977e7a7d92f6eb30', 'RRM Academy Members Group member');
INSERT OR IGNORE INTO user_label (user_id, label) VALUES ('c17995bd2635409e977e7a7d92f6eb30', 'Contacted Me');
INSERT OR IGNORE INTO user_label (user_id, label) VALUES ('c17995bd2635409e977e7a7d92f6eb30', 'Masterclass in Endometriosis and Surgery');
INSERT OR IGNORE INTO user_label (user_id, label) VALUES ('c17995bd2635409e977e7a7d92f6eb30', 'Masterclass Members Group member');
INSERT OR IGNORE INTO enrollment (id, user_id, course_id, enrolled_at) VALUES ('76cfd684d24a46e4ab98a4060a956d51', 'c17995bd2635409e977e7a7d92f6eb30', 'masterclass-endo-surgery', '2025-07-14 23:29');

INSERT OR IGNORE INTO user (id, email, email_verified, hashed_password, name, first_name, last_name, wix_member_id, blocked, role, created_at) VALUES ('2cb9896c247a4eb79c1548c979fe3fbb', 'iwanacshell@msn.com', 1, '', '', '', '', NULL, 0, 'member', '2025-07-19 16:30');

INSERT OR IGNORE INTO user (id, email, email_verified, hashed_password, name, first_name, last_name, wix_member_id, blocked, role, created_at) VALUES ('ff7f70c46c1c48ad9b1a317394c072d7', 'virginia.m.bruder@gmail.com', 1, '', '', '', '', NULL, 0, 'member', '2025-07-23 12:54');

INSERT OR IGNORE INTO user (id, email, email_verified, hashed_password, name, first_name, last_name, wix_member_id, blocked, role, created_at) VALUES ('bf386d9f34c740e99690470f05f9b3a7', 'rachelemmapalmer@hotmail.co.uk', 1, '', 'Rachel Tigges', 'Rachel', 'Tigges', NULL, 0, 'member', '2025-07-17 09:28');

INSERT OR IGNORE INTO user (id, email, email_verified, hashed_password, name, first_name, last_name, wix_member_id, blocked, role, created_at) VALUES ('ebf85d031385431897dadc3aa79e85a8', 'kelly.kuzma3@gmail.com', 1, '', '', '', '', NULL, 0, 'member', '2025-07-24 22:17');

INSERT OR IGNORE INTO user (id, email, email_verified, hashed_password, name, first_name, last_name, wix_member_id, blocked, role, created_at) VALUES ('ceee71455bfe4770ac06562c7198b0d0', 'mayhuang83@gmail.com', 1, '', '', '', '', NULL, 0, 'member', '2025-07-21 01:34');

INSERT OR IGNORE INTO user (id, email, email_verified, hashed_password, name, first_name, last_name, wix_member_id, blocked, role, created_at) VALUES ('fbb4ce3dace74095b353c50da67a5de5', 'stephanie.wisner94@gmail.com', 1, '', 'Stephanie Wisner', 'Stephanie', 'Wisner', NULL, 0, 'member', '2025-07-13 23:48');

INSERT OR IGNORE INTO user (id, email, email_verified, hashed_password, name, first_name, last_name, wix_member_id, blocked, role, created_at) VALUES ('e8cb9de60dd043b6bf9faba6e0bd413e', 'nwabekengozi207@gmail.com', 1, '', 'Ngozi Nwabeke', 'Ngozi', 'Nwabeke', NULL, 0, 'member', '2025-07-13 07:10');
INSERT OR IGNORE INTO user_label (user_id, label) VALUES ('e8cb9de60dd043b6bf9faba6e0bd413e', 'RRM Academy Members Group member');

INSERT OR IGNORE INTO user (id, email, email_verified, hashed_password, name, first_name, last_name, wix_member_id, blocked, role, created_at) VALUES ('96dbe951fa3d46809b31dbb46e33be8d', 'dunkmannlea@gmail.com', 1, '', 'Doris _', 'Doris', '_', NULL, 0, 'member', '2025-07-23 12:14');
INSERT OR IGNORE INTO user_label (user_id, label) VALUES ('96dbe951fa3d46809b31dbb46e33be8d', 'RRM Academy Members Group member');

INSERT OR IGNORE INTO user (id, email, email_verified, hashed_password, name, first_name, last_name, wix_member_id, blocked, role, created_at) VALUES ('8a014edc028b4c8d9fecc7ed4639baf5', 'roses25nd@gmail.com', 1, '', 'Rose Shelton', 'Rose', 'Shelton', NULL, 0, 'member', '2025-07-11 02:19');

INSERT OR IGNORE INTO user (id, email, email_verified, hashed_password, name, first_name, last_name, wix_member_id, blocked, role, created_at) VALUES ('99cf931491e440ecb1a80f904fd22abd', 'danibell132@gmail.com', 1, '', '', '', '', NULL, 0, 'member', '2025-07-23 14:27');
INSERT OR IGNORE INTO user_label (user_id, label) VALUES ('99cf931491e440ecb1a80f904fd22abd', 'RRM Academy Members Group member');

INSERT OR IGNORE INTO user (id, email, email_verified, hashed_password, name, first_name, last_name, wix_member_id, blocked, role, created_at) VALUES ('e60d588949ca4768a1cfe96476571f2b', 'thegriffithfamily21@gmail.com', 1, '', '', '', '', NULL, 0, 'member', '2025-07-09 14:01');

INSERT OR IGNORE INTO user (id, email, email_verified, hashed_password, name, first_name, last_name, wix_member_id, blocked, role, created_at) VALUES ('e6d2f4a229c74b9a9cc0e30caace3758', 'swimpossible@gmail.com', 1, '', '', '', '', NULL, 0, 'member', '2025-07-12 03:25');

INSERT OR IGNORE INTO user (id, email, email_verified, hashed_password, name, first_name, last_name, wix_member_id, blocked, role, created_at) VALUES ('dc736a69c98b4a2a95b2de84052dc32a', 'eve.faucher27@gmail.com', 1, '', 'Eve FAUCHER', 'Eve', 'FAUCHER', NULL, 0, 'member', '2025-07-17 04:40');

INSERT OR IGNORE INTO user (id, email, email_verified, hashed_password, name, first_name, last_name, wix_member_id, blocked, role, created_at) VALUES ('9ad0f95e7e1b4505a377b96b5a76fdf4', 'arellanj3@gmail.com', 1, '', '', '', '', NULL, 0, 'member', '2025-07-22 14:15');

INSERT OR IGNORE INTO user (id, email, email_verified, hashed_password, name, first_name, last_name, wix_member_id, blocked, role, created_at) VALUES ('e0ae029a84234176a847b5f95dfd2090', 'akillian1225@gmail.com', 1, '', 'Lexi Killian', 'Lexi', 'Killian', NULL, 0, 'member', '2025-07-17 01:09');

INSERT OR IGNORE INTO user (id, email, email_verified, hashed_password, name, first_name, last_name, wix_member_id, blocked, role, created_at) VALUES ('4fa13636cd134274b394c6fbbe28de7b', 'hannahoister17@gmail.com', 1, '', 'Hannah Oister', 'Hannah', 'Oister', NULL, 0, 'member', '2025-08-11 15:49');

INSERT OR IGNORE INTO user (id, email, email_verified, hashed_password, name, first_name, last_name, wix_member_id, blocked, role, created_at) VALUES ('3a04105af5764dcf84942d9be03b02aa', 'cmarcogliese11@yahoo.com', 1, '', '', '', '', NULL, 0, 'member', '2025-07-31 16:56');

INSERT OR IGNORE INTO user (id, email, email_verified, hashed_password, name, first_name, last_name, wix_member_id, blocked, role, created_at) VALUES ('171ae5a2082e471db28243bafc8db202', 'rodgers.breanne@gmail.com', 1, '', 'Breanne R.', 'Breanne', 'R.', NULL, 0, 'member', '2025-07-29 19:27');

INSERT OR IGNORE INTO user (id, email, email_verified, hashed_password, name, first_name, last_name, wix_member_id, blocked, role, created_at) VALUES ('e05e2c77ddb2458dbe241f49a212acc1', 'sarahdavid01@hvc.rr.com', 1, '', '', '', '', NULL, 0, 'member', '2025-08-05 21:32');

INSERT OR IGNORE INTO user (id, email, email_verified, hashed_password, name, first_name, last_name, wix_member_id, blocked, role, created_at) VALUES ('a0af2548f283482bb4b48ce802ac80cc', 'moni.mipe7@gmail.com', 1, '', '', '', '', NULL, 0, 'member', '2025-07-29 15:02');

INSERT OR IGNORE INTO user (id, email, email_verified, hashed_password, name, first_name, last_name, wix_member_id, blocked, role, created_at) VALUES ('a29484a012334dddb2aee3850d70350b', 'mafer91@ufm.edu', 1, '', '', '', '', NULL, 0, 'member', '2025-07-29 00:33');

INSERT OR IGNORE INTO user (id, email, email_verified, hashed_password, name, first_name, last_name, wix_member_id, blocked, role, created_at) VALUES ('d1e1abb532a943e68513d5c87354a80b', 'kimnp@cypresshealthclinic.com', 1, '', '', '', '', NULL, 0, 'member', '2025-07-30 14:00');
INSERT OR IGNORE INTO user_label (user_id, label) VALUES ('d1e1abb532a943e68513d5c87354a80b', 'RRM Academy Members Group member');

INSERT OR IGNORE INTO user (id, email, email_verified, hashed_password, name, first_name, last_name, wix_member_id, blocked, role, created_at) VALUES ('90cae7b2d9424009a1e9f0d95e7ee65e', 'megan.lee.127@gmail.com', 1, '', '', '', '', NULL, 0, 'member', '2025-08-02 10:55');

INSERT OR IGNORE INTO user (id, email, email_verified, hashed_password, name, first_name, last_name, wix_member_id, blocked, role, created_at) VALUES ('ac687cd5d7a449feb1713d87f3c70afb', 'maria.t.bongiovanni@gmail.com', 1, '', '', '', '', NULL, 0, 'member', '2025-07-29 21:06');

INSERT OR IGNORE INTO user (id, email, email_verified, hashed_password, name, first_name, last_name, wix_member_id, blocked, role, created_at) VALUES ('c9f9b5052734484984e30f291512802b', 'trenteenie@gmail.com', 1, '', '', '', '', NULL, 0, 'member', '2025-08-10 18:39');

INSERT OR IGNORE INTO user (id, email, email_verified, hashed_password, name, first_name, last_name, wix_member_id, blocked, role, created_at) VALUES ('b9acc326c1ab4ca0ae9a141b4260d7d7', 'julie.buskett@gmail.com', 1, '', '', '', '', NULL, 0, 'member', '2025-07-28 23:41');

INSERT OR IGNORE INTO user (id, email, email_verified, hashed_password, name, first_name, last_name, wix_member_id, blocked, role, created_at) VALUES ('9acfd68bb2e749d68d2664ed20f9a53f', 'sarareisiger@gmail.com', 1, '', 'Sara Reisiger', 'Sara', 'Reisiger', NULL, 0, 'member', '2025-07-29 12:27');

INSERT OR IGNORE INTO user (id, email, email_verified, hashed_password, name, first_name, last_name, wix_member_id, blocked, role, created_at) VALUES ('472f45ff23fb4c2c9bb4922b04633884', 'jenniferwebsitefixsteam@gmail.com', 1, '', 'Jennifer WebsiteFix', 'Jennifer', 'WebsiteFix', NULL, 0, 'member', '2025-07-26 16:46');

INSERT OR IGNORE INTO user (id, email, email_verified, hashed_password, name, first_name, last_name, wix_member_id, blocked, role, created_at) VALUES ('60a900dde9dc4c86832bf86cf9a874a6', 'nicole-anna_16@hotmail.com', 1, '', '', '', '', NULL, 0, 'member', '2025-07-29 20:02');

INSERT OR IGNORE INTO user (id, email, email_verified, hashed_password, name, first_name, last_name, wix_member_id, blocked, role, created_at) VALUES ('fa8527bbb63d4db0abdc96c0810d31cc', 'cam.alexa1227@gmail.com', 1, '', 'Camryn Edge', 'Camryn', 'Edge', NULL, 0, 'member', '2025-07-30 03:06');

INSERT OR IGNORE INTO user (id, email, email_verified, hashed_password, name, first_name, last_name, wix_member_id, blocked, role, created_at) VALUES ('cbe25c91927c4269bad323d214283e5b', 'laura.simonson1@gmail.com', 1, '', '', '', '', NULL, 0, 'member', '2025-08-06 00:56');

INSERT OR IGNORE INTO user (id, email, email_verified, hashed_password, name, first_name, last_name, wix_member_id, blocked, role, created_at) VALUES ('a4a2cf596ce64b58acbda9132a7dfd36', 'afindabarn@gmail.com', 1, '', 'Abby Pratt', 'Abby', 'Pratt', NULL, 0, 'member', '2025-07-30 14:51');

INSERT OR IGNORE INTO user (id, email, email_verified, hashed_password, name, first_name, last_name, wix_member_id, blocked, role, created_at) VALUES ('373dd5b96bf64fe2860ca173e7433d69', 'juli.lash13@gmail.com', 1, '', '', '', '', NULL, 0, 'member', '2025-07-29 01:51');

INSERT OR IGNORE INTO user (id, email, email_verified, hashed_password, name, first_name, last_name, wix_member_id, blocked, role, created_at) VALUES ('9375bbcb7ad74ae78632734baf350ee6', 'hudsons2004@gmail.com', 1, '', '', '', '', NULL, 0, 'member', '2025-07-31 20:32');

INSERT OR IGNORE INTO user (id, email, email_verified, hashed_password, name, first_name, last_name, wix_member_id, blocked, role, created_at) VALUES ('bcfe22f8fc694f93b6aed9b8da363638', 'catherinestainthorpe@hotmail.com', 1, '', '', '', '', NULL, 0, 'member', '2025-07-30 17:00');

INSERT OR IGNORE INTO user (id, email, email_verified, hashed_password, name, first_name, last_name, wix_member_id, blocked, role, created_at) VALUES ('1972641a041041dfb078b820e878543a', 'kendalleast17@gmail.com', 1, '', 'Kendall East', 'Kendall', 'East', NULL, 0, 'member', '2025-07-31 21:04');

INSERT OR IGNORE INTO user (id, email, email_verified, hashed_password, name, first_name, last_name, wix_member_id, blocked, role, created_at) VALUES ('c2a960786e934170b2d8d510abb3c766', 'hilary.schulman@gmail.com', 1, '', 'Hilary Schulman', 'Hilary', 'Schulman', NULL, 0, 'member', '2025-07-31 13:54');

INSERT OR IGNORE INTO user (id, email, email_verified, hashed_password, name, first_name, last_name, wix_member_id, blocked, role, created_at) VALUES ('d3be672c41b84daba72919c019d83971', 'shaygavin93@gmail.com', 1, '', '', '', '', NULL, 0, 'member', '2025-07-29 00:14');

INSERT OR IGNORE INTO user (id, email, email_verified, hashed_password, name, first_name, last_name, wix_member_id, blocked, role, created_at) VALUES ('b577359724f14d1299c5e0850a0dcc71', 'alisha.bohnert@gmail.com', 1, '', '', '', '', NULL, 0, 'member', '2025-08-06 22:42');

INSERT OR IGNORE INTO user (id, email, email_verified, hashed_password, name, first_name, last_name, wix_member_id, blocked, role, created_at) VALUES ('0798723e5bdb4e36a5af043237c606cf', 'eugeyanez95@gmail.com', 1, '', 'Eugenia Yañez', 'Eugenia', 'Yañez', NULL, 0, 'member', '2025-07-28 23:17');

INSERT OR IGNORE INTO user (id, email, email_verified, hashed_password, name, first_name, last_name, wix_member_id, blocked, role, created_at) VALUES ('906753038ce64ae8a97bac310b940fc0', 'annabecker190@gmail.com', 1, '', 'Anna Becker', 'Anna', 'Becker', NULL, 0, 'member', '2025-08-10 16:52');
INSERT OR IGNORE INTO user_label (user_id, label) VALUES ('906753038ce64ae8a97bac310b940fc0', 'RRM Academy Members Group member');

INSERT OR IGNORE INTO user (id, email, email_verified, hashed_password, name, first_name, last_name, wix_member_id, blocked, role, created_at) VALUES ('1aa636789e874e5cbed8208d3b178bd2', 'kkilleavy@gmail.com', 1, '', '', '', '', NULL, 0, 'member', '2025-07-29 23:16');

INSERT OR IGNORE INTO user (id, email, email_verified, hashed_password, name, first_name, last_name, wix_member_id, blocked, role, created_at) VALUES ('dadd2108daa445bbb1d46883b344c957', 'waselenkoc@gmail.com', 1, '', '', '', '', NULL, 0, 'member', '2025-08-06 20:53');

INSERT OR IGNORE INTO user (id, email, email_verified, hashed_password, name, first_name, last_name, wix_member_id, blocked, role, created_at) VALUES ('53798eeb14794535921785903516d3e6', 'kelli.woletz@gmail.com', 1, '', '', '', '', NULL, 0, 'member', '2025-08-07 02:43');

INSERT OR IGNORE INTO user (id, email, email_verified, hashed_password, name, first_name, last_name, wix_member_id, blocked, role, created_at) VALUES ('a36b61da9d574f9d8577b080baf77f07', 'valree129@gmail.com', 1, '', '', '', '', NULL, 0, 'member', '2025-07-29 21:29');

INSERT OR IGNORE INTO user (id, email, email_verified, hashed_password, name, first_name, last_name, wix_member_id, blocked, role, created_at) VALUES ('0b584a8af79d4412a85dc5e240c3619a', 'mohdsaid.hala@gmail.com', 1, '', '', '', '', NULL, 0, 'member', '2025-08-03 08:19');
INSERT OR IGNORE INTO user_label (user_id, label) VALUES ('0b584a8af79d4412a85dc5e240c3619a', 'RRM Academy Members Group member');

INSERT OR IGNORE INTO user (id, email, email_verified, hashed_password, name, first_name, last_name, wix_member_id, blocked, role, created_at) VALUES ('1683bd8df99448b8bcb27239f1acc3ac', 'brandonjoa@gmail.com', 1, '', 'brandon joa', 'brandon', 'joa', NULL, 0, 'member', '2025-08-07 00:23');

INSERT OR IGNORE INTO user (id, email, email_verified, hashed_password, name, first_name, last_name, wix_member_id, blocked, role, created_at) VALUES ('563b41ccf78b48c393de995a7b5b5fe0', 'morris.mcke@alumni.uwlax.edu', 1, '', '', '', '', NULL, 0, 'member', '2025-08-10 19:43');
INSERT OR IGNORE INTO user_label (user_id, label) VALUES ('563b41ccf78b48c393de995a7b5b5fe0', 'RRM Academy Members Group member');

INSERT OR IGNORE INTO user (id, email, email_verified, hashed_password, name, first_name, last_name, wix_member_id, blocked, role, created_at) VALUES ('5c7cf7c474c6481c9e6fd1c1122867c5', 'adawodd@gmail.com', 1, '', '', '', '', NULL, 0, 'member', '2025-07-29 19:40');

INSERT OR IGNORE INTO user (id, email, email_verified, hashed_password, name, first_name, last_name, wix_member_id, blocked, role, created_at) VALUES ('ceb7898df8ca41ffadf095cedbcc37e8', 'ashley.marchetta@gmail.com', 1, '', '', '', '', NULL, 0, 'member', '2025-07-29 20:38');

INSERT OR IGNORE INTO user (id, email, email_verified, hashed_password, name, first_name, last_name, wix_member_id, blocked, role, created_at) VALUES ('2217eaacab454228a6c22fa9bb1a5409', 'nataliekgoodnow@gmail.com', 1, '', '', '', '', NULL, 0, 'member', '2025-07-31 15:42');

INSERT OR IGNORE INTO user (id, email, email_verified, hashed_password, name, first_name, last_name, wix_member_id, blocked, role, created_at) VALUES ('fe89a30508fb43a29928f213901c4667', 'blaze.dayna@gmail.com', 1, '', '', '', '', NULL, 0, 'member', '2025-07-28 23:39');

INSERT OR IGNORE INTO user (id, email, email_verified, hashed_password, name, first_name, last_name, wix_member_id, blocked, role, created_at) VALUES ('4ee352c49e9d46beade96d5dc2a4a744', 'peace.wixappex@gmail.com', 1, '', 'Peace Wix support', 'Peace', 'Wix support', NULL, 1, 'member', '2025-08-11 00:40');
INSERT OR IGNORE INTO user_label (user_id, label) VALUES ('4ee352c49e9d46beade96d5dc2a4a744', 'Spam 🛑');

INSERT OR IGNORE INTO user (id, email, email_verified, hashed_password, name, first_name, last_name, wix_member_id, blocked, role, created_at) VALUES ('09178bf3f69441ce87753db73d87c00b', 'georgie.lenehan.gl@gmail.com', 1, '', '', '', '', NULL, 0, 'member', '2025-08-01 03:45');

INSERT OR IGNORE INTO user (id, email, email_verified, hashed_password, name, first_name, last_name, wix_member_id, blocked, role, created_at) VALUES ('4fdbb9d4ffe74ae1b1984598092f6b19', 'vmarynoriega@gmail.com', 1, '', '', '', '', NULL, 0, 'member', '2025-08-02 04:43');

INSERT OR IGNORE INTO user (id, email, email_verified, hashed_password, name, first_name, last_name, wix_member_id, blocked, role, created_at) VALUES ('f101e570715f4ef5ba0acb598828ad99', 'julianareinik14@gmail.com', 1, '', '', '', '', NULL, 0, 'member', '2025-08-11 17:55');

INSERT OR IGNORE INTO user (id, email, email_verified, hashed_password, name, first_name, last_name, wix_member_id, blocked, role, created_at) VALUES ('7705c28ac82b421492b728b10e864450', 'casiecj329@gmail.com', 1, '', '', '', '', NULL, 0, 'member', '2025-07-30 00:02');

INSERT OR IGNORE INTO user (id, email, email_verified, hashed_password, name, first_name, last_name, wix_member_id, blocked, role, created_at) VALUES ('47a3987d76594949a0ac4e6567212289', 'loewentracy67@gmail.com', 1, '', '', '', '', NULL, 0, 'member', '2025-07-29 03:11');

INSERT OR IGNORE INTO user (id, email, email_verified, hashed_password, name, first_name, last_name, wix_member_id, blocked, role, created_at) VALUES ('c7402744e52c436480bba5840c3a8bd0', 'lbbritt9@gmail.com', 1, '', '', '', '', NULL, 0, 'member', '2025-07-29 01:12');

INSERT OR IGNORE INTO user (id, email, email_verified, hashed_password, name, first_name, last_name, wix_member_id, blocked, role, created_at) VALUES ('c0ddfe828c8244efbd10db990bb45049', 'jasminpelotte@gmail.com', 1, '', 'Jasmin Pelotte', 'Jasmin', 'Pelotte', NULL, 0, 'member', '2025-08-02 02:42');

INSERT OR IGNORE INTO user (id, email, email_verified, hashed_password, name, first_name, last_name, wix_member_id, blocked, role, created_at) VALUES ('57e7a0c3b52744f094216744037d2483', 'brittany.sawrey@gmail.com', 1, '', '', '', '', NULL, 0, 'member', '2025-07-27 14:42');

INSERT OR IGNORE INTO user (id, email, email_verified, hashed_password, name, first_name, last_name, wix_member_id, blocked, role, created_at) VALUES ('c10c5a7d7fbc49f3b66664d3239c817f', 'bkehoe926@gmail.com', 1, '', '', '', '', NULL, 0, 'member', '2025-08-02 01:41');

INSERT OR IGNORE INTO user (id, email, email_verified, hashed_password, name, first_name, last_name, wix_member_id, blocked, role, created_at) VALUES ('c1be50f35ce940f788374131333c5c8b', 'eehaselwood@gmail.com', 1, '', '', '', '', NULL, 0, 'member', '2025-07-30 19:25');

INSERT OR IGNORE INTO user (id, email, email_verified, hashed_password, name, first_name, last_name, wix_member_id, blocked, role, created_at) VALUES ('731e603fc4694338974af647d9cb7795', 'nnena.ukuku@gmail.com', 1, '', 'nnena ukuku', 'nnena', 'ukuku', NULL, 0, 'member', '2025-08-09 02:31');

INSERT OR IGNORE INTO user (id, email, email_verified, hashed_password, name, first_name, last_name, wix_member_id, blocked, role, created_at) VALUES ('f062fc44b95c4d14873d55c6ec297863', 'sartori_11@yahoo.com', 1, '', '', '', '', NULL, 0, 'member', '2025-07-29 00:57');

INSERT OR IGNORE INTO user (id, email, email_verified, hashed_password, name, first_name, last_name, wix_member_id, blocked, role, created_at) VALUES ('71ee70ea9aa94320883f0eb75532a5c9', 'friesenl565@gmail.com', 1, '', 'Lisa Friesen', 'Lisa', 'Friesen', NULL, 0, 'member', '2025-07-30 16:42');

INSERT OR IGNORE INTO user (id, email, email_verified, hashed_password, name, first_name, last_name, wix_member_id, blocked, role, created_at) VALUES ('7e9aa5753b6149fa937a1823af1fa106', 'elissaslima@gmail.com', 1, '', 'Lis', 'Lis', '', NULL, 0, 'member', '2025-08-02 01:41');

INSERT OR IGNORE INTO user (id, email, email_verified, hashed_password, name, first_name, last_name, wix_member_id, blocked, role, created_at) VALUES ('1747bb50a4654fef96a93def035b9bb9', 'nicelas3@yahoo.com', 1, '', 'Daniela Lee', 'Daniela', 'Lee', NULL, 0, 'member', '2025-08-09 03:19');
INSERT OR IGNORE INTO user_label (user_id, label) VALUES ('1747bb50a4654fef96a93def035b9bb9', 'RRM Academy Members Group member');

INSERT OR IGNORE INTO user (id, email, email_verified, hashed_password, name, first_name, last_name, wix_member_id, blocked, role, created_at) VALUES ('b7c6d5640b844ca4985e6442922dfea6', 'leijinga@hotmail.com', 1, '', 'Maranda Davis', 'Maranda', 'Davis', NULL, 0, 'member', '2025-07-30 23:51');
INSERT OR IGNORE INTO user_label (user_id, label) VALUES ('b7c6d5640b844ca4985e6442922dfea6', 'RRM Academy Members Group member');

INSERT OR IGNORE INTO user (id, email, email_verified, hashed_password, name, first_name, last_name, wix_member_id, blocked, role, created_at) VALUES ('fb5830c871ce4755a21ac9e1e7721f15', 'ploetzly@gmail.com', 1, '', 'Susan Ploetz', 'Susan', 'Ploetz', NULL, 0, 'member', '2025-07-28 03:14');
INSERT OR IGNORE INTO user_label (user_id, label) VALUES ('fb5830c871ce4755a21ac9e1e7721f15', 'RRM Academy Members Group member');

INSERT OR IGNORE INTO user (id, email, email_verified, hashed_password, name, first_name, last_name, wix_member_id, blocked, role, created_at) VALUES ('a8174a2fee6e4a87a0a0d85e0ac98bde', 'info.chtmu@gmail.com', 1, '', 'CHT Agyaragu', 'CHT', 'Agyaragu', NULL, 0, 'member', '2025-08-08 22:04');

INSERT OR IGNORE INTO user (id, email, email_verified, hashed_password, name, first_name, last_name, wix_member_id, blocked, role, created_at) VALUES ('d7d93852de7a42baac884bea18127fae', 'matildahhall7@gmail.com', 1, '', 'Matilda Hall', 'Matilda', 'Hall', NULL, 0, 'member', '2025-08-01 09:33');

INSERT OR IGNORE INTO user (id, email, email_verified, hashed_password, name, first_name, last_name, wix_member_id, blocked, role, created_at) VALUES ('c0f5246c3fb848279a7f5aaec9a8c81c', 'breaschoenhals@gmail.com', 1, '', 'Brea Schoenhals', 'Brea', 'Schoenhals', NULL, 0, 'member', '2025-07-29 21:42');

INSERT OR IGNORE INTO user (id, email, email_verified, hashed_password, name, first_name, last_name, wix_member_id, blocked, role, created_at) VALUES ('1fc27a8db738438c88c15295aeb02b62', 'aerin.sipe@gmail.com', 1, '', 'Aerin Stamp', 'Aerin', 'Stamp', NULL, 0, 'member', '2025-08-02 09:18');

INSERT OR IGNORE INTO user (id, email, email_verified, hashed_password, name, first_name, last_name, wix_member_id, blocked, role, created_at) VALUES ('42a9d228169049719450a8593508e7ea', 'emmaeclarke@hotmail.co.uk', 1, '', '', '', '', NULL, 0, 'member', '2025-08-01 06:25');

INSERT OR IGNORE INTO user (id, email, email_verified, hashed_password, name, first_name, last_name, wix_member_id, blocked, role, created_at) VALUES ('e10e754b0fb74b48a18f781037cefb82', 'kaleyrutledge@gmail.com', 1, '', 'Kaley Rutledge', 'Kaley', 'Rutledge', NULL, 0, 'member', '2025-07-28 00:15');

INSERT OR IGNORE INTO user (id, email, email_verified, hashed_password, name, first_name, last_name, wix_member_id, blocked, role, created_at) VALUES ('3558383bce2040c9b281fe55da35d4c3', 'cmlam_1995@hotmail.com', 1, '', '', '', '', NULL, 0, 'member', '2025-07-29 12:25');

INSERT OR IGNORE INTO user (id, email, email_verified, hashed_password, name, first_name, last_name, wix_member_id, blocked, role, created_at) VALUES ('23977e294bc349c0b35bb87632d58b78', 'kaili.kubpart@gmail.com', 1, '', '', '', '', NULL, 0, 'member', '2025-07-27 13:45');

INSERT OR IGNORE INTO user (id, email, email_verified, hashed_password, name, first_name, last_name, wix_member_id, blocked, role, created_at) VALUES ('85a18df817c14d69b12b9312dccbc33a', 'karmenkollar@protonmail.com', 1, '', '', '', '', NULL, 0, 'member', '2025-08-06 09:08');

INSERT OR IGNORE INTO user (id, email, email_verified, hashed_password, name, first_name, last_name, wix_member_id, blocked, role, created_at) VALUES ('9a17b47d6ea44fe0b5f3b7184b37364a', 'vanykohl@gmail.com', 1, '', '', '', '', NULL, 0, 'member', '2025-08-06 23:04');

INSERT OR IGNORE INTO user (id, email, email_verified, hashed_password, name, first_name, last_name, wix_member_id, blocked, role, created_at) VALUES ('f1a12afc875f4039b43eccb6cf00dc70', 'meggieshearer@gmail.com', 1, '', 'Meg Morrow', 'Meg', 'Morrow', NULL, 0, 'member', '2025-07-28 04:15');

INSERT OR IGNORE INTO user (id, email, email_verified, hashed_password, name, first_name, last_name, wix_member_id, blocked, role, created_at) VALUES ('3552a596f9fc4c9cab1a2bdf73c90855', 'monica.bailey@me.com', 1, '', '', '', '', NULL, 0, 'member', '2025-07-29 20:35');

INSERT OR IGNORE INTO user (id, email, email_verified, hashed_password, name, first_name, last_name, wix_member_id, blocked, role, created_at) VALUES ('5fe9af2daab2442b9aba3e014d912ded', 'linamarfont@hotmail.com', 1, '', '', '', '', NULL, 0, 'member', '2025-07-29 11:49');

INSERT OR IGNORE INTO user (id, email, email_verified, hashed_password, name, first_name, last_name, wix_member_id, blocked, role, created_at) VALUES ('2c6a6ccea033481fad76db574606f3a4', 'sarah.hakes1989@gmail.com', 1, '', 'Sarah Hakes', 'Sarah', 'Hakes', NULL, 0, 'member', '2025-08-11 16:21');

INSERT OR IGNORE INTO user (id, email, email_verified, hashed_password, name, first_name, last_name, wix_member_id, blocked, role, created_at) VALUES ('45dca7c5ecb941618eea22728f892fee', 'jandhschmitzwedding@gmail.com', 1, '', '', '', '', NULL, 0, 'member', '2025-07-29 15:37');

INSERT OR IGNORE INTO user (id, email, email_verified, hashed_password, name, first_name, last_name, wix_member_id, blocked, role, created_at) VALUES ('9bf48f1ee1db4ba6b861d349613c49e9', 'daniellekristenhall@gmail.com', 1, '', '', '', '', NULL, 0, 'member', '2025-08-11 11:18');

INSERT OR IGNORE INTO user (id, email, email_verified, hashed_password, name, first_name, last_name, wix_member_id, blocked, role, created_at) VALUES ('27e8b90201784c92be6239733d0048b0', 'bkas09@gmail.com', 1, '', '', '', '', NULL, 0, 'member', '2025-08-02 04:22');

INSERT OR IGNORE INTO user (id, email, email_verified, hashed_password, name, first_name, last_name, wix_member_id, blocked, role, created_at) VALUES ('ff423e2e76e94a78ad7c42e6bae8f127', 'megan26bell@gmail.com', 1, '', '', '', '', NULL, 0, 'member', '2025-07-29 01:14');

INSERT OR IGNORE INTO user (id, email, email_verified, hashed_password, name, first_name, last_name, wix_member_id, blocked, role, created_at) VALUES ('093bb011058148c2ac87bfbaa9f375a3', 'wixtelevision@gmail.com', 1, '', 'WixTv 🌎', 'WixTv', '🌎', NULL, 0, 'member', '2025-08-02 15:10');
INSERT OR IGNORE INTO user_label (user_id, label) VALUES ('093bb011058148c2ac87bfbaa9f375a3', 'RRM Academy Members Group member');

INSERT OR IGNORE INTO user (id, email, email_verified, hashed_password, name, first_name, last_name, wix_member_id, blocked, role, created_at) VALUES ('9c471fd4c06243dfbe765d09954d1089', 'patag.yv@gmail.com', 1, '', '', '', '', NULL, 0, 'member', '2025-08-05 18:53');

INSERT OR IGNORE INTO user (id, email, email_verified, hashed_password, name, first_name, last_name, wix_member_id, blocked, role, created_at) VALUES ('fe6b8764887245d48e38e774851a5003', 'takacskatie@gmail.com', 1, '', '', '', '', NULL, 0, 'member', '2025-07-31 12:51');

INSERT OR IGNORE INTO user (id, email, email_verified, hashed_password, name, first_name, last_name, wix_member_id, blocked, role, created_at) VALUES ('95483087d6964f7483c9e820bf7df605', 'eviej97@gmail.com', 1, '', '', '', '', NULL, 0, 'member', '2025-08-08 03:37');

INSERT OR IGNORE INTO user (id, email, email_verified, hashed_password, name, first_name, last_name, wix_member_id, blocked, role, created_at) VALUES ('2a81e27191024666b668bcb5d696aab3', 'lizmbailey@gmail.com', 1, '', '', '', '', NULL, 0, 'member', '2025-08-04 13:54');

INSERT OR IGNORE INTO user (id, email, email_verified, hashed_password, name, first_name, last_name, wix_member_id, blocked, role, created_at) VALUES ('81d6b4b462a34b68ad07e18a69a81052', 'mash2914@gmail.com', 1, '', '', '', '', NULL, 0, 'member', '2025-07-29 18:27');

INSERT OR IGNORE INTO user (id, email, email_verified, hashed_password, name, first_name, last_name, wix_member_id, blocked, role, created_at) VALUES ('291726abdb434fe7816f863f00c6b3b6', 'victoriamirabu@gmail.com', 1, '', 'Victoria Mirabueno', 'Victoria', 'Mirabueno', NULL, 0, 'member', '2025-08-04 13:10');
INSERT OR IGNORE INTO user_label (user_id, label) VALUES ('291726abdb434fe7816f863f00c6b3b6', 'RRM Academy Members Group member');

INSERT OR IGNORE INTO user (id, email, email_verified, hashed_password, name, first_name, last_name, wix_member_id, blocked, role, created_at) VALUES ('9d8fe19805b44c828392cf8912e101bb', 'dearbhailekervick@gmail.com', 1, '', '', '', '', NULL, 0, 'member', '2025-07-29 03:37');

INSERT OR IGNORE INTO user (id, email, email_verified, hashed_password, name, first_name, last_name, wix_member_id, blocked, role, created_at) VALUES ('4366b922d92942a7ba9f25150c7a561a', 'hello@tobreatheagain.coach', 1, '', 'To Breathe Again', 'To Breathe Again', '', NULL, 0, 'member', '2025-08-07 21:31');
INSERT OR IGNORE INTO user_label (user_id, label) VALUES ('4366b922d92942a7ba9f25150c7a561a', 'RRM Academy Members Group member');

INSERT OR IGNORE INTO user (id, email, email_verified, hashed_password, name, first_name, last_name, wix_member_id, blocked, role, created_at) VALUES ('9bd95011a0514b28ab9d97fc84a1177e', 'jasmine.mcknight@outlook.com', 1, '', '', '', '', NULL, 0, 'member', '2025-07-29 06:42');

INSERT OR IGNORE INTO user (id, email, email_verified, hashed_password, name, first_name, last_name, wix_member_id, blocked, role, created_at) VALUES ('ccf4fef8cc824fadad7d872cd60841fb', 'andreanewman@duck.com', 1, '', '', '', '', NULL, 0, 'member', '2025-07-29 01:12');

INSERT OR IGNORE INTO user (id, email, email_verified, hashed_password, name, first_name, last_name, wix_member_id, blocked, role, created_at) VALUES ('cf96e575f1494d8eb99670efa014b666', 'talkingmoose@yahoo.com', 1, '', '', '', '', NULL, 0, 'member', '2025-07-29 03:09');

INSERT OR IGNORE INTO user (id, email, email_verified, hashed_password, name, first_name, last_name, wix_member_id, blocked, role, created_at) VALUES ('b4e165fc8dc24a0ea1083bb40f9eeb42', 'abbeygraceclarke@gmail.com', 1, '', 'Abbey Grace Clarke', 'Abbey Grace', 'Clarke', NULL, 0, 'member', '2025-07-28 18:30');

INSERT OR IGNORE INTO user (id, email, email_verified, hashed_password, name, first_name, last_name, wix_member_id, blocked, role, created_at) VALUES ('5669df5309fa4bde8a176939d925cb3c', 'wix.expert.peace.au@gmail.com', 1, '', 'Wix Expert', 'Wix', 'Expert', NULL, 1, 'member', '2025-07-26 08:56');
INSERT OR IGNORE INTO user_label (user_id, label) VALUES ('5669df5309fa4bde8a176939d925cb3c', 'Spam 🛑');

INSERT OR IGNORE INTO user (id, email, email_verified, hashed_password, name, first_name, last_name, wix_member_id, blocked, role, created_at) VALUES ('7358488b2b6841188e00a6b17c3ab6e1', 'anastasiasheils@gmail.com', 1, '', 'Anastasia Piscoya', 'Anastasia', 'Piscoya', NULL, 0, 'member', '2025-07-27 00:37');

INSERT OR IGNORE INTO user (id, email, email_verified, hashed_password, name, first_name, last_name, wix_member_id, blocked, role, created_at) VALUES ('c2009d5d227d4a58abe84584c4afd049', 'waliyatwixspecialist@gmail.com', 1, '', 'Wix Specialist', 'Wix', 'Specialist', NULL, 1, 'member', '2025-08-09 10:00');
INSERT OR IGNORE INTO user_label (user_id, label) VALUES ('c2009d5d227d4a58abe84584c4afd049', 'Spam 🛑');

INSERT OR IGNORE INTO user (id, email, email_verified, hashed_password, name, first_name, last_name, wix_member_id, blocked, role, created_at) VALUES ('9d220dbb62154090814c0adec687a32b', 'suarez.aleesa@gmail.com', 1, '', '', '', '', NULL, 0, 'member', '2025-07-29 12:26');

INSERT OR IGNORE INTO user (id, email, email_verified, hashed_password, name, first_name, last_name, wix_member_id, blocked, role, created_at) VALUES ('accf8f835b314947baa7651b85bc2dab', 'vsamter@gmail.com', 1, '', '', '', '', NULL, 0, 'member', '2025-07-28 22:43');

INSERT OR IGNORE INTO user (id, email, email_verified, hashed_password, name, first_name, last_name, wix_member_id, blocked, role, created_at) VALUES ('1a821f219d7f4b01a2e1231bed8c3e26', 'eleanor.saker@gmail.com', 1, '', '', '', '', NULL, 0, 'member', '2025-08-04 18:55');

INSERT OR IGNORE INTO user (id, email, email_verified, hashed_password, name, first_name, last_name, wix_member_id, blocked, role, created_at) VALUES ('d9c3bdb6b61045bea40e5ff5a1ab3c4e', 'madison.schneider2340@gmail.com', 1, '', 'Madison Schneider', 'Madison', 'Schneider', NULL, 0, 'member', '2025-07-26 04:54');

INSERT OR IGNORE INTO user (id, email, email_verified, hashed_password, name, first_name, last_name, wix_member_id, blocked, role, created_at) VALUES ('9526a6de81e44f4db763a01070ec14a0', 'breelinjd@gmail.com', 1, '', '', '', '', NULL, 0, 'member', '2025-07-29 03:57');

INSERT OR IGNORE INTO user (id, email, email_verified, hashed_password, name, first_name, last_name, wix_member_id, blocked, role, created_at) VALUES ('2109f8d7d88648fa8b96594c7ff30de8', 'erinschwager@gmail.com', 1, '', '', '', '', NULL, 0, 'member', '2025-07-29 02:20');

INSERT OR IGNORE INTO user (id, email, email_verified, hashed_password, name, first_name, last_name, wix_member_id, blocked, role, created_at) VALUES ('cb8f401f94204c6d812f44fd718a0c3b', 'amandazimmerman610@yahoo.com', 1, '', '', '', '', NULL, 0, 'member', '2025-08-11 05:24');

INSERT OR IGNORE INTO user (id, email, email_verified, hashed_password, name, first_name, last_name, wix_member_id, blocked, role, created_at) VALUES ('4d5d1637f13f44048a3a08a1bb82e3de', 'kgarnold93@gmail.com', 1, '', '', '', '', NULL, 0, 'member', '2025-08-05 02:07');

INSERT OR IGNORE INTO user (id, email, email_verified, hashed_password, name, first_name, last_name, wix_member_id, blocked, role, created_at) VALUES ('7105f75192ac42bf8655f7f2fabeabbc', 'xxbritty616@gmail.com', 1, '', '', '', '', NULL, 0, 'member', '2025-08-05 21:25');

INSERT OR IGNORE INTO user (id, email, email_verified, hashed_password, name, first_name, last_name, wix_member_id, blocked, role, created_at) VALUES ('87f702dc4c7e4ba187486071c2f33cef', 'mcmark725@gmail.com', 1, '', '', '', '', NULL, 0, 'member', '2025-07-29 14:42');

INSERT OR IGNORE INTO user (id, email, email_verified, hashed_password, name, first_name, last_name, wix_member_id, blocked, role, created_at) VALUES ('dedf43a0c7594e5286c6ef4123a78d7b', 'angelinawidman@icloud.com', 1, '', '', '', '', NULL, 0, 'member', '2025-08-16 23:19');

INSERT OR IGNORE INTO user (id, email, email_verified, hashed_password, name, first_name, last_name, wix_member_id, blocked, role, created_at) VALUES ('bbd37c407cd74e2c999150f67db3a468', 'kirstinfritze@gmail.com', 1, '', '', '', '', NULL, 0, 'member', '2025-08-19 01:04');

INSERT OR IGNORE INTO user (id, email, email_verified, hashed_password, name, first_name, last_name, wix_member_id, blocked, role, created_at) VALUES ('b87250c562364c4faccfe39da25d3b48', 'tanya.budler@gmail.com', 1, '', '', '', '', NULL, 0, 'member', '2025-08-23 21:15');

INSERT OR IGNORE INTO user (id, email, email_verified, hashed_password, name, first_name, last_name, wix_member_id, blocked, role, created_at) VALUES ('6fd251baef13453c94ea1246412b770d', 'lrlzomer@gmail.com', 1, '', '', '', '', NULL, 0, 'member', '2025-08-11 23:57');

INSERT OR IGNORE INTO user (id, email, email_verified, hashed_password, name, first_name, last_name, wix_member_id, blocked, role, created_at) VALUES ('8bd504fefa8f46a7bfb84772977f2835', 'carlymrodriguez92@gmail.com', 1, '', '', '', '', NULL, 0, 'member', '2025-08-12 03:25');

INSERT OR IGNORE INTO user (id, email, email_verified, hashed_password, name, first_name, last_name, wix_member_id, blocked, role, created_at) VALUES ('0eb1c5c2353542848c3f8af8c5441d5e', 'mathilde.corot@gmail.com', 1, '', 'Mathilde Corot', 'Mathilde', 'Corot', NULL, 0, 'member', '2025-08-18 17:33');

INSERT OR IGNORE INTO user (id, email, email_verified, hashed_password, name, first_name, last_name, wix_member_id, blocked, role, created_at) VALUES ('bbb41cf963c446c3903f5137aa5452e0', 'nsteltz97@gmail.com', 1, '', '', '', '', NULL, 0, 'member', '2025-08-22 16:02');

INSERT OR IGNORE INTO user (id, email, email_verified, hashed_password, name, first_name, last_name, wix_member_id, blocked, role, created_at) VALUES ('e700ba2208b84c11ab1d9fb72318141d', 'kristen.carithers@jpmorgan.com', 1, '', '', '', '', NULL, 0, 'member', '2025-08-19 19:11');
INSERT OR IGNORE INTO user_label (user_id, label) VALUES ('e700ba2208b84c11ab1d9fb72318141d', 'RRM Academy Members Group member');

INSERT OR IGNORE INTO user (id, email, email_verified, hashed_password, name, first_name, last_name, wix_member_id, blocked, role, created_at) VALUES ('769c2dce8107472bbc0f12276968dcee', 'kate@katedwyernutrition.com', 1, '', 'Kate Dwyer', 'Kate', 'Dwyer', NULL, 0, 'member', '2025-08-12 15:15');

INSERT OR IGNORE INTO user (id, email, email_verified, hashed_password, name, first_name, last_name, wix_member_id, blocked, role, created_at) VALUES ('8d4847cbbd9b45eab7fe268c4e265b88', 'iryna.tabaka@gmail.com', 1, '', 'Ірина Табака', 'Ірина', 'Табака', NULL, 0, 'member', '2025-08-15 07:44');
INSERT OR IGNORE INTO user_label (user_id, label) VALUES ('8d4847cbbd9b45eab7fe268c4e265b88', 'RRM Academy Members Group member');

INSERT OR IGNORE INTO user (id, email, email_verified, hashed_password, name, first_name, last_name, wix_member_id, blocked, role, created_at) VALUES ('4ca4feaca895421e93426cf3109f6556', 'jmagnolia434@gmail.com', 1, '', '', '', '', NULL, 0, 'member', '2025-08-11 19:46');

INSERT OR IGNORE INTO user (id, email, email_verified, hashed_password, name, first_name, last_name, wix_member_id, blocked, role, created_at) VALUES ('825def5da8f14f7886352a1033a35c64', 'annettelinnane@live.com', 1, '', 'Annette Linnane', 'Annette', 'Linnane', NULL, 0, 'member', '2025-08-14 08:27');

INSERT OR IGNORE INTO user (id, email, email_verified, hashed_password, name, first_name, last_name, wix_member_id, blocked, role, created_at) VALUES ('825ce67d843b437ebda1643dd54a3992', 'salinakapoor21@gmail.com', 1, '', '', '', '', NULL, 0, 'member', '2025-08-25 18:21');

INSERT OR IGNORE INTO user (id, email, email_verified, hashed_password, name, first_name, last_name, wix_member_id, blocked, role, created_at) VALUES ('8c2d55a6c9a7452ab13201ed3214d947', 'laura.k.nordberg@gmail.com', 1, '', '', '', '', NULL, 0, 'member', '2025-08-22 14:05');

INSERT OR IGNORE INTO user (id, email, email_verified, hashed_password, name, first_name, last_name, wix_member_id, blocked, role, created_at) VALUES ('d3696bda28944039b690b7939a3870b4', 'kcjlevis@gmail.com', 1, '', 'Kelly Ortiz', 'Kelly', 'Ortiz', NULL, 0, 'member', '2025-08-22 16:21');
INSERT OR IGNORE INTO user_label (user_id, label) VALUES ('d3696bda28944039b690b7939a3870b4', 'RRM Academy Members Group member');

INSERT OR IGNORE INTO user (id, email, email_verified, hashed_password, name, first_name, last_name, wix_member_id, blocked, role, created_at) VALUES ('14e392e96da34a1298f8cdf543929357', 'anneantillon@gmail.com', 1, '', '', '', '', NULL, 0, 'member', '2025-08-12 01:06');

INSERT OR IGNORE INTO user (id, email, email_verified, hashed_password, name, first_name, last_name, wix_member_id, blocked, role, created_at) VALUES ('c76c295a12da4169ac9fa29bf1f981c5', 'malyndam@yahoo.com', 1, '', '', '', '', NULL, 0, 'member', '2025-08-11 23:55');

INSERT OR IGNORE INTO user (id, email, email_verified, hashed_password, name, first_name, last_name, wix_member_id, blocked, role, created_at) VALUES ('8e9040b1b993460ea6f328488c72fbfc', 'brittanynewburn@gmail.com', 1, '', '', '', '', NULL, 0, 'member', '2025-08-22 13:25');

INSERT OR IGNORE INTO user (id, email, email_verified, hashed_password, name, first_name, last_name, wix_member_id, blocked, role, created_at) VALUES ('c1caaf136a1c40c384d09be2b4a33b08', 'nmreisiger@gmail.com', 1, '', '', '', '', NULL, 0, 'member', '2025-08-23 20:28');

INSERT OR IGNORE INTO user (id, email, email_verified, hashed_password, name, first_name, last_name, wix_member_id, blocked, role, created_at) VALUES ('3659392f2f0e479589a73ef6ab0bc93e', 'knarig.ab@gmail.com', 1, '', '', '', '', NULL, 0, 'member', '2025-08-11 22:10');

INSERT OR IGNORE INTO user (id, email, email_verified, hashed_password, name, first_name, last_name, wix_member_id, blocked, role, created_at) VALUES ('35060405de6f44cb8607d0e1eb62fcad', 'acraig5290@gmail.com', 1, '', 'Aileen Craig', 'Aileen', 'Craig', NULL, 0, 'member', '2025-08-20 00:07');
INSERT OR IGNORE INTO user_label (user_id, label) VALUES ('35060405de6f44cb8607d0e1eb62fcad', 'RRM Academy Members Group member');

INSERT OR IGNORE INTO user (id, email, email_verified, hashed_password, name, first_name, last_name, wix_member_id, blocked, role, created_at) VALUES ('537a88e9a59140c9a4a77beb595b9f07', 'meganfederoff@gmail.com', 1, '', 'Megan Federoff', 'Megan', 'Federoff', NULL, 0, 'member', '2025-08-17 12:27');

INSERT OR IGNORE INTO user (id, email, email_verified, hashed_password, name, first_name, last_name, wix_member_id, blocked, role, created_at) VALUES ('4f4452e937f0443088584937613e3abc', 'jacartis03@gmail.com', 1, '', '', '', '', NULL, 0, 'member', '2025-08-12 17:49');

INSERT OR IGNORE INTO user (id, email, email_verified, hashed_password, name, first_name, last_name, wix_member_id, blocked, role, created_at) VALUES ('22805d3440204375bab238436951f8fd', 'amandamsaline@gmail.com', 1, '', '', '', '', NULL, 0, 'member', '2025-08-16 05:07');

INSERT OR IGNORE INTO user (id, email, email_verified, hashed_password, name, first_name, last_name, wix_member_id, blocked, role, created_at) VALUES ('f50417d8dd1342f093aee6cf50ce46b3', 'nimokanja@yahoo.com', 1, '', '', '', '', NULL, 0, 'member', '2025-08-22 14:17');

INSERT OR IGNORE INTO user (id, email, email_verified, hashed_password, name, first_name, last_name, wix_member_id, blocked, role, created_at) VALUES ('4070542f521849799023fea5cf976633', 'britbrasher3@gmail.com', 1, '', '', '', '', NULL, 0, 'member', '2025-08-18 01:21');

INSERT OR IGNORE INTO user (id, email, email_verified, hashed_password, name, first_name, last_name, wix_member_id, blocked, role, created_at) VALUES ('16e232328a8d454db889c12cf2a627c6', 'sdkhbs8fhm@privaterelay.appleid.com', 1, '', 'Mike Bonales', 'Mike', 'Bonales', NULL, 0, 'member', '2025-08-24 21:56');

INSERT OR IGNORE INTO user (id, email, email_verified, hashed_password, name, first_name, last_name, wix_member_id, blocked, role, created_at) VALUES ('36b01994a0da4702a522b687df41b099', 'veronikavlasov@gmailm.com', 1, '', '', '', '', NULL, 0, 'member', '2025-08-11 20:27');

INSERT OR IGNORE INTO user (id, email, email_verified, hashed_password, name, first_name, last_name, wix_member_id, blocked, role, created_at) VALUES ('7c1c0d07abb64ec78d21c5d372e0734f', 'sr.friday@gmail.com', 1, '', 'Shelby Dawn', 'Shelby', 'Dawn', NULL, 0, 'member', '2025-08-18 22:38');

INSERT OR IGNORE INTO user (id, email, email_verified, hashed_password, name, first_name, last_name, wix_member_id, blocked, role, created_at) VALUES ('cc1d584cb0444e62a9abb0e093684d38', 'azhjunk@gmail.com', 1, '', '', '', '', NULL, 0, 'member', '2025-08-13 02:28');

INSERT OR IGNORE INTO user (id, email, email_verified, hashed_password, name, first_name, last_name, wix_member_id, blocked, role, created_at) VALUES ('5a852bdc7a15430196c9f0534b3a55fe', 'moriahefriedman@gmail.com', 1, '', '', '', '', NULL, 0, 'member', '2025-08-12 17:26');

INSERT OR IGNORE INTO user (id, email, email_verified, hashed_password, name, first_name, last_name, wix_member_id, blocked, role, created_at) VALUES ('4ba57418511540c492be5409d4c69a05', 'maryduncan759@gmail.com', 1, '', '', '', '', NULL, 0, 'member', '2025-08-19 19:34');
INSERT OR IGNORE INTO user_label (user_id, label) VALUES ('4ba57418511540c492be5409d4c69a05', 'RRM Academy Members Group member');

INSERT OR IGNORE INTO user (id, email, email_verified, hashed_password, name, first_name, last_name, wix_member_id, blocked, role, created_at) VALUES ('3cc8550a59fa496eb797987ba4252c7f', 'ruthdunne@yahoo.co.uk', 1, '', '', '', '', NULL, 0, 'member', '2025-08-21 11:17');

INSERT OR IGNORE INTO user (id, email, email_verified, hashed_password, name, first_name, last_name, wix_member_id, blocked, role, created_at) VALUES ('403e6f4f1f6c4dc2a81e4a00ffcf1fab', 'miabashlor@gmail.com', 1, '', 'Mia Bashlor', 'Mia', 'Bashlor', NULL, 0, 'member', '2025-08-19 03:17');

INSERT OR IGNORE INTO user (id, email, email_verified, hashed_password, name, first_name, last_name, wix_member_id, blocked, role, created_at) VALUES ('a70523eb561b468d88c8f605ebe4fb74', 'mae13ba@gmail.com', 1, '', '', '', '', NULL, 0, 'member', '2025-08-19 00:00');

INSERT OR IGNORE INTO user (id, email, email_verified, hashed_password, name, first_name, last_name, wix_member_id, blocked, role, created_at) VALUES ('a23553ae6c7b4ce68c2ed77b96a6d2d5', 'kayleegross3@gmail.com', 1, '', '', '', '', NULL, 0, 'member', '2025-08-12 21:15');

INSERT OR IGNORE INTO user (id, email, email_verified, hashed_password, name, first_name, last_name, wix_member_id, blocked, role, created_at) VALUES ('097f7139a723426f9c25be80f82c50cf', 'avebrown777@gmail.com', 1, '', 'Avery Neumann', 'Avery', 'Neumann', NULL, 0, 'member', '2025-08-23 02:37');

INSERT OR IGNORE INTO user (id, email, email_verified, hashed_password, name, first_name, last_name, wix_member_id, blocked, role, created_at) VALUES ('ffbd47498a1641618beb9a0996d0a2cc', 'abisolaolowo754@gmail.com', 1, '', 'Nafisah WIX Expert', 'Nafisah', 'WIX Expert', NULL, 0, 'member', '2025-08-13 12:30');

INSERT OR IGNORE INTO user (id, email, email_verified, hashed_password, name, first_name, last_name, wix_member_id, blocked, role, created_at) VALUES ('bebc825292194464b47f9682432f1c9d', 'austynxmarie09@icloud.com', 1, '', '', '', '', NULL, 0, 'member', '2025-08-16 13:39');

INSERT OR IGNORE INTO user (id, email, email_verified, hashed_password, name, first_name, last_name, wix_member_id, blocked, role, created_at) VALUES ('67edafc09fd9474a9969199977060746', 'whla112721@gmail.com', 1, '', '', '', '', NULL, 0, 'member', '2025-08-22 16:22');

INSERT OR IGNORE INTO user (id, email, email_verified, hashed_password, name, first_name, last_name, wix_member_id, blocked, role, created_at) VALUES ('71f801909eaa4c34a53c406deb0e9e85', 'sarahvhubbard@gmail.com', 1, '', '', '', '', NULL, 0, 'member', '2025-08-22 21:53');

INSERT OR IGNORE INTO user (id, email, email_verified, hashed_password, name, first_name, last_name, wix_member_id, blocked, role, created_at) VALUES ('73594ed9186142e5978994cebaae3ab2', 'kayla9307@yahoo.com', 1, '', 'Kayla Standafer', 'Kayla', 'Standafer', NULL, 0, 'member', '2025-08-25 19:14');
INSERT OR IGNORE INTO user_label (user_id, label) VALUES ('73594ed9186142e5978994cebaae3ab2', 'RRM Academy Members Group member');

INSERT OR IGNORE INTO user (id, email, email_verified, hashed_password, name, first_name, last_name, wix_member_id, blocked, role, created_at) VALUES ('8b778eb2e5b34c34ac1a4c7867d6afef', 'chumleyabby@gmail.com', 1, '', 'Abby Chumley', 'Abby', 'Chumley', NULL, 0, 'member', '2025-08-18 18:09');

INSERT OR IGNORE INTO user (id, email, email_verified, hashed_password, name, first_name, last_name, wix_member_id, blocked, role, created_at) VALUES ('3e8cf6384ad74880afc81dae12dae9cb', 'sandy_hemmings@hotmail.com', 1, '', '', '', '', NULL, 0, 'member', '2025-08-11 19:33');

INSERT OR IGNORE INTO user (id, email, email_verified, hashed_password, name, first_name, last_name, wix_member_id, blocked, role, created_at) VALUES ('024fd780281546e1aa526d6d49e941e7', 'nicolle.paiz@gmail.com', 1, '', '', '', '', NULL, 0, 'member', '2025-08-15 20:53');

INSERT OR IGNORE INTO user (id, email, email_verified, hashed_password, name, first_name, last_name, wix_member_id, blocked, role, created_at) VALUES ('ab9157f89af9430f98a6d43f66cad5ed', 'jlw09c@acu.edu', 1, '', '', '', '', NULL, 0, 'member', '2025-08-21 19:15');
INSERT OR IGNORE INTO user_label (user_id, label) VALUES ('ab9157f89af9430f98a6d43f66cad5ed', 'RRM Academy Members Group member');

INSERT OR IGNORE INTO user (id, email, email_verified, hashed_password, name, first_name, last_name, wix_member_id, blocked, role, created_at) VALUES ('36d22a483763487e8f3bde24b4d1c0f6', 'karla.n.cen@gmail.com', 1, '', 'Karla C.', 'Karla', 'C.', NULL, 0, 'member', '2025-08-22 15:40');

INSERT OR IGNORE INTO user (id, email, email_verified, hashed_password, name, first_name, last_name, wix_member_id, blocked, role, created_at) VALUES ('f49d7e4ca1a24955b7ebc83763135e8a', 'wixstudiohakimi@gmail.com', 1, '', 'Hakimi Lee', 'Hakimi', 'Lee', NULL, 0, 'member', '2025-08-20 15:03');

INSERT OR IGNORE INTO user (id, email, email_verified, hashed_password, name, first_name, last_name, wix_member_id, blocked, role, created_at) VALUES ('ec0b84242848402a8d7a93077e1e7ba6', 'kaitsiddall@gmail.com', 1, '', '', '', '', NULL, 0, 'member', '2025-08-22 13:09');

INSERT OR IGNORE INTO user (id, email, email_verified, hashed_password, name, first_name, last_name, wix_member_id, blocked, role, created_at) VALUES ('1174e9259c0946d9aa55b540ef4678c0', 'laura.marie.mcmillen@gmail.com', 1, '', '', '', '', NULL, 0, 'member', '2025-08-22 14:22');

INSERT OR IGNORE INTO user (id, email, email_verified, hashed_password, name, first_name, last_name, wix_member_id, blocked, role, created_at) VALUES ('5713102088304942a9faf5ab186e5709', 'shohman@outlook.com', 1, '', '', '', '', NULL, 0, 'member', '2025-08-11 19:41');
INSERT OR IGNORE INTO user_label (user_id, label) VALUES ('5713102088304942a9faf5ab186e5709', 'Masterclass in Endometriosis and Surgery');
INSERT OR IGNORE INTO user_label (user_id, label) VALUES ('5713102088304942a9faf5ab186e5709', 'Masterclass Members Group member');
INSERT OR IGNORE INTO user_label (user_id, label) VALUES ('5713102088304942a9faf5ab186e5709', 'Endo Surgeon Workbook 🏷️');
INSERT OR IGNORE INTO enrollment (id, user_id, course_id, enrolled_at) VALUES ('d0b983bd5067416883f04ce7f099ff41', '5713102088304942a9faf5ab186e5709', 'masterclass-endo-surgery', '2025-08-11 19:41');

INSERT OR IGNORE INTO user (id, email, email_verified, hashed_password, name, first_name, last_name, wix_member_id, blocked, role, created_at) VALUES ('97d1d17cb35e4849a5f9199c9672dbd9', 'kelsiesgood@gmail.com', 1, '', '', '', '', NULL, 0, 'member', '2025-08-22 14:09');

INSERT OR IGNORE INTO user (id, email, email_verified, hashed_password, name, first_name, last_name, wix_member_id, blocked, role, created_at) VALUES ('5f97b3193ec6404294b918ab2a5d816d', 'info.wixpartnerseo@gmail.com', 1, '', 'Wixseo Partner support', 'Wixseo', 'Partner support', NULL, 1, 'member', '2025-08-16 23:26');
INSERT OR IGNORE INTO user_label (user_id, label) VALUES ('5f97b3193ec6404294b918ab2a5d816d', 'Spam 🛑');

INSERT OR IGNORE INTO user (id, email, email_verified, hashed_password, name, first_name, last_name, wix_member_id, blocked, role, created_at) VALUES ('ad8eb03b70ce4688a2951d37ecdda7c3', 'kacey.schreyer@gmail.com', 1, '', '', '', '', NULL, 0, 'member', '2025-08-22 15:52');

INSERT OR IGNORE INTO user (id, email, email_verified, hashed_password, name, first_name, last_name, wix_member_id, blocked, role, created_at) VALUES ('d486382b35f54d28b884a1f0b53439d8', 'karolinamachul@gmail.com', 1, '', '', '', '', NULL, 0, 'member', '2025-08-12 02:31');

INSERT OR IGNORE INTO user (id, email, email_verified, hashed_password, name, first_name, last_name, wix_member_id, blocked, role, created_at) VALUES ('9d8b75d9054f45faa5cca8051bb791cd', 'gwidtfarms7@gmail.com', 1, '', 'Emma Powers', 'Emma', 'Powers', NULL, 0, 'member', '2025-08-25 02:14');

INSERT OR IGNORE INTO user (id, email, email_verified, hashed_password, name, first_name, last_name, wix_member_id, blocked, role, created_at) VALUES ('f505a7d88e564bb79dba5f3fa872873a', 'nennau@hotmail.com', 1, '', 'Nnena Ukuku', 'Nnena', 'Ukuku', NULL, 0, 'member', '2025-08-23 10:20');
INSERT OR IGNORE INTO user_label (user_id, label) VALUES ('f505a7d88e564bb79dba5f3fa872873a', 'RRM Academy Members Group member');

INSERT OR IGNORE INTO user (id, email, email_verified, hashed_password, name, first_name, last_name, wix_member_id, blocked, role, created_at) VALUES ('8f9e7a5dfe5a4350b3a0613b61035b89', 'mercywixservices@gmail.com', 1, '', 'Mercy Oliver', 'Mercy', 'Oliver', NULL, 1, 'member', '2025-08-22 23:16');
INSERT OR IGNORE INTO user_label (user_id, label) VALUES ('8f9e7a5dfe5a4350b3a0613b61035b89', 'Spam 🛑');
INSERT OR IGNORE INTO user_label (user_id, label) VALUES ('8f9e7a5dfe5a4350b3a0613b61035b89', 'RRM Academy Members Group member');

INSERT OR IGNORE INTO user (id, email, email_verified, hashed_password, name, first_name, last_name, wix_member_id, blocked, role, created_at) VALUES ('79fe992a99b94398aefdec91961fd5c4', 'agdc0127@gmail.com', 1, '', 'Allison Darpel Cummings', 'Allison', 'Darpel Cummings', NULL, 0, 'member', '2025-08-13 04:08');

INSERT OR IGNORE INTO user (id, email, email_verified, hashed_password, name, first_name, last_name, wix_member_id, blocked, role, created_at) VALUES ('34db70a527dc4cfb9dcfdc62ca0446d8', 'kennedy.steph@gmail.com', 1, '', '', '', '', NULL, 0, 'member', '2025-08-12 21:33');

INSERT OR IGNORE INTO user (id, email, email_verified, hashed_password, name, first_name, last_name, wix_member_id, blocked, role, created_at) VALUES ('3fb01189bfa64eea817722e18e66eee1', 'kerichter18@gmail.com', 1, '', 'Kaitlyn Richter', 'Kaitlyn', 'Richter', NULL, 0, 'member', '2025-08-15 04:40');

INSERT OR IGNORE INTO user (id, email, email_verified, hashed_password, name, first_name, last_name, wix_member_id, blocked, role, created_at) VALUES ('c51ac04e6b764ae1ad8a770c04576c06', 'livia.manuela@gmail.com', 1, '', 'Lívia Manuela', 'Lívia', 'Manuela', NULL, 0, 'member', '2025-08-13 19:00');

INSERT OR IGNORE INTO user (id, email, email_verified, hashed_password, name, first_name, last_name, wix_member_id, blocked, role, created_at) VALUES ('6561b3d1a56f473288d1dd4e62a7f331', 'vpydeski@aol.com', 1, '', '', '', '', NULL, 0, 'member', '2025-08-22 20:02');

INSERT OR IGNORE INTO user (id, email, email_verified, hashed_password, name, first_name, last_name, wix_member_id, blocked, role, created_at) VALUES ('f264f8384a6849d99bced87b9a66d0df', 'nickilynn62@gmail.com', 1, '', '', '', '', NULL, 0, 'member', '2025-08-22 13:29');

INSERT OR IGNORE INTO user (id, email, email_verified, hashed_password, name, first_name, last_name, wix_member_id, blocked, role, created_at) VALUES ('7f6c805bbd874e39bb6436d309ea65d5', 'carissa.fassnacht@gmail.com', 1, '', '', '', '', NULL, 0, 'member', '2025-08-19 00:32');

INSERT OR IGNORE INTO user (id, email, email_verified, hashed_password, name, first_name, last_name, wix_member_id, blocked, role, created_at) VALUES ('37ac1cb2639d4236b82010ded9a8452c', 'cowseatnutterbutters@hotmail.com', 1, '', '', '', '', NULL, 0, 'member', '2025-08-22 15:32');

INSERT OR IGNORE INTO user (id, email, email_verified, hashed_password, name, first_name, last_name, wix_member_id, blocked, role, created_at) VALUES ('07ea3c422156439a8571dd3a066ed598', 'hannah@fertilityrestored.com', 1, '', 'Hannah Ducote', 'Hannah', 'Ducote', NULL, 0, 'member', '2025-08-17 16:12');
INSERT OR IGNORE INTO user_label (user_id, label) VALUES ('07ea3c422156439a8571dd3a066ed598', 'Customers');
INSERT OR IGNORE INTO user_label (user_id, label) VALUES ('07ea3c422156439a8571dd3a066ed598', 'Save the Uterus Club 🏷️');
INSERT OR IGNORE INTO user_label (user_id, label) VALUES ('07ea3c422156439a8571dd3a066ed598', 'Uterus Member 🐻');
INSERT OR IGNORE INTO user_label (user_id, label) VALUES ('07ea3c422156439a8571dd3a066ed598', 'Save the Uterus Club Group member');
INSERT OR IGNORE INTO user_label (user_id, label) VALUES ('07ea3c422156439a8571dd3a066ed598', 'Donor 👏');

INSERT OR IGNORE INTO user (id, email, email_verified, hashed_password, name, first_name, last_name, wix_member_id, blocked, role, created_at) VALUES ('14a6316ed7a64977964024a669764589', 'onisodera@gmail.com', 1, '', 'Dera', 'Dera', '', NULL, 0, 'member', '2025-08-13 13:15');

INSERT OR IGNORE INTO user (id, email, email_verified, hashed_password, name, first_name, last_name, wix_member_id, blocked, role, created_at) VALUES ('98504b986b50423992e6048de51fd3de', 'marywixspecialist@gmail.com', 1, '', 'Mary Wix Specialist', 'Mary Wix Specialist', '', NULL, 0, 'member', '2025-08-14 11:09');

INSERT OR IGNORE INTO user (id, email, email_verified, hashed_password, name, first_name, last_name, wix_member_id, blocked, role, created_at) VALUES ('3b6c32510e364b389aa249254ec8a25a', 'cassiekaehr@protonmail.com', 1, '', '', '', '', NULL, 0, 'member', '2025-08-17 12:57');
INSERT OR IGNORE INTO user_label (user_id, label) VALUES ('3b6c32510e364b389aa249254ec8a25a', 'RRM Academy Members Group member');

INSERT OR IGNORE INTO user (id, email, email_verified, hashed_password, name, first_name, last_name, wix_member_id, blocked, role, created_at) VALUES ('0f38c8bcae064ab3b0a2587b1cce41fd', 'jules3604@live.com', 1, '', '', '', '', NULL, 0, 'member', '2025-08-13 20:03');

INSERT OR IGNORE INTO user (id, email, email_verified, hashed_password, name, first_name, last_name, wix_member_id, blocked, role, created_at) VALUES ('a695a45c6dda462aae5841b53b86eab0', 'lauraadawnn@yahoo.com', 1, '', '', '', '', NULL, 0, 'member', '2025-08-12 01:38');

INSERT OR IGNORE INTO user (id, email, email_verified, hashed_password, name, first_name, last_name, wix_member_id, blocked, role, created_at) VALUES ('1689eba34606429dbfbb0e5d8d6c68ab', 'jkkelton@yahoo.com', 1, '', '', '', '', NULL, 0, 'member', '2025-08-22 14:29');

INSERT OR IGNORE INTO user (id, email, email_verified, hashed_password, name, first_name, last_name, wix_member_id, blocked, role, created_at) VALUES ('bd5784f524474ef782b020295804a49c', 'dhahn013@gmail.com', 1, '', 'David Hahn', 'David', 'Hahn', NULL, 0, 'member', '2025-08-25 15:03');

INSERT OR IGNORE INTO user (id, email, email_verified, hashed_password, name, first_name, last_name, wix_member_id, blocked, role, created_at) VALUES ('fa87f143d0684a8d9f8eba95fbae1afe', 'ericaf95@gmail.com', 1, '', 'Erica Gonzalez', 'Erica', 'Gonzalez', NULL, 0, 'member', '2025-08-21 22:57');

INSERT OR IGNORE INTO user (id, email, email_verified, hashed_password, name, first_name, last_name, wix_member_id, blocked, role, created_at) VALUES ('4fc5699c818b4d098f5a1d64316312b4', 'hollyhufford14@gmail.com', 1, '', 'Holly Hufford', 'Holly', 'Hufford', NULL, 0, 'member', '2025-08-19 00:15');

INSERT OR IGNORE INTO user (id, email, email_verified, hashed_password, name, first_name, last_name, wix_member_id, blocked, role, created_at) VALUES ('2fe84e3c18f84980918d469749749b97', 'vanvolkenburgh.jenna@gmail.com', 1, '', '', '', '', NULL, 0, 'member', '2025-08-12 03:52');

INSERT OR IGNORE INTO user (id, email, email_verified, hashed_password, name, first_name, last_name, wix_member_id, blocked, role, created_at) VALUES ('c840909dc6f64f5288b77216db038f90', 'kramekem21@gmail.com', 1, '', 'Emily Brezina', 'Emily', 'Brezina', NULL, 0, 'member', '2025-08-20 20:10');

INSERT OR IGNORE INTO user (id, email, email_verified, hashed_password, name, first_name, last_name, wix_member_id, blocked, role, created_at) VALUES ('c2ff627b017b47d490fd3ce71c68b458', 'mdshawonahamed871@gmail.com', 1, '', 'Md Shawon Ahamed', 'Md Shawon', 'Ahamed', NULL, 0, 'member', '2025-08-19 01:04');

INSERT OR IGNORE INTO user (id, email, email_verified, hashed_password, name, first_name, last_name, wix_member_id, blocked, role, created_at) VALUES ('20ffb19d2a1f4fa9aae7ad3374c3c5e3', 'alexaingold1@gmail.com', 1, '', '', '', '', NULL, 0, 'member', '2025-08-13 15:02');
INSERT OR IGNORE INTO user_label (user_id, label) VALUES ('20ffb19d2a1f4fa9aae7ad3374c3c5e3', 'Masterclass in Endometriosis and Surgery');
INSERT OR IGNORE INTO user_label (user_id, label) VALUES ('20ffb19d2a1f4fa9aae7ad3374c3c5e3', 'Masterclass Members Group member');
INSERT OR IGNORE INTO enrollment (id, user_id, course_id, enrolled_at) VALUES ('868d57f9f12f499ba579fd7c1b0ed194', '20ffb19d2a1f4fa9aae7ad3374c3c5e3', 'masterclass-endo-surgery', '2025-08-13 15:02');

INSERT OR IGNORE INTO user (id, email, email_verified, hashed_password, name, first_name, last_name, wix_member_id, blocked, role, created_at) VALUES ('fbb1704caf02406581e6fac5aebe2ccc', 'rachelkerr@alumni.trentu.ca', 1, '', '', '', '', NULL, 0, 'member', '2025-08-12 14:45');

INSERT OR IGNORE INTO user (id, email, email_verified, hashed_password, name, first_name, last_name, wix_member_id, blocked, role, created_at) VALUES ('11c74f75fde74e93bd9ecfae8ffc6201', 'pierrrajones@gmail.com', 1, '', 'Rob Mark', 'Rob', 'Mark', NULL, 1, 'member', '2025-08-23 13:51');
INSERT OR IGNORE INTO user_label (user_id, label) VALUES ('11c74f75fde74e93bd9ecfae8ffc6201', 'Spam 🛑');
INSERT OR IGNORE INTO user_label (user_id, label) VALUES ('11c74f75fde74e93bd9ecfae8ffc6201', 'RRM Academy Members Group member');

INSERT OR IGNORE INTO user (id, email, email_verified, hashed_password, name, first_name, last_name, wix_member_id, blocked, role, created_at) VALUES ('4d356b2706114818ba7a42cfd0dc1c88', 'emily-donnelly@outlook.com', 1, '', '', '', '', NULL, 0, 'member', '2025-08-14 10:54');

INSERT OR IGNORE INTO user (id, email, email_verified, hashed_password, name, first_name, last_name, wix_member_id, blocked, role, created_at) VALUES ('e41eaf8fb4fd41e5bebb6f1f8c188f28', 'lbollweg97@gmail.com', 1, '', '', '', '', NULL, 0, 'member', '2025-08-23 19:28');

INSERT OR IGNORE INTO user (id, email, email_verified, hashed_password, name, first_name, last_name, wix_member_id, blocked, role, created_at) VALUES ('1a4b52d95c894acbb1eb55fd2e8223b9', 'allie@restordbyallie.com', 1, '', '', '', '', NULL, 0, 'member', '2025-08-23 15:28');

INSERT OR IGNORE INTO user (id, email, email_verified, hashed_password, name, first_name, last_name, wix_member_id, blocked, role, created_at) VALUES ('9c1e05821449405284c1a0d7a8ef0489', 'kkibbie@icloud.com', 1, '', '', '', '', NULL, 0, 'member', '2025-08-17 19:45');

INSERT OR IGNORE INTO user (id, email, email_verified, hashed_password, name, first_name, last_name, wix_member_id, blocked, role, created_at) VALUES ('cd0781a32cac4f5eb6dcdf4fade0a9bc', 'vondrakmelissa@gmail.com', 1, '', '', '', '', NULL, 0, 'member', '2025-08-16 03:08');
INSERT OR IGNORE INTO user_label (user_id, label) VALUES ('cd0781a32cac4f5eb6dcdf4fade0a9bc', 'Masterclass in Endometriosis and Surgery');
INSERT OR IGNORE INTO enrollment (id, user_id, course_id, enrolled_at) VALUES ('ba4739fad5734806a34b0be019c7b2bb', 'cd0781a32cac4f5eb6dcdf4fade0a9bc', 'masterclass-endo-surgery', '2025-08-16 03:08');

INSERT OR IGNORE INTO user (id, email, email_verified, hashed_password, name, first_name, last_name, wix_member_id, blocked, role, created_at) VALUES ('b135d86e246a40b9a12e8148194d0032', 'hmgrant96@gmail.com', 1, '', '', '', '', NULL, 0, 'member', '2025-08-16 22:45');
INSERT OR IGNORE INTO user_label (user_id, label) VALUES ('b135d86e246a40b9a12e8148194d0032', 'RRM Academy Members Group member');

INSERT OR IGNORE INTO user (id, email, email_verified, hashed_password, name, first_name, last_name, wix_member_id, blocked, role, created_at) VALUES ('e794db6452b64b3d8b1f7e90ea616b1c', 'eweathers27@gmail.com', 1, '', 'Emily Kurzweil', 'Emily', 'Kurzweil', NULL, 0, 'member', '2025-08-23 21:30');

INSERT OR IGNORE INTO user (id, email, email_verified, hashed_password, name, first_name, last_name, wix_member_id, blocked, role, created_at) VALUES ('b878cc62a42a442095a5654612c27667', 'rattypattat@gmail.com', 1, '', '', '', '', NULL, 0, 'member', '2025-08-24 20:07');

INSERT OR IGNORE INTO user (id, email, email_verified, hashed_password, name, first_name, last_name, wix_member_id, blocked, role, created_at) VALUES ('91303e8ac29745ea8c0c18029fcbdbd7', 'temeraire22@hotmail.com', 1, '', '', '', '', NULL, 0, 'member', '2025-08-23 20:36');

INSERT OR IGNORE INTO user (id, email, email_verified, hashed_password, name, first_name, last_name, wix_member_id, blocked, role, created_at) VALUES ('88eca4f53f144cb48f500ced712d91d0', 'tarynewhitaker@gmail.com', 1, '', 'Taryn Lopez', 'Taryn', 'Lopez', NULL, 0, 'member', '2025-08-11 18:40');

INSERT OR IGNORE INTO user (id, email, email_verified, hashed_password, name, first_name, last_name, wix_member_id, blocked, role, created_at) VALUES ('43a5af5ef269443686991ec843dae6fc', 'hello@selfsame.com.au', 1, '', 'Charlotte Dance-Wilson', 'Charlotte', 'Dance-Wilson', NULL, 0, 'member', '2025-08-14 23:51');

INSERT OR IGNORE INTO user (id, email, email_verified, hashed_password, name, first_name, last_name, wix_member_id, blocked, role, created_at) VALUES ('5acaa22582f64c0491993a8a867031a8', 'ruby.neal@hotmail.com.au', 1, '', '', '', '', NULL, 0, 'member', '2025-08-23 07:42');

INSERT OR IGNORE INTO user (id, email, email_verified, hashed_password, name, first_name, last_name, wix_member_id, blocked, role, created_at) VALUES ('ebfe5eb7d6e346c881996c8bd6bb51a2', 'dvr9200@gmail.com', 1, '', '', '', '', NULL, 0, 'member', '2025-08-19 00:12');

INSERT OR IGNORE INTO user (id, email, email_verified, hashed_password, name, first_name, last_name, wix_member_id, blocked, role, created_at) VALUES ('d2c40791f23c40198038207ac165c011', 'mariana.aguilarms@gmail.com', 1, '', 'Mariana Aguilar Morales', 'Mariana', 'Aguilar Morales', NULL, 0, 'member', '2025-08-21 00:55');

INSERT OR IGNORE INTO user (id, email, email_verified, hashed_password, name, first_name, last_name, wix_member_id, blocked, role, created_at) VALUES ('48414e382d814abd97959a692b219083', 'austynxmarie09@me.com', 1, '', 'Austyn Sheaffer', 'Austyn', 'Sheaffer', NULL, 0, 'member', '2025-08-20 19:58');
INSERT OR IGNORE INTO user_label (user_id, label) VALUES ('48414e382d814abd97959a692b219083', 'RRM Academy Members Group member');

INSERT OR IGNORE INTO user (id, email, email_verified, hashed_password, name, first_name, last_name, wix_member_id, blocked, role, created_at) VALUES ('076fa8c276b943c380255dc597655d9d', 'ras1387@yahoo.com', 1, '', '', '', '', NULL, 0, 'member', '2025-08-12 14:08');

INSERT OR IGNORE INTO user (id, email, email_verified, hashed_password, name, first_name, last_name, wix_member_id, blocked, role, created_at) VALUES ('19577a22b09149a3a5e0ca2dac455a32', 'wixs176@gmail.com', 1, '', '', '', '', NULL, 1, 'member', '2025-08-28 13:30');
INSERT OR IGNORE INTO user_label (user_id, label) VALUES ('19577a22b09149a3a5e0ca2dac455a32', 'Spam 🛑');

INSERT OR IGNORE INTO user (id, email, email_verified, hashed_password, name, first_name, last_name, wix_member_id, blocked, role, created_at) VALUES ('8731b74b9f124b2ab2fab944b3cfa91e', 'vmcarruthers@gmail.com', 1, '', '', '', '', NULL, 0, 'member', '2025-09-13 21:58');
INSERT OR IGNORE INTO user_label (user_id, label) VALUES ('8731b74b9f124b2ab2fab944b3cfa91e', 'RRM Academy Members Group member');

INSERT OR IGNORE INTO user (id, email, email_verified, hashed_password, name, first_name, last_name, wix_member_id, blocked, role, created_at) VALUES ('6387a9350de24a6e96493007631530c1', 'alanisfer1995@gmail.com', 1, '', '', '', '', NULL, 0, 'member', '2025-09-03 19:14');

INSERT OR IGNORE INTO user (id, email, email_verified, hashed_password, name, first_name, last_name, wix_member_id, blocked, role, created_at) VALUES ('f9c867ac3af4437390c8ae39bfb30adb', 'nataliecabral5@gmail.com', 1, '', 'Natalie Cabral', 'Natalie', 'Cabral', NULL, 0, 'member', '2025-09-12 18:13');

INSERT OR IGNORE INTO user (id, email, email_verified, hashed_password, name, first_name, last_name, wix_member_id, blocked, role, created_at) VALUES ('9b1d81af66cc4439bc2631bd8d2ba1fb', 'ashley@thefertilityformulasmasterclass.com', 1, '', '', '', '', NULL, 0, 'member', '2025-09-11 00:35');
INSERT OR IGNORE INTO user_label (user_id, label) VALUES ('9b1d81af66cc4439bc2631bd8d2ba1fb', 'Masterclass in Endometriosis and Surgery');
INSERT OR IGNORE INTO user_label (user_id, label) VALUES ('9b1d81af66cc4439bc2631bd8d2ba1fb', 'Masterclass Members Group member');
INSERT OR IGNORE INTO enrollment (id, user_id, course_id, enrolled_at) VALUES ('a356e2554dbf489392c64854a7aa563c', '9b1d81af66cc4439bc2631bd8d2ba1fb', 'masterclass-endo-surgery', '2025-09-11 00:35');

INSERT OR IGNORE INTO user (id, email, email_verified, hashed_password, name, first_name, last_name, wix_member_id, blocked, role, created_at) VALUES ('b27e1198f54140a88f222b2d3cf13b84', 'virginiacchavez31@gmail.com', 1, '', '', '', '', NULL, 0, 'member', '2025-08-28 02:53');

INSERT OR IGNORE INTO user (id, email, email_verified, hashed_password, name, first_name, last_name, wix_member_id, blocked, role, created_at) VALUES ('1c7637b7ef604eddb672de858ff77971', 'cplm0040@gmail.com', 1, '', 'Lindsey', 'Lindsey', '', NULL, 0, 'member', '2025-09-03 21:38');

INSERT OR IGNORE INTO user (id, email, email_verified, hashed_password, name, first_name, last_name, wix_member_id, blocked, role, created_at) VALUES ('6008b0b5c77b465488dcfb60a7e07065', '545215ingemar5874@gmail.com', 1, '', 'ht th', 'ht', 'th', NULL, 0, 'member', '2025-09-09 07:49');

INSERT OR IGNORE INTO user (id, email, email_verified, hashed_password, name, first_name, last_name, wix_member_id, blocked, role, created_at) VALUES ('a4cd785216e3474a8a0511f2f5b7b167', 'catherinebilleaud@gmail.com', 1, '', '', '', '', NULL, 0, 'member', '2025-09-03 21:35');

INSERT OR IGNORE INTO user (id, email, email_verified, hashed_password, name, first_name, last_name, wix_member_id, blocked, role, created_at) VALUES ('69cdd3652c5242069043a4d9eeb3fb1c', 'laurenjc0812@gmail.com', 1, '', 'Lauren Chase', 'Lauren', 'Chase', NULL, 0, 'member', '2025-09-09 09:58');

INSERT OR IGNORE INTO user (id, email, email_verified, hashed_password, name, first_name, last_name, wix_member_id, blocked, role, created_at) VALUES ('54b4c3f2373341768c0a083d0c88636e', 'meganleesanchez@gmail.com', 1, '', 'Megan Sanchez', 'Megan', 'Sanchez', NULL, 0, 'member', '2025-09-11 21:16');

INSERT OR IGNORE INTO user (id, email, email_verified, hashed_password, name, first_name, last_name, wix_member_id, blocked, role, created_at) VALUES ('6200b17ad145494abc5163651aa53bc5', 'marbear732@yahoo.com', 1, '', '', '', '', NULL, 0, 'member', '2025-08-26 21:04');

INSERT OR IGNORE INTO user (id, email, email_verified, hashed_password, name, first_name, last_name, wix_member_id, blocked, role, created_at) VALUES ('868a66b2da894bb6b796276b43ada597', 'emmmily12@gmail.com', 1, '', 'Emily Lavalle', 'Emily', 'Lavalle', NULL, 0, 'member', '2025-09-12 12:38');

INSERT OR IGNORE INTO user (id, email, email_verified, hashed_password, name, first_name, last_name, wix_member_id, blocked, role, created_at) VALUES ('2764ca4c17e74f6ca3967f2752ca2221', 'karenleighnilan@gmail.com', 1, '', '', '', '', NULL, 0, 'member', '2025-09-10 19:32');

INSERT OR IGNORE INTO user (id, email, email_verified, hashed_password, name, first_name, last_name, wix_member_id, blocked, role, created_at) VALUES ('9440b232edbf4030a1c2dbe9cebf5ecb', 'mgarcia123022@gmail.com', 1, '', '', '', '', NULL, 0, 'member', '2025-09-03 20:42');

INSERT OR IGNORE INTO user (id, email, email_verified, hashed_password, name, first_name, last_name, wix_member_id, blocked, role, created_at) VALUES ('ab32e2b236b64158b3f9e23f8396a2b5', 'joycecastro@mail.com', 1, '', '', '', '', NULL, 0, 'member', '2025-08-29 20:11');

INSERT OR IGNORE INTO user (id, email, email_verified, hashed_password, name, first_name, last_name, wix_member_id, blocked, role, created_at) VALUES ('303092a7c09848de92fc863b97db8e77', 'anna.schlatter95@gmail.com', 1, '', 'Anna Schlatter', 'Anna', 'Schlatter', NULL, 0, 'member', '2025-09-07 02:10');
INSERT OR IGNORE INTO user_label (user_id, label) VALUES ('303092a7c09848de92fc863b97db8e77', 'RRM Academy Members Group member');

INSERT OR IGNORE INTO user (id, email, email_verified, hashed_password, name, first_name, last_name, wix_member_id, blocked, role, created_at) VALUES ('08c2f7b97cf244759260edc078ee74d4', 'sashaloorkhoor@hotmail.com', 1, '', '', '', '', NULL, 0, 'member', '2025-09-03 16:21');

INSERT OR IGNORE INTO user (id, email, email_verified, hashed_password, name, first_name, last_name, wix_member_id, blocked, role, created_at) VALUES ('825160fbef784b0485c7371dd059897f', 'emmalou@wildblue.net', 1, '', 'Emma Kitchen', 'Emma', 'Kitchen', NULL, 0, 'member', '2025-08-27 22:27');

INSERT OR IGNORE INTO user (id, email, email_verified, hashed_password, name, first_name, last_name, wix_member_id, blocked, role, created_at) VALUES ('ffa9467a7d45485893fe88c1ce688929', 'amanda.n.borucki@gmail.com', 1, '', 'Amanda Borucki', 'Amanda', 'Borucki', NULL, 0, 'member', '2025-09-04 22:41');

INSERT OR IGNORE INTO user (id, email, email_verified, hashed_password, name, first_name, last_name, wix_member_id, blocked, role, created_at) VALUES ('157a06620934494289e1d57ada4f2428', 'londonrichter5@gmail.com', 1, '', 'London Richter', 'London', 'Richter', NULL, 0, 'member', '2025-09-03 13:20');

INSERT OR IGNORE INTO user (id, email, email_verified, hashed_password, name, first_name, last_name, wix_member_id, blocked, role, created_at) VALUES ('c6b56ee25da64afabdaf2e422935c1a9', 'joelwixpartner.ca@gmail.com', 1, '', 'Joel Wix partner', 'Joel', 'Wix partner', NULL, 0, 'member', '2025-09-06 16:58');

INSERT OR IGNORE INTO user (id, email, email_verified, hashed_password, name, first_name, last_name, wix_member_id, blocked, role, created_at) VALUES ('56aee75399864403bbc89d050a4e1cfe', 'alex2bessler@gmail.com', 1, '', '', '', '', NULL, 0, 'member', '2025-09-04 20:58');

INSERT OR IGNORE INTO user (id, email, email_verified, hashed_password, name, first_name, last_name, wix_member_id, blocked, role, created_at) VALUES ('9766d4376e5e43e092883956d816dfe9', 't.sauers@outlook.com', 1, '', '', '', '', NULL, 0, 'member', '2025-08-27 01:06');

INSERT OR IGNORE INTO user (id, email, email_verified, hashed_password, name, first_name, last_name, wix_member_id, blocked, role, created_at) VALUES ('cfc60e3475c741d696bec619a38162a0', 'elizsanford@outlook.com', 1, '', '', '', '', NULL, 0, 'member', '2025-09-08 20:12');

INSERT OR IGNORE INTO user (id, email, email_verified, hashed_password, name, first_name, last_name, wix_member_id, blocked, role, created_at) VALUES ('6b5104f263a542a1a1203b5483c057be', 'tbateh22@gmail.com', 1, '', '', '', '', NULL, 0, 'member', '2025-09-14 15:10');

INSERT OR IGNORE INTO user (id, email, email_verified, hashed_password, name, first_name, last_name, wix_member_id, blocked, role, created_at) VALUES ('ea395d96851b4a799d9c5afb249ad462', 'quarteralien@yahoo.com', 1, '', 'Bronwyn Fackrell', 'Bronwyn', 'Fackrell', NULL, 0, 'member', '2025-08-27 20:08');
INSERT OR IGNORE INTO user_label (user_id, label) VALUES ('ea395d96851b4a799d9c5afb249ad462', 'RRM Academy Members Group member');

INSERT OR IGNORE INTO user (id, email, email_verified, hashed_password, name, first_name, last_name, wix_member_id, blocked, role, created_at) VALUES ('371e7f840f3042f8901ca021879555f8', 'anac.penalba@gmail.com', 1, '', 'AnaCristian Penalba', 'AnaCristian', 'Penalba', NULL, 0, 'member', '2025-09-05 01:40');

INSERT OR IGNORE INTO user (id, email, email_verified, hashed_password, name, first_name, last_name, wix_member_id, blocked, role, created_at) VALUES ('76fa212bda334bedaf772d89040b6dd0', 'tayxdavis@gmail.con', 1, '', '', '', '', NULL, 0, 'member', '2025-09-04 01:45');

INSERT OR IGNORE INTO user (id, email, email_verified, hashed_password, name, first_name, last_name, wix_member_id, blocked, role, created_at) VALUES ('26e3716934ae4cb68f4a1cc1b2548c74', 'colettehazinski@gmail.com', 1, '', 'Colette Gregoire', 'Colette', 'Gregoire', NULL, 0, 'member', '2025-08-27 16:44');
INSERT OR IGNORE INTO user_label (user_id, label) VALUES ('26e3716934ae4cb68f4a1cc1b2548c74', 'RRM Academy Members Group member');

INSERT OR IGNORE INTO user (id, email, email_verified, hashed_password, name, first_name, last_name, wix_member_id, blocked, role, created_at) VALUES ('c98bbbce8262450fba9c58c72ec6f32e', 'dajahwitherspoon@gmail.com', 1, '', '', '', '', NULL, 0, 'member', '2025-09-12 00:06');

INSERT OR IGNORE INTO user (id, email, email_verified, hashed_password, name, first_name, last_name, wix_member_id, blocked, role, created_at) VALUES ('2e8b24fcbd134cd49c8c6606707725a2', 'alexandreamscott@gmail.com', 1, '', 'Alexandrea Scott', 'Alexandrea', 'Scott', NULL, 0, 'member', '2025-09-09 14:34');

INSERT OR IGNORE INTO user (id, email, email_verified, hashed_password, name, first_name, last_name, wix_member_id, blocked, role, created_at) VALUES ('a51070273bdd44ebab532e76155a9f09', 'robinsonranch@msn.com', 1, '', '', '', '', NULL, 0, 'member', '2025-09-14 20:45');
INSERT OR IGNORE INTO user_label (user_id, label) VALUES ('a51070273bdd44ebab532e76155a9f09', 'RRM Academy Members Group member');

INSERT OR IGNORE INTO user (id, email, email_verified, hashed_password, name, first_name, last_name, wix_member_id, blocked, role, created_at) VALUES ('b7b719db676049a1a6ca379c409b7757', 'rachealdaramola02@gmail.ci', 1, '', '', '', '', NULL, 0, 'member', '2025-08-28 03:54');

INSERT OR IGNORE INTO user (id, email, email_verified, hashed_password, name, first_name, last_name, wix_member_id, blocked, role, created_at) VALUES ('24d47ecdbb17472f93e2a8855a67b53e', 'padillaana88@gmail.com', 1, '', '', '', '', NULL, 0, 'member', '2025-09-15 18:27');

INSERT OR IGNORE INTO user (id, email, email_verified, hashed_password, name, first_name, last_name, wix_member_id, blocked, role, created_at) VALUES ('9efa0e0a076742b49af250e68fafe0b2', 'kendra.burmeister@gmail.com', 1, '', 'Kendra Orozco', 'Kendra', 'Orozco', NULL, 0, 'member', '2025-09-06 13:14');

INSERT OR IGNORE INTO user (id, email, email_verified, hashed_password, name, first_name, last_name, wix_member_id, blocked, role, created_at) VALUES ('e24d02536d0e407da323a3eea68065e4', 'haileypearison@icloud.com', 1, '', '', '', '', NULL, 0, 'member', '2025-08-27 16:58');

INSERT OR IGNORE INTO user (id, email, email_verified, hashed_password, name, first_name, last_name, wix_member_id, blocked, role, created_at) VALUES ('719cf2dbb8194a569e7562e1c7bb39b0', 'carolkukiyama@gmail.com', 1, '', '', '', '', NULL, 0, 'member', '2025-09-03 08:49');

INSERT OR IGNORE INTO user (id, email, email_verified, hashed_password, name, first_name, last_name, wix_member_id, blocked, role, created_at) VALUES ('4b7c3ec65ca94ff8be7c229dde69bb06', 'ivana.k992@gmail.com', 1, '', 'Ivana Turudić', 'Ivana', 'Turudić', NULL, 0, 'member', '2025-09-09 22:15');

INSERT OR IGNORE INTO user (id, email, email_verified, hashed_password, name, first_name, last_name, wix_member_id, blocked, role, created_at) VALUES ('2b9c4c2394af49abb724f243cddaaaea', 'kortnie.duncan@gmail.com', 1, '', '', '', '', NULL, 0, 'member', '2025-09-10 18:29');

INSERT OR IGNORE INTO user (id, email, email_verified, hashed_password, name, first_name, last_name, wix_member_id, blocked, role, created_at) VALUES ('8be59107bcdc462fb66086262312d5dd', 'jdowns@pnwu.edu', 1, '', '', '', '', NULL, 0, 'member', '2025-09-03 21:39');

INSERT OR IGNORE INTO user (id, email, email_verified, hashed_password, name, first_name, last_name, wix_member_id, blocked, role, created_at) VALUES ('84cbd529e4cb4cbf904382ac80e1bf91', 'wixstudio@wixtechnicalteam.online', 1, '', 'Wix Studio', 'Wix', 'Studio', NULL, 1, 'member', '2025-09-10 00:00');
INSERT OR IGNORE INTO user_label (user_id, label) VALUES ('84cbd529e4cb4cbf904382ac80e1bf91', 'Spam 🛑');

INSERT OR IGNORE INTO user (id, email, email_verified, hashed_password, name, first_name, last_name, wix_member_id, blocked, role, created_at) VALUES ('215d6c2697884e6ea9f262f6a27f8d4f', 'bsvdsalter@gmail.com', 1, '', 'Sky Salter', 'Sky', 'Salter', NULL, 0, 'member', '2025-09-06 13:06');

INSERT OR IGNORE INTO user (id, email, email_verified, hashed_password, name, first_name, last_name, wix_member_id, blocked, role, created_at) VALUES ('0611b4358e2c4aad81a01722fe1b6ea7', 'wixsecurityfeature@wlxslte.com', 1, '', 'Wix.com', 'Wix.com', '', NULL, 1, 'member', '2025-09-04 06:46');
INSERT OR IGNORE INTO user_label (user_id, label) VALUES ('0611b4358e2c4aad81a01722fe1b6ea7', 'Spam 🛑');

INSERT OR IGNORE INTO user (id, email, email_verified, hashed_password, name, first_name, last_name, wix_member_id, blocked, role, created_at) VALUES ('8dd4204ad70a4b4c8f9f8b0242e8a989', 'oliviafaucheux22@gmail.com', 1, '', 'Olivia Faucheux', 'Olivia', 'Faucheux', NULL, 0, 'member', '2025-09-04 02:24');

INSERT OR IGNORE INTO user (id, email, email_verified, hashed_password, name, first_name, last_name, wix_member_id, blocked, role, created_at) VALUES ('333d30d1e8a3402dbf73d320ee335575', 'leigh.kasten@gmail.com', 1, '', '', '', '', NULL, 0, 'member', '2025-08-28 23:51');
INSERT OR IGNORE INTO user_label (user_id, label) VALUES ('333d30d1e8a3402dbf73d320ee335575', 'RRM Academy Members Group member');

INSERT OR IGNORE INTO user (id, email, email_verified, hashed_password, name, first_name, last_name, wix_member_id, blocked, role, created_at) VALUES ('c01b1228587c4e6bbc2964e94f14ec5f', 'dr.rolandjacob@gmail.com', 1, '', 'Dr. Jake Roland, DNM, DC', 'Dr. Jake', 'Roland, DNM, DC', NULL, 0, 'member', '2025-09-11 20:50');

INSERT OR IGNORE INTO user (id, email, email_verified, hashed_password, name, first_name, last_name, wix_member_id, blocked, role, created_at) VALUES ('7514d7f27c54418c93035b8916b0266d', 'mallory@powercreativestl.com', 1, '', '', '', '', NULL, 0, 'member', '2025-09-09 21:56');

INSERT OR IGNORE INTO user (id, email, email_verified, hashed_password, name, first_name, last_name, wix_member_id, blocked, role, created_at) VALUES ('0f751b5a2bd34ce8887128ab3820fb20', 'amandalundgreen123@gmail.com', 1, '', '', '', '', NULL, 0, 'member', '2025-09-04 17:49');

INSERT OR IGNORE INTO user (id, email, email_verified, hashed_password, name, first_name, last_name, wix_member_id, blocked, role, created_at) VALUES ('fe783cf07f9f4fb9bb1d276e4b51fd0a', 'littlerachel13@gmail.com', 1, '', '', '', '', NULL, 0, 'member', '2025-09-10 19:14');

INSERT OR IGNORE INTO user (id, email, email_verified, hashed_password, name, first_name, last_name, wix_member_id, blocked, role, created_at) VALUES ('4efa15c762c240d3830ce5cbb8698ac5', 'maiasunflower@gmail.com', 1, '', 'Maia Padberg', 'Maia', 'Padberg', NULL, 0, 'member', '2025-09-12 04:08');

INSERT OR IGNORE INTO user (id, email, email_verified, hashed_password, name, first_name, last_name, wix_member_id, blocked, role, created_at) VALUES ('cf04d3f1a1424e4a8d029e3c3fa22a99', 'dr.natalieu@gmail.com', 1, '', 'Natalie Underberg', 'Natalie', 'Underberg', NULL, 0, 'member', '2025-09-11 22:08');
INSERT OR IGNORE INTO user_label (user_id, label) VALUES ('cf04d3f1a1424e4a8d029e3c3fa22a99', 'RRM Academy Members Group member');

INSERT OR IGNORE INTO user (id, email, email_verified, hashed_password, name, first_name, last_name, wix_member_id, blocked, role, created_at) VALUES ('49ae5164d14840b7bd01edcf592d9f33', 'charlottefwillis@gmail.com', 1, '', '', '', '', NULL, 0, 'member', '2025-09-05 17:49');

INSERT OR IGNORE INTO user (id, email, email_verified, hashed_password, name, first_name, last_name, wix_member_id, blocked, role, created_at) VALUES ('f0b709c3b05144a3ac32a7a8a16b8c5e', 'aislingbree@gmail.com', 1, '', '', '', '', NULL, 0, 'member', '2025-09-14 23:35');
INSERT OR IGNORE INTO user_label (user_id, label) VALUES ('f0b709c3b05144a3ac32a7a8a16b8c5e', 'RRM Academy Members Group member');

INSERT OR IGNORE INTO user (id, email, email_verified, hashed_password, name, first_name, last_name, wix_member_id, blocked, role, created_at) VALUES ('57abeaebfcf14cf5a75e979e4a76cfe7', 'elizabethbolfing16@gmail.com', 1, '', '', '', '', NULL, 0, 'member', '2025-08-28 11:51');

INSERT OR IGNORE INTO user (id, email, email_verified, hashed_password, name, first_name, last_name, wix_member_id, blocked, role, created_at) VALUES ('d83ce735595c4f4b9f14c806a39cbed7', 'lynnea.nicholls@gmail.com', 1, '', 'Lynnea Nicholls', 'Lynnea', 'Nicholls', NULL, 0, 'member', '2025-09-03 16:23');

INSERT OR IGNORE INTO user (id, email, email_verified, hashed_password, name, first_name, last_name, wix_member_id, blocked, role, created_at) VALUES ('f0c498995b7c419c8b752465295c7792', 'caitlinewcamp@gmail.com', 1, '', 'Caitlin Newcamp', 'Caitlin', 'Newcamp', NULL, 0, 'member', '2025-09-03 13:47');

INSERT OR IGNORE INTO user (id, email, email_verified, hashed_password, name, first_name, last_name, wix_member_id, blocked, role, created_at) VALUES ('544766755e8f4d27ba8257b0592cb2e9', 'erastuswix@gmail.com', 1, '', 'Erastus  wix Wix SEO Specialist', 'Erastus  wix', 'Wix SEO Specialist', NULL, 1, 'member', '2025-08-26 14:57');
INSERT OR IGNORE INTO user_label (user_id, label) VALUES ('544766755e8f4d27ba8257b0592cb2e9', 'Spam 🛑');

INSERT OR IGNORE INTO user (id, email, email_verified, hashed_password, name, first_name, last_name, wix_member_id, blocked, role, created_at) VALUES ('e53ecd7ac3054faba793976be6d2f5e0', 'bere.arzate2310@gmail.com', 1, '', '', '', '', NULL, 0, 'member', '2025-09-03 23:24');

INSERT OR IGNORE INTO user (id, email, email_verified, hashed_password, name, first_name, last_name, wix_member_id, blocked, role, created_at) VALUES ('97f04e3b85b04ba68ea150f9fae4dc6a', 'abigail.g.cole05@gmail.com', 1, '', 'Abigail Cole', 'Abigail', 'Cole', NULL, 0, 'member', '2025-09-05 04:22');

INSERT OR IGNORE INTO user (id, email, email_verified, hashed_password, name, first_name, last_name, wix_member_id, blocked, role, created_at) VALUES ('47e26a352288444da59e23d5d544f8c9', 'levandoski.brianne@gmail.com', 1, '', '', '', '', NULL, 0, 'member', '2025-08-29 00:14');

INSERT OR IGNORE INTO user (id, email, email_verified, hashed_password, name, first_name, last_name, wix_member_id, blocked, role, created_at) VALUES ('a5e88d61dc954ee7a44011d85568b790', 'tanya.waldroop@gmail.com', 1, '', 'Tanya Waldroop', 'Tanya', 'Waldroop', NULL, 0, 'member', '2025-08-30 03:44');

INSERT OR IGNORE INTO user (id, email, email_verified, hashed_password, name, first_name, last_name, wix_member_id, blocked, role, created_at) VALUES ('65318280fb024b40b7fc17f8da472c5b', 'coribert@hotmail.com', 1, '', '', '', '', NULL, 0, 'member', '2025-08-27 15:48');

INSERT OR IGNORE INTO user (id, email, email_verified, hashed_password, name, first_name, last_name, wix_member_id, blocked, role, created_at) VALUES ('5d41737ca2a94120973867c605e3324c', 'goodnesssmith771@gmail.com', 1, '', 'Smart Smith', 'Smart', 'Smith', NULL, 1, 'member', '2025-08-30 14:04');
INSERT OR IGNORE INTO user_label (user_id, label) VALUES ('5d41737ca2a94120973867c605e3324c', 'Spam 🛑');

INSERT OR IGNORE INTO user (id, email, email_verified, hashed_password, name, first_name, last_name, wix_member_id, blocked, role, created_at) VALUES ('e67e7b7913a04d84a74c078f78aebe7f', 'leslie.m.armstrong@gmail.com', 1, '', '', '', '', NULL, 0, 'member', '2025-08-31 04:01');

INSERT OR IGNORE INTO user (id, email, email_verified, hashed_password, name, first_name, last_name, wix_member_id, blocked, role, created_at) VALUES ('25217bff9f284f5680730d93efe80f3c', 'wix.techteamfix@gmail.com', 1, '', 'Wix Support Team', 'Wix', 'Support Team', NULL, 0, 'member', '2025-08-27 02:24');

INSERT OR IGNORE INTO user (id, email, email_verified, hashed_password, name, first_name, last_name, wix_member_id, blocked, role, created_at) VALUES ('2ef397f9acae4eaf810fea12c57c259d', 'amandatollett45@gmail.com', 1, '', '', '', '', NULL, 0, 'member', '2025-09-03 11:16');

INSERT OR IGNORE INTO user (id, email, email_verified, hashed_password, name, first_name, last_name, wix_member_id, blocked, role, created_at) VALUES ('e931a68c623b4a5b9dbdea24499f2ad0', 'brycurtis7@gmail.com', 1, '', 'Bryanna Curtis', 'Bryanna', 'Curtis', NULL, 0, 'member', '2025-09-06 16:31');

INSERT OR IGNORE INTO user (id, email, email_verified, hashed_password, name, first_name, last_name, wix_member_id, blocked, role, created_at) VALUES ('5067f429b4554b0999172e3ddc4f5c6e', 'williamswixtechnicalteam.us@gmail.com', 1, '', 'Williams Santiago', 'Williams', 'Santiago', NULL, 1, 'member', '2025-09-10 01:35');
INSERT OR IGNORE INTO user_label (user_id, label) VALUES ('5067f429b4554b0999172e3ddc4f5c6e', 'Spam 🛑');

INSERT OR IGNORE INTO user (id, email, email_verified, hashed_password, name, first_name, last_name, wix_member_id, blocked, role, created_at) VALUES ('0566ec42f3b24b75914f26e6481cf648', 'r.perez@hcsgi.com', 1, '', '', '', '', NULL, 0, 'member', '2025-09-09 13:47');

INSERT OR IGNORE INTO user (id, email, email_verified, hashed_password, name, first_name, last_name, wix_member_id, blocked, role, created_at) VALUES ('77c5641239c143ce846d9b3448ff2073', 'adabrahdominic67064@gmail.com', 1, '', 'Dominic Adabrah', 'Dominic', 'Adabrah', NULL, 0, 'member', '2025-08-28 20:27');
INSERT OR IGNORE INTO user_label (user_id, label) VALUES ('77c5641239c143ce846d9b3448ff2073', 'RRM Academy Members Group member');

INSERT OR IGNORE INTO user (id, email, email_verified, hashed_password, name, first_name, last_name, wix_member_id, blocked, role, created_at) VALUES ('df5f4693bf1548d2a18e49a244ba63a5', 'labpelvicrehab@gmail.com', 1, '', 'Hyun', 'Hyun', '', NULL, 0, 'member', '2025-09-15 01:29');
INSERT OR IGNORE INTO user_label (user_id, label) VALUES ('df5f4693bf1548d2a18e49a244ba63a5', 'RRM Academy Members Group member');

INSERT OR IGNORE INTO user (id, email, email_verified, hashed_password, name, first_name, last_name, wix_member_id, blocked, role, created_at) VALUES ('4152e39bfdae46beb467953a1c4c70dd', 'heinzelmannjenna1@yahoo.com', 1, '', '', '', '', NULL, 0, 'member', '2025-09-08 13:27');

INSERT OR IGNORE INTO user (id, email, email_verified, hashed_password, name, first_name, last_name, wix_member_id, blocked, role, created_at) VALUES ('d41b524d7ac74cc888e3b1cf28c4eb38', 'szonji@gmail.com', 1, '', 'Shekufeh Zonji', 'Shekufeh', 'Zonji', NULL, 0, 'member', '2025-09-14 05:20');

INSERT OR IGNORE INTO user (id, email, email_verified, hashed_password, name, first_name, last_name, wix_member_id, blocked, role, created_at) VALUES ('d4f1217537ee4f49934ebcfd19705ea1', 'mimijanelosito@gmail.com', 1, '', '', '', '', NULL, 0, 'member', '2025-09-05 18:03');

INSERT OR IGNORE INTO user (id, email, email_verified, hashed_password, name, first_name, last_name, wix_member_id, blocked, role, created_at) VALUES ('643031d1d3b54dbb89c2f407bb7f47fb', 'kurti.bora@gmail.com', 1, '', '', '', '', NULL, 0, 'member', '2025-09-09 22:06');

INSERT OR IGNORE INTO user (id, email, email_verified, hashed_password, name, first_name, last_name, wix_member_id, blocked, role, created_at) VALUES ('1a494213620e40148ab9f41b598f32a2', 'rita.a.correia@gmail.com', 1, '', '', '', '', NULL, 0, 'member', '2025-09-04 14:59');

INSERT OR IGNORE INTO user (id, email, email_verified, hashed_password, name, first_name, last_name, wix_member_id, blocked, role, created_at) VALUES ('ad6cb18119a94709ad6f689d4253c821', 'rose@rosecoloredcontent.com', 1, '', 'Rose Wyatt', 'Rose', 'Wyatt', NULL, 0, 'member', '2025-09-06 22:48');

INSERT OR IGNORE INTO user (id, email, email_verified, hashed_password, name, first_name, last_name, wix_member_id, blocked, role, created_at) VALUES ('05d7da7ce1e44abf89c6996896a862d8', 'nutrifybykaitlyn@gmail.com', 1, '', 'Kaitlyn', 'Kaitlyn', '', NULL, 0, 'member', '2025-09-06 23:08');

INSERT OR IGNORE INTO user (id, email, email_verified, hashed_password, name, first_name, last_name, wix_member_id, blocked, role, created_at) VALUES ('a0084215619746b593f0d51c67d5a737', 'melsyeaman@gmail.com', 1, '', '', '', '', NULL, 0, 'member', '2025-08-28 16:46');

INSERT OR IGNORE INTO user (id, email, email_verified, hashed_password, name, first_name, last_name, wix_member_id, blocked, role, created_at) VALUES ('cb266bf449104d9185458d7e4a7369b4', 'sara.ann.loos@gmail.com', 1, '', '', '', '', NULL, 0, 'member', '2025-09-15 19:27');

INSERT OR IGNORE INTO user (id, email, email_verified, hashed_password, name, first_name, last_name, wix_member_id, blocked, role, created_at) VALUES ('5c89b78a7a144286bed77829052bbce2', 'nk8651485@gmail.com', 1, '', 'Yashashvi Kumar', 'Yashashvi', 'Kumar', NULL, 0, 'member', '2025-09-06 02:27');
INSERT OR IGNORE INTO user_label (user_id, label) VALUES ('5c89b78a7a144286bed77829052bbce2', 'RRM Academy Members Group member');

INSERT OR IGNORE INTO user (id, email, email_verified, hashed_password, name, first_name, last_name, wix_member_id, blocked, role, created_at) VALUES ('4e3c00ff38804bbea465d0eb43184b17', 'nimatullahiwix@gmail.com', 1, '', 'Nimatullahi', 'Nimatullahi', '', NULL, 0, 'member', '2025-08-27 07:28');

INSERT OR IGNORE INTO user (id, email, email_verified, hashed_password, name, first_name, last_name, wix_member_id, blocked, role, created_at) VALUES ('a82755235e444d1b9c8afcdbd0a097c5', 'ordonez.yoha.15@gmail.com', 1, '', '', '', '', NULL, 0, 'member', '2025-09-08 04:31');

INSERT OR IGNORE INTO user (id, email, email_verified, hashed_password, name, first_name, last_name, wix_member_id, blocked, role, created_at) VALUES ('c731e339751e430b9d358e44292ea3b8', 'markrichardd001@gmail.com', 1, '', 'Mark Wix Wix SEO Specialist', 'Mark Wix', 'Wix SEO Specialist', NULL, 1, 'member', '2025-08-26 12:24');
INSERT OR IGNORE INTO user_label (user_id, label) VALUES ('c731e339751e430b9d358e44292ea3b8', 'Spam 🛑');

INSERT OR IGNORE INTO user (id, email, email_verified, hashed_password, name, first_name, last_name, wix_member_id, blocked, role, created_at) VALUES ('abb2b1691ee44fe3b8d2e66cda07ab1f', 'maggievdb@gmail.com', 1, '', 'M M', 'M', 'M', NULL, 0, 'member', '2025-08-26 20:45');
INSERT OR IGNORE INTO user_label (user_id, label) VALUES ('abb2b1691ee44fe3b8d2e66cda07ab1f', 'Masterclass in Endometriosis and Surgery');
INSERT OR IGNORE INTO user_label (user_id, label) VALUES ('abb2b1691ee44fe3b8d2e66cda07ab1f', 'Masterclass Members Group member');
INSERT OR IGNORE INTO user_label (user_id, label) VALUES ('abb2b1691ee44fe3b8d2e66cda07ab1f', 'Endo Surgeon Workbook 🏷️');
INSERT OR IGNORE INTO enrollment (id, user_id, course_id, enrolled_at) VALUES ('a6cd0f32b2a24115af123953b408f255', 'abb2b1691ee44fe3b8d2e66cda07ab1f', 'masterclass-endo-surgery', '2025-08-26 20:45');

INSERT OR IGNORE INTO user (id, email, email_verified, hashed_password, name, first_name, last_name, wix_member_id, blocked, role, created_at) VALUES ('5117b3171e2240c8b400c2758272f67c', 'annaliserome@gmail.com', 1, '', '', '', '', NULL, 0, 'member', '2025-09-09 00:57');

INSERT OR IGNORE INTO user (id, email, email_verified, hashed_password, name, first_name, last_name, wix_member_id, blocked, role, created_at) VALUES ('fa7ec0eebcf147c3b27641bcbb466345', 'sch.dora@gmail.com', 1, '', '', '', '', NULL, 0, 'member', '2025-08-29 21:52');

INSERT OR IGNORE INTO user (id, email, email_verified, hashed_password, name, first_name, last_name, wix_member_id, blocked, role, created_at) VALUES ('af594f8d676a496c9ce2d69286e8a0bd', 'e-birdie@outlook.com', 1, '', '', '', '', NULL, 0, 'member', '2025-08-29 21:41');

INSERT OR IGNORE INTO user (id, email, email_verified, hashed_password, name, first_name, last_name, wix_member_id, blocked, role, created_at) VALUES ('76174c64c49e47c68a4437a1714c1f9f', 'kelseylaktash@gmail.com', 1, '', '', '', '', NULL, 0, 'member', '2025-09-04 14:05');

INSERT OR IGNORE INTO user (id, email, email_verified, hashed_password, name, first_name, last_name, wix_member_id, blocked, role, created_at) VALUES ('f90c98a6107e453ab2720b48d9f607e6', 'brycurtis7@gmail.con', 1, '', '', '', '', NULL, 0, 'member', '2025-09-10 21:26');

INSERT OR IGNORE INTO user (id, email, email_verified, hashed_password, name, first_name, last_name, wix_member_id, blocked, role, created_at) VALUES ('951f1dac6e7843339cd70a8b7eda054c', 'gabriannemiller@gmail.com', 1, '', '', '', '', NULL, 0, 'member', '2025-08-29 15:00');

INSERT OR IGNORE INTO user (id, email, email_verified, hashed_password, name, first_name, last_name, wix_member_id, blocked, role, created_at) VALUES ('b5824665bd7042c3baf2172d48a933d0', 'mtejadabrito@gmail.com', 1, '', 'Mierlyn Toledo', 'Mierlyn', 'Toledo', NULL, 0, 'member', '2025-09-27 20:57');

INSERT OR IGNORE INTO user (id, email, email_verified, hashed_password, name, first_name, last_name, wix_member_id, blocked, role, created_at) VALUES ('77112c38baf04414b3ab6375fa076a88', 'lofticelr@gmail.com', 1, '', 'Lisa Loftice', 'Lisa', 'Loftice', NULL, 0, 'member', '2025-09-16 13:20');

INSERT OR IGNORE INTO user (id, email, email_verified, hashed_password, name, first_name, last_name, wix_member_id, blocked, role, created_at) VALUES ('4b777eb23efc4906a78031ed551b5b63', 'sarahbear221@gmail.com', 1, '', '', '', '', NULL, 0, 'member', '2025-09-17 08:34');

INSERT OR IGNORE INTO user (id, email, email_verified, hashed_password, name, first_name, last_name, wix_member_id, blocked, role, created_at) VALUES ('d91d37922c4342a3a62af2f2a59c3564', 'kryshartman95@gmail.com', 1, '', 'Krystal Wadel', 'Krystal', 'Wadel', NULL, 0, 'member', '2025-09-17 20:16');
INSERT OR IGNORE INTO user_label (user_id, label) VALUES ('d91d37922c4342a3a62af2f2a59c3564', 'RRM Academy Members Group member');

INSERT OR IGNORE INTO user (id, email, email_verified, hashed_password, name, first_name, last_name, wix_member_id, blocked, role, created_at) VALUES ('34c619c9a7f44692801d2d074a846b3d', 'cara.masterson@gmail.com', 1, '', '', '', '', NULL, 0, 'member', '2025-09-19 02:56');

INSERT OR IGNORE INTO user (id, email, email_verified, hashed_password, name, first_name, last_name, wix_member_id, blocked, role, created_at) VALUES ('f7515a1adb624ab5ab8ad3b3e564d076', 'xglensreflex@gmail.com', 1, '', 'Xiomara Garcia', 'Xiomara', 'Garcia', NULL, 0, 'member', '2025-09-19 19:44');
INSERT OR IGNORE INTO user_label (user_id, label) VALUES ('f7515a1adb624ab5ab8ad3b3e564d076', 'RRM Academy Members Group member');

INSERT OR IGNORE INTO user (id, email, email_verified, hashed_password, name, first_name, last_name, wix_member_id, blocked, role, created_at) VALUES ('92dd695af0d34b7192fd591e26a52c40', 'rshugart11@gmail.com', 1, '', '', '', '', NULL, 0, 'member', '2025-09-18 16:26');

INSERT OR IGNORE INTO user (id, email, email_verified, hashed_password, name, first_name, last_name, wix_member_id, blocked, role, created_at) VALUES ('3eb96fe368df456ebfc1e31c17fd33b8', 'cheergal33@yahoo.com', 1, '', '', '', '', NULL, 0, 'member', '2025-09-20 01:50');

INSERT OR IGNORE INTO user (id, email, email_verified, hashed_password, name, first_name, last_name, wix_member_id, blocked, role, created_at) VALUES ('473379296a094b1985c2c98552ea1f6d', 'hannah8858@gmail.com', 1, '', '', '', '', NULL, 0, 'member', '2025-09-26 09:55');

INSERT OR IGNORE INTO user (id, email, email_verified, hashed_password, name, first_name, last_name, wix_member_id, blocked, role, created_at) VALUES ('272e567b6fe74d62b07a92be62784754', 'carriedorean@gmail.com', 1, '', '', '', '', NULL, 0, 'member', '2025-09-20 16:25');

INSERT OR IGNORE INTO user (id, email, email_verified, hashed_password, name, first_name, last_name, wix_member_id, blocked, role, created_at) VALUES ('24309228dc7a4ebd8ab5aaaafd479442', 'risk@wix-secure.com', 1, '', 'WIX SECURITY TEAM', 'WIX SECURITY', 'TEAM', NULL, 1, 'member', '2025-09-22 16:06');
INSERT OR IGNORE INTO user_label (user_id, label) VALUES ('24309228dc7a4ebd8ab5aaaafd479442', 'Spam 🛑');

INSERT OR IGNORE INTO user (id, email, email_verified, hashed_password, name, first_name, last_name, wix_member_id, blocked, role, created_at) VALUES ('987eae927d5344d7bd6e0fe82db02b99', 'caitlinenewcamp@gmail.com', 1, '', '', '', '', NULL, 0, 'member', '2025-09-21 16:53');

INSERT OR IGNORE INTO user (id, email, email_verified, hashed_password, name, first_name, last_name, wix_member_id, blocked, role, created_at) VALUES ('f767cca6c8a5470dba1b9be83a62846d', 'miche.robidou@gmail.com', 1, '', 'Michelle R', 'Michelle', 'R', NULL, 0, 'member', '2025-09-25 22:23');

INSERT OR IGNORE INTO user (id, email, email_verified, hashed_password, name, first_name, last_name, wix_member_id, blocked, role, created_at) VALUES ('a48e8478b9594b23b44110a9751faf5d', 'spamlove02@gmail.com', 1, '', '', '', '', NULL, 0, 'member', '2025-09-15 21:01');

INSERT OR IGNORE INTO user (id, email, email_verified, hashed_password, name, first_name, last_name, wix_member_id, blocked, role, created_at) VALUES ('5b056ccf364b416bae8d0600a2d6dac4', 'cmiesen96@gmail.com', 1, '', '', '', '', NULL, 0, 'member', '2025-09-21 03:12');

INSERT OR IGNORE INTO user (id, email, email_verified, hashed_password, name, first_name, last_name, wix_member_id, blocked, role, created_at) VALUES ('4514f4d0b5ec4b80942aab7078188bdb', 'office@drjessicagruber.com', 1, '', '', '', '', NULL, 0, 'member', '2025-09-16 11:02');
INSERT OR IGNORE INTO user_label (user_id, label) VALUES ('4514f4d0b5ec4b80942aab7078188bdb', 'RRM Academy Members Group member');

INSERT OR IGNORE INTO user (id, email, email_verified, hashed_password, name, first_name, last_name, wix_member_id, blocked, role, created_at) VALUES ('8f63b6b7077e4a3fba2bbaee2e0f562c', 'kayajg2003@gmail.com', 1, '', 'Mikayla Martin', 'Mikayla', 'Martin', NULL, 0, 'member', '2025-09-16 01:18');

INSERT OR IGNORE INTO user (id, email, email_verified, hashed_password, name, first_name, last_name, wix_member_id, blocked, role, created_at) VALUES ('41bada77c15f41869584318ff68723e4', 'kaitlynsheaffe2@gmail.com', 1, '', '', '', '', NULL, 0, 'member', '2025-09-26 00:16');

INSERT OR IGNORE INTO user (id, email, email_verified, hashed_password, name, first_name, last_name, wix_member_id, blocked, role, created_at) VALUES ('38f9bca89ad14e10afc496a64532bfa7', 'swinsley1@gmail.com', 1, '', '', '', '', NULL, 0, 'member', '2025-09-22 16:00');
INSERT OR IGNORE INTO user_label (user_id, label) VALUES ('38f9bca89ad14e10afc496a64532bfa7', 'RRM Academy Members Group member');

INSERT OR IGNORE INTO user (id, email, email_verified, hashed_password, name, first_name, last_name, wix_member_id, blocked, role, created_at) VALUES ('59980a81bae84dbbb0368aed97887507', 'coleman.carly.35@gmail.com', 1, '', '', '', '', NULL, 0, 'member', '2025-09-25 15:13');

INSERT OR IGNORE INTO user (id, email, email_verified, hashed_password, name, first_name, last_name, wix_member_id, blocked, role, created_at) VALUES ('1c6913d42de049538d2955a9941a4b45', 'horselvrkeg@yahoo.com', 1, '', '', '', '', NULL, 0, 'member', '2025-09-16 01:44');

INSERT OR IGNORE INTO user (id, email, email_verified, hashed_password, name, first_name, last_name, wix_member_id, blocked, role, created_at) VALUES ('a932649c6dcc48a6a35860c94f6524c7', 'kerissa.a.lee@gmail.com', 1, '', 'Kerissa Lee', 'Kerissa', 'Lee', NULL, 0, 'member', '2025-09-15 21:57');

INSERT OR IGNORE INTO user (id, email, email_verified, hashed_password, name, first_name, last_name, wix_member_id, blocked, role, created_at) VALUES ('8818640b4f514c2ba53a59654e2f9035', 'holyguacamole37@gmail.com', 1, '', 'Carol Lyn', 'Carol', 'Lyn', NULL, 0, 'member', '2025-09-15 19:43');

INSERT OR IGNORE INTO user (id, email, email_verified, hashed_password, name, first_name, last_name, wix_member_id, blocked, role, created_at) VALUES ('54d7ac2bb0b34a2481bd33fb83189ae8', 'caityc11@gmail.com', 1, '', '', '', '', NULL, 0, 'member', '2025-09-19 03:46');

INSERT OR IGNORE INTO user (id, email, email_verified, hashed_password, name, first_name, last_name, wix_member_id, blocked, role, created_at) VALUES ('7df907f3ce1144b2ac355d000a5f85ab', 'madelynnfretto@gmail.com', 1, '', '', '', '', NULL, 0, 'member', '2025-09-19 21:58');

INSERT OR IGNORE INTO user (id, email, email_verified, hashed_password, name, first_name, last_name, wix_member_id, blocked, role, created_at) VALUES ('8089df1d9fef430785ed6ba4cf718631', 'marykateelenchin@gmail.com', 1, '', '', '', '', NULL, 0, 'member', '2025-09-25 22:46');

INSERT OR IGNORE INTO user (id, email, email_verified, hashed_password, name, first_name, last_name, wix_member_id, blocked, role, created_at) VALUES ('8c82e95f7c024b5d82e5e7228130dd82', 'alichomiak@gmail.com', 1, '', 'Ali Chomiak', 'Ali', 'Chomiak', NULL, 0, 'member', '2025-09-16 21:08');

INSERT OR IGNORE INTO user (id, email, email_verified, hashed_password, name, first_name, last_name, wix_member_id, blocked, role, created_at) VALUES ('e2564c8b8b344dd7a1cc2120b1a203c2', 'lilyafisher98@gmail.com', 1, '', 'Lily Fisher', 'Lily', 'Fisher', NULL, 0, 'member', '2025-09-19 16:43');

INSERT OR IGNORE INTO user (id, email, email_verified, hashed_password, name, first_name, last_name, wix_member_id, blocked, role, created_at) VALUES ('1687f03ef10f4b6d9c7fb70bc91c74ae', 'sophie.mench@gmail.com', 1, '', '', '', '', NULL, 0, 'member', '2025-09-26 15:18');

INSERT OR IGNORE INTO user (id, email, email_verified, hashed_password, name, first_name, last_name, wix_member_id, blocked, role, created_at) VALUES ('77d5550a1e974dfc90a4cb82f4aac571', 'choirfreak1999@gmail.com', 1, '', 'Diana Davis', 'Diana', 'Davis', NULL, 0, 'member', '2025-09-26 20:51');

INSERT OR IGNORE INTO user (id, email, email_verified, hashed_password, name, first_name, last_name, wix_member_id, blocked, role, created_at) VALUES ('92d0ce5c02f24ac8997ad915799e4320', 'gghizari@hotmail.com', 1, '', '', '', '', NULL, 0, 'member', '2025-09-26 20:15');

INSERT OR IGNORE INTO user (id, email, email_verified, hashed_password, name, first_name, last_name, wix_member_id, blocked, role, created_at) VALUES ('d9bf8333dc154072a45622ee5f9e3a7d', 'mamiemclean@gmail.com', 1, '', 'mamie mclean', 'mamie', 'mclean', NULL, 0, 'member', '2025-09-19 18:49');
INSERT OR IGNORE INTO user_label (user_id, label) VALUES ('d9bf8333dc154072a45622ee5f9e3a7d', 'RRM Academy Members Group member');

INSERT OR IGNORE INTO user (id, email, email_verified, hashed_password, name, first_name, last_name, wix_member_id, blocked, role, created_at) VALUES ('e761af8c555d4f938577dabfde5994e1', 'cmccar203@caledonian.ac.uk', 1, '', '', '', '', NULL, 0, 'member', '2025-09-22 18:14');

INSERT OR IGNORE INTO user (id, email, email_verified, hashed_password, name, first_name, last_name, wix_member_id, blocked, role, created_at) VALUES ('2ccfe56cd0cc4e90b1f329eec738689f', 'lauramauer23@gmail.com', 1, '', '', '', '', NULL, 0, 'member', '2025-09-26 20:19');

INSERT OR IGNORE INTO user (id, email, email_verified, hashed_password, name, first_name, last_name, wix_member_id, blocked, role, created_at) VALUES ('bff4b4deb508468289820b142f41e86c', 'lauren.davi@yahoo.com', 1, '', '', '', '', NULL, 0, 'member', '2025-09-16 02:51');

INSERT OR IGNORE INTO user (id, email, email_verified, hashed_password, name, first_name, last_name, wix_member_id, blocked, role, created_at) VALUES ('7ec7e628250d40e6b38d6ff5012238fa', 'israelwixpartner1@gmail.com', 1, '', 'Israel Wixpartner', 'Israel', 'Wixpartner', NULL, 0, 'member', '2025-09-24 13:56');

INSERT OR IGNORE INTO user (id, email, email_verified, hashed_password, name, first_name, last_name, wix_member_id, blocked, role, created_at) VALUES ('f585376171d44d53bb0379c997e9309d', 'teresacoulton831@gmail.com', 1, '', 'Teresa Coulton', 'Teresa', 'Coulton', NULL, 0, 'member', '2025-09-16 14:51');

INSERT OR IGNORE INTO user (id, email, email_verified, hashed_password, name, first_name, last_name, wix_member_id, blocked, role, created_at) VALUES ('ebf49f96cc1d4ebca49027f99e1dd928', 'sarahreinsel@gmail.com', 1, '', '', '', '', NULL, 0, 'member', '2025-09-22 12:42');

INSERT OR IGNORE INTO user (id, email, email_verified, hashed_password, name, first_name, last_name, wix_member_id, blocked, role, created_at) VALUES ('0e24edb93b594b18bbb6384b4a4fbc6e', 'ascruggs24@gmail.com', 1, '', '', '', '', NULL, 0, 'member', '2025-09-17 21:45');

INSERT OR IGNORE INTO user (id, email, email_verified, hashed_password, name, first_name, last_name, wix_member_id, blocked, role, created_at) VALUES ('698ffc768f634c28b9b5289ffb4e6c27', 'jessica.c.jenkins9@gmail.com', 1, '', 'Jessica Jenkins', 'Jessica', 'Jenkins', NULL, 0, 'member', '2025-09-26 18:23');

INSERT OR IGNORE INTO user (id, email, email_verified, hashed_password, name, first_name, last_name, wix_member_id, blocked, role, created_at) VALUES ('21d5af921bd044bc9f532bf714a9fb9d', 'alexsnord@icloud.com', 1, '', '', '', '', NULL, 0, 'member', '2025-09-27 17:32');
INSERT OR IGNORE INTO user_label (user_id, label) VALUES ('21d5af921bd044bc9f532bf714a9fb9d', 'RRM Academy Members Group member');

INSERT OR IGNORE INTO user (id, email, email_verified, hashed_password, name, first_name, last_name, wix_member_id, blocked, role, created_at) VALUES ('4f95bd7cb9df4fe58bc46d8c19666bc0', 'benjamenwixpartner@gmail.com', 1, '', 'Benjamen', 'Benjamen', '', NULL, 1, 'member', '2025-09-17 16:51');
INSERT OR IGNORE INTO user_label (user_id, label) VALUES ('4f95bd7cb9df4fe58bc46d8c19666bc0', 'Spam 🛑');

INSERT OR IGNORE INTO user (id, email, email_verified, hashed_password, name, first_name, last_name, wix_member_id, blocked, role, created_at) VALUES ('5521ef75c306483ea9b84b97baef5102', 'caitlin.patrick94@gmail.com', 1, '', 'Caitlin Patrick', 'Caitlin', 'Patrick', NULL, 0, 'member', '2025-09-23 16:07');

INSERT OR IGNORE INTO user (id, email, email_verified, hashed_password, name, first_name, last_name, wix_member_id, blocked, role, created_at) VALUES ('11520edb5571445eb6ca95b9c86baaf3', 'katiewhite3030@gmail.com', 1, '', '', '', '', NULL, 0, 'member', '2025-09-16 15:39');

INSERT OR IGNORE INTO user (id, email, email_verified, hashed_password, name, first_name, last_name, wix_member_id, blocked, role, created_at) VALUES ('909489917b6f4a7492cf6b2c2238ce5a', 'drbagnulo@gmail.com', 1, '', '', '', '', NULL, 0, 'member', '2025-09-25 22:52');

INSERT OR IGNORE INTO user (id, email, email_verified, hashed_password, name, first_name, last_name, wix_member_id, blocked, role, created_at) VALUES ('2e1b959bdd654dc08a1fb75e7bbb3e54', 'caitlyn.chaffin@gmail.com', 1, '', '', '', '', NULL, 0, 'member', '2025-09-17 02:41');

INSERT OR IGNORE INTO user (id, email, email_verified, hashed_password, name, first_name, last_name, wix_member_id, blocked, role, created_at) VALUES ('152ebacbfdbd48f0bbbdd168bc8d864f', 'wendzt@gmail.com', 1, '', '', '', '', NULL, 0, 'member', '2025-09-16 04:43');

INSERT OR IGNORE INTO user (id, email, email_verified, hashed_password, name, first_name, last_name, wix_member_id, blocked, role, created_at) VALUES ('373262999538483497217f828c57ced9', 'gabbytphotographyy@gmail.com', 1, '', 'Gabby T Photography', 'Gabby T Photography', '', NULL, 0, 'member', '2025-09-18 16:04');

INSERT OR IGNORE INTO user (id, email, email_verified, hashed_password, name, first_name, last_name, wix_member_id, blocked, role, created_at) VALUES ('293ae1fbb7f3481a8f83c20f6f10cec8', 'carolynrunck@gmail.com', 1, '', '', '', '', NULL, 0, 'member', '2025-09-25 23:03');

INSERT OR IGNORE INTO user (id, email, email_verified, hashed_password, name, first_name, last_name, wix_member_id, blocked, role, created_at) VALUES ('6b0d6af0f20144868613266c54f93e60', 'eliseturrietta@gmail.com', 1, '', '', '', '', NULL, 0, 'member', '2025-09-26 01:38');

INSERT OR IGNORE INTO user (id, email, email_verified, hashed_password, name, first_name, last_name, wix_member_id, blocked, role, created_at) VALUES ('d36b39c82b25495d929285468d8c0165', 'jrdavis527@aol.com', 1, '', '', '', '', NULL, 0, 'member', '2025-09-26 05:09');

INSERT OR IGNORE INTO user (id, email, email_verified, hashed_password, name, first_name, last_name, wix_member_id, blocked, role, created_at) VALUES ('b5a365c6c17148cfba0f39fd6c64462b', 'soniafavila@gmail.com', 1, '', 'Sonia Tejeda', 'Sonia', 'Tejeda', NULL, 0, 'member', '2025-09-15 19:27');

INSERT OR IGNORE INTO user (id, email, email_verified, hashed_password, name, first_name, last_name, wix_member_id, blocked, role, created_at) VALUES ('823ef0da8b28464ea6a7f986e3b8827a', 'ufysmgdyufzowttlvh@xfavaj.com', 1, '', '', '', '', NULL, 0, 'member', '2025-09-17 05:52');

INSERT OR IGNORE INTO user (id, email, email_verified, hashed_password, name, first_name, last_name, wix_member_id, blocked, role, created_at) VALUES ('b517266595a24a83b61a2bc59aff3614', 'bijovskamagdalena@gmail.com', 1, '', '', '', '', NULL, 0, 'member', '2025-09-25 02:32');

INSERT OR IGNORE INTO user (id, email, email_verified, hashed_password, name, first_name, last_name, wix_member_id, blocked, role, created_at) VALUES ('7a244cd7270342e7a8d8a11a8610b620', 'annmariabernacki@gmail.com', 1, '', 'Ann-Maria Bernacki', 'Ann-Maria', 'Bernacki', NULL, 0, 'member', '2025-09-22 22:50');
INSERT OR IGNORE INTO user_label (user_id, label) VALUES ('7a244cd7270342e7a8d8a11a8610b620', 'RRM Academy Members Group member');

INSERT OR IGNORE INTO user (id, email, email_verified, hashed_password, name, first_name, last_name, wix_member_id, blocked, role, created_at) VALUES ('fb6c11124f814592992f2392090b5b43', 'chiara.creaghan@gmail.com', 1, '', 'Chiara Creaghan', 'Chiara', 'Creaghan', NULL, 0, 'member', '2025-09-26 18:04');

INSERT OR IGNORE INTO user (id, email, email_verified, hashed_password, name, first_name, last_name, wix_member_id, blocked, role, created_at) VALUES ('bfc44dab274b472a895322563489d260', 'sdlsel@aol.com', 1, '', 'Susan Loughnane', 'Susan', 'Loughnane', NULL, 0, 'member', '2025-09-15 19:43');
INSERT OR IGNORE INTO user_label (user_id, label) VALUES ('bfc44dab274b472a895322563489d260', 'RRM Academy Members Group member');

INSERT OR IGNORE INTO user (id, email, email_verified, hashed_password, name, first_name, last_name, wix_member_id, blocked, role, created_at) VALUES ('4ed7b717a0074d82aa9925c810febfdd', 'tjnluju@gmail.com', 1, '', '', '', '', NULL, 0, 'member', '2025-09-24 01:24');

INSERT OR IGNORE INTO user (id, email, email_verified, hashed_password, name, first_name, last_name, wix_member_id, blocked, role, created_at) VALUES ('df9b999132994f3183fa1c7552c2fa51', 'yupeng.qiu@gmail.com', 1, '', 'Yupeng Qiu', 'Yupeng', 'Qiu', NULL, 0, 'member', '2025-09-17 00:08');

INSERT OR IGNORE INTO user (id, email, email_verified, hashed_password, name, first_name, last_name, wix_member_id, blocked, role, created_at) VALUES ('073363a279c64f9ca99b5a9b9e4734d7', 'maggiejswanson@gmail.com', 1, '', '', '', '', NULL, 0, 'member', '2025-09-19 22:26');

INSERT OR IGNORE INTO user (id, email, email_verified, hashed_password, name, first_name, last_name, wix_member_id, blocked, role, created_at) VALUES ('0087e65696f64d05b303189ec5065bf0', 'hollyebeth13@gmail.com', 1, '', '', '', '', NULL, 0, 'member', '2025-09-16 17:43');

INSERT OR IGNORE INTO user (id, email, email_verified, hashed_password, name, first_name, last_name, wix_member_id, blocked, role, created_at) VALUES ('a2c4176d259b4329bdb46b7606f53b61', 'wixpartner0002@gmail.com', 1, '', 'Peace', 'Peace', '', NULL, 0, 'member', '2025-09-25 00:43');

INSERT OR IGNORE INTO user (id, email, email_verified, hashed_password, name, first_name, last_name, wix_member_id, blocked, role, created_at) VALUES ('983cc9178d7147749dee26a52f04cca8', 'ajsatt212@gmail.com', 1, '', '', '', '', NULL, 0, 'member', '2025-09-24 13:38');
INSERT OR IGNORE INTO user_label (user_id, label) VALUES ('983cc9178d7147749dee26a52f04cca8', 'RRM Academy Members Group member');

INSERT OR IGNORE INTO user (id, email, email_verified, hashed_password, name, first_name, last_name, wix_member_id, blocked, role, created_at) VALUES ('e92d9991b5d24a4f94e8232daec09431', 'celesterangel223@gmail.com', 1, '', 'Celeste Rangel', 'Celeste', 'Rangel', NULL, 0, 'member', '2025-09-15 22:27');

INSERT OR IGNORE INTO user (id, email, email_verified, hashed_password, name, first_name, last_name, wix_member_id, blocked, role, created_at) VALUES ('665d9dcbfdf545a19bf05430eb9ffc54', 'luisipy@hotmail.com', 1, '', '', '', '', NULL, 0, 'member', '2025-09-17 05:58');

INSERT OR IGNORE INTO user (id, email, email_verified, hashed_password, name, first_name, last_name, wix_member_id, blocked, role, created_at) VALUES ('ea34ebd98215434e951ca281e9c59b9c', 'krupadodhia@gmail.com', 1, '', 'Krupa Dodhia', 'Krupa', 'Dodhia', NULL, 0, 'member', '2025-09-16 15:17');

INSERT OR IGNORE INTO user (id, email, email_verified, hashed_password, name, first_name, last_name, wix_member_id, blocked, role, created_at) VALUES ('9dd4ce07fa7a45d6ae11012a389f5bb4', 'm.gorobtchouk@gmail.com', 1, '', '', '', '', NULL, 0, 'member', '2025-09-16 18:54');

INSERT OR IGNORE INTO user (id, email, email_verified, hashed_password, name, first_name, last_name, wix_member_id, blocked, role, created_at) VALUES ('3499f794a88d452fa37431c8f0e76e32', 'jennifersalas@yahoo.com', 1, '', '', '', '', NULL, 0, 'member', '2025-09-15 20:47');

INSERT OR IGNORE INTO user (id, email, email_verified, hashed_password, name, first_name, last_name, wix_member_id, blocked, role, created_at) VALUES ('e9b5be615a044d1e83b0287c6b66cc3f', 'jrefalo29@gmail.com', 1, '', 'Jessica Lowrey', 'Jessica', 'Lowrey', NULL, 0, 'member', '2025-09-23 11:11');

INSERT OR IGNORE INTO user (id, email, email_verified, hashed_password, name, first_name, last_name, wix_member_id, blocked, role, created_at) VALUES ('0b5068e4aec4485fa548d609cfeb950e', 'amanda.sd88@gmail.com', 1, '', 'Amanda Dominguez', 'Amanda', 'Dominguez', NULL, 0, 'member', '2025-09-18 19:27');

INSERT OR IGNORE INTO user (id, email, email_verified, hashed_password, name, first_name, last_name, wix_member_id, blocked, role, created_at) VALUES ('d9fef8666d5a4ad4917a0de4b59a03e4', 'olivia.hamm32@gmail.com', 1, '', '', '', '', NULL, 0, 'member', '2025-09-26 17:42');

INSERT OR IGNORE INTO user (id, email, email_verified, hashed_password, name, first_name, last_name, wix_member_id, blocked, role, created_at) VALUES ('dffad3500cce4885aaf5dcfd3ee4241f', 'acgeist@icloud.com', 1, '', '', '', '', NULL, 0, 'member', '2025-09-17 17:23');

INSERT OR IGNORE INTO user (id, email, email_verified, hashed_password, name, first_name, last_name, wix_member_id, blocked, role, created_at) VALUES ('773fce530c354d8e85f26800ab1c25db', 'gracewaddell96@gmail.com', 1, '', 'Grace Richard', 'Grace', 'Richard', NULL, 0, 'member', '2025-09-16 00:41');

INSERT OR IGNORE INTO user (id, email, email_verified, hashed_password, name, first_name, last_name, wix_member_id, blocked, role, created_at) VALUES ('14346a12b27c48159229945d95718f7e', 'kelseynewcamp@gmail.com', 1, '', 'Kelsey Newcamp', 'Kelsey', 'Newcamp', NULL, 0, 'member', '2025-09-18 00:15');

INSERT OR IGNORE INTO user (id, email, email_verified, hashed_password, name, first_name, last_name, wix_member_id, blocked, role, created_at) VALUES ('078f949f877f450997f150347686b937', 'abigailkuplicki@gmail.com', 1, '', 'Abigail K', 'Abigail', 'K', NULL, 0, 'member', '2025-09-15 19:39');

INSERT OR IGNORE INTO user (id, email, email_verified, hashed_password, name, first_name, last_name, wix_member_id, blocked, role, created_at) VALUES ('f6d41a542ca8444f9f49d4b496e9b279', 'wixpartnerjohn77@gmail.com', 1, '', 'John Wixpartner', 'John', 'Wixpartner', NULL, 0, 'member', '2025-09-20 02:30');

INSERT OR IGNORE INTO user (id, email, email_verified, hashed_password, name, first_name, last_name, wix_member_id, blocked, role, created_at) VALUES ('6644030c82a346298bc490bf4512c7bd', 'tellefson@novavitaclinic.com', 1, '', 'Leah Tellefson', 'Leah', 'Tellefson', NULL, 0, 'member', '2025-09-22 16:58');

INSERT OR IGNORE INTO user (id, email, email_verified, hashed_password, name, first_name, last_name, wix_member_id, blocked, role, created_at) VALUES ('f1c22982542844caa8dda131ab165238', 'miss.balch@gmail.com', 1, '', 'Michelle Kelley', 'Michelle', 'Kelley', NULL, 0, 'member', '2025-09-17 20:46');

INSERT OR IGNORE INTO user (id, email, email_verified, hashed_password, name, first_name, last_name, wix_member_id, blocked, role, created_at) VALUES ('cb42c36c4a2e4bdabeff7acadc5c9381', 'mtvandyke77@gmail.com', 1, '', '', '', '', NULL, 0, 'member', '2025-09-25 22:45');

INSERT OR IGNORE INTO user (id, email, email_verified, hashed_password, name, first_name, last_name, wix_member_id, blocked, role, created_at) VALUES ('0d2474a97b4845c9a41f5b074a0cd4b3', 'kdking5517@gmail.com', 1, '', '', '', '', NULL, 0, 'member', '2025-09-16 00:33');

INSERT OR IGNORE INTO user (id, email, email_verified, hashed_password, name, first_name, last_name, wix_member_id, blocked, role, created_at) VALUES ('0eb9aa5d836a4a069f9339ee15dc11e4', 'wix-team@helpwix.com', 1, '', 'Wix Technical Fix Team', 'Wix Technical', 'Fix Team', NULL, 1, 'member', '2025-09-16 23:25');
INSERT OR IGNORE INTO user_label (user_id, label) VALUES ('0eb9aa5d836a4a069f9339ee15dc11e4', 'Spam 🛑');

INSERT OR IGNORE INTO user (id, email, email_verified, hashed_password, name, first_name, last_name, wix_member_id, blocked, role, created_at) VALUES ('e33c3936f4964c6fbc7febb595103182', 'kat.doss@yahoo.com', 1, '', '', '', '', NULL, 0, 'member', '2025-09-16 11:24');

INSERT OR IGNORE INTO user (id, email, email_verified, hashed_password, name, first_name, last_name, wix_member_id, blocked, role, created_at) VALUES ('8328b34f07814098907b3386aa56458d', 'brookeelliott201@gmail.com', 1, '', '', '', '', NULL, 0, 'member', '2025-09-22 15:34');

INSERT OR IGNORE INTO user (id, email, email_verified, hashed_password, name, first_name, last_name, wix_member_id, blocked, role, created_at) VALUES ('7e485227dccb49d1a95d71a7aff0b11d', 'kimmynolt00@icloud.com', 1, '', '', '', '', NULL, 0, 'member', '2025-09-24 01:15');
INSERT OR IGNORE INTO user_label (user_id, label) VALUES ('7e485227dccb49d1a95d71a7aff0b11d', 'RRM Academy Members Group member');

INSERT OR IGNORE INTO user (id, email, email_verified, hashed_password, name, first_name, last_name, wix_member_id, blocked, role, created_at) VALUES ('f0bad743687646f395ded60fbd1baa55', 'milesbmaggie@gmail.com', 1, '', 'Maggie Miles', 'Maggie', 'Miles', NULL, 0, 'member', '2025-09-17 23:54');

INSERT OR IGNORE INTO user (id, email, email_verified, hashed_password, name, first_name, last_name, wix_member_id, blocked, role, created_at) VALUES ('72ff6755cd984dd185501be3ca2b878d', 'theurbanswedding@gmail.com', 1, '', '', '', '', NULL, 0, 'member', '2025-09-26 09:49');

INSERT OR IGNORE INTO user (id, email, email_verified, hashed_password, name, first_name, last_name, wix_member_id, blocked, role, created_at) VALUES ('4216cbcf3a464825b23c63df88bd3e05', 'freda@naturalfertilitymatters.com', 1, '', 'Freda McMahon', 'Freda', 'McMahon', NULL, 0, 'member', '2025-09-26 13:58');
INSERT OR IGNORE INTO user_label (user_id, label) VALUES ('4216cbcf3a464825b23c63df88bd3e05', 'RRM Academy Members Group member');

INSERT OR IGNORE INTO user (id, email, email_verified, hashed_password, name, first_name, last_name, wix_member_id, blocked, role, created_at) VALUES ('0e00137a71be4bb6b91d2ff7440bced0', 'criticalalert@wix-secure.com', 1, '', 'Critical Alert', 'Critical', 'Alert', NULL, 1, 'member', '2025-09-19 01:11');
INSERT OR IGNORE INTO user_label (user_id, label) VALUES ('0e00137a71be4bb6b91d2ff7440bced0', 'Spam 🛑');

INSERT OR IGNORE INTO user (id, email, email_verified, hashed_password, name, first_name, last_name, wix_member_id, blocked, role, created_at) VALUES ('8ad712e76c694c958e6faec791e08421', 'laurabaldwin12@gmsil.com', 1, '', '', '', '', NULL, 0, 'member', '2025-09-20 05:27');

INSERT OR IGNORE INTO user (id, email, email_verified, hashed_password, name, first_name, last_name, wix_member_id, blocked, role, created_at) VALUES ('4d512a6c7dae4073878bc13efb3f5553', 'just.jessi08@gmail.com', 1, '', 'Jessi Lipscomb', 'Jessi', 'Lipscomb', NULL, 0, 'member', '2025-09-17 20:20');

INSERT OR IGNORE INTO user (id, email, email_verified, hashed_password, name, first_name, last_name, wix_member_id, blocked, role, created_at) VALUES ('8c5dd456ea2440d887024d9138f27f58', 'grattan.lindsay@gmail.com', 1, '', 'Lindsay', 'Lindsay', '', NULL, 0, 'member', '2025-09-26 20:06');
INSERT OR IGNORE INTO user_label (user_id, label) VALUES ('8c5dd456ea2440d887024d9138f27f58', 'RRM Academy Members Group member');
INSERT OR IGNORE INTO user_label (user_id, label) VALUES ('8c5dd456ea2440d887024d9138f27f58', 'Customers');
INSERT OR IGNORE INTO user_label (user_id, label) VALUES ('8c5dd456ea2440d887024d9138f27f58', 'Save the Uterus Club 🏷️');
INSERT OR IGNORE INTO user_label (user_id, label) VALUES ('8c5dd456ea2440d887024d9138f27f58', 'Save the Uterus Club Group member');
INSERT OR IGNORE INTO user_label (user_id, label) VALUES ('8c5dd456ea2440d887024d9138f27f58', 'Uterus Member 🐻');
INSERT OR IGNORE INTO user_label (user_id, label) VALUES ('8c5dd456ea2440d887024d9138f27f58', 'Donor 👏');

INSERT OR IGNORE INTO user (id, email, email_verified, hashed_password, name, first_name, last_name, wix_member_id, blocked, role, created_at) VALUES ('830d8a4ca4f8471380ef04f16006f0af', 'megenest815@gmail.com', 1, '', '', '', '', NULL, 0, 'member', '2025-09-26 00:32');

INSERT OR IGNORE INTO user (id, email, email_verified, hashed_password, name, first_name, last_name, wix_member_id, blocked, role, created_at) VALUES ('3571008c9269412fa248120978004ec9', 'ndahlheimer@gmail.com', 1, '', '', '', '', NULL, 0, 'member', '2025-09-29 15:44');
INSERT OR IGNORE INTO user_label (user_id, label) VALUES ('3571008c9269412fa248120978004ec9', 'RRM Academy Members Group member');

INSERT OR IGNORE INTO user (id, email, email_verified, hashed_password, name, first_name, last_name, wix_member_id, blocked, role, created_at) VALUES ('c21710f84d6243cea419d21d0d249b23', 'jennachepp@gmail.com', 1, '', 'Jenna Hepp', 'Jenna', 'Hepp', NULL, 0, 'member', '2025-10-01 03:14');

INSERT OR IGNORE INTO user (id, email, email_verified, hashed_password, name, first_name, last_name, wix_member_id, blocked, role, created_at) VALUES ('5a38fc2d3631488ea80abd18cab6ad65', 'dewildtea@gmail.com', 1, '', 'Elizabeth DeWildt', 'Elizabeth', 'DeWildt', NULL, 0, 'member', '2025-10-09 15:39');

INSERT OR IGNORE INTO user (id, email, email_verified, hashed_password, name, first_name, last_name, wix_member_id, blocked, role, created_at) VALUES ('5fa418360d654be9924e202f1b21fb29', 'morganweidemoyer@gmail.com', 1, '', '', '', '', NULL, 0, 'member', '2025-10-11 15:21');

INSERT OR IGNORE INTO user (id, email, email_verified, hashed_password, name, first_name, last_name, wix_member_id, blocked, role, created_at) VALUES ('b11f29953f054c56b8f113ed06c626d6', 'jaime_reanne@comcast.net', 1, '', '', '', '', NULL, 0, 'member', '2025-10-01 06:38');

INSERT OR IGNORE INTO user (id, email, email_verified, hashed_password, name, first_name, last_name, wix_member_id, blocked, role, created_at) VALUES ('f2067a3611f74169aa32ce6cac787f14', 'mayechloe@gmail.com', 1, '', 'Chloe Maye', 'Chloe', 'Maye', NULL, 0, 'member', '2025-10-03 17:12');

INSERT OR IGNORE INTO user (id, email, email_verified, hashed_password, name, first_name, last_name, wix_member_id, blocked, role, created_at) VALUES ('4d5c6c874d6b4b2aa59e174a78afd746', 'alberjakob4@gmail.com', 1, '', '', '', '', NULL, 0, 'member', '2025-09-28 18:31');

INSERT OR IGNORE INTO user (id, email, email_verified, hashed_password, name, first_name, last_name, wix_member_id, blocked, role, created_at) VALUES ('32181f7bc44f4879b565bf1f32d69a65', 'womenfamilynutrition@gmail.com', 1, '', 'Pamela Schoenfeld', 'Pamela', 'Schoenfeld', NULL, 0, 'member', '2025-10-01 21:05');

INSERT OR IGNORE INTO user (id, email, email_verified, hashed_password, name, first_name, last_name, wix_member_id, blocked, role, created_at) VALUES ('4308d1574fd54c1cbc8084d989067231', 'evans.emily90@gmail.com', 1, '', 'Emily Evans', 'Emily', 'Evans', NULL, 0, 'member', '2025-10-13 22:50');

INSERT OR IGNORE INTO user (id, email, email_verified, hashed_password, name, first_name, last_name, wix_member_id, blocked, role, created_at) VALUES ('64795fc130724f9fbc25b64c331b8db9', 'emily.barnes08@gmail.com', 1, '', '', '', '', NULL, 0, 'member', '2025-09-28 18:11');

INSERT OR IGNORE INTO user (id, email, email_verified, hashed_password, name, first_name, last_name, wix_member_id, blocked, role, created_at) VALUES ('b6059000b49c43edadfd122a12113ba2', 'dreamingrl@gmail.com', 1, '', '', '', '', NULL, 0, 'member', '2025-09-30 02:12');

INSERT OR IGNORE INTO user (id, email, email_verified, hashed_password, name, first_name, last_name, wix_member_id, blocked, role, created_at) VALUES ('37e60586dbc44c529d93719522e09995', 'jessicamecry@outlook.com', 1, '', 'Genius Marketing Agency', 'Genius Marketing Agency', '', NULL, 0, 'member', '2025-10-07 01:26');

INSERT OR IGNORE INTO user (id, email, email_verified, hashed_password, name, first_name, last_name, wix_member_id, blocked, role, created_at) VALUES ('1d646a7b9fc648f2bd890d889438ef74', 'brittany@gracy.ws', 1, '', '', '', '', NULL, 0, 'member', '2025-10-01 17:49');

INSERT OR IGNORE INTO user (id, email, email_verified, hashed_password, name, first_name, last_name, wix_member_id, blocked, role, created_at) VALUES ('3a1f0f59c4e34802814d38e24d4d8461', 'emilyrs89@gmail.com', 1, '', '', '', '', NULL, 0, 'member', '2025-10-12 13:06');

INSERT OR IGNORE INTO user (id, email, email_verified, hashed_password, name, first_name, last_name, wix_member_id, blocked, role, created_at) VALUES ('e88ad785561a42d5b3671ceebe55807c', 'alisantiago42@gmail.com', 1, '', '', '', '', NULL, 0, 'member', '2025-10-01 22:00');

INSERT OR IGNORE INTO user (id, email, email_verified, hashed_password, name, first_name, last_name, wix_member_id, blocked, role, created_at) VALUES ('38f0dfced6eb47c09f7e9dacedd6ca8c', 'drfritzler@gmail.com', 1, '', 'Deborah Westwood', 'Deborah', 'Westwood', NULL, 0, 'member', '2025-10-13 20:51');

INSERT OR IGNORE INTO user (id, email, email_verified, hashed_password, name, first_name, last_name, wix_member_id, blocked, role, created_at) VALUES ('e31d358b9527472da8ea797bece0a580', 'jen06867@gmail.com', 1, '', 'Jen M', 'Jen', 'M', NULL, 0, 'member', '2025-10-04 13:33');

INSERT OR IGNORE INTO user (id, email, email_verified, hashed_password, name, first_name, last_name, wix_member_id, blocked, role, created_at) VALUES ('7c2f1a37c0fe4ebeb6737c87d67f69ce', 'epope61@gmail.com', 1, '', 'Elaine Pope', 'Elaine', 'Pope', NULL, 0, 'member', '2025-10-03 17:18');

INSERT OR IGNORE INTO user (id, email, email_verified, hashed_password, name, first_name, last_name, wix_member_id, blocked, role, created_at) VALUES ('00ad769df4dc41428a41d7facb745a04', 'estrohmangibson@gmail.com', 1, '', '', '', '', NULL, 0, 'member', '2025-10-11 02:03');

INSERT OR IGNORE INTO user (id, email, email_verified, hashed_password, name, first_name, last_name, wix_member_id, blocked, role, created_at) VALUES ('bf7544aae85a4e309809f06c1ecd8804', 'mcsf11@gmail.com', 1, '', 'Meredith Fay', 'Meredith', 'Fay', NULL, 0, 'member', '2025-10-01 21:43');

INSERT OR IGNORE INTO user (id, email, email_verified, hashed_password, name, first_name, last_name, wix_member_id, blocked, role, created_at) VALUES ('b6d2c02c12554bd990ca6f64259de233', 'malyndateich@gmail.com', 1, '', 'Malynda Teich', 'Malynda', 'Teich', NULL, 0, 'member', '2025-10-06 18:37');

INSERT OR IGNORE INTO user (id, email, email_verified, hashed_password, name, first_name, last_name, wix_member_id, blocked, role, created_at) VALUES ('51579160f68846b69cddba194d9ed0e4', 'koraegen@gmail.com', 1, '', 'Coragyn Buck', 'Coragyn', 'Buck', NULL, 0, 'member', '2025-10-09 17:06');

INSERT OR IGNORE INTO user (id, email, email_verified, hashed_password, name, first_name, last_name, wix_member_id, blocked, role, created_at) VALUES ('be9c2951c48b48f5a2274c1f01046566', 'sahara0801@gmail.com', 1, '', '', '', '', NULL, 0, 'member', '2025-10-07 23:33');

INSERT OR IGNORE INTO user (id, email, email_verified, hashed_password, name, first_name, last_name, wix_member_id, blocked, role, created_at) VALUES ('4ae758050e9b4e878670af6c31bf1e47', 'sineadmcmahon07@gmail.com', 1, '', '', '', '', NULL, 0, 'member', '2025-10-12 17:06');
INSERT OR IGNORE INTO user_label (user_id, label) VALUES ('4ae758050e9b4e878670af6c31bf1e47', 'RRM Academy Members Group member');

INSERT OR IGNORE INTO user (id, email, email_verified, hashed_password, name, first_name, last_name, wix_member_id, blocked, role, created_at) VALUES ('45c730e918264a38acd718c58cc85970', 'bethany.joy.stelzer@azurestandard.com', 1, '', '', '', '', NULL, 0, 'member', '2025-10-09 17:32');
INSERT OR IGNORE INTO user_label (user_id, label) VALUES ('45c730e918264a38acd718c58cc85970', 'RRM Academy Members Group member');

INSERT OR IGNORE INTO user (id, email, email_verified, hashed_password, name, first_name, last_name, wix_member_id, blocked, role, created_at) VALUES ('27a55beed91d41a58cb2d9420cf51681', 'ibrahimwixappex@gmail.com', 1, '', '', '', '', NULL, 1, 'member', '2025-10-02 14:52');
INSERT OR IGNORE INTO user_label (user_id, label) VALUES ('27a55beed91d41a58cb2d9420cf51681', 'Spam 🛑');

INSERT OR IGNORE INTO user (id, email, email_verified, hashed_password, name, first_name, last_name, wix_member_id, blocked, role, created_at) VALUES ('2b2f2ffa75cd491699b37816431d6378', 'amorey12@gmail.com', 1, '', 'Alyssa Penick', 'Alyssa', 'Penick', NULL, 0, 'member', '2025-10-13 22:24');

INSERT OR IGNORE INTO user (id, email, email_verified, hashed_password, name, first_name, last_name, wix_member_id, blocked, role, created_at) VALUES ('245211b1e7e945ef912fd38376469c93', 'hannahisaak1@gmail.com', 1, '', 'Hannah I', 'Hannah', 'I', NULL, 0, 'member', '2025-10-02 17:05');

INSERT OR IGNORE INTO user (id, email, email_verified, hashed_password, name, first_name, last_name, wix_member_id, blocked, role, created_at) VALUES ('5a2e0b109b2142e795bdae2d4884c394', 'camie.ashley@gmail.com', 1, '', '', '', '', NULL, 0, 'member', '2025-10-09 19:36');

INSERT OR IGNORE INTO user (id, email, email_verified, hashed_password, name, first_name, last_name, wix_member_id, blocked, role, created_at) VALUES ('6b56959bf8904e8ea7f0398e5fd02500', 'daniquast28@gmail.com', 1, '', 'Danielle Steffensmeier', 'Danielle', 'Steffensmeier', NULL, 0, 'member', '2025-10-10 20:32');

INSERT OR IGNORE INTO user (id, email, email_verified, hashed_password, name, first_name, last_name, wix_member_id, blocked, role, created_at) VALUES ('9e186a642c5745179e445bc7052a45e6', 'speedtrappg@gmail.com', 1, '', '', '', '', NULL, 0, 'member', '2025-10-03 00:17');

INSERT OR IGNORE INTO user (id, email, email_verified, hashed_password, name, first_name, last_name, wix_member_id, blocked, role, created_at) VALUES ('1f01eb1f688b4c7e8b3ec43f327dad87', 'shaunaphelan89@gmail.com', 1, '', 'Shauna Phelan', 'Shauna', 'Phelan', NULL, 0, 'member', '2025-10-08 02:57');

INSERT OR IGNORE INTO user (id, email, email_verified, hashed_password, name, first_name, last_name, wix_member_id, blocked, role, created_at) VALUES ('3a9ae08ef0ec44619fb9bee9bba5629f', 'courtneyjhooks@gmail.com', 1, '', 'Courtney H', 'Courtney', 'H', NULL, 0, 'member', '2025-09-30 16:00');

INSERT OR IGNORE INTO user (id, email, email_verified, hashed_password, name, first_name, last_name, wix_member_id, blocked, role, created_at) VALUES ('7207756b2b0c481ab163801774f13e73', 'eschwag@live.com', 1, '', '', '', '', NULL, 0, 'member', '2025-10-04 22:13');

INSERT OR IGNORE INTO user (id, email, email_verified, hashed_password, name, first_name, last_name, wix_member_id, blocked, role, created_at) VALUES ('c94e0d252df0441296f2fab782d70fc2', 'hooper.janelle@gmail.com', 1, '', '', '', '', NULL, 0, 'member', '2025-09-28 03:32');

INSERT OR IGNORE INTO user (id, email, email_verified, hashed_password, name, first_name, last_name, wix_member_id, blocked, role, created_at) VALUES ('ad3fbc9472914f45b2532d7ccaa57c54', 'andreabatanero@gmail.com', 1, '', 'Andrea Batanero', 'Andrea', 'Batanero', NULL, 0, 'member', '2025-10-11 03:37');

INSERT OR IGNORE INTO user (id, email, email_verified, hashed_password, name, first_name, last_name, wix_member_id, blocked, role, created_at) VALUES ('253e3eaff70443cdbfa29f2ad9357835', 'wnepermann@gmail.com', 1, '', 'Whitney Streich', 'Whitney', 'Streich', NULL, 0, 'member', '2025-10-10 18:29');

INSERT OR IGNORE INTO user (id, email, email_verified, hashed_password, name, first_name, last_name, wix_member_id, blocked, role, created_at) VALUES ('693564ec10a44c40b6d8d3da96529f9c', 'edenmccauslin87@gmail.com', 1, '', 'Eden McCauslin', 'Eden', 'McCauslin', NULL, 0, 'member', '2025-10-06 02:31');

INSERT OR IGNORE INTO user (id, email, email_verified, hashed_password, name, first_name, last_name, wix_member_id, blocked, role, created_at) VALUES ('1efd0e0d862d4044981de843bf52562c', 'emilywidmark@gmail.com', 1, '', '', '', '', NULL, 0, 'member', '2025-10-03 00:39');

INSERT OR IGNORE INTO user (id, email, email_verified, hashed_password, name, first_name, last_name, wix_member_id, blocked, role, created_at) VALUES ('d3440eca90ea42709916970fa46dda5c', 'paigehazzan@gmail.com', 1, '', 'Paige Hazzan', 'Paige', 'Hazzan', NULL, 0, 'member', '2025-10-08 01:09');

INSERT OR IGNORE INTO user (id, email, email_verified, hashed_password, name, first_name, last_name, wix_member_id, blocked, role, created_at) VALUES ('b73c15061bf940969cdad2c8de3f5dd4', 'jenncorner@gmail.com', 1, '', '', '', '', NULL, 0, 'member', '2025-09-28 05:55');

INSERT OR IGNORE INTO user (id, email, email_verified, hashed_password, name, first_name, last_name, wix_member_id, blocked, role, created_at) VALUES ('29b4c066ff8b4c499a78dcaf72b65566', 'lillytt2@gmail.com', 1, '', '', '', '', NULL, 0, 'member', '2025-10-03 17:51');

INSERT OR IGNORE INTO user (id, email, email_verified, hashed_password, name, first_name, last_name, wix_member_id, blocked, role, created_at) VALUES ('5c76c6263c0c46b49718566401cf20e3', 'amanda.nurselife@gmail.com', 1, '', 'Amanda Pineiro', 'Amanda', 'Pineiro', NULL, 0, 'member', '2025-10-02 20:44');

INSERT OR IGNORE INTO user (id, email, email_verified, hashed_password, name, first_name, last_name, wix_member_id, blocked, role, created_at) VALUES ('80326f50fadb4124a0d6f7a1ed0fe007', 'jennanjanicki@gmail.com', 1, '', 'Jenna Janicki', 'Jenna', 'Janicki', NULL, 0, 'member', '2025-09-30 14:37');

INSERT OR IGNORE INTO user (id, email, email_verified, hashed_password, name, first_name, last_name, wix_member_id, blocked, role, created_at) VALUES ('02e2fb0fabbf4bfbbe82e5bb1e59051f', 'belovedpearl@gmail.com', 1, '', '', '', '', NULL, 0, 'member', '2025-10-13 19:06');

INSERT OR IGNORE INTO user (id, email, email_verified, hashed_password, name, first_name, last_name, wix_member_id, blocked, role, created_at) VALUES ('a635f75f60ba43329dc97e1691c9d0e2', 'baylee.scott11@gmail.com', 1, '', 'Baylee Scott', 'Baylee', 'Scott', NULL, 0, 'member', '2025-10-08 17:34');
INSERT OR IGNORE INTO user_label (user_id, label) VALUES ('a635f75f60ba43329dc97e1691c9d0e2', 'RRM Academy Members Group member');

INSERT OR IGNORE INTO user (id, email, email_verified, hashed_password, name, first_name, last_name, wix_member_id, blocked, role, created_at) VALUES ('7453af4c647b48fc96809c93d70ff73e', 'galicia.guerrero@gmail.com', 1, '', '', '', '', NULL, 0, 'member', '2025-10-08 19:38');
INSERT OR IGNORE INTO user_label (user_id, label) VALUES ('7453af4c647b48fc96809c93d70ff73e', 'RRM Academy Members Group member');

INSERT OR IGNORE INTO user (id, email, email_verified, hashed_password, name, first_name, last_name, wix_member_id, blocked, role, created_at) VALUES ('ca21a613f39c43f899e1955797499a3e', 'tyjawalter1@icloud.com', 1, '', '', '', '', NULL, 0, 'member', '2025-10-08 12:10');

INSERT OR IGNORE INTO user (id, email, email_verified, hashed_password, name, first_name, last_name, wix_member_id, blocked, role, created_at) VALUES ('c3d8d5a040bc43ae813ec901be02bf4d', 'webcheck.sitecheck@gmail.com', 1, '', 'Webcheck Sitecheck', 'Webcheck', 'Sitecheck', NULL, 0, 'member', '2025-10-05 15:00');

INSERT OR IGNORE INTO user (id, email, email_verified, hashed_password, name, first_name, last_name, wix_member_id, blocked, role, created_at) VALUES ('248dcf0817f347a2bdc427da8c2bbdcb', 'kelseylmccullough@gmail.com', 1, '', 'Kelsey McCullough', 'Kelsey', 'McCullough', NULL, 0, 'member', '2025-09-29 13:52');
INSERT OR IGNORE INTO user_label (user_id, label) VALUES ('248dcf0817f347a2bdc427da8c2bbdcb', 'RRM Academy Members Group member');
INSERT OR IGNORE INTO user_label (user_id, label) VALUES ('248dcf0817f347a2bdc427da8c2bbdcb', 'Contacted Me');

INSERT OR IGNORE INTO user (id, email, email_verified, hashed_password, name, first_name, last_name, wix_member_id, blocked, role, created_at) VALUES ('08c0b5b710c14e2bae38929e044e30fc', 'meganalais@gmail.com', 1, '', 'Megan Pugh', 'Megan', 'Pugh', NULL, 0, 'member', '2025-10-11 03:01');

INSERT OR IGNORE INTO user (id, email, email_verified, hashed_password, name, first_name, last_name, wix_member_id, blocked, role, created_at) VALUES ('3ca975a466f44c2384776cd711f33837', 'goldasternlicht@gmail.com', 1, '', 'Golda Deutsch', 'Golda', 'Deutsch', NULL, 0, 'member', '2025-10-12 07:36');
INSERT OR IGNORE INTO user_label (user_id, label) VALUES ('3ca975a466f44c2384776cd711f33837', 'Contacted Me');

INSERT OR IGNORE INTO user (id, email, email_verified, hashed_password, name, first_name, last_name, wix_member_id, blocked, role, created_at) VALUES ('e01ccd725db04ffcb193bf5158268084', 'maddielizabeth263@gmail.com', 1, '', '', '', '', NULL, 0, 'member', '2025-10-05 17:16');

INSERT OR IGNORE INTO user (id, email, email_verified, hashed_password, name, first_name, last_name, wix_member_id, blocked, role, created_at) VALUES ('a872082a077f418f954c703ac7aaae60', 'geibgirly@yahoo.com', 1, '', '', '', '', NULL, 0, 'member', '2025-10-09 19:42');

INSERT OR IGNORE INTO user (id, email, email_verified, hashed_password, name, first_name, last_name, wix_member_id, blocked, role, created_at) VALUES ('2ac6084eba1149e1aaaa7bb93b1f2c07', 'kmischinski@gmail.com', 1, '', 'Kelly Collier', 'Kelly', 'Collier', NULL, 0, 'member', '2025-09-29 21:38');

INSERT OR IGNORE INTO user (id, email, email_verified, hashed_password, name, first_name, last_name, wix_member_id, blocked, role, created_at) VALUES ('33dfcc985f464bee98eaf6c9badef82c', 'colleentraub@gmail.com', 1, '', '', '', '', NULL, 0, 'member', '2025-10-11 21:58');

INSERT OR IGNORE INTO user (id, email, email_verified, hashed_password, name, first_name, last_name, wix_member_id, blocked, role, created_at) VALUES ('01a53fc084d5485bb002406eb4659939', 'prest_marina@yahoo.com', 1, '', '', '', '', NULL, 0, 'member', '2025-10-07 17:23');

INSERT OR IGNORE INTO user (id, email, email_verified, hashed_password, name, first_name, last_name, wix_member_id, blocked, role, created_at) VALUES ('55640ebe5be4408d83550ca8c6a8e72a', 'mrsemilybirney@gmail.com', 1, '', '', '', '', NULL, 0, 'member', '2025-10-10 17:16');

INSERT OR IGNORE INTO user (id, email, email_verified, hashed_password, name, first_name, last_name, wix_member_id, blocked, role, created_at) VALUES ('a8e35562911b4a4f9c47b1249f0df222', 'jenna4courage@gmail.com', 1, '', 'Jenna Garman', 'Jenna', 'Garman', NULL, 0, 'member', '2025-10-07 19:56');

INSERT OR IGNORE INTO user (id, email, email_verified, hashed_password, name, first_name, last_name, wix_member_id, blocked, role, created_at) VALUES ('cd02d739ce994905bd9a2373c8af6fa8', 'amyjohnson120@gmail.com', 1, '', '', '', '', NULL, 0, 'member', '2025-10-07 13:02');
INSERT OR IGNORE INTO user_label (user_id, label) VALUES ('cd02d739ce994905bd9a2373c8af6fa8', 'RRM Academy Members Group member');

INSERT OR IGNORE INTO user (id, email, email_verified, hashed_password, name, first_name, last_name, wix_member_id, blocked, role, created_at) VALUES ('58ee571654334bcab1ad261ff493cf04', 'ashley.librizzi@gmail.com', 1, '', 'Ashley Librizzi', 'Ashley', 'Librizzi', NULL, 0, 'member', '2025-10-08 20:47');

INSERT OR IGNORE INTO user (id, email, email_verified, hashed_password, name, first_name, last_name, wix_member_id, blocked, role, created_at) VALUES ('4a31cb83863247ed8b0301d1d204485f', 'isabella.pizzichini1@gmail.com', 1, '', 'Isabella Pizzichini', 'Isabella', 'Pizzichini', NULL, 0, 'member', '2025-10-10 18:04');

INSERT OR IGNORE INTO user (id, email, email_verified, hashed_password, name, first_name, last_name, wix_member_id, blocked, role, created_at) VALUES ('8d69169934e94fee8b913e7e34c7df56', 'cmarcogliese11@gmail.com', 1, '', 'Claudia Marcogliese', 'Claudia', 'Marcogliese', NULL, 0, 'member', '2025-10-05 20:28');

INSERT OR IGNORE INTO user (id, email, email_verified, hashed_password, name, first_name, last_name, wix_member_id, blocked, role, created_at) VALUES ('76548498b58545d1b5c09d17e2a33489', 'megan.krauss13@gmail.com', 1, '', '', '', '', NULL, 0, 'member', '2025-10-07 02:33');

INSERT OR IGNORE INTO user (id, email, email_verified, hashed_password, name, first_name, last_name, wix_member_id, blocked, role, created_at) VALUES ('2fff200a0b424a01b3b56613c68241cf', 'kkayellsworth@gmail.com', 1, '', '', '', '', NULL, 0, 'member', '2025-10-10 01:49');

INSERT OR IGNORE INTO user (id, email, email_verified, hashed_password, name, first_name, last_name, wix_member_id, blocked, role, created_at) VALUES ('063c62831d9d4f0ca93bd5c5f0e7aff6', 'fiveranch@gmail.com', 1, '', '', '', '', NULL, 0, 'member', '2025-10-08 12:46');

INSERT OR IGNORE INTO user (id, email, email_verified, hashed_password, name, first_name, last_name, wix_member_id, blocked, role, created_at) VALUES ('5002cbb1ba7d453ba5a01f0f8af98253', 'marievivalaowens514@gmail.com', 1, '', '', '', '', NULL, 0, 'member', '2025-10-10 04:44');

INSERT OR IGNORE INTO user (id, email, email_verified, hashed_password, name, first_name, last_name, wix_member_id, blocked, role, created_at) VALUES ('b25a7e026f9b440b9d35457e5aa5a476', 'silvanadge@gmail.com', 1, '', '', '', '', NULL, 0, 'member', '2025-09-29 22:34');

INSERT OR IGNORE INTO user (id, email, email_verified, hashed_password, name, first_name, last_name, wix_member_id, blocked, role, created_at) VALUES ('efe60bf4873e437687561d9addfd70b5', 'jonathan.m.hebert@gmail.com', 1, '', 'Jonathan Hebert', 'Jonathan', 'Hebert', NULL, 0, 'member', '2025-10-03 17:06');

INSERT OR IGNORE INTO user (id, email, email_verified, hashed_password, name, first_name, last_name, wix_member_id, blocked, role, created_at) VALUES ('be031fd8504f4a15bff89d0e1225ccbe', 'pebre.lotuso@yahoo.com', 1, '', '', '', '', NULL, 0, 'member', '2025-10-05 20:59');

INSERT OR IGNORE INTO user (id, email, email_verified, hashed_password, name, first_name, last_name, wix_member_id, blocked, role, created_at) VALUES ('bfe62d3da38d4d7bac47f112d7f17c2d', '4everfour@gmail.com', 1, '', 'Bethany Keyes', 'Bethany', 'Keyes', NULL, 0, 'member', '2025-10-09 19:15');

INSERT OR IGNORE INTO user (id, email, email_verified, hashed_password, name, first_name, last_name, wix_member_id, blocked, role, created_at) VALUES ('cf99c87a7d73412cbb2911b0ce87cb64', 'angelkizzez987@msn.com', 1, '', '', '', '', NULL, 0, 'member', '2025-10-04 08:12');

INSERT OR IGNORE INTO user (id, email, email_verified, hashed_password, name, first_name, last_name, wix_member_id, blocked, role, created_at) VALUES ('7b88afb536a64ce6a5bb0d1e7e02b08f', 'nckrider@gmail.com', 1, '', 'Naomi Kumar', 'Naomi', 'Kumar', NULL, 0, 'member', '2025-10-03 16:54');

INSERT OR IGNORE INTO user (id, email, email_verified, hashed_password, name, first_name, last_name, wix_member_id, blocked, role, created_at) VALUES ('667689209f7340929320f244e543b64c', 'dakotamj03@outlook.com', 1, '', '', '', '', NULL, 0, 'member', '2025-10-13 15:54');

INSERT OR IGNORE INTO user (id, email, email_verified, hashed_password, name, first_name, last_name, wix_member_id, blocked, role, created_at) VALUES ('edd42461a07f49b5969e52910acedfab', 'mckenbernie@yahoo.com', 1, '', '', '', '', NULL, 0, 'member', '2025-10-05 23:04');

INSERT OR IGNORE INTO user (id, email, email_verified, hashed_password, name, first_name, last_name, wix_member_id, blocked, role, created_at) VALUES ('c31734ed23d244188497e4bcc6105164', 'langfordinlove@gmail.com', 1, '', 'Liz Scheffel', 'Liz', 'Scheffel', NULL, 0, 'member', '2025-10-02 14:34');

INSERT OR IGNORE INTO user (id, email, email_verified, hashed_password, name, first_name, last_name, wix_member_id, blocked, role, created_at) VALUES ('f53ad3bddafc490f889b87a25d331969', 'ashleyrichiardi@gmail.com', 1, '', 'Ashley Richiardi', 'Ashley', 'Richiardi', NULL, 0, 'member', '2025-10-02 23:20');

INSERT OR IGNORE INTO user (id, email, email_verified, hashed_password, name, first_name, last_name, wix_member_id, blocked, role, created_at) VALUES ('30cfd8838bd84d588ea3f8f6ef22c1c1', 'rehaggie10@yahoo.com', 1, '', '', '', '', NULL, 0, 'member', '2025-10-09 22:44');

INSERT OR IGNORE INTO user (id, email, email_verified, hashed_password, name, first_name, last_name, wix_member_id, blocked, role, created_at) VALUES ('7bc04c040b624bef88c02e2af355afea', 'kyliegagan@gmail.com', 1, '', '', '', '', NULL, 0, 'member', '2025-09-28 22:11');

INSERT OR IGNORE INTO user (id, email, email_verified, hashed_password, name, first_name, last_name, wix_member_id, blocked, role, created_at) VALUES ('f353b4b68d47460abfa510c93a1e3fb8', 'cedilger@gmail.com', 1, '', '', '', '', NULL, 0, 'member', '2025-10-10 16:51');

INSERT OR IGNORE INTO user (id, email, email_verified, hashed_password, name, first_name, last_name, wix_member_id, blocked, role, created_at) VALUES ('2e90800864164c4a97e41af2d524638f', 'tessawalk3733@gmail.com', 1, '', 'Tessa Robert', 'Tessa', 'Robert', NULL, 0, 'member', '2025-10-10 15:32');

INSERT OR IGNORE INTO user (id, email, email_verified, hashed_password, name, first_name, last_name, wix_member_id, blocked, role, created_at) VALUES ('15cb21fa39194536a6165cc15211d3a6', 'chjessee.otd@gmail.com', 1, '', 'Cortney Jessee', 'Cortney', 'Jessee', NULL, 0, 'member', '2025-10-13 19:40');

INSERT OR IGNORE INTO user (id, email, email_verified, hashed_password, name, first_name, last_name, wix_member_id, blocked, role, created_at) VALUES ('f13077238cdc4c07adf1c8033f892f45', 'ssseej@gmail.com', 1, '', 'Jess Wolf', 'Jess', 'Wolf', NULL, 0, 'member', '2025-10-04 02:52');

INSERT OR IGNORE INTO user (id, email, email_verified, hashed_password, name, first_name, last_name, wix_member_id, blocked, role, created_at) VALUES ('9bb87b7b99f14761b752f4c7f3bfe3f7', 'kenziemurray33@gmail.com', 1, '', 'Kenzie Murray', 'Kenzie', 'Murray', NULL, 0, 'member', '2025-09-29 22:36');

INSERT OR IGNORE INTO user (id, email, email_verified, hashed_password, name, first_name, last_name, wix_member_id, blocked, role, created_at) VALUES ('09e0e9c6f4504970a4daee87b3e17f98', 'michellelutao@gmail.com', 1, '', 'Michelle Lutao-Lemus', 'Michelle', 'Lutao-Lemus', NULL, 0, 'member', '2025-10-08 23:14');

INSERT OR IGNORE INTO user (id, email, email_verified, hashed_password, name, first_name, last_name, wix_member_id, blocked, role, created_at) VALUES ('01f8c9aba9fa4aac991669bb35189e5b', 'bestchloee@gmail.com', 1, '', 'Chloee Best', 'Chloee', 'Best', NULL, 0, 'member', '2025-10-13 05:30');

INSERT OR IGNORE INTO user (id, email, email_verified, hashed_password, name, first_name, last_name, wix_member_id, blocked, role, created_at) VALUES ('026bd30e5e6d4e15922c1ffb3dca9735', 'mmccoy423@gmail.com', 1, '', '', '', '', NULL, 0, 'member', '2025-10-09 21:41');

INSERT OR IGNORE INTO user (id, email, email_verified, hashed_password, name, first_name, last_name, wix_member_id, blocked, role, created_at) VALUES ('36ccd18e533f4925b22ba109e7e3f464', 'juvani.reeta@gmail.com', 1, '', 'Reeta Juvani', 'Reeta', 'Juvani', NULL, 0, 'member', '2025-10-13 10:20');

INSERT OR IGNORE INTO user (id, email, email_verified, hashed_password, name, first_name, last_name, wix_member_id, blocked, role, created_at) VALUES ('3a3b1204e29d49a58b1e4de81f6bfdf0', 'carolina.daemi@gmail.com', 1, '', 'Carolina Daemi Zabalza', 'Carolina', 'Daemi Zabalza', NULL, 0, 'member', '2025-10-06 13:32');

INSERT OR IGNORE INTO user (id, email, email_verified, hashed_password, name, first_name, last_name, wix_member_id, blocked, role, created_at) VALUES ('af9d70ef6ed14adc98006ad186598082', 'haliprorok@gmail.com', 1, '', '', '', '', NULL, 0, 'member', '2025-10-10 22:32');

INSERT OR IGNORE INTO user (id, email, email_verified, hashed_password, name, first_name, last_name, wix_member_id, blocked, role, created_at) VALUES ('975d22a10b874faba5b58a57deb22460', 'mauraperkins1172@gmail.com', 1, '', 'Maura Perkins', 'Maura', 'Perkins', NULL, 0, 'member', '2025-09-30 14:52');

INSERT OR IGNORE INTO user (id, email, email_verified, hashed_password, name, first_name, last_name, wix_member_id, blocked, role, created_at) VALUES ('f41555d8ec5544659d46bedd2439ec65', 'vmar.np@gmail.com', 1, '', '', '', '', NULL, 0, 'member', '2025-10-12 20:08');

INSERT OR IGNORE INTO user (id, email, email_verified, hashed_password, name, first_name, last_name, wix_member_id, blocked, role, created_at) VALUES ('325c3e96b0ee44bd955dc228e720fec3', 'melanie_94@web.de', 1, '', '', '', '', NULL, 0, 'member', '2025-09-30 05:43');

INSERT OR IGNORE INTO user (id, email, email_verified, hashed_password, name, first_name, last_name, wix_member_id, blocked, role, created_at) VALUES ('f8979b5ed5aa4978b5a12ad6fc14f5e8', 'jhase87@gmail.com', 1, '', 'Jessica Hase', 'Jessica', 'Hase', NULL, 0, 'member', '2025-10-08 16:55');

INSERT OR IGNORE INTO user (id, email, email_verified, hashed_password, name, first_name, last_name, wix_member_id, blocked, role, created_at) VALUES ('14a839086576482abb258902aaeccc09', 'ramper19@rowan.edu', 1, '', 'Aneela Rampersad', 'Aneela', 'Rampersad', NULL, 0, 'member', '2025-10-03 16:56');

INSERT OR IGNORE INTO user (id, email, email_verified, hashed_password, name, first_name, last_name, wix_member_id, blocked, role, created_at) VALUES ('4f3472f49ca3471093b614483a52e1f8', 'makayla.r.graham@gmail.com', 1, '', 'Makayla Graham', 'Makayla', 'Graham', NULL, 0, 'member', '2025-09-30 15:24');

INSERT OR IGNORE INTO user (id, email, email_verified, hashed_password, name, first_name, last_name, wix_member_id, blocked, role, created_at) VALUES ('f49d630666274afb949aa25ca420d946', 'sarah.zim92@gmail.com', 1, '', 'Sarah Fraps', 'Sarah', 'Fraps', NULL, 0, 'member', '2025-09-29 21:12');

INSERT OR IGNORE INTO user (id, email, email_verified, hashed_password, name, first_name, last_name, wix_member_id, blocked, role, created_at) VALUES ('e17cd79a0dfe432cb6b1bdf0d36888e2', 'nguyenphuonghongha.lop96nct@gmail.com', 1, '', 'Nguyễn Phương Hồng Hà', 'Nguyễn Phương', 'Hồng Hà', NULL, 0, 'member', '2025-10-02 13:55');

INSERT OR IGNORE INTO user (id, email, email_verified, hashed_password, name, first_name, last_name, wix_member_id, blocked, role, created_at) VALUES ('7ee12ec44af046bab4e6d54c6274f1d1', 'mwd1709@live.com', 1, '', '', '', '', NULL, 0, 'member', '2025-10-09 00:51');

INSERT OR IGNORE INTO user (id, email, email_verified, hashed_password, name, first_name, last_name, wix_member_id, blocked, role, created_at) VALUES ('0d58f4c03edc402a9e0b11ba246d80a1', 'kylee.kucera7@gmail.com', 1, '', '', '', '', NULL, 0, 'member', '2025-10-18 23:41');

INSERT OR IGNORE INTO user (id, email, email_verified, hashed_password, name, first_name, last_name, wix_member_id, blocked, role, created_at) VALUES ('d41b9b49cf784a18a96fccac4d1285f5', 'smythy82@yahoo.co.uk', 1, '', 'Catherine Johnson', 'Catherine', 'Johnson', NULL, 0, 'member', '2025-10-18 21:03');
INSERT OR IGNORE INTO user_label (user_id, label) VALUES ('d41b9b49cf784a18a96fccac4d1285f5', 'Contacted Me');

INSERT OR IGNORE INTO user (id, email, email_verified, hashed_password, name, first_name, last_name, wix_member_id, blocked, role, created_at) VALUES ('c7c8c214d3ae4d7ea6dd6f6997e2761c', 'kbjedw@gmail.com', 1, '', '', '', '', NULL, 0, 'member', '2025-10-19 03:54');

INSERT OR IGNORE INTO user (id, email, email_verified, hashed_password, name, first_name, last_name, wix_member_id, blocked, role, created_at) VALUES ('f1c35d1cca264f42880e1d1dc587848c', 'lizstaley17@gmail.com', 1, '', '', '', '', NULL, 0, 'member', '2025-10-19 02:15');

INSERT OR IGNORE INTO user (id, email, email_verified, hashed_password, name, first_name, last_name, wix_member_id, blocked, role, created_at) VALUES ('1e0b0d0864af4d15a3b54433a4211234', 'ydeleon06@yahoo.com', 1, '', '', '', '', NULL, 0, 'member', '2025-10-19 01:35');

INSERT OR IGNORE INTO user (id, email, email_verified, hashed_password, name, first_name, last_name, wix_member_id, blocked, role, created_at) VALUES ('fd304167594d4ba4afe011933866a1fa', 'sowinskim11@gmail.com', 1, '', '', '', '', NULL, 0, 'member', '2025-10-18 21:04');

INSERT OR IGNORE INTO user (id, email, email_verified, hashed_password, name, first_name, last_name, wix_member_id, blocked, role, created_at) VALUES ('feb1ea39932e4ba29709e98b2267a25c', 'alinawasswidinghoff@gmail.com', 1, '', '', '', '', NULL, 0, 'member', '2025-10-19 18:13');
INSERT OR IGNORE INTO user_label (user_id, label) VALUES ('feb1ea39932e4ba29709e98b2267a25c', 'RRM Academy Members Group member');

INSERT OR IGNORE INTO user (id, email, email_verified, hashed_password, name, first_name, last_name, wix_member_id, blocked, role, created_at) VALUES ('3e0393d69c414cf19dc32e7467620256', 'faithisblessed85@aol.com', 1, '', '', '', '', NULL, 0, 'member', '2025-10-19 05:39');

INSERT OR IGNORE INTO user (id, email, email_verified, hashed_password, name, first_name, last_name, wix_member_id, blocked, role, created_at) VALUES ('7f32442b59b34ba7bd10b7690e6ba1b8', 'anamariamolanorodriguez@gmail.com', 1, '', '', '', '', NULL, 0, 'member', '2025-10-14 12:40');

INSERT OR IGNORE INTO user (id, email, email_verified, hashed_password, name, first_name, last_name, wix_member_id, blocked, role, created_at) VALUES ('a5a3c4b7ea724738bf6ee7f4ba15b5da', 'www.rrmacademy.org.skier708@passmail.net', 1, '', '', '', '', NULL, 0, 'member', '2025-10-18 23:16');

INSERT OR IGNORE INTO user (id, email, email_verified, hashed_password, name, first_name, last_name, wix_member_id, blocked, role, created_at) VALUES ('e0294d51d01b4242b119bcb787d92048', 'adoodnamedsimba@gmail.com', 1, '', 'Valerie Woodland', 'Valerie', 'Woodland', NULL, 0, 'member', '2025-10-19 02:48');

INSERT OR IGNORE INTO user (id, email, email_verified, hashed_password, name, first_name, last_name, wix_member_id, blocked, role, created_at) VALUES ('1c2f0bf7cf974e8fb4251354d821723d', 'tristajbrougher@hotmail.com', 1, '', 'Trista Walizer', 'Trista', 'Walizer', NULL, 0, 'member', '2025-10-16 13:35');

INSERT OR IGNORE INTO user (id, email, email_verified, hashed_password, name, first_name, last_name, wix_member_id, blocked, role, created_at) VALUES ('6c374918255c4d29b2225a3c8411c2d0', 'juliatgrzenia@gmail.com', 1, '', '', '', '', NULL, 0, 'member', '2025-10-19 18:42');

INSERT OR IGNORE INTO user (id, email, email_verified, hashed_password, name, first_name, last_name, wix_member_id, blocked, role, created_at) VALUES ('7875ebe0a1b74d5596f601f9ec00fb22', 'wiesercara@gmail.com', 1, '', 'cara wieser', 'cara', 'wieser', NULL, 0, 'member', '2025-10-15 03:44');

INSERT OR IGNORE INTO user (id, email, email_verified, hashed_password, name, first_name, last_name, wix_member_id, blocked, role, created_at) VALUES ('414e85fb0d3c4b79b8fb1ef37b041c28', 'gracemeakem123@gmail.com', 1, '', 'Grace Meakem', 'Grace', 'Meakem', NULL, 0, 'member', '2025-10-17 19:27');

INSERT OR IGNORE INTO user (id, email, email_verified, hashed_password, name, first_name, last_name, wix_member_id, blocked, role, created_at) VALUES ('a446ae6851e24c7f87fb56674fa05b69', 'wixpartner2006@gmail.com', 1, '', '', '', '', NULL, 1, 'member', '2025-10-15 08:49');
INSERT OR IGNORE INTO user_label (user_id, label) VALUES ('a446ae6851e24c7f87fb56674fa05b69', 'Spam 🛑');

INSERT OR IGNORE INTO user (id, email, email_verified, hashed_password, name, first_name, last_name, wix_member_id, blocked, role, created_at) VALUES ('01773085aee24ee9ae02a5005db99cfb', 'jdevine1@gmail.com', 1, '', '', '', '', NULL, 0, 'member', '2025-10-19 19:01');

INSERT OR IGNORE INTO user (id, email, email_verified, hashed_password, name, first_name, last_name, wix_member_id, blocked, role, created_at) VALUES ('2c21cb8a801645f79e77b9e0b200c364', 'shiwhitaker@yahoo.com', 1, '', '', '', '', NULL, 0, 'member', '2025-10-14 01:45');

INSERT OR IGNORE INTO user (id, email, email_verified, hashed_password, name, first_name, last_name, wix_member_id, blocked, role, created_at) VALUES ('7335783013b04d73afdba9b5ff3171b1', 'amber.nagel@gmail.com', 1, '', '', '', '', NULL, 0, 'member', '2025-10-18 20:45');

INSERT OR IGNORE INTO user (id, email, email_verified, hashed_password, name, first_name, last_name, wix_member_id, blocked, role, created_at) VALUES ('70c1aefaf49d42cabf0aa2e48bfc51b9', 'lizkayfitz@gmail.com', 1, '', 'Liz Fitz', 'Liz', 'Fitz', NULL, 0, 'member', '2025-10-14 02:17');

INSERT OR IGNORE INTO user (id, email, email_verified, hashed_password, name, first_name, last_name, wix_member_id, blocked, role, created_at) VALUES ('e39e075df95043e3961b91d305472aee', 'gfo@live.com.pt', 1, '', '', '', '', NULL, 0, 'member', '2025-10-20 20:51');

INSERT OR IGNORE INTO user (id, email, email_verified, hashed_password, name, first_name, last_name, wix_member_id, blocked, role, created_at) VALUES ('9854508ff6c740f6b8fa2f0c8863ba6a', 'jaclynmbentley@gmail.com', 1, '', '', '', '', NULL, 0, 'member', '2025-10-19 00:32');

INSERT OR IGNORE INTO user (id, email, email_verified, hashed_password, name, first_name, last_name, wix_member_id, blocked, role, created_at) VALUES ('07d0307d11cb4eaeab826ee02ef8d712', 'rewhee@gmail.com', 1, '', '', '', '', NULL, 0, 'member', '2025-10-18 21:45');

INSERT OR IGNORE INTO user (id, email, email_verified, hashed_password, name, first_name, last_name, wix_member_id, blocked, role, created_at) VALUES ('0712c8ab93b1493bb605f32912e02053', 'megan.s.schroeder@gmail.com', 1, '', '', '', '', NULL, 0, 'member', '2025-10-18 21:12');

INSERT OR IGNORE INTO user (id, email, email_verified, hashed_password, name, first_name, last_name, wix_member_id, blocked, role, created_at) VALUES ('ad7e7986735646ef81348590535580b1', 'caylan.hunter22@gmail.com', 1, '', 'Caylan Bryant', 'Caylan', 'Bryant', NULL, 0, 'member', '2025-10-14 20:23');
INSERT OR IGNORE INTO user_label (user_id, label) VALUES ('ad7e7986735646ef81348590535580b1', 'RRM Academy Members Group member');

INSERT OR IGNORE INTO user (id, email, email_verified, hashed_password, name, first_name, last_name, wix_member_id, blocked, role, created_at) VALUES ('16e7ed5cae964f96a7220c2a30bfaa7b', 'chelseamidwife@gmail.com', 1, '', 'Chelsea McLeod Schneider', 'Chelsea', 'McLeod Schneider', NULL, 0, 'member', '2025-10-16 06:44');

INSERT OR IGNORE INTO user (id, email, email_verified, hashed_password, name, first_name, last_name, wix_member_id, blocked, role, created_at) VALUES ('e9bf05183d5b4bcdafe1c1bbb978ac60', 'nrg1988@me.com', 1, '', '', '', '', NULL, 0, 'member', '2025-10-21 11:23');

INSERT OR IGNORE INTO user (id, email, email_verified, hashed_password, name, first_name, last_name, wix_member_id, blocked, role, created_at) VALUES ('a98b702ac12c45eeb3940d8a4f028110', 'christinellewis89@yahoo.com', 1, '', '', '', '', NULL, 0, 'member', '2025-10-18 14:18');

INSERT OR IGNORE INTO user (id, email, email_verified, hashed_password, name, first_name, last_name, wix_member_id, blocked, role, created_at) VALUES ('89ad6a51c7a5448cb1cb06a096d2e11a', 'tina4286@gmail.com', 1, '', 'Christina Wiertel', 'Christina', 'Wiertel', NULL, 0, 'member', '2025-10-14 21:28');

INSERT OR IGNORE INTO user (id, email, email_verified, hashed_password, name, first_name, last_name, wix_member_id, blocked, role, created_at) VALUES ('91014750f3f54faebd40de1085027140', 'milagros_magtuloy@yahoo.com', 1, '', '', '', '', NULL, 0, 'member', '2025-10-17 03:57');

INSERT OR IGNORE INTO user (id, email, email_verified, hashed_password, name, first_name, last_name, wix_member_id, blocked, role, created_at) VALUES ('157570b968dc4efbaac652f3e8399bcf', 'mckaleigh88@gmail.com', 1, '', 'McKaleigh Rourke', 'McKaleigh', 'Rourke', NULL, 0, 'member', '2025-10-14 18:29');
INSERT OR IGNORE INTO user_label (user_id, label) VALUES ('157570b968dc4efbaac652f3e8399bcf', 'RRM Academy Members Group member');

INSERT OR IGNORE INTO user (id, email, email_verified, hashed_password, name, first_name, last_name, wix_member_id, blocked, role, created_at) VALUES ('b9aea832122248b9a466ad6c772a7600', 'laceyprebushewski@gmail.com', 1, '', '', '', '', NULL, 0, 'member', '2025-10-19 19:41');

INSERT OR IGNORE INTO user (id, email, email_verified, hashed_password, name, first_name, last_name, wix_member_id, blocked, role, created_at) VALUES ('9c65fea407ee48f1bed4669105348cec', 'ssmullen1@outlook.com', 1, '', '', '', '', NULL, 0, 'member', '2025-10-18 16:41');

INSERT OR IGNORE INTO user (id, email, email_verified, hashed_password, name, first_name, last_name, wix_member_id, blocked, role, created_at) VALUES ('dbbbe83cb61c4d668fc97f2ce459a203', 'susan.sawkins@gmail.com', 1, '', '', '', '', NULL, 0, 'member', '2025-10-19 20:28');

INSERT OR IGNORE INTO user (id, email, email_verified, hashed_password, name, first_name, last_name, wix_member_id, blocked, role, created_at) VALUES ('5dbf8eb87b344440bec41a774b642e31', 'hshelton10@gmail.com', 1, '', '', '', '', NULL, 0, 'member', '2025-10-19 13:46');

INSERT OR IGNORE INTO user (id, email, email_verified, hashed_password, name, first_name, last_name, wix_member_id, blocked, role, created_at) VALUES ('9b8bc888d4e441a1bbdd26daf5ac7bf5', 'benzmol64@gmail.com', 1, '', 'Molly Benz', 'Molly', 'Benz', NULL, 0, 'member', '2025-10-15 23:49');

INSERT OR IGNORE INTO user (id, email, email_verified, hashed_password, name, first_name, last_name, wix_member_id, blocked, role, created_at) VALUES ('f43fb45cb8874c56a1dbedd8f8a0cdff', 'jenniferlisamoser@gmail.com', 1, '', '', '', '', NULL, 0, 'member', '2025-10-15 14:52');

INSERT OR IGNORE INTO user (id, email, email_verified, hashed_password, name, first_name, last_name, wix_member_id, blocked, role, created_at) VALUES ('5dd45c55208a4aac8bd11f2919218304', 'jeswyk11@gmail.com', 1, '', '', '', '', NULL, 0, 'member', '2025-10-19 18:13');

INSERT OR IGNORE INTO user (id, email, email_verified, hashed_password, name, first_name, last_name, wix_member_id, blocked, role, created_at) VALUES ('3ca649d9bb244de4bddfec82e7c54ba6', 'laurentracy96@gmail.com', 1, '', '', '', '', NULL, 0, 'member', '2025-10-19 16:38');
INSERT OR IGNORE INTO user_label (user_id, label) VALUES ('3ca649d9bb244de4bddfec82e7c54ba6', 'RRM Academy Members Group member');

INSERT OR IGNORE INTO user (id, email, email_verified, hashed_password, name, first_name, last_name, wix_member_id, blocked, role, created_at) VALUES ('d7b71ab781714e478bdca99e53c54b29', 'samantharyannsquires@yahoo.com', 1, '', '', '', '', NULL, 0, 'member', '2025-10-14 14:55');

INSERT OR IGNORE INTO user (id, email, email_verified, hashed_password, name, first_name, last_name, wix_member_id, blocked, role, created_at) VALUES ('ae7699333f044b33ac3cacedd57cedc4', 'alexis.diller@gmail.com', 1, '', 'Alexis Diller', 'Alexis', 'Diller', NULL, 0, 'member', '2025-10-19 05:35');

INSERT OR IGNORE INTO user (id, email, email_verified, hashed_password, name, first_name, last_name, wix_member_id, blocked, role, created_at) VALUES ('87848264433244ebb4076f6cc7b5cabc', 'eshnell22@gmail.com', 1, '', 'Janelle Esh', 'Janelle', 'Esh', NULL, 0, 'member', '2025-10-20 19:10');

INSERT OR IGNORE INTO user (id, email, email_verified, hashed_password, name, first_name, last_name, wix_member_id, blocked, role, created_at) VALUES ('4f729c1d32bc41c98a85636671741d84', 'julianna.cox96@gmail.com', 1, '', '', '', '', NULL, 0, 'member', '2025-10-18 21:01');

INSERT OR IGNORE INTO user (id, email, email_verified, hashed_password, name, first_name, last_name, wix_member_id, blocked, role, created_at) VALUES ('f9a479e8570a4048a18a4417be74caa0', 'ezela1995@yahoo.com', 1, '', '', '', '', NULL, 0, 'member', '2025-10-14 19:56');

INSERT OR IGNORE INTO user (id, email, email_verified, hashed_password, name, first_name, last_name, wix_member_id, blocked, role, created_at) VALUES ('cd55e832acf3404cba323edaa7277cec', 'candice.blackard@gmail.com', 1, '', '', '', '', NULL, 0, 'member', '2025-10-19 01:26');

INSERT OR IGNORE INTO user (id, email, email_verified, hashed_password, name, first_name, last_name, wix_member_id, blocked, role, created_at) VALUES ('08b85cb3301a48daaca4f963b3bad6f4', 'kristaeby@gmail.com', 1, '', '', '', '', NULL, 0, 'member', '2025-10-16 20:29');
INSERT OR IGNORE INTO user_label (user_id, label) VALUES ('08b85cb3301a48daaca4f963b3bad6f4', 'RRM Academy Members Group member');

INSERT OR IGNORE INTO user (id, email, email_verified, hashed_password, name, first_name, last_name, wix_member_id, blocked, role, created_at) VALUES ('96ca3ddc19224a1ea51432c9d30e91d9', 'kjerstithompson11@gmail.com', 1, '', '', '', '', NULL, 0, 'member', '2025-10-19 05:15');

INSERT OR IGNORE INTO user (id, email, email_verified, hashed_password, name, first_name, last_name, wix_member_id, blocked, role, created_at) VALUES ('3ae8dccc75b0479b951ce2d5e6692c4a', 'katielgonzalez1@gmail.com', 1, '', '', '', '', NULL, 0, 'member', '2025-10-19 15:04');

INSERT OR IGNORE INTO user (id, email, email_verified, hashed_password, name, first_name, last_name, wix_member_id, blocked, role, created_at) VALUES ('26a8c7305df2461f9c65cd547f2e222b', 'mrscrawford319@gmail.com', 1, '', '', '', '', NULL, 0, 'member', '2025-10-18 21:15');

INSERT OR IGNORE INTO user (id, email, email_verified, hashed_password, name, first_name, last_name, wix_member_id, blocked, role, created_at) VALUES ('bbf4686853324012bf934d3e3d17e402', 'ally.reardon@gmail.com', 1, '', '', '', '', NULL, 0, 'member', '2025-10-14 18:18');

INSERT OR IGNORE INTO user (id, email, email_verified, hashed_password, name, first_name, last_name, wix_member_id, blocked, role, created_at) VALUES ('cb031b7ead2949849a34d29495fbfcbf', 'sredding40@hotmail.com', 1, '', '', '', '', NULL, 0, 'member', '2025-10-19 19:10');

INSERT OR IGNORE INTO user (id, email, email_verified, hashed_password, name, first_name, last_name, wix_member_id, blocked, role, created_at) VALUES ('5611ae9a88cc4c8aba0f337977fdf70b', 'pitsmith61902@gmail.com', 1, '', 'Brenna Winsor', 'Brenna', 'Winsor', NULL, 0, 'member', '2025-10-17 16:01');

INSERT OR IGNORE INTO user (id, email, email_verified, hashed_password, name, first_name, last_name, wix_member_id, blocked, role, created_at) VALUES ('dc17ba9e89d249f78f45c27437a3b896', 'nugent.lauren@gmail.com', 1, '', '', '', '', NULL, 0, 'member', '2025-10-19 15:00');

INSERT OR IGNORE INTO user (id, email, email_verified, hashed_password, name, first_name, last_name, wix_member_id, blocked, role, created_at) VALUES ('3f064cb1016e49009a9b56d3d77062a7', 'kirra.johnson827@gmail.com', 1, '', '', '', '', NULL, 0, 'member', '2025-10-19 04:11');

INSERT OR IGNORE INTO user (id, email, email_verified, hashed_password, name, first_name, last_name, wix_member_id, blocked, role, created_at) VALUES ('40ef8b0667e04ffb82baa8aa6554c9e3', 'gm.cugat@gmail.com', 1, '', 'Gabriela Cugat', 'Gabriela', 'Cugat', NULL, 0, 'member', '2025-10-19 01:56');

INSERT OR IGNORE INTO user (id, email, email_verified, hashed_password, name, first_name, last_name, wix_member_id, blocked, role, created_at) VALUES ('01b50202ce4c4581880a81a1423ba437', 'pauleytrial1@gmail.com', 1, '', '', '', '', NULL, 0, 'member', '2025-10-21 12:33');

INSERT OR IGNORE INTO user (id, email, email_verified, hashed_password, name, first_name, last_name, wix_member_id, blocked, role, created_at) VALUES ('b5513f1610db4e0f8a6fd1da9ed73008', 'jmcneileq@gmail.com', 1, '', 'Jane McNeil', 'Jane', 'McNeil', NULL, 0, 'member', '2025-10-17 23:57');

INSERT OR IGNORE INTO user (id, email, email_verified, hashed_password, name, first_name, last_name, wix_member_id, blocked, role, created_at) VALUES ('a66b18beaf3847e0920ab19c0553542e', 'ecothell841@gmail.com', 1, '', '', '', '', NULL, 0, 'member', '2025-10-19 17:17');

INSERT OR IGNORE INTO user (id, email, email_verified, hashed_password, name, first_name, last_name, wix_member_id, blocked, role, created_at) VALUES ('496dbdaaa6ac4d2697de7550b0e0da5e', 'shop.desipah@gmail.com', 1, '', 'Desipah Clothing', 'Desipah', 'Clothing', NULL, 0, 'member', '2025-10-16 14:29');

INSERT OR IGNORE INTO user (id, email, email_verified, hashed_password, name, first_name, last_name, wix_member_id, blocked, role, created_at) VALUES ('6d607b3abc7642299a8d7283f7f3b250', 'allyprevite@gmail.com', 1, '', '', '', '', NULL, 0, 'member', '2025-10-17 17:07');

INSERT OR IGNORE INTO user (id, email, email_verified, hashed_password, name, first_name, last_name, wix_member_id, blocked, role, created_at) VALUES ('8ce181cf96914eaf91f3ee06e516638f', 'criketblanco@gmail.com', 1, '', 'Criket Blanco', 'Criket', 'Blanco', NULL, 0, 'member', '2025-10-21 11:30');

INSERT OR IGNORE INTO user (id, email, email_verified, hashed_password, name, first_name, last_name, wix_member_id, blocked, role, created_at) VALUES ('ba5e65bb12ca4e14854d9c68ccd23a41', 'vanessaschwartz4@gmail.com', 1, '', '', '', '', NULL, 0, 'member', '2025-10-18 23:33');

INSERT OR IGNORE INTO user (id, email, email_verified, hashed_password, name, first_name, last_name, wix_member_id, blocked, role, created_at) VALUES ('ad1f116a86cb43cbb6f159e55cdb7499', 'kassim_sophia@yahoo.com', 1, '', '', '', '', NULL, 0, 'member', '2025-10-21 02:00');

INSERT OR IGNORE INTO user (id, email, email_verified, hashed_password, name, first_name, last_name, wix_member_id, blocked, role, created_at) VALUES ('4f4236623d8747339dfa73539bc5bb0f', 'sleepy_possum9@hotmail.com', 1, '', '', '', '', NULL, 0, 'member', '2025-10-19 07:28');

INSERT OR IGNORE INTO user (id, email, email_verified, hashed_password, name, first_name, last_name, wix_member_id, blocked, role, created_at) VALUES ('9084b933087f461eab44e67f7763eff1', '15.tanvi@gmail.com', 1, '', '', '', '', NULL, 0, 'member', '2025-10-19 00:43');

INSERT OR IGNORE INTO user (id, email, email_verified, hashed_password, name, first_name, last_name, wix_member_id, blocked, role, created_at) VALUES ('0e014b24d95e4e4fa8612d5d03dfc687', 'kimrossman@hotmail.ca', 1, '', '', '', '', NULL, 0, 'member', '2025-10-19 11:13');

INSERT OR IGNORE INTO user (id, email, email_verified, hashed_password, name, first_name, last_name, wix_member_id, blocked, role, created_at) VALUES ('c27f48ae475f4fcdacdc7ca0eac0cb30', 'lizzie.ogle@gmail.com', 1, '', 'Lizzie Ogle', 'Lizzie', 'Ogle', NULL, 0, 'member', '2025-10-17 17:21');

INSERT OR IGNORE INTO user (id, email, email_verified, hashed_password, name, first_name, last_name, wix_member_id, blocked, role, created_at) VALUES ('9a2d2eeda1da4454b943d5e4ad44af80', 'dbuehne1@live.maryville.edu', 1, '', '', '', '', NULL, 0, 'member', '2025-10-19 17:33');

INSERT OR IGNORE INTO user (id, email, email_verified, hashed_password, name, first_name, last_name, wix_member_id, blocked, role, created_at) VALUES ('f4b8b50c60794d64833faa6c6a7419f8', 'rugg.jessica8892@gmail.com', 1, '', '', '', '', NULL, 0, 'member', '2025-10-16 15:01');

INSERT OR IGNORE INTO user (id, email, email_verified, hashed_password, name, first_name, last_name, wix_member_id, blocked, role, created_at) VALUES ('266e2bce5ed3413f8966c52d54edc785', 'alex_vk@abv.bg', 1, '', '', '', '', NULL, 0, 'member', '2025-10-19 15:02');

INSERT OR IGNORE INTO user (id, email, email_verified, hashed_password, name, first_name, last_name, wix_member_id, blocked, role, created_at) VALUES ('225d1f276cd842058e4da320745f190d', 'nutritionwellnesswithcrystal@gmail.com', 1, '', 'Lynda Sykes', 'Lynda', 'Sykes', NULL, 0, 'member', '2025-10-20 13:40');

INSERT OR IGNORE INTO user (id, email, email_verified, hashed_password, name, first_name, last_name, wix_member_id, blocked, role, created_at) VALUES ('53c93f2e66364dec8ac1e40b999b388c', 'brenna.blum@gmail.com', 1, '', 'Brenna Smith', 'Brenna', 'Smith', NULL, 0, 'member', '2025-10-19 03:01');

INSERT OR IGNORE INTO user (id, email, email_verified, hashed_password, name, first_name, last_name, wix_member_id, blocked, role, created_at) VALUES ('0824ee3647c04c8589df1907a24a7cfd', 'katieann07@aol.com', 1, '', '', '', '', NULL, 0, 'member', '2025-10-18 20:59');

INSERT OR IGNORE INTO user (id, email, email_verified, hashed_password, name, first_name, last_name, wix_member_id, blocked, role, created_at) VALUES ('dbde1840be3a418297aa974166fb9419', 'kylahub99@gmail.com', 1, '', 'Kyla Huber', 'Kyla', 'Huber', NULL, 0, 'member', '2025-10-18 20:51');

INSERT OR IGNORE INTO user (id, email, email_verified, hashed_password, name, first_name, last_name, wix_member_id, blocked, role, created_at) VALUES ('df770a45493c4f6a879833b36c7704d8', 'olivia.mergens@gmail.com', 1, '', '', '', '', NULL, 0, 'member', '2025-10-14 18:52');

INSERT OR IGNORE INTO user (id, email, email_verified, hashed_password, name, first_name, last_name, wix_member_id, blocked, role, created_at) VALUES ('af4905e7bb6544e29727e8ac829864c1', 'hannah.webdesigner.wix@gmail.com', 1, '', 'Hannah Wix  Web Designer', 'Hannah', 'Wix  Web Designer', NULL, 1, 'member', '2025-10-17 14:24');
INSERT OR IGNORE INTO user_label (user_id, label) VALUES ('af4905e7bb6544e29727e8ac829864c1', 'Spam 🛑');

INSERT OR IGNORE INTO user (id, email, email_verified, hashed_password, name, first_name, last_name, wix_member_id, blocked, role, created_at) VALUES ('8a330e070c134a4cb0917db7afe818ab', 'abbyfowler9@gmail.com', 1, '', 'Abby Morton', 'Abby', 'Morton', NULL, 0, 'member', '2025-10-14 22:01');

INSERT OR IGNORE INTO user (id, email, email_verified, hashed_password, name, first_name, last_name, wix_member_id, blocked, role, created_at) VALUES ('14c89191d6f04fd1b367b4cc3e093f4b', 'mariamxxxxxx@gmail.com', 1, '', 'Mariam Hussain', 'Mariam', 'Hussain', NULL, 0, 'member', '2025-10-18 21:16');

INSERT OR IGNORE INTO user (id, email, email_verified, hashed_password, name, first_name, last_name, wix_member_id, blocked, role, created_at) VALUES ('68f8aa3eafa64133a2b48c0cea460510', 'sbkangas@gmail.com', 1, '', 'Sarah Ojala', 'Sarah', 'Ojala', NULL, 0, 'member', '2025-10-17 02:30');

INSERT OR IGNORE INTO user (id, email, email_verified, hashed_password, name, first_name, last_name, wix_member_id, blocked, role, created_at) VALUES ('2cda0fa87cd54dd5bd5612d424b9260d', 'rachel.ree4@gmail.com', 1, '', '', '', '', NULL, 0, 'member', '2025-10-20 14:04');

INSERT OR IGNORE INTO user (id, email, email_verified, hashed_password, name, first_name, last_name, wix_member_id, blocked, role, created_at) VALUES ('604724804f4d428c88bf80f2e4fe1ecb', 'bdmindt@gmail.com', 1, '', '', '', '', NULL, 0, 'member', '2025-10-19 18:21');

INSERT OR IGNORE INTO user (id, email, email_verified, hashed_password, name, first_name, last_name, wix_member_id, blocked, role, created_at) VALUES ('269defe13e184fdca307c1196a3415ad', 'abutler214@gmail.com', 1, '', '', '', '', NULL, 0, 'member', '2025-10-19 00:09');

INSERT OR IGNORE INTO user (id, email, email_verified, hashed_password, name, first_name, last_name, wix_member_id, blocked, role, created_at) VALUES ('1a12b5577e184de48b9e24401b40adf8', 'gina.scully1@gmail.com', 1, '', '', '', '', NULL, 0, 'member', '2025-10-19 07:51');

INSERT OR IGNORE INTO user (id, email, email_verified, hashed_password, name, first_name, last_name, wix_member_id, blocked, role, created_at) VALUES ('6c79404072bc41429d284bcb2731585e', 'leighmillera@gmail.com', 1, '', '', '', '', NULL, 0, 'member', '2025-10-17 20:30');

INSERT OR IGNORE INTO user (id, email, email_verified, hashed_password, name, first_name, last_name, wix_member_id, blocked, role, created_at) VALUES ('34f14b8eba89468daa8fb473747e3cf8', 'grace.english98@gmail.com', 1, '', '', '', '', NULL, 0, 'member', '2025-10-15 05:04');

INSERT OR IGNORE INTO user (id, email, email_verified, hashed_password, name, first_name, last_name, wix_member_id, blocked, role, created_at) VALUES ('bdd19bd1c5444173976de4c275a08184', 'kendrazim@gmail.com', 1, '', 'Kendra Zimmerman', 'Kendra', 'Zimmerman', NULL, 0, 'member', '2025-10-19 20:44');

INSERT OR IGNORE INTO user (id, email, email_verified, hashed_password, name, first_name, last_name, wix_member_id, blocked, role, created_at) VALUES ('8be8b99c9c464d10a70e29c412119f68', 'jocelyn.chowdhry@gmail.com', 1, '', '', '', '', NULL, 0, 'member', '2025-10-19 01:19');

INSERT OR IGNORE INTO user (id, email, email_verified, hashed_password, name, first_name, last_name, wix_member_id, blocked, role, created_at) VALUES ('05b5e0b18c09407ba00838fbeb49f90b', 'ali.rachel.g@gmail.com', 1, '', '', '', '', NULL, 0, 'member', '2025-10-19 00:27');

INSERT OR IGNORE INTO user (id, email, email_verified, hashed_password, name, first_name, last_name, wix_member_id, blocked, role, created_at) VALUES ('9249ebb24b874b97ae8b0c2671ac7bb3', 'haleyfoster294@gmail.com', 1, '', '', '', '', NULL, 0, 'member', '2025-10-21 12:24');

INSERT OR IGNORE INTO user (id, email, email_verified, hashed_password, name, first_name, last_name, wix_member_id, blocked, role, created_at) VALUES ('13d41f0a5aad4f399a588b66818c2a16', 'kierapeck@gmail.com', 1, '', '', '', '', NULL, 0, 'member', '2025-10-20 11:31');

INSERT OR IGNORE INTO user (id, email, email_verified, hashed_password, name, first_name, last_name, wix_member_id, blocked, role, created_at) VALUES ('e44406d6a6954b62866e268202ec4512', 'kasiaskorka94@gmail.com', 1, '', '', '', '', NULL, 0, 'member', '2025-10-19 03:47');

INSERT OR IGNORE INTO user (id, email, email_verified, hashed_password, name, first_name, last_name, wix_member_id, blocked, role, created_at) VALUES ('c3f1d605cc834e9098b5d6ebc32e0016', 'campbellhaylee@gmail.com', 1, '', '', '', '', NULL, 0, 'member', '2025-10-19 20:07');

INSERT OR IGNORE INTO user (id, email, email_verified, hashed_password, name, first_name, last_name, wix_member_id, blocked, role, created_at) VALUES ('7786adcab5ff44db8e60d82a9b593fa7', 'claire.brandewie@gmail.com', 1, '', '', '', '', NULL, 0, 'member', '2025-10-19 20:16');

INSERT OR IGNORE INTO user (id, email, email_verified, hashed_password, name, first_name, last_name, wix_member_id, blocked, role, created_at) VALUES ('993ff67b11c04725be267bd961ee2d95', 'okgunter15@gmail.com', 1, '', '', '', '', NULL, 0, 'member', '2025-10-17 12:22');

INSERT OR IGNORE INTO user (id, email, email_verified, hashed_password, name, first_name, last_name, wix_member_id, blocked, role, created_at) VALUES ('9bb0023b8dd041ddb6a878976426fd4e', 'marniestapp@gmail.com', 1, '', 'Marnie K', 'Marnie', 'K', NULL, 0, 'member', '2025-10-15 17:33');

INSERT OR IGNORE INTO user (id, email, email_verified, hashed_password, name, first_name, last_name, wix_member_id, blocked, role, created_at) VALUES ('89eee9a4a5c241fb8d46473170f60972', 'clairehansen02@gmail.com', 1, '', '', '', '', NULL, 0, 'member', '2025-10-18 21:19');

INSERT OR IGNORE INTO user (id, email, email_verified, hashed_password, name, first_name, last_name, wix_member_id, blocked, role, created_at) VALUES ('050d8768b65446e4a03585ab343b823d', 'jillian@elfick.com', 1, '', '', '', '', NULL, 0, 'member', '2025-10-19 16:34');

INSERT OR IGNORE INTO user (id, email, email_verified, hashed_password, name, first_name, last_name, wix_member_id, blocked, role, created_at) VALUES ('11967752a6924c7b82ff81b6f7a0d6cb', 'irena.kutza@gmail.com', 1, '', '', '', '', NULL, 0, 'member', '2025-10-19 02:01');

INSERT OR IGNORE INTO user (id, email, email_verified, hashed_password, name, first_name, last_name, wix_member_id, blocked, role, created_at) VALUES ('69f99b4cc8c145cc8bd97c9608670031', 'ackaufmann425@yahoo.com', 1, '', '', '', '', NULL, 0, 'member', '2025-10-26 18:49');

INSERT OR IGNORE INTO user (id, email, email_verified, hashed_password, name, first_name, last_name, wix_member_id, blocked, role, created_at) VALUES ('9bba06fb41534e2eac4f352f8e878884', 'delaneykiefer@gmail.com', 1, '', '', '', '', NULL, 0, 'member', '2025-10-28 18:56');

INSERT OR IGNORE INTO user (id, email, email_verified, hashed_password, name, first_name, last_name, wix_member_id, blocked, role, created_at) VALUES ('0a88f41d947c4f469151417fc5654d99', 'kearabrown001@gmail.com', 1, '', 'Keara Brown', 'Keara', 'Brown', NULL, 0, 'member', '2025-10-27 18:16');
INSERT OR IGNORE INTO user_label (user_id, label) VALUES ('0a88f41d947c4f469151417fc5654d99', 'RRM Academy Members Group member');

INSERT OR IGNORE INTO user (id, email, email_verified, hashed_password, name, first_name, last_name, wix_member_id, blocked, role, created_at) VALUES ('f81b2c27b36f487182fd8e949b484ff2', 'lianabee94@gmail.com', 1, '', '', '', '', NULL, 0, 'member', '2025-10-27 02:28');

INSERT OR IGNORE INTO user (id, email, email_verified, hashed_password, name, first_name, last_name, wix_member_id, blocked, role, created_at) VALUES ('0f45e8b8628349eea04cd2b7654f7000', 'mariajranck@gmail.com', 1, '', 'Maria Ranck', 'Maria', 'Ranck', NULL, 0, 'member', '2025-10-28 22:32');
INSERT OR IGNORE INTO user_label (user_id, label) VALUES ('0f45e8b8628349eea04cd2b7654f7000', 'RRM Academy Members Group member');

INSERT OR IGNORE INTO user (id, email, email_verified, hashed_password, name, first_name, last_name, wix_member_id, blocked, role, created_at) VALUES ('c2553b817a8b4769802858aae730c2a4', 'asmalltownyogi@gmail.com', 1, '', '', '', '', NULL, 0, 'member', '2025-10-26 20:25');

INSERT OR IGNORE INTO user (id, email, email_verified, hashed_password, name, first_name, last_name, wix_member_id, blocked, role, created_at) VALUES ('800fe098e99f455099f70b2492c34718', 'mrsb2484@yahoo.com', 1, '', 'Katie Bishop', 'Katie', 'Bishop', NULL, 0, 'member', '2025-11-01 20:21');

INSERT OR IGNORE INTO user (id, email, email_verified, hashed_password, name, first_name, last_name, wix_member_id, blocked, role, created_at) VALUES ('24dd0174cf2142ecb80a3715f44512df', 'cupacmartha@gmail.com', 1, '', '', '', '', NULL, 0, 'member', '2025-10-27 04:35');

INSERT OR IGNORE INTO user (id, email, email_verified, hashed_password, name, first_name, last_name, wix_member_id, blocked, role, created_at) VALUES ('95cfd53b52a040f6b5d6b416dd06a3aa', 'amyemartin8@icloud.com', 1, '', '', '', '', NULL, 0, 'member', '2025-10-26 17:57');

INSERT OR IGNORE INTO user (id, email, email_verified, hashed_password, name, first_name, last_name, wix_member_id, blocked, role, created_at) VALUES ('e86f76680b634a9aaf01fd9ea23b3ba4', 'pkakade852@gmail.com', 1, '', '', '', '', NULL, 0, 'member', '2025-10-31 18:35');

INSERT OR IGNORE INTO user (id, email, email_verified, hashed_password, name, first_name, last_name, wix_member_id, blocked, role, created_at) VALUES ('63e253257ed7415890f9ed3c1a5e1ec7', 'amlong429@gmail.com', 1, '', '', '', '', NULL, 0, 'member', '2025-10-29 20:48');

INSERT OR IGNORE INTO user (id, email, email_verified, hashed_password, name, first_name, last_name, wix_member_id, blocked, role, created_at) VALUES ('4b2e73d0362a4db28a2d2a21e383cf8e', 'kellywlr@icloud.com', 1, '', '', '', '', NULL, 0, 'member', '2025-10-27 18:36');

INSERT OR IGNORE INTO user (id, email, email_verified, hashed_password, name, first_name, last_name, wix_member_id, blocked, role, created_at) VALUES ('8d19a5cedc0f44daa34bc12f1b255931', 'jennhassfeld11@yahoo.com', 1, '', 'Jennie Ann', 'Jennie', 'Ann', NULL, 0, 'member', '2025-10-26 19:21');

INSERT OR IGNORE INTO user (id, email, email_verified, hashed_password, name, first_name, last_name, wix_member_id, blocked, role, created_at) VALUES ('0ef606f3e7ca42bfa31319b1051b4e3d', 'fbinmesmar@gmail.com', 1, '', '', '', '', NULL, 0, 'member', '2025-10-27 04:04');

INSERT OR IGNORE INTO user (id, email, email_verified, hashed_password, name, first_name, last_name, wix_member_id, blocked, role, created_at) VALUES ('8eee73f00aaa435aa9402fc323ed7a20', 'mariana.tavernari@gmail.com', 1, '', '', '', '', NULL, 0, 'member', '2025-10-26 19:45');

INSERT OR IGNORE INTO user (id, email, email_verified, hashed_password, name, first_name, last_name, wix_member_id, blocked, role, created_at) VALUES ('e50d14898c034ddbb9c87f1e1c54c74f', 'emmaraecav@gmail.com', 1, '', '', '', '', NULL, 0, 'member', '2025-10-27 02:13');

INSERT OR IGNORE INTO user (id, email, email_verified, hashed_password, name, first_name, last_name, wix_member_id, blocked, role, created_at) VALUES ('6b10163bb2e741e496e873a919803dc7', 'tulipz@gmail.com', 1, '', '', '', '', NULL, 0, 'member', '2025-10-27 13:18');

INSERT OR IGNORE INTO user (id, email, email_verified, hashed_password, name, first_name, last_name, wix_member_id, blocked, role, created_at) VALUES ('e643d293d768416bbd8863f73c67033e', 'yasminbelaieff99@gmail.com', 1, '', '', '', '', NULL, 0, 'member', '2025-10-25 12:01');

INSERT OR IGNORE INTO user (id, email, email_verified, hashed_password, name, first_name, last_name, wix_member_id, blocked, role, created_at) VALUES ('0da9892780aa4537b7046842d1f66abf', 'harleezeller@gmail.com', 1, '', 'Harleep1 Zeller', 'Harleep1', 'Zeller', NULL, 0, 'member', '2025-10-27 00:30');

INSERT OR IGNORE INTO user (id, email, email_verified, hashed_password, name, first_name, last_name, wix_member_id, blocked, role, created_at) VALUES ('198b6eb600234499b17f736814a80aee', 'delaney.kiefer@gmail.com', 1, '', 'delaney kiefer', 'delaney', 'kiefer', NULL, 0, 'member', '2025-10-28 18:53');

INSERT OR IGNORE INTO user (id, email, email_verified, hashed_password, name, first_name, last_name, wix_member_id, blocked, role, created_at) VALUES ('3ffa19d182ae4ab8ba432d613cce68e7', 'mimnee34@gmail.com', 1, '', '', '', '', NULL, 0, 'member', '2025-10-27 15:46');

INSERT OR IGNORE INTO user (id, email, email_verified, hashed_password, name, first_name, last_name, wix_member_id, blocked, role, created_at) VALUES ('a700ca6c7cbf4b52a1ec0e3768b49bd9', 'tdkampf@gmail.com', 1, '', '', '', '', NULL, 0, 'member', '2025-10-26 18:15');

INSERT OR IGNORE INTO user (id, email, email_verified, hashed_password, name, first_name, last_name, wix_member_id, blocked, role, created_at) VALUES ('bb9def87b0df4497af220fa078611813', 'lindseyjoy.schultz@gmail.com', 1, '', '', '', '', NULL, 0, 'member', '2025-10-27 01:30');

INSERT OR IGNORE INTO user (id, email, email_verified, hashed_password, name, first_name, last_name, wix_member_id, blocked, role, created_at) VALUES ('136e5235c60e4001adc016a233297e6f', 'maddyfitzpatty@gmail.com', 1, '', '', '', '', NULL, 0, 'member', '2025-10-26 20:51');

INSERT OR IGNORE INTO user (id, email, email_verified, hashed_password, name, first_name, last_name, wix_member_id, blocked, role, created_at) VALUES ('2070537816044343a94df6b2a027a299', 'abechtler1@gmail.com', 1, '', '', '', '', NULL, 0, 'member', '2025-10-31 18:25');

INSERT OR IGNORE INTO user (id, email, email_verified, hashed_password, name, first_name, last_name, wix_member_id, blocked, role, created_at) VALUES ('59709d06524f48138da05f7aa64560d9', 'tiffany.delvalle1@gmail.com', 1, '', 'Tiffany del Valle', 'Tiffany', 'del Valle', NULL, 0, 'member', '2025-10-30 23:32');

INSERT OR IGNORE INTO user (id, email, email_verified, hashed_password, name, first_name, last_name, wix_member_id, blocked, role, created_at) VALUES ('c1b918b524f241b5ba1e2b63d73a8773', 'shannontarr@gmail.com', 1, '', 'Shannon Tarr', 'Shannon', 'Tarr', NULL, 0, 'member', '2025-10-28 01:27');
INSERT OR IGNORE INTO user_label (user_id, label) VALUES ('c1b918b524f241b5ba1e2b63d73a8773', 'Save the Uterus Club Group member');

INSERT OR IGNORE INTO user (id, email, email_verified, hashed_password, name, first_name, last_name, wix_member_id, blocked, role, created_at) VALUES ('091538c76c32427197723780414cb019', 'ken.rag@icloud.com', 1, '', '', '', '', NULL, 0, 'member', '2025-10-21 13:48');

INSERT OR IGNORE INTO user (id, email, email_verified, hashed_password, name, first_name, last_name, wix_member_id, blocked, role, created_at) VALUES ('2a3213400eae4425807285f90d1de919', 'stefflang8@hotmail.com', 1, '', '', '', '', NULL, 0, 'member', '2025-10-27 01:29');

INSERT OR IGNORE INTO user (id, email, email_verified, hashed_password, name, first_name, last_name, wix_member_id, blocked, role, created_at) VALUES ('66b11a0a885844cfbe1df184a8a7a6db', 'acpreng@gmail.com', 1, '', '', '', '', NULL, 0, 'member', '2025-10-30 22:27');

INSERT OR IGNORE INTO user (id, email, email_verified, hashed_password, name, first_name, last_name, wix_member_id, blocked, role, created_at) VALUES ('bffe124e1b6646e2b87e16b0673cc103', 's.baravi@hotmail.com', 1, '', '', '', '', NULL, 0, 'member', '2025-10-27 09:14');

INSERT OR IGNORE INTO user (id, email, email_verified, hashed_password, name, first_name, last_name, wix_member_id, blocked, role, created_at) VALUES ('6dd7061b6a7645a3875ef13700cb2897', 'valentinabravo88@gmail.com', 1, '', '', '', '', NULL, 0, 'member', '2025-10-26 18:02');

INSERT OR IGNORE INTO user (id, email, email_verified, hashed_password, name, first_name, last_name, wix_member_id, blocked, role, created_at) VALUES ('f375d2d853f84d71a586e0e0d297714f', 'realestate@jessicagulick.com', 1, '', '', '', '', NULL, 0, 'member', '2025-10-25 05:38');

INSERT OR IGNORE INTO user (id, email, email_verified, hashed_password, name, first_name, last_name, wix_member_id, blocked, role, created_at) VALUES ('ef09cb542ede4de390cd1476c86eb0db', 'ahealthybalance.nutrition@gmail.com', 1, '', '', '', '', NULL, 0, 'member', '2025-10-26 19:07');

INSERT OR IGNORE INTO user (id, email, email_verified, hashed_password, name, first_name, last_name, wix_member_id, blocked, role, created_at) VALUES ('f7b1a3ef584344b9b2cf7e02d98df906', 'huffier-35.coins@icloud.com', 1, '', '', '', '', NULL, 0, 'member', '2025-10-27 02:49');

INSERT OR IGNORE INTO user (id, email, email_verified, hashed_password, name, first_name, last_name, wix_member_id, blocked, role, created_at) VALUES ('a94bf0f1d56a4b6ca924a31aa76136e3', 'cbercov@gmail.com', 1, '', 'Cassidy Bercovich', 'Cassidy', 'Bercovich', NULL, 0, 'member', '2025-10-31 20:19');

INSERT OR IGNORE INTO user (id, email, email_verified, hashed_password, name, first_name, last_name, wix_member_id, blocked, role, created_at) VALUES ('187e00deb59d482d9da93c95b17aaafd', 'meganbryn95@gmail.com', 1, '', '', '', '', NULL, 0, 'member', '2025-10-27 04:01');

INSERT OR IGNORE INTO user (id, email, email_verified, hashed_password, name, first_name, last_name, wix_member_id, blocked, role, created_at) VALUES ('63b576c685534f6ab765f13d75d2242e', 'kilter-mergers-8d@icloud.com', 1, '', '', '', '', NULL, 0, 'member', '2025-10-26 23:04');

INSERT OR IGNORE INTO user (id, email, email_verified, hashed_password, name, first_name, last_name, wix_member_id, blocked, role, created_at) VALUES ('05e8302359104408a37ea44c35eb3973', 'honorloveridge@hotmail.com', 1, '', '', '', '', NULL, 0, 'member', '2025-10-26 19:53');

INSERT OR IGNORE INTO user (id, email, email_verified, hashed_password, name, first_name, last_name, wix_member_id, blocked, role, created_at) VALUES ('f77960968bd44fd58b9969f20ff31ff4', 'ellies1111@gmail.com', 1, '', '', '', '', NULL, 0, 'member', '2025-10-29 19:29');
INSERT OR IGNORE INTO user_label (user_id, label) VALUES ('f77960968bd44fd58b9969f20ff31ff4', 'RRM Academy Members Group member');

INSERT OR IGNORE INTO user (id, email, email_verified, hashed_password, name, first_name, last_name, wix_member_id, blocked, role, created_at) VALUES ('4549cabd2e0e492cbdd60c5cdbe1577c', 'nnnikkel@gmail.com', 1, '', '', '', '', NULL, 0, 'member', '2025-10-30 20:45');
INSERT OR IGNORE INTO user_label (user_id, label) VALUES ('4549cabd2e0e492cbdd60c5cdbe1577c', 'RRM Academy Members Group member');

INSERT OR IGNORE INTO user (id, email, email_verified, hashed_password, name, first_name, last_name, wix_member_id, blocked, role, created_at) VALUES ('9f781eb9086f4fd0883eb2cb5cf7a317', 'medina0211@gmail.com', 1, '', 'MEDINA MAJAM', 'MEDINA', 'MAJAM', NULL, 0, 'member', '2025-10-28 21:04');

INSERT OR IGNORE INTO user (id, email, email_verified, hashed_password, name, first_name, last_name, wix_member_id, blocked, role, created_at) VALUES ('7dec9b19232342f8a2f85ef18b3f56f4', 'jaclynrjohnson@gmail.com', 1, '', 'Jaclyn Johnson', 'Jaclyn', 'Johnson', NULL, 0, 'member', '2025-10-26 18:15');

INSERT OR IGNORE INTO user (id, email, email_verified, hashed_password, name, first_name, last_name, wix_member_id, blocked, role, created_at) VALUES ('ab3b86d744904492b15afbce4f9fd171', 'alishagould@hotmail.com', 1, '', '', '', '', NULL, 0, 'member', '2025-10-26 19:13');

INSERT OR IGNORE INTO user (id, email, email_verified, hashed_password, name, first_name, last_name, wix_member_id, blocked, role, created_at) VALUES ('a58bb2ae1145460b8705a15464dbefea', 'zsluzala@lozierinstitute.org', 1, '', 'Zachary Sluzala', 'Zachary', 'Sluzala', NULL, 0, 'member', '2025-10-22 14:27');
INSERT OR IGNORE INTO user_label (user_id, label) VALUES ('a58bb2ae1145460b8705a15464dbefea', 'RRM Academy Members Group member');

INSERT OR IGNORE INTO user (id, email, email_verified, hashed_password, name, first_name, last_name, wix_member_id, blocked, role, created_at) VALUES ('bf97b13b93b9480f80d1ef7f28f033f5', 'tesst@mailinator.com', 1, '', '', '', '', NULL, 0, 'member', '2025-11-01 20:57');

INSERT OR IGNORE INTO user (id, email, email_verified, hashed_password, name, first_name, last_name, wix_member_id, blocked, role, created_at) VALUES ('caf34d2ba26a4e6dad55e6efe3a04457', 'k.elizabeth23@gmail.com', 1, '', '', '', '', NULL, 0, 'member', '2025-10-27 03:33');

INSERT OR IGNORE INTO user (id, email, email_verified, hashed_password, name, first_name, last_name, wix_member_id, blocked, role, created_at) VALUES ('662fa9d428bf47e0b896aa29ecf3b546', 'kjcrosth@gmail.com', 1, '', 'Karen Crosthwaite', 'Karen', 'Crosthwaite', NULL, 0, 'member', '2025-10-27 14:18');

INSERT OR IGNORE INTO user (id, email, email_verified, hashed_password, name, first_name, last_name, wix_member_id, blocked, role, created_at) VALUES ('375d2504489742bdb7d2b0ad9ecab5b4', 'brendaedwards202@gmail.com', 1, '', '', '', '', NULL, 0, 'member', '2025-10-26 20:50');

INSERT OR IGNORE INTO user (id, email, email_verified, hashed_password, name, first_name, last_name, wix_member_id, blocked, role, created_at) VALUES ('e3109bb1f5a142a0ad8464a5036fb02b', 'annafrick@gmail.com', 1, '', 'Anna Frick', 'Anna', 'Frick', NULL, 0, 'member', '2025-11-02 00:36');

INSERT OR IGNORE INTO user (id, email, email_verified, hashed_password, name, first_name, last_name, wix_member_id, blocked, role, created_at) VALUES ('437564a9793d4f24b9ce0bdf51c50607', 'actait256@gmail.com', 1, '', '', '', '', NULL, 0, 'member', '2025-10-27 07:51');

INSERT OR IGNORE INTO user (id, email, email_verified, hashed_password, name, first_name, last_name, wix_member_id, blocked, role, created_at) VALUES ('206a492cc5f844fa8c2798b19eb0df05', 'lauraleik85@gmail.com', 1, '', '', '', '', NULL, 0, 'member', '2025-10-26 23:40');

INSERT OR IGNORE INTO user (id, email, email_verified, hashed_password, name, first_name, last_name, wix_member_id, blocked, role, created_at) VALUES ('46bf3136fe814d7fa9a32852445d2270', 'annacooke37@gmail.com', 1, '', 'Anna Cooke', 'Anna', 'Cooke', NULL, 0, 'member', '2025-10-28 16:48');

INSERT OR IGNORE INTO user (id, email, email_verified, hashed_password, name, first_name, last_name, wix_member_id, blocked, role, created_at) VALUES ('732b98fef3ee4c98b5db5ce1758da175', 'cramerpest@msn.com', 1, '', '', '', '', NULL, 0, 'member', '2025-10-26 21:43');

INSERT OR IGNORE INTO user (id, email, email_verified, hashed_password, name, first_name, last_name, wix_member_id, blocked, role, created_at) VALUES ('f66dd213bd344f7aaa9eec98fdf86131', 'tapestry.yarn@gmail.com', 1, '', '', '', '', NULL, 0, 'member', '2025-10-22 03:32');

INSERT OR IGNORE INTO user (id, email, email_verified, hashed_password, name, first_name, last_name, wix_member_id, blocked, role, created_at) VALUES ('edf8c8f04819487ca88e9ed03bcdc933', 'kristenjparry@gmail.com', 1, '', 'kristen Parry', 'kristen', 'Parry', NULL, 0, 'member', '2025-10-21 23:09');

INSERT OR IGNORE INTO user (id, email, email_verified, hashed_password, name, first_name, last_name, wix_member_id, blocked, role, created_at) VALUES ('580580935aa042f699c9f6a6e4903128', 'kristen.n.braun@gmail.com', 1, '', 'Kristen Siena', 'Kristen', 'Siena', NULL, 0, 'member', '2025-10-23 09:51');

INSERT OR IGNORE INTO user (id, email, email_verified, hashed_password, name, first_name, last_name, wix_member_id, blocked, role, created_at) VALUES ('7d4a284ff2af40efa39c8287fd284bd4', 'jibe-decimal3q@icloud.com', 1, '', '', '', '', NULL, 0, 'member', '2025-10-26 17:51');

INSERT OR IGNORE INTO user (id, email, email_verified, hashed_password, name, first_name, last_name, wix_member_id, blocked, role, created_at) VALUES ('97c0e74fed034219ba73a6607abc9379', 'patience.cook@yahoo.com', 1, '', '', '', '', NULL, 0, 'member', '2025-10-27 00:48');

INSERT OR IGNORE INTO user (id, email, email_verified, hashed_password, name, first_name, last_name, wix_member_id, blocked, role, created_at) VALUES ('440368ac63d8414489c55785e05b2e76', 'aliceandgreg@gmail.com', 1, '', '', '', '', NULL, 0, 'member', '2025-10-27 10:10');

INSERT OR IGNORE INTO user (id, email, email_verified, hashed_password, name, first_name, last_name, wix_member_id, blocked, role, created_at) VALUES ('26b5f3d72b5f41f089ed5b966d25f3b6', 'karla.mehlenbacher@gmail.com', 1, '', '', '', '', NULL, 0, 'member', '2025-10-26 20:23');

INSERT OR IGNORE INTO user (id, email, email_verified, hashed_password, name, first_name, last_name, wix_member_id, blocked, role, created_at) VALUES ('a53970e9b61448769160df35664e74d9', 'ahawley85@gmail.com', 1, '', '', '', '', NULL, 0, 'member', '2025-10-27 06:21');

INSERT OR IGNORE INTO user (id, email, email_verified, hashed_password, name, first_name, last_name, wix_member_id, blocked, role, created_at) VALUES ('5fb8874d046441d58fd7142641a6ad0e', 'alexiskurpess@gmail.com', 1, '', 'Alexis Hide', 'Alexis', 'Hide', NULL, 0, 'member', '2025-10-27 00:35');

INSERT OR IGNORE INTO user (id, email, email_verified, hashed_password, name, first_name, last_name, wix_member_id, blocked, role, created_at) VALUES ('e0d5bbe2388043d0a033bea6cf583cc7', 'bulge-eel-legacy@duck.com', 1, '', '', '', '', NULL, 0, 'member', '2025-10-26 20:32');

INSERT OR IGNORE INTO user (id, email, email_verified, hashed_password, name, first_name, last_name, wix_member_id, blocked, role, created_at) VALUES ('3737dad4402443dfbec33a34f7663175', 'iheartvolleyball07@gmail.com', 1, '', '', '', '', NULL, 0, 'member', '2025-10-24 02:36');

INSERT OR IGNORE INTO user (id, email, email_verified, hashed_password, name, first_name, last_name, wix_member_id, blocked, role, created_at) VALUES ('20a29d69fac247da8fefbb2baa44bcbc', 'nwhit8602@gmail.com', 1, '', '', '', '', NULL, 0, 'member', '2025-10-27 00:13');

INSERT OR IGNORE INTO user (id, email, email_verified, hashed_password, name, first_name, last_name, wix_member_id, blocked, role, created_at) VALUES ('cf112e342de944e9bdd71853d829b3ee', 'carlycayser@gmail.com', 1, '', '', '', '', NULL, 0, 'member', '2025-10-27 07:34');

INSERT OR IGNORE INTO user (id, email, email_verified, hashed_password, name, first_name, last_name, wix_member_id, blocked, role, created_at) VALUES ('1d11a65efd3a408f8e1f3458aa417153', 'dreamer71992@yahoo.com', 1, '', '', '', '', NULL, 0, 'member', '2025-10-26 18:49');

INSERT OR IGNORE INTO user (id, email, email_verified, hashed_password, name, first_name, last_name, wix_member_id, blocked, role, created_at) VALUES ('e0c839d861814fdeb05e8de543d1c996', 'beccanncollins@gmail.com', 1, '', '', '', '', NULL, 0, 'member', '2025-10-27 03:38');

INSERT OR IGNORE INTO user (id, email, email_verified, hashed_password, name, first_name, last_name, wix_member_id, blocked, role, created_at) VALUES ('0410949b1bac44fc94fcec8c6b73cf71', 'lac1024@gmail.com', 1, '', '', '', '', NULL, 0, 'member', '2025-10-21 18:03');

INSERT OR IGNORE INTO user (id, email, email_verified, hashed_password, name, first_name, last_name, wix_member_id, blocked, role, created_at) VALUES ('1dc9b64c6fb542b487fd0805259e86a5', 'charissadd@icoud.com', 1, '', '', '', '', NULL, 0, 'member', '2025-10-27 12:46');

INSERT OR IGNORE INTO user (id, email, email_verified, hashed_password, name, first_name, last_name, wix_member_id, blocked, role, created_at) VALUES ('2eff7e1c09114e62b1bc8961dcdd69ab', 'kkoman2726@gmail.com', 1, '', 'Kelly Koman', 'Kelly', 'Koman', NULL, 0, 'member', '2025-10-22 20:15');

INSERT OR IGNORE INTO user (id, email, email_verified, hashed_password, name, first_name, last_name, wix_member_id, blocked, role, created_at) VALUES ('2c1be9cb15c144d588e1463797d99109', 'andersonavery92@gmail.com', 1, '', 'Avery Bottger', 'Avery', 'Bottger', NULL, 0, 'member', '2025-10-27 16:03');

INSERT OR IGNORE INTO user (id, email, email_verified, hashed_password, name, first_name, last_name, wix_member_id, blocked, role, created_at) VALUES ('9f9f4b5f79bd4428b564da2764b3d8cf', 'angela.iovanella@gmail.com', 1, '', 'Angela Kasumova', 'Angela', 'Kasumova', NULL, 0, 'member', '2025-10-26 19:38');

INSERT OR IGNORE INTO user (id, email, email_verified, hashed_password, name, first_name, last_name, wix_member_id, blocked, role, created_at) VALUES ('b09c52f5235d49bfbc51945f9ff08a4a', 'anhubbard0518@gmail.com', 1, '', '', '', '', NULL, 0, 'member', '2025-10-26 23:01');

INSERT OR IGNORE INTO user (id, email, email_verified, hashed_password, name, first_name, last_name, wix_member_id, blocked, role, created_at) VALUES ('0ad5ddeb895844ee880d3771d0b54133', 'kynlea26@gmail.com', 1, '', '', '', '', NULL, 0, 'member', '2025-10-30 16:29');

INSERT OR IGNORE INTO user (id, email, email_verified, hashed_password, name, first_name, last_name, wix_member_id, blocked, role, created_at) VALUES ('812ed7bf663044eab9039503e3e56eb4', 'mkseraphinoff@gmail.com', 1, '', 'Marguerite Seraphinoff', 'Marguerite', 'Seraphinoff', NULL, 0, 'member', '2025-11-01 18:40');

INSERT OR IGNORE INTO user (id, email, email_verified, hashed_password, name, first_name, last_name, wix_member_id, blocked, role, created_at) VALUES ('aa04d74f911d471198abfdc076be7da4', 'kdorinaaax1@gmail.com', 1, '', 'Dorina Kiss', 'Dorina', 'Kiss', NULL, 0, 'member', '2025-10-28 03:02');

INSERT OR IGNORE INTO user (id, email, email_verified, hashed_password, name, first_name, last_name, wix_member_id, blocked, role, created_at) VALUES ('62a1460e58fb437891ab2f8242dd846b', 'sarena.richardson33@gmail.com', 1, '', '', '', '', NULL, 0, 'member', '2025-10-30 22:23');
INSERT OR IGNORE INTO user_label (user_id, label) VALUES ('62a1460e58fb437891ab2f8242dd846b', 'RRM Academy Members Group member');

INSERT OR IGNORE INTO user (id, email, email_verified, hashed_password, name, first_name, last_name, wix_member_id, blocked, role, created_at) VALUES ('e4c46966508841d5801abd9779692fc3', 'melissakeane5@gmail.com', 1, '', 'Melissa Iuliano', 'Melissa', 'Iuliano', NULL, 0, 'member', '2025-10-27 00:50');

INSERT OR IGNORE INTO user (id, email, email_verified, hashed_password, name, first_name, last_name, wix_member_id, blocked, role, created_at) VALUES ('0012606749de4a9b9e3e024651493ca6', 'mary.sorensen01@gmail.com', 1, '', '', '', '', NULL, 0, 'member', '2025-10-23 23:30');

INSERT OR IGNORE INTO user (id, email, email_verified, hashed_password, name, first_name, last_name, wix_member_id, blocked, role, created_at) VALUES ('d775459f658841c08daa62a4869b8670', 'emilyg.spear@gmail.com', 1, '', '', '', '', NULL, 0, 'member', '2025-10-31 19:36');

INSERT OR IGNORE INTO user (id, email, email_verified, hashed_password, name, first_name, last_name, wix_member_id, blocked, role, created_at) VALUES ('20b5790e65b448eab2b712d7d170628b', 'sherreweza@gmail.com', 1, '', '', '', '', NULL, 0, 'member', '2025-10-26 18:16');

INSERT OR IGNORE INTO user (id, email, email_verified, hashed_password, name, first_name, last_name, wix_member_id, blocked, role, created_at) VALUES ('1a6f98526b71440bbc8be0476ded2091', 'babriner@gmail.com', 1, '', '', '', '', NULL, 0, 'member', '2025-10-26 19:18');

INSERT OR IGNORE INTO user (id, email, email_verified, hashed_password, name, first_name, last_name, wix_member_id, blocked, role, created_at) VALUES ('a486ac6f48574b2ba9c05d23b6176803', 'samlynnj2012@gmail.com', 1, '', '', '', '', NULL, 0, 'member', '2025-10-21 15:54');

INSERT OR IGNORE INTO user (id, email, email_verified, hashed_password, name, first_name, last_name, wix_member_id, blocked, role, created_at) VALUES ('d48c5476481340ebba76cb9110246e16', 'lindsaychristinesmith@gmail.com', 1, '', 'Lindsay S', 'Lindsay', 'S', NULL, 0, 'member', '2025-10-22 19:31');

INSERT OR IGNORE INTO user (id, email, email_verified, hashed_password, name, first_name, last_name, wix_member_id, blocked, role, created_at) VALUES ('ba5fc3da63934598b7dba741c3fea4bc', 'amyroberts19@gmail.com', 1, '', '', '', '', NULL, 0, 'member', '2025-10-26 19:09');

INSERT OR IGNORE INTO user (id, email, email_verified, hashed_password, name, first_name, last_name, wix_member_id, blocked, role, created_at) VALUES ('2459eacda8974bcc85056578d3357b91', 'lizzie@morrisnaturalhealth.com', 1, '', 'Lizzie Walls', 'Lizzie', 'Walls', NULL, 0, 'member', '2025-10-28 00:22');

INSERT OR IGNORE INTO user (id, email, email_verified, hashed_password, name, first_name, last_name, wix_member_id, blocked, role, created_at) VALUES ('d0f48a7911b648e3aa2a68fc60fef09a', 'lauracatt15@gmail.com', 1, '', '', '', '', NULL, 0, 'member', '2025-10-31 06:12');

INSERT OR IGNORE INTO user (id, email, email_verified, hashed_password, name, first_name, last_name, wix_member_id, blocked, role, created_at) VALUES ('8c51c011ea2c4a2c8814b57aa4d87fce', 'j.mizera@live.com', 1, '', '', '', '', NULL, 0, 'member', '2025-10-26 21:45');

INSERT OR IGNORE INTO user (id, email, email_verified, hashed_password, name, first_name, last_name, wix_member_id, blocked, role, created_at) VALUES ('115481224d2c4702804e7bfacbfc9200', 'engstromval@gmail.com', 1, '', '', '', '', NULL, 0, 'member', '2025-11-01 17:56');

INSERT OR IGNORE INTO user (id, email, email_verified, hashed_password, name, first_name, last_name, wix_member_id, blocked, role, created_at) VALUES ('d73b06223d5943e1b427077e637a3238', 'marcielynn03@gmail.com', 1, '', '', '', '', NULL, 0, 'member', '2025-10-30 21:02');

INSERT OR IGNORE INTO user (id, email, email_verified, hashed_password, name, first_name, last_name, wix_member_id, blocked, role, created_at) VALUES ('0347d7bfb1cd404e9e0a6fbb115dc0b8', 'chelseamonholand@gmail.com', 1, '', '', '', '', NULL, 0, 'member', '2025-10-22 19:12');

INSERT OR IGNORE INTO user (id, email, email_verified, hashed_password, name, first_name, last_name, wix_member_id, blocked, role, created_at) VALUES ('87a4c6821bb4444bbfd4bce8fd0731c2', 'schneurandrochel@gmail.com', 1, '', '', '', '', NULL, 0, 'member', '2025-11-11 00:46');

INSERT OR IGNORE INTO user (id, email, email_verified, hashed_password, name, first_name, last_name, wix_member_id, blocked, role, created_at) VALUES ('3693b08ab59142fb8ca168a8f3250c86', 'siena.pizzo@gmail.com', 1, '', '', '', '', NULL, 0, 'member', '2025-11-07 03:27');

INSERT OR IGNORE INTO user (id, email, email_verified, hashed_password, name, first_name, last_name, wix_member_id, blocked, role, created_at) VALUES ('721afd331e334dca9afaadbe76aae7eb', 'eweston508@gmail.com', 1, '', 'Elizabeth Murphy', 'Elizabeth', 'Murphy', NULL, 0, 'member', '2025-11-04 03:17');

INSERT OR IGNORE INTO user (id, email, email_verified, hashed_password, name, first_name, last_name, wix_member_id, blocked, role, created_at) VALUES ('d6f8ea37e51a4a4684d0200a783c5f5d', 'katywirthlin@gmail.com', 1, '', 'Katy Wirthlin', 'Katy', 'Wirthlin', NULL, 0, 'member', '2025-11-09 00:51');

INSERT OR IGNORE INTO user (id, email, email_verified, hashed_password, name, first_name, last_name, wix_member_id, blocked, role, created_at) VALUES ('f7e621bf60824e6a81dda3f6f9a12a54', 'alice-n@parentingplaygroups.com', 1, '', '', '', '', NULL, 0, 'member', '2025-11-13 03:17');

INSERT OR IGNORE INTO user (id, email, email_verified, hashed_password, name, first_name, last_name, wix_member_id, blocked, role, created_at) VALUES ('96b4841964c1463ba603fdb4414b6e36', 'alexfreypt@gmail.com', 1, '', '', '', '', NULL, 0, 'member', '2025-11-13 04:19');

INSERT OR IGNORE INTO user (id, email, email_verified, hashed_password, name, first_name, last_name, wix_member_id, blocked, role, created_at) VALUES ('9908e45d9f9145f4900c84a34a94d853', 'thecleanhouse@gmail.com', 1, '', '', '', '', NULL, 0, 'member', '2025-11-13 06:21');

INSERT OR IGNORE INTO user (id, email, email_verified, hashed_password, name, first_name, last_name, wix_member_id, blocked, role, created_at) VALUES ('f7cf2f0393e346909d49e98030aa4678', 'bere.arzate2310@icloud.com', 1, '', '', '', '', NULL, 0, 'member', '2025-11-13 20:05');

INSERT OR IGNORE INTO user (id, email, email_verified, hashed_password, name, first_name, last_name, wix_member_id, blocked, role, created_at) VALUES ('d3463624d61e4f0a86dbaa74bf5c9684', 'toribohney@gmail.com', 1, '', '', '', '', NULL, 0, 'member', '2025-11-04 19:37');

INSERT OR IGNORE INTO user (id, email, email_verified, hashed_password, name, first_name, last_name, wix_member_id, blocked, role, created_at) VALUES ('de2af89969e441b4bfe514eb32ac446e', 'marenh00@gmail.com', 1, '', 'Maren', 'Maren', '', NULL, 0, 'member', '2025-11-08 15:32');

INSERT OR IGNORE INTO user (id, email, email_verified, hashed_password, name, first_name, last_name, wix_member_id, blocked, role, created_at) VALUES ('d703a5db5a91405a95de44c3a4bc52e5', 'laurenbosco12@gmail.com', 1, '', 'Lauren Grieco', 'Lauren', 'Grieco', NULL, 0, 'member', '2025-11-05 16:47');

INSERT OR IGNORE INTO user (id, email, email_verified, hashed_password, name, first_name, last_name, wix_member_id, blocked, role, created_at) VALUES ('0e3d0638bc5e4ef0ab79c76a5ce29ac4', 'roxana.rosca@hotmail.com', 1, '', '', '', '', NULL, 0, 'member', '2025-11-13 01:39');

INSERT OR IGNORE INTO user (id, email, email_verified, hashed_password, name, first_name, last_name, wix_member_id, blocked, role, created_at) VALUES ('91c33f7b8b904a18af683ef40db4b3f7', 'rlk3ec@virginia.edu', 1, '', '', '', '', NULL, 0, 'member', '2025-11-13 14:37');

INSERT OR IGNORE INTO user (id, email, email_verified, hashed_password, name, first_name, last_name, wix_member_id, blocked, role, created_at) VALUES ('ec939b11300f41d884956b073c520b52', 'emily.brown347@gmail.com', 1, '', '', '', '', NULL, 0, 'member', '2025-11-13 01:18');

INSERT OR IGNORE INTO user (id, email, email_verified, hashed_password, name, first_name, last_name, wix_member_id, blocked, role, created_at) VALUES ('1868a7d2aff449acb8e2051ea36a5bbd', 'kizkat05@gmail.com', 1, '', '', '', '', NULL, 0, 'member', '2025-11-04 22:17');

INSERT OR IGNORE INTO user (id, email, email_verified, hashed_password, name, first_name, last_name, wix_member_id, blocked, role, created_at) VALUES ('6a4da6378ae94231a66bb0e973e24978', 'brennaklaft@gmail.com', 1, '', '', '', '', NULL, 0, 'member', '2025-11-02 01:09');

INSERT OR IGNORE INTO user (id, email, email_verified, hashed_password, name, first_name, last_name, wix_member_id, blocked, role, created_at) VALUES ('7b6e8c121ee1441ca7828df9a5abffbf', 'gesalgado12@gmail.com', 1, '', '', '', '', NULL, 0, 'member', '2025-11-13 00:14');

INSERT OR IGNORE INTO user (id, email, email_verified, hashed_password, name, first_name, last_name, wix_member_id, blocked, role, created_at) VALUES ('deb9c5a0e428489a855145206f4611cc', 'belinda.severino16@gmail.com', 1, '', 'Belinda Severino', 'Belinda', 'Severino', NULL, 0, 'member', '2025-11-12 02:25');

INSERT OR IGNORE INTO user (id, email, email_verified, hashed_password, name, first_name, last_name, wix_member_id, blocked, role, created_at) VALUES ('985af232d1374594b08b1d2ebf78c35a', 'twerkiser@gmail.com', 1, '', '', '', '', NULL, 0, 'member', '2025-11-13 12:58');

INSERT OR IGNORE INTO user (id, email, email_verified, hashed_password, name, first_name, last_name, wix_member_id, blocked, role, created_at) VALUES ('fda26e5bfb9245a3bb2378ebd69e0e81', 'mercedeh.vaez@gmail.com', 1, '', '', '', '', NULL, 0, 'member', '2025-11-13 03:21');

INSERT OR IGNORE INTO user (id, email, email_verified, hashed_password, name, first_name, last_name, wix_member_id, blocked, role, created_at) VALUES ('ab83c1fdb17249c6b177f2876f9aa87f', 'mjcisek@yahoo.com', 1, '', '', '', '', NULL, 0, 'member', '2025-11-13 01:15');

INSERT OR IGNORE INTO user (id, email, email_verified, hashed_password, name, first_name, last_name, wix_member_id, blocked, role, created_at) VALUES ('ea787183a0d54002a49da00c9890b1d6', 'lindsaybosco7@gmail.com', 1, '', 'Lindsay Bosco', 'Lindsay', 'Bosco', NULL, 0, 'member', '2025-11-11 03:08');

INSERT OR IGNORE INTO user (id, email, email_verified, hashed_password, name, first_name, last_name, wix_member_id, blocked, role, created_at) VALUES ('4df32bf60ad945e7a583bd63d19b8627', 'bbowers0411@gmail.com', 1, '', '', '', '', NULL, 0, 'member', '2025-11-06 00:40');

INSERT OR IGNORE INTO user (id, email, email_verified, hashed_password, name, first_name, last_name, wix_member_id, blocked, role, created_at) VALUES ('12fbecfe9d484d4693b48a6bdaf3628b', 'meridethalston@gmail.com', 1, '', 'Merideth Alston', 'Merideth', 'Alston', NULL, 0, 'member', '2025-11-13 18:19');

INSERT OR IGNORE INTO user (id, email, email_verified, hashed_password, name, first_name, last_name, wix_member_id, blocked, role, created_at) VALUES ('f30da561cb8940d3be8016084fd30242', 'a.elizabeth.mathews@gmail.com', 1, '', '', '', '', NULL, 0, 'member', '2025-11-13 06:18');

INSERT OR IGNORE INTO user (id, email, email_verified, hashed_password, name, first_name, last_name, wix_member_id, blocked, role, created_at) VALUES ('2cd6c5885b904d70ab0bf2ce2f21bfef', 'caitlin.e.willis@gmail.com', 1, '', 'Caitlin Black', 'Caitlin', 'Black', NULL, 0, 'member', '2025-11-13 17:10');

INSERT OR IGNORE INTO user (id, email, email_verified, hashed_password, name, first_name, last_name, wix_member_id, blocked, role, created_at) VALUES ('7d0496437af0481dba226289bedab82d', 'kelsi_burke@yahoo.com', 1, '', '', '', '', NULL, 0, 'member', '2025-11-13 12:13');

INSERT OR IGNORE INTO user (id, email, email_verified, hashed_password, name, first_name, last_name, wix_member_id, blocked, role, created_at) VALUES ('b56d1c49de1f440da732fdb498f1efae', 'web.backendtech@gmail.com', 1, '', '', '', '', NULL, 1, 'member', '2025-11-05 23:46');
INSERT OR IGNORE INTO user_label (user_id, label) VALUES ('b56d1c49de1f440da732fdb498f1efae', 'Spam 🛑');

INSERT OR IGNORE INTO user (id, email, email_verified, hashed_password, name, first_name, last_name, wix_member_id, blocked, role, created_at) VALUES ('b5e185f8a1d84d4db5a49aa255375319', 'sandramarchesini96@gmail.com', 1, '', '', '', '', NULL, 0, 'member', '2025-11-13 03:14');

INSERT OR IGNORE INTO user (id, email, email_verified, hashed_password, name, first_name, last_name, wix_member_id, blocked, role, created_at) VALUES ('6789978ce7d7454fafe6f5933c994b4f', 'ermacias23@gmail.com', 1, '', 'Ehrin Macias', 'Ehrin', 'Macias', NULL, 0, 'member', '2025-11-13 07:53');

INSERT OR IGNORE INTO user (id, email, email_verified, hashed_password, name, first_name, last_name, wix_member_id, blocked, role, created_at) VALUES ('9a8fc8066e3246e385da50739ca35d95', 'hannahmason96@gmail.com', 1, '', 'Hannah McKinnon', 'Hannah', 'McKinnon', NULL, 0, 'member', '2025-11-08 22:38');

INSERT OR IGNORE INTO user (id, email, email_verified, hashed_password, name, first_name, last_name, wix_member_id, blocked, role, created_at) VALUES ('930c79d17b8b45fd8801d89ea92480fd', 'bfatz5@gmail.com', 1, '', '', '', '', NULL, 0, 'member', '2025-11-10 00:53');

INSERT OR IGNORE INTO user (id, email, email_verified, hashed_password, name, first_name, last_name, wix_member_id, blocked, role, created_at) VALUES ('eaded5cc0dcc4a2584627aa3c1bcedf5', 'minniekin1@gmail.com', 1, '', '', '', '', NULL, 0, 'member', '2025-11-13 00:05');

INSERT OR IGNORE INTO user (id, email, email_verified, hashed_password, name, first_name, last_name, wix_member_id, blocked, role, created_at) VALUES ('a9dca0cea3464aeabb986969035ae9ce', 'andeewatson@gmail.com', 1, '', 'Andee Watson', 'Andee', 'Watson', NULL, 0, 'member', '2025-11-02 20:49');

INSERT OR IGNORE INTO user (id, email, email_verified, hashed_password, name, first_name, last_name, wix_member_id, blocked, role, created_at) VALUES ('ff68ffc82be64d3cbc170f9d46770dc4', 'gabilee0410@gmail.com', 1, '', 'Gabi Espinosa', 'Gabi', 'Espinosa', NULL, 0, 'member', '2025-11-13 19:51');

INSERT OR IGNORE INTO user (id, email, email_verified, hashed_password, name, first_name, last_name, wix_member_id, blocked, role, created_at) VALUES ('59d23d3bab3a4458b58221f4aad47f51', 'becky@molufs.com', 1, '', '', '', '', NULL, 0, 'member', '2025-11-13 00:26');

INSERT OR IGNORE INTO user (id, email, email_verified, hashed_password, name, first_name, last_name, wix_member_id, blocked, role, created_at) VALUES ('3fa38b45c7c046439e7b9d5c5cefc1cc', 'almacatie@gmail.com', 1, '', '', '', '', NULL, 0, 'member', '2025-11-04 23:42');

INSERT OR IGNORE INTO user (id, email, email_verified, hashed_password, name, first_name, last_name, wix_member_id, blocked, role, created_at) VALUES ('75accf8f162140febab54e9c13292e5f', 'katietimmons66@gmail.com', 1, '', '', '', '', NULL, 0, 'member', '2025-11-13 13:45');

INSERT OR IGNORE INTO user (id, email, email_verified, hashed_password, name, first_name, last_name, wix_member_id, blocked, role, created_at) VALUES ('421c2c1a69e74fb0b24cfa12f0d2134d', 'sheralee.angel@gmail.com', 1, '', '', '', '', NULL, 0, 'member', '2025-11-13 21:40');

INSERT OR IGNORE INTO user (id, email, email_verified, hashed_password, name, first_name, last_name, wix_member_id, blocked, role, created_at) VALUES ('7375b998b6294153b7f783e00ec249cf', 'abbsmarie4@gmail.com', 1, '', '', '', '', NULL, 0, 'member', '2025-11-13 03:21');

INSERT OR IGNORE INTO user (id, email, email_verified, hashed_password, name, first_name, last_name, wix_member_id, blocked, role, created_at) VALUES ('e8fd98373a174e5a9f820335e89da8d1', 'theharpistllama@gmail.com', 1, '', 'Caroline Stapleton', 'Caroline', 'Stapleton', NULL, 0, 'member', '2025-11-12 18:52');

INSERT OR IGNORE INTO user (id, email, email_verified, hashed_password, name, first_name, last_name, wix_member_id, blocked, role, created_at) VALUES ('f8e43a3da4a8416ea9156e5e590aab95', 'marylikesbagels@gmail.com', 1, '', 'MaryRose Andrikos', 'MaryRose', 'Andrikos', NULL, 0, 'member', '2025-11-13 00:08');

INSERT OR IGNORE INTO user (id, email, email_verified, hashed_password, name, first_name, last_name, wix_member_id, blocked, role, created_at) VALUES ('d44e68755ae645d68b82547a5f3fa50d', 'gemmadux@yahoo.com', 1, '', '', '', '', NULL, 0, 'member', '2025-11-13 19:57');

INSERT OR IGNORE INTO user (id, email, email_verified, hashed_password, name, first_name, last_name, wix_member_id, blocked, role, created_at) VALUES ('8d043edccb3042e9b6dad652dc8b5745', 'lilliankwhalen@gmail.com', 1, '', '', '', '', NULL, 0, 'member', '2025-11-13 01:50');

INSERT OR IGNORE INTO user (id, email, email_verified, hashed_password, name, first_name, last_name, wix_member_id, blocked, role, created_at) VALUES ('d02f7e5b397146248282cdfed5d07844', 'priscillaediaz2@gmail.com', 1, '', '', '', '', NULL, 0, 'member', '2025-11-10 01:24');

INSERT OR IGNORE INTO user (id, email, email_verified, hashed_password, name, first_name, last_name, wix_member_id, blocked, role, created_at) VALUES ('2390e0c3bdde41629bae42f673c767d6', 'tina-woods@comcast.net', 1, '', '', '', '', NULL, 0, 'member', '2025-11-10 15:49');

INSERT OR IGNORE INTO user (id, email, email_verified, hashed_password, name, first_name, last_name, wix_member_id, blocked, role, created_at) VALUES ('2153c42927b748b0b035e00dca29c654', 'patricia7@hotmail.fr', 1, '', 'Patricia Girard', 'Patricia', 'Girard', NULL, 0, 'member', '2025-11-13 12:56');
INSERT OR IGNORE INTO user_label (user_id, label) VALUES ('2153c42927b748b0b035e00dca29c654', 'RRM Academy Members Group member');

INSERT OR IGNORE INTO user (id, email, email_verified, hashed_password, name, first_name, last_name, wix_member_id, blocked, role, created_at) VALUES ('7fcb8480de15465793b8607fc87e14d5', 'theresatsantos@gmail.com', 1, '', '', '', '', NULL, 0, 'member', '2025-11-13 02:59');

INSERT OR IGNORE INTO user (id, email, email_verified, hashed_password, name, first_name, last_name, wix_member_id, blocked, role, created_at) VALUES ('906dac80e8024a07b6958524f3df70c3', 'ajhamaequiring@gmail.com', 1, '', 'Ajhamae Quiring', 'Ajhamae', 'Quiring', NULL, 0, 'member', '2025-11-13 02:59');

INSERT OR IGNORE INTO user (id, email, email_verified, hashed_password, name, first_name, last_name, wix_member_id, blocked, role, created_at) VALUES ('54269cc9ec1a4bf58127c8fc4c550cff', 'kieranne07@gmail.com', 1, '', '', '', '', NULL, 0, 'member', '2025-11-13 08:13');

INSERT OR IGNORE INTO user (id, email, email_verified, hashed_password, name, first_name, last_name, wix_member_id, blocked, role, created_at) VALUES ('20dbe84e487a4fc99c29971a10648378', 'davaj001@yahoo.com', 1, '', '', '', '', NULL, 0, 'member', '2025-11-05 11:56');

INSERT OR IGNORE INTO user (id, email, email_verified, hashed_password, name, first_name, last_name, wix_member_id, blocked, role, created_at) VALUES ('ac6866e36b7d46a1b5dece884a5107b9', 'sayessssahar@gmail.com', 1, '', '', '', '', NULL, 0, 'member', '2025-11-13 01:38');

INSERT OR IGNORE INTO user (id, email, email_verified, hashed_password, name, first_name, last_name, wix_member_id, blocked, role, created_at) VALUES ('a7fe87ba13a547958cc8a7fac01f2af0', 'alannah571@gmail.com', 1, '', 'Alannah Caillier', 'Alannah', 'Caillier', NULL, 0, 'member', '2025-11-13 17:49');

INSERT OR IGNORE INTO user (id, email, email_verified, hashed_password, name, first_name, last_name, wix_member_id, blocked, role, created_at) VALUES ('573846b8ed5f48b881e4cbb37e32c3e5', 'kkthecna@yahoo.com', 1, '', 'McKenzie Olguin-Sanchez', 'McKenzie', 'Olguin-Sanchez', NULL, 0, 'member', '2025-11-07 00:12');

INSERT OR IGNORE INTO user (id, email, email_verified, hashed_password, name, first_name, last_name, wix_member_id, blocked, role, created_at) VALUES ('db258b4a879e474eb149212407792339', 'db.bensler@gmail.com', 1, '', '', '', '', NULL, 0, 'member', '2025-11-11 01:48');

INSERT OR IGNORE INTO user (id, email, email_verified, hashed_password, name, first_name, last_name, wix_member_id, blocked, role, created_at) VALUES ('39ad69117f0449b1bd9410be556cbc66', 'jackroanna@hotmail.com', 1, '', 'Jacqueline Budisalovich', 'Jacqueline', 'Budisalovich', NULL, 0, 'member', '2025-11-02 03:38');

INSERT OR IGNORE INTO user (id, email, email_verified, hashed_password, name, first_name, last_name, wix_member_id, blocked, role, created_at) VALUES ('4bbd1029e60a427db63afbd042bd0c71', 'kaitycole113@gmail.com', 1, '', '', '', '', NULL, 0, 'member', '2025-11-06 02:25');

INSERT OR IGNORE INTO user (id, email, email_verified, hashed_password, name, first_name, last_name, wix_member_id, blocked, role, created_at) VALUES ('01e5bbe301484f65b99e6b0716679fc1', 'jennyleathers@hotmail.com', 1, '', '', '', '', NULL, 0, 'member', '2025-11-03 20:15');

INSERT OR IGNORE INTO user (id, email, email_verified, hashed_password, name, first_name, last_name, wix_member_id, blocked, role, created_at) VALUES ('b114853bb8b94e029214c2741f811f54', 'kellymbalcer@gmail.com', 1, '', '', '', '', NULL, 0, 'member', '2025-11-13 05:21');

INSERT OR IGNORE INTO user (id, email, email_verified, hashed_password, name, first_name, last_name, wix_member_id, blocked, role, created_at) VALUES ('b8f9eef99be044139dc19a4bea03d179', 'savannaldavis21@gmail.com', 1, '', '', '', '', NULL, 0, 'member', '2025-11-10 23:33');

INSERT OR IGNORE INTO user (id, email, email_verified, hashed_password, name, first_name, last_name, wix_member_id, blocked, role, created_at) VALUES ('36e9ed208bbe4593b94e4c6a0a6449c3', 'daniellerumsey3@gmail.com', 1, '', 'Danielle Forland', 'Danielle', 'Forland', NULL, 0, 'member', '2025-11-09 01:02');
INSERT OR IGNORE INTO user_label (user_id, label) VALUES ('36e9ed208bbe4593b94e4c6a0a6449c3', 'Customers');
INSERT OR IGNORE INTO user_label (user_id, label) VALUES ('36e9ed208bbe4593b94e4c6a0a6449c3', 'Save the Uterus Club 🏷️');
INSERT OR IGNORE INTO user_label (user_id, label) VALUES ('36e9ed208bbe4593b94e4c6a0a6449c3', 'Uterus Member 🐻');
INSERT OR IGNORE INTO user_label (user_id, label) VALUES ('36e9ed208bbe4593b94e4c6a0a6449c3', 'Save the Uterus Club Group member');
INSERT OR IGNORE INTO user_label (user_id, label) VALUES ('36e9ed208bbe4593b94e4c6a0a6449c3', 'Donor 👏');

INSERT OR IGNORE INTO user (id, email, email_verified, hashed_password, name, first_name, last_name, wix_member_id, blocked, role, created_at) VALUES ('5d50e10b94be42ddb19f46f92f20560a', 'biz.heath.work@gmail.com', 1, '', 'Elizabeth Heath', 'Elizabeth', 'Heath', NULL, 0, 'member', '2025-11-11 00:31');

INSERT OR IGNORE INTO user (id, email, email_verified, hashed_password, name, first_name, last_name, wix_member_id, blocked, role, created_at) VALUES ('26f3eec365a64bc7bda7dce47b881154', 'beckydozois@hotmail.com', 1, '', '', '', '', NULL, 0, 'member', '2025-11-13 18:02');

INSERT OR IGNORE INTO user (id, email, email_verified, hashed_password, name, first_name, last_name, wix_member_id, blocked, role, created_at) VALUES ('79d3f6e26f134bf4a9aec09b920be4c0', 'laurenbraunlpc@gmail.com', 1, '', 'Lauren Braun', 'Lauren', 'Braun', NULL, 0, 'member', '2025-11-13 03:43');

INSERT OR IGNORE INTO user (id, email, email_verified, hashed_password, name, first_name, last_name, wix_member_id, blocked, role, created_at) VALUES ('8704ac280a55471685a751ca624dc18f', 'helouamber513@gmail.com', 1, '', 'Amber Helou', 'Amber', 'Helou', NULL, 0, 'member', '2025-11-05 22:30');

INSERT OR IGNORE INTO user (id, email, email_verified, hashed_password, name, first_name, last_name, wix_member_id, blocked, role, created_at) VALUES ('c23b968e925749038580025087ca37d3', 'wendelle.almonor@gmail.com', 1, '', 'Jillie Cheri', 'Jillie', 'Cheri', NULL, 0, 'member', '2025-11-13 02:24');

INSERT OR IGNORE INTO user (id, email, email_verified, hashed_password, name, first_name, last_name, wix_member_id, blocked, role, created_at) VALUES ('d0e1802ec6464bcd9567c9fa819166fb', 'kjlw1010@gmail.com', 1, '', '', '', '', NULL, 0, 'member', '2025-11-13 02:22');

INSERT OR IGNORE INTO user (id, email, email_verified, hashed_password, name, first_name, last_name, wix_member_id, blocked, role, created_at) VALUES ('dfe79199ca654c67bb742facf185a8c4', 'j_einstein89@yahoo.com', 1, '', '', '', '', NULL, 0, 'member', '2025-11-04 22:33');

INSERT OR IGNORE INTO user (id, email, email_verified, hashed_password, name, first_name, last_name, wix_member_id, blocked, role, created_at) VALUES ('7d0a619d952e4a1cbfa1d4bf89c7855c', 'jessicachapman10@yahoo.com', 1, '', '', '', '', NULL, 0, 'member', '2025-11-09 21:33');

INSERT OR IGNORE INTO user (id, email, email_verified, hashed_password, name, first_name, last_name, wix_member_id, blocked, role, created_at) VALUES ('b126c65ddfb1460ab282a508cca5f864', 'stacey.senior05@gmail.com', 1, '', '', '', '', NULL, 0, 'member', '2025-11-03 23:57');

INSERT OR IGNORE INTO user (id, email, email_verified, hashed_password, name, first_name, last_name, wix_member_id, blocked, role, created_at) VALUES ('e99348a9a04b44d5991ab1bcf13cc374', 'shopwesternjacketofficial@gmail.com', 1, '', 'Shop Western Jacket', 'Shop Western', 'Jacket', NULL, 0, 'member', '2025-11-12 18:33');

INSERT OR IGNORE INTO user (id, email, email_verified, hashed_password, name, first_name, last_name, wix_member_id, blocked, role, created_at) VALUES ('7685234af376497a93ac5467deb783d7', 'lillytschmidt@gmail.com', 1, '', '', '', '', NULL, 0, 'member', '2025-11-13 02:03');

INSERT OR IGNORE INTO user (id, email, email_verified, hashed_password, name, first_name, last_name, wix_member_id, blocked, role, created_at) VALUES ('71bf77e0299f48c5865d94897893af8e', 'sarah.mcmanus16@gmail.com', 1, '', '', '', '', NULL, 0, 'member', '2025-11-13 02:13');

INSERT OR IGNORE INTO user (id, email, email_verified, hashed_password, name, first_name, last_name, wix_member_id, blocked, role, created_at) VALUES ('e542b0df11624257ab22cb135513d8dc', 'hurst.adele.m@gmail.col', 1, '', '', '', '', NULL, 0, 'member', '2025-11-03 11:09');

INSERT OR IGNORE INTO user (id, email, email_verified, hashed_password, name, first_name, last_name, wix_member_id, blocked, role, created_at) VALUES ('bf1fb25ae0ef490e8d710291833b94f8', 'frattinialexa@gmail.com', 1, '', '', '', '', NULL, 0, 'member', '2025-11-13 01:21');

INSERT OR IGNORE INTO user (id, email, email_verified, hashed_password, name, first_name, last_name, wix_member_id, blocked, role, created_at) VALUES ('962e9347192441f2a54471ecb5cded7c', 'josemine@gmail.com', 1, '', '', '', '', NULL, 0, 'member', '2025-11-13 00:27');

INSERT OR IGNORE INTO user (id, email, email_verified, hashed_password, name, first_name, last_name, wix_member_id, blocked, role, created_at) VALUES ('f261974cf50743b199a5b4eb0273f7c2', 'alstonc681@gmail.com', 1, '', '', '', '', NULL, 0, 'member', '2025-11-13 18:09');

INSERT OR IGNORE INTO user (id, email, email_verified, hashed_password, name, first_name, last_name, wix_member_id, blocked, role, created_at) VALUES ('162bf99a02c0415da9127827237b1a59', 'catherine.hayes93@gmail.com', 1, '', 'Catherine Hayes', 'Catherine', 'Hayes', NULL, 0, 'member', '2025-11-13 03:10');

INSERT OR IGNORE INTO user (id, email, email_verified, hashed_password, name, first_name, last_name, wix_member_id, blocked, role, created_at) VALUES ('34ac643fd3b84167a3ea25a0ade01a12', 'namimara3@gmail.com', 1, '', 'Nayomi Mill', 'Nayomi', 'Mill', NULL, 0, 'member', '2025-11-10 06:54');

INSERT OR IGNORE INTO user (id, email, email_verified, hashed_password, name, first_name, last_name, wix_member_id, blocked, role, created_at) VALUES ('af5dfa76bd2a411d88630370c18243b9', 'fleminghannahgrace@gmail.com', 1, '', '', '', '', NULL, 0, 'member', '2025-11-06 21:56');

INSERT OR IGNORE INTO user (id, email, email_verified, hashed_password, name, first_name, last_name, wix_member_id, blocked, role, created_at) VALUES ('ecedc0515abb401d95131764d0f0ed4f', 'ellenwmitchell@gmail.com', 1, '', '', '', '', NULL, 0, 'member', '2025-11-13 00:55');

INSERT OR IGNORE INTO user (id, email, email_verified, hashed_password, name, first_name, last_name, wix_member_id, blocked, role, created_at) VALUES ('4106198957d54bf48611c7ee68f5fa2b', 'jessicalynnsmith13@gmail.com', 1, '', '', '', '', NULL, 0, 'member', '2025-11-13 20:35');

INSERT OR IGNORE INTO user (id, email, email_verified, hashed_password, name, first_name, last_name, wix_member_id, blocked, role, created_at) VALUES ('84ef18b38a3b4299b2df3337dfc3d3de', 'juliaclareking@gmail.com', 1, '', '', '', '', NULL, 0, 'member', '2025-11-13 13:38');

INSERT OR IGNORE INTO user (id, email, email_verified, hashed_password, name, first_name, last_name, wix_member_id, blocked, role, created_at) VALUES ('c72fd9995e8948f1be4fadee000761cc', 'snydersf6@gmail.com', 1, '', '', '', '', NULL, 0, 'member', '2025-11-05 00:21');

INSERT OR IGNORE INTO user (id, email, email_verified, hashed_password, name, first_name, last_name, wix_member_id, blocked, role, created_at) VALUES ('e12144297ede4e7788eda66697feebee', 'love2bmrsb@gmail.com', 1, '', '', '', '', NULL, 0, 'member', '2025-11-13 07:34');

INSERT OR IGNORE INTO user (id, email, email_verified, hashed_password, name, first_name, last_name, wix_member_id, blocked, role, created_at) VALUES ('4f1dc1047ec142128b131caa691f2c10', 'absimpson2023@gmail.com', 1, '', '', '', '', NULL, 0, 'member', '2025-11-13 14:41');

INSERT OR IGNORE INTO user (id, email, email_verified, hashed_password, name, first_name, last_name, wix_member_id, blocked, role, created_at) VALUES ('141a794e08d64ee8a203c1c236b8fccc', 'seospecialistdaniel@gmail.com', 1, '', 'Daniel SEO SPECIALIST', 'Daniel', 'SEO SPECIALIST', NULL, 1, 'member', '2025-11-08 22:42');
INSERT OR IGNORE INTO user_label (user_id, label) VALUES ('141a794e08d64ee8a203c1c236b8fccc', 'Spam 🛑');

INSERT OR IGNORE INTO user (id, email, email_verified, hashed_password, name, first_name, last_name, wix_member_id, blocked, role, created_at) VALUES ('aa9c13996d094b5d8c6fd57bbc25133b', 'whtwavetuki@gmail.com', 1, '', '', '', '', NULL, 0, 'member', '2025-11-09 04:48');

INSERT OR IGNORE INTO user (id, email, email_verified, hashed_password, name, first_name, last_name, wix_member_id, blocked, role, created_at) VALUES ('c7195c7b447f4aa5a6ff5a26130cf465', 'wallis.petersen@gmail.com', 1, '', 'Wallis Petersen', 'Wallis', 'Petersen', NULL, 0, 'member', '2025-11-13 00:09');

INSERT OR IGNORE INTO user (id, email, email_verified, hashed_password, name, first_name, last_name, wix_member_id, blocked, role, created_at) VALUES ('426ea3607159482db58a16858ec5cce2', 'dotunwixlegendexpert@gmail.com', 1, '', 'Daniel James', 'Daniel', 'James', NULL, 1, 'member', '2025-11-12 19:16');
INSERT OR IGNORE INTO user_label (user_id, label) VALUES ('426ea3607159482db58a16858ec5cce2', 'Spam 🛑');

INSERT OR IGNORE INTO user (id, email, email_verified, hashed_password, name, first_name, last_name, wix_member_id, blocked, role, created_at) VALUES ('e2123eedc4c4492e948ed0dc7a77613e', 'lorinvieiranunes@gmail.com', 1, '', '', '', '', NULL, 0, 'member', '2025-11-06 23:13');

INSERT OR IGNORE INTO user (id, email, email_verified, hashed_password, name, first_name, last_name, wix_member_id, blocked, role, created_at) VALUES ('44ebbb9ff2674ba48200d721b2d05da9', 'katyfrances8@yahoo.com', 1, '', '', '', '', NULL, 0, 'member', '2025-11-13 12:37');

INSERT OR IGNORE INTO user (id, email, email_verified, hashed_password, name, first_name, last_name, wix_member_id, blocked, role, created_at) VALUES ('e5c36ccf562b4e70a3a9abdd78e0ae49', 'bm.gust2@gmail.com', 1, '', 'Breanna Gust', 'Breanna', 'Gust', NULL, 0, 'member', '2025-11-13 02:26');

INSERT OR IGNORE INTO user (id, email, email_verified, hashed_password, name, first_name, last_name, wix_member_id, blocked, role, created_at) VALUES ('7e71f3ed851f42ad927d6802e36cfd22', 'linnmaritaeik@hotmail.com', 1, '', '', '', '', NULL, 0, 'member', '2025-11-13 11:24');

INSERT OR IGNORE INTO user (id, email, email_verified, hashed_password, name, first_name, last_name, wix_member_id, blocked, role, created_at) VALUES ('b688a6f28bc543cc93cc5b7817a30ac9', 'lise.lirette@gmail.com', 1, '', '', '', '', NULL, 0, 'member', '2025-11-13 11:37');

INSERT OR IGNORE INTO user (id, email, email_verified, hashed_password, name, first_name, last_name, wix_member_id, blocked, role, created_at) VALUES ('ab8c0a2493204b3b84a4714f476fc330', 'libby.jensen520@gmail.com', 1, '', '', '', '', NULL, 0, 'member', '2025-11-08 02:13');

INSERT OR IGNORE INTO user (id, email, email_verified, hashed_password, name, first_name, last_name, wix_member_id, blocked, role, created_at) VALUES ('e1d07e7cdaa941f08aff93d0077dcfd6', 'maureendsmo@gmail.com', 1, '', 'Maureen Scott', 'Maureen', 'Scott', NULL, 0, 'member', '2025-11-13 05:20');

INSERT OR IGNORE INTO user (id, email, email_verified, hashed_password, name, first_name, last_name, wix_member_id, blocked, role, created_at) VALUES ('d98a4ec3a6fd4a8799e284457f7a1de5', 'aly.kreis@gmail.com', 1, '', 'Alyssa Kreis', 'Alyssa', 'Kreis', NULL, 0, 'member', '2025-11-12 23:46');

INSERT OR IGNORE INTO user (id, email, email_verified, hashed_password, name, first_name, last_name, wix_member_id, blocked, role, created_at) VALUES ('e04e853b44e54caca4e2420f5ffb66b0', 'gateau-junkier3x@icloud.com', 1, '', '', '', '', NULL, 0, 'member', '2025-11-13 00:12');

INSERT OR IGNORE INTO user (id, email, email_verified, hashed_password, name, first_name, last_name, wix_member_id, blocked, role, created_at) VALUES ('3b8b724448984b1891ba29d88e002743', 'kaylankosloff@gmail.com', 1, '', 'kayla kosloff', 'kayla', 'kosloff', NULL, 0, 'member', '2025-11-15 17:52');

INSERT OR IGNORE INTO user (id, email, email_verified, hashed_password, name, first_name, last_name, wix_member_id, blocked, role, created_at) VALUES ('c82bf78138d5478496905b89e3e26223', 'jke.augustine@gmail.com', 1, '', '', '', '', NULL, 0, 'member', '2025-11-28 14:54');

INSERT OR IGNORE INTO user (id, email, email_verified, hashed_password, name, first_name, last_name, wix_member_id, blocked, role, created_at) VALUES ('a538617e97294d3a9caa03c269a366cd', 'girlroboticsfan@gmail.com', 1, '', '', '', '', NULL, 0, 'member', '2025-12-09 20:18');

INSERT OR IGNORE INTO user (id, email, email_verified, hashed_password, name, first_name, last_name, wix_member_id, blocked, role, created_at) VALUES ('29b60b86ca7e44c4b211fb891cf3a219', 'jcmiddleton94@gmail.com', 1, '', '', '', '', NULL, 0, 'member', '2025-11-21 20:02');

INSERT OR IGNORE INTO user (id, email, email_verified, hashed_password, name, first_name, last_name, wix_member_id, blocked, role, created_at) VALUES ('b9c17a7e7bc7498da033228dcc60901b', 'julia.cherian@gmail.com', 1, '', 'Julia Cherian', 'Julia', 'Cherian', NULL, 0, 'member', '2025-11-21 04:50');
INSERT OR IGNORE INTO user_label (user_id, label) VALUES ('b9c17a7e7bc7498da033228dcc60901b', 'RRM Academy Members Group member');

INSERT OR IGNORE INTO user (id, email, email_verified, hashed_password, name, first_name, last_name, wix_member_id, blocked, role, created_at) VALUES ('10433714981a4a798279960ad976cf5d', 'briannachsmith@gmail.com', 1, '', '', '', '', NULL, 0, 'member', '2025-12-09 15:06');

INSERT OR IGNORE INTO user (id, email, email_verified, hashed_password, name, first_name, last_name, wix_member_id, blocked, role, created_at) VALUES ('b64d2b5b294b40ec8ef2073f1f97f765', 'andreambrull@gmail.com', 1, '', 'Andrea Madriz', 'Andrea', 'Madriz', NULL, 0, 'member', '2025-11-16 17:16');

INSERT OR IGNORE INTO user (id, email, email_verified, hashed_password, name, first_name, last_name, wix_member_id, blocked, role, created_at) VALUES ('1da5b9ec3a3a42c5a594712dcf4bfe96', 'sasha_alonzo@yahoo.com', 1, '', '', '', '', NULL, 0, 'member', '2025-11-20 21:45');

INSERT OR IGNORE INTO user (id, email, email_verified, hashed_password, name, first_name, last_name, wix_member_id, blocked, role, created_at) VALUES ('6c387a129762487083d70ec955faad05', 'regansimpson49@gmail.com', 1, '', 'Regan Simpson', 'Regan', 'Simpson', NULL, 0, 'member', '2025-12-08 23:59');

INSERT OR IGNORE INTO user (id, email, email_verified, hashed_password, name, first_name, last_name, wix_member_id, blocked, role, created_at) VALUES ('152efd738bfe4e289138efcd369341eb', 'samanthascalflmt@gmail.com', 1, '', 'Samantha Scalf', 'Samantha', 'Scalf', NULL, 0, 'member', '2025-11-21 15:18');

INSERT OR IGNORE INTO user (id, email, email_verified, hashed_password, name, first_name, last_name, wix_member_id, blocked, role, created_at) VALUES ('fb57f02bf0c1474fab8367180a00ef2c', 'priscilla.lugo@protonmail.com', 1, '', '', '', '', NULL, 0, 'member', '2025-12-09 05:30');

INSERT OR IGNORE INTO user (id, email, email_verified, hashed_password, name, first_name, last_name, wix_member_id, blocked, role, created_at) VALUES ('5f9ffbe0d9564b02bff2a3c4046b6ecb', 'haileyjorourke@gmail.com', 1, '', '', '', '', NULL, 0, 'member', '2025-11-25 01:56');

INSERT OR IGNORE INTO user (id, email, email_verified, hashed_password, name, first_name, last_name, wix_member_id, blocked, role, created_at) VALUES ('351e1b5cf6c940eb8cd66731bba22693', 'elisabeth.desinord@gmail.com', 1, '', 'Elisabeth Desinord', 'Elisabeth', 'Desinord', NULL, 0, 'member', '2025-11-26 20:51');

INSERT OR IGNORE INTO user (id, email, email_verified, hashed_password, name, first_name, last_name, wix_member_id, blocked, role, created_at) VALUES ('53aaca650d0d4c49ab3b108542e86e66', 'camilarhodeswixseoexpert.us@gmail.com', 1, '', 'Camila Rhodes', 'Camila', 'Rhodes', NULL, 1, 'member', '2025-12-06 14:22');
INSERT OR IGNORE INTO user_label (user_id, label) VALUES ('53aaca650d0d4c49ab3b108542e86e66', 'Spam 🛑');

INSERT OR IGNORE INTO user (id, email, email_verified, hashed_password, name, first_name, last_name, wix_member_id, blocked, role, created_at) VALUES ('646d6660501e48558655f49f1109e069', 'marniestapp@icloud.com', 1, '', '', '', '', NULL, 0, 'member', '2025-12-08 18:04');

INSERT OR IGNORE INTO user (id, email, email_verified, hashed_password, name, first_name, last_name, wix_member_id, blocked, role, created_at) VALUES ('74aaa53d5e8e4ffd95772013e0de3428', 'kristyawillis@gmail.com', 1, '', 'Kristy Torres', 'Kristy', 'Torres', NULL, 0, 'member', '2025-12-08 13:28');

INSERT OR IGNORE INTO user (id, email, email_verified, hashed_password, name, first_name, last_name, wix_member_id, blocked, role, created_at) VALUES ('6b141a4debbc47ff85f3efe0de019f14', 'katyharkey07@gmail.com', 1, '', '', '', '', NULL, 0, 'member', '2025-12-01 21:13');

INSERT OR IGNORE INTO user (id, email, email_verified, hashed_password, name, first_name, last_name, wix_member_id, blocked, role, created_at) VALUES ('6d4122546c1e45ac93bd52bbe1f99962', 'kaitlynn.caputo@gmail.com', 1, '', 'Kaitlynn Wagner', 'Kaitlynn', 'Wagner', NULL, 0, 'member', '2025-12-09 17:54');

INSERT OR IGNORE INTO user (id, email, email_verified, hashed_password, name, first_name, last_name, wix_member_id, blocked, role, created_at) VALUES ('ae55cd9b4c0d40bfbd606782d16e6387', 'florilene.cornier@gmail.com', 1, '', 'Florilène Cornier', 'Florilène', 'Cornier', NULL, 0, 'member', '2025-11-25 18:12');

INSERT OR IGNORE INTO user (id, email, email_verified, hashed_password, name, first_name, last_name, wix_member_id, blocked, role, created_at) VALUES ('64bb57c83ef342609c8a7eb8efc316c6', 'john.crystal.miller@gmail.com', 1, '', '', '', '', NULL, 0, 'member', '2025-12-06 20:05');
INSERT OR IGNORE INTO user_label (user_id, label) VALUES ('64bb57c83ef342609c8a7eb8efc316c6', 'Masterclass in Endometriosis and Surgery');
INSERT OR IGNORE INTO user_label (user_id, label) VALUES ('64bb57c83ef342609c8a7eb8efc316c6', 'Endo Surgeon Workbook 🏷️');
INSERT OR IGNORE INTO enrollment (id, user_id, course_id, enrolled_at) VALUES ('ba6940dd82f74b179629031172a02278', '64bb57c83ef342609c8a7eb8efc316c6', 'masterclass-endo-surgery', '2025-12-06 20:05');

INSERT OR IGNORE INTO user (id, email, email_verified, hashed_password, name, first_name, last_name, wix_member_id, blocked, role, created_at) VALUES ('6581d750c5174602bf18bee952098332', 'katherynwithane@yahoo.com', 1, '', '', '', '', NULL, 0, 'member', '2025-11-18 02:52');

INSERT OR IGNORE INTO user (id, email, email_verified, hashed_password, name, first_name, last_name, wix_member_id, blocked, role, created_at) VALUES ('0e6efc90df564500b34c02bb68f07b46', 'cayleylslater@gmail.com', 1, '', '', '', '', NULL, 0, 'member', '2025-11-17 18:34');

INSERT OR IGNORE INTO user (id, email, email_verified, hashed_password, name, first_name, last_name, wix_member_id, blocked, role, created_at) VALUES ('1074a219882b4a659c3517f830330fa0', 'mxbeveridge@gmail.com', 1, '', 'Maria Beveridge', 'Maria', 'Beveridge', NULL, 0, 'member', '2025-11-16 13:20');

INSERT OR IGNORE INTO user (id, email, email_verified, hashed_password, name, first_name, last_name, wix_member_id, blocked, role, created_at) VALUES ('1cab7eedc23b4478910f9303f71b30ba', 'patriciaamesteves@gmail.com', 1, '', 'Patrícia Esteves', 'Patrícia', 'Esteves', NULL, 0, 'member', '2025-11-25 18:24');

INSERT OR IGNORE INTO user (id, email, email_verified, hashed_password, name, first_name, last_name, wix_member_id, blocked, role, created_at) VALUES ('2abe24ec257c44faa658a59cfbf12b2e', 'becca.faye@live.com', 1, '', '', '', '', NULL, 0, 'member', '2025-12-07 23:01');

INSERT OR IGNORE INTO user (id, email, email_verified, hashed_password, name, first_name, last_name, wix_member_id, blocked, role, created_at) VALUES ('7c3be89c6e6f4efabfe1fe01cefe39bc', 'gns2227@icloud.com', 1, '', 'Grace', 'Grace', '', NULL, 0, 'member', '2025-12-02 15:10');

INSERT OR IGNORE INTO user (id, email, email_verified, hashed_password, name, first_name, last_name, wix_member_id, blocked, role, created_at) VALUES ('61f85c48b42349878661a051c84cf2bc', 'mikifendley@yahoo.com', 1, '', '', '', '', NULL, 0, 'member', '2025-11-20 03:00');

INSERT OR IGNORE INTO user (id, email, email_verified, hashed_password, name, first_name, last_name, wix_member_id, blocked, role, created_at) VALUES ('82027994ced64079ba0fd6f774160bef', 'annierebecca93@gmail.com', 1, '', 'Annie Stoesz', 'Annie', 'Stoesz', NULL, 0, 'member', '2025-11-29 06:37');

INSERT OR IGNORE INTO user (id, email, email_verified, hashed_password, name, first_name, last_name, wix_member_id, blocked, role, created_at) VALUES ('d6f000602794407db18ee117531aab4a', 'r_aechyl@hotmail.co.uk', 1, '', '', '', '', NULL, 0, 'member', '2025-11-18 14:49');

INSERT OR IGNORE INTO user (id, email, email_verified, hashed_password, name, first_name, last_name, wix_member_id, blocked, role, created_at) VALUES ('8b94b9f0f0a645ad8d6300abd0d797b2', 'allie.just@gmail.com', 1, '', 'Allie Just', 'Allie', 'Just', NULL, 0, 'member', '2025-12-08 23:20');

INSERT OR IGNORE INTO user (id, email, email_verified, hashed_password, name, first_name, last_name, wix_member_id, blocked, role, created_at) VALUES ('16728d3e959e4fd9bac541574de0831d', 'nicolealonso001@gmail.com', 1, '', '', '', '', NULL, 0, 'member', '2025-11-29 19:13');

INSERT OR IGNORE INTO user (id, email, email_verified, hashed_password, name, first_name, last_name, wix_member_id, blocked, role, created_at) VALUES ('1044dc89d17d41f6ad3247d152fa8cc0', 'n.kruer@aol.com', 1, '', '', '', '', NULL, 0, 'member', '2025-11-21 15:18');

INSERT OR IGNORE INTO user (id, email, email_verified, hashed_password, name, first_name, last_name, wix_member_id, blocked, role, created_at) VALUES ('6dcbc3f018ee46f1a3e54502154895c1', 'naravna.plodnost@gmail.com', 1, '', 'ABili - naravna plodnost', 'ABili -', 'naravna plodnost', NULL, 0, 'member', '2025-12-03 11:49');

INSERT OR IGNORE INTO user (id, email, email_verified, hashed_password, name, first_name, last_name, wix_member_id, blocked, role, created_at) VALUES ('f8b573627b0b4e2db3062dba0ad70f83', 'laurenschaffitzel@gmail.com', 1, '', 'Lauren Schaffitzel', 'Lauren', 'Schaffitzel', NULL, 0, 'member', '2025-11-28 04:43');

INSERT OR IGNORE INTO user (id, email, email_verified, hashed_password, name, first_name, last_name, wix_member_id, blocked, role, created_at) VALUES ('036b01f3e09a46859ec20bdbe454ec93', 'mathildesmit.1996@gmail.com', 1, '', 'Mathilde Smit', 'Mathilde', 'Smit', NULL, 0, 'member', '2025-11-19 19:58');

INSERT OR IGNORE INTO user (id, email, email_verified, hashed_password, name, first_name, last_name, wix_member_id, blocked, role, created_at) VALUES ('d8bf7ba452c14a7d81185b78e4c7ca87', 'evelynwilliamwixseospecialist@gmail.com', 1, '', 'Evelyn William', 'Evelyn', 'William', NULL, 1, 'member', '2025-11-15 12:43');
INSERT OR IGNORE INTO user_label (user_id, label) VALUES ('d8bf7ba452c14a7d81185b78e4c7ca87', 'Spam 🛑');

INSERT OR IGNORE INTO user (id, email, email_verified, hashed_password, name, first_name, last_name, wix_member_id, blocked, role, created_at) VALUES ('f28dbaede89b4718a4fdcb137d02c553', 'lisa@capitalrealestatend.com', 1, '', 'Lisa Leake', 'Lisa', 'Leake', NULL, 0, 'member', '2025-12-03 11:58');

INSERT OR IGNORE INTO user (id, email, email_verified, hashed_password, name, first_name, last_name, wix_member_id, blocked, role, created_at) VALUES ('f0b67888ca7e46469581c6a2ad6cc135', 'lidsterm02@gmail.com', 1, '', 'Lydia Mara', 'Lydia', 'Mara', NULL, 0, 'member', '2025-11-26 16:35');

INSERT OR IGNORE INTO user (id, email, email_verified, hashed_password, name, first_name, last_name, wix_member_id, blocked, role, created_at) VALUES ('3475accc3d7b490ab60ce5edbc450de6', 'nmal2977@gmail.com', 1, '', 'Neha Malla', 'Neha', 'Malla', NULL, 0, 'member', '2025-11-18 04:29');

INSERT OR IGNORE INTO user (id, email, email_verified, hashed_password, name, first_name, last_name, wix_member_id, blocked, role, created_at) VALUES ('3d0f413ef3eb428983b69d637c05b566', 's.janelle.d@gmail.com', 1, '', '', '', '', NULL, 0, 'member', '2025-11-29 06:56');

INSERT OR IGNORE INTO user (id, email, email_verified, hashed_password, name, first_name, last_name, wix_member_id, blocked, role, created_at) VALUES ('b76b808de3574b44a1bd520ad4ff4036', 'elizabeth.wixwebsolutions@gmail.com', 1, '', 'Elizabeth', 'Elizabeth', '', NULL, 1, 'member', '2025-12-09 20:30');
INSERT OR IGNORE INTO user_label (user_id, label) VALUES ('b76b808de3574b44a1bd520ad4ff4036', 'Spam 🛑');

INSERT OR IGNORE INTO user (id, email, email_verified, hashed_password, name, first_name, last_name, wix_member_id, blocked, role, created_at) VALUES ('21d752bde4a44b41b2866327ba931ea6', 'kellylthai@gmail.com', 1, '', '', '', '', NULL, 0, 'member', '2025-11-18 07:51');

INSERT OR IGNORE INTO user (id, email, email_verified, hashed_password, name, first_name, last_name, wix_member_id, blocked, role, created_at) VALUES ('888a34a58ab24696850a405167b27243', 'bdani_10_95@yahoo.com', 1, '', '', '', '', NULL, 0, 'member', '2025-11-16 01:02');

INSERT OR IGNORE INTO user (id, email, email_verified, hashed_password, name, first_name, last_name, wix_member_id, blocked, role, created_at) VALUES ('b73be4a711b041d88408ef6dbb9b8311', 'avrieduncan@gmail.com', 1, '', 'Avrie Duncan', 'Avrie Duncan', '', NULL, 0, 'member', '2025-12-08 19:20');

INSERT OR IGNORE INTO user (id, email, email_verified, hashed_password, name, first_name, last_name, wix_member_id, blocked, role, created_at) VALUES ('83bfaea5c05e4703b4ea0c3fc91bb0c3', 'briannaadams@live.com', 1, '', '', '', '', NULL, 0, 'member', '2025-11-17 23:38');

INSERT OR IGNORE INTO user (id, email, email_verified, hashed_password, name, first_name, last_name, wix_member_id, blocked, role, created_at) VALUES ('8feb1af42d674697abe5cf385c9aadec', 'kaleighlbryce@gmail.com', 1, '', '', '', '', NULL, 0, 'member', '2025-12-08 03:56');

INSERT OR IGNORE INTO user (id, email, email_verified, hashed_password, name, first_name, last_name, wix_member_id, blocked, role, created_at) VALUES ('ee17e4ccef5a46438510e8c6a502c6c6', 'maribelkoza@gmail.com', 1, '', 'maribel koza', 'maribel', 'koza', NULL, 0, 'member', '2025-11-25 06:24');

INSERT OR IGNORE INTO user (id, email, email_verified, hashed_password, name, first_name, last_name, wix_member_id, blocked, role, created_at) VALUES ('d86842bbd193477fb60e08b533eda180', 'jessiemartin1215@gmail.com', 1, '', '', '', '', NULL, 0, 'member', '2025-12-08 22:00');

INSERT OR IGNORE INTO user (id, email, email_verified, hashed_password, name, first_name, last_name, wix_member_id, blocked, role, created_at) VALUES ('f130c69bd549497f8e11431ec87187c2', 'valeriachavez167@gmail.com', 1, '', 'Valeria Chavez', 'Valeria', 'Chavez', NULL, 0, 'member', '2025-12-01 03:35');

INSERT OR IGNORE INTO user (id, email, email_verified, hashed_password, name, first_name, last_name, wix_member_id, blocked, role, created_at) VALUES ('9aefea43316f4108be71ee80a8c4ea47', 'madelinejeakle@gmail.com', 1, '', 'Madeline Nemes', 'Madeline', 'Nemes', NULL, 0, 'member', '2025-11-17 23:22');

INSERT OR IGNORE INTO user (id, email, email_verified, hashed_password, name, first_name, last_name, wix_member_id, blocked, role, created_at) VALUES ('e3e17e637f7646a68464d3fe97a4a20b', 'langleyannamarie@gmail.com', 1, '', 'Anna-Marie Gardner', 'Anna-Marie', 'Gardner', NULL, 0, 'member', '2025-11-25 14:11');
INSERT OR IGNORE INTO user_label (user_id, label) VALUES ('e3e17e637f7646a68464d3fe97a4a20b', 'RRM Academy Members Group member');

INSERT OR IGNORE INTO user (id, email, email_verified, hashed_password, name, first_name, last_name, wix_member_id, blocked, role, created_at) VALUES ('5fe4d718521647209d7e1216f07688d6', 'kaitlynk4280@hotmail.com', 1, '', '', '', '', NULL, 0, 'member', '2025-12-03 01:22');

INSERT OR IGNORE INTO user (id, email, email_verified, hashed_password, name, first_name, last_name, wix_member_id, blocked, role, created_at) VALUES ('8ba035c454f14c9aac2b32ce6fcd5241', 'macyrae59@gmail.com', 1, '', '', '', '', NULL, 0, 'member', '2025-12-02 00:16');

INSERT OR IGNORE INTO user (id, email, email_verified, hashed_password, name, first_name, last_name, wix_member_id, blocked, role, created_at) VALUES ('f8868a3ad61c42b7906ddf9e2d240317', 'maslermegan@gmail.com', 1, '', 'Megan Masler', 'Megan', 'Masler', NULL, 0, 'member', '2025-12-02 20:12');

INSERT OR IGNORE INTO user (id, email, email_verified, hashed_password, name, first_name, last_name, wix_member_id, blocked, role, created_at) VALUES ('9df79f22132f43b1b1fe882fe7efe59a', 'kaleighlbrycd@gmail.com', 1, '', '', '', '', NULL, 0, 'member', '2025-12-08 03:54');

INSERT OR IGNORE INTO user (id, email, email_verified, hashed_password, name, first_name, last_name, wix_member_id, blocked, role, created_at) VALUES ('71cb499802c740f9a97375403e3b51db', 'cadysmcvay@gmail.com', 1, '', '', '', '', NULL, 0, 'member', '2025-12-01 04:50');

INSERT OR IGNORE INTO user (id, email, email_verified, hashed_password, name, first_name, last_name, wix_member_id, blocked, role, created_at) VALUES ('cd6e0bc249a24e669e16416e39900d57', 'agrollheiser@gmail.com', 1, '', '', '', '', NULL, 0, 'member', '2025-12-07 01:49');

INSERT OR IGNORE INTO user (id, email, email_verified, hashed_password, name, first_name, last_name, wix_member_id, blocked, role, created_at) VALUES ('40f457fa2d3b4c789957f9be9ff109a5', 'bindar@windowslive.com', 1, '', '', '', '', NULL, 0, 'member', '2025-12-05 11:51');

INSERT OR IGNORE INTO user (id, email, email_verified, hashed_password, name, first_name, last_name, wix_member_id, blocked, role, created_at) VALUES ('2e3245e1b1e143cdbb3015b42252eb69', 'roxanemcallister@gmail.com', 1, '', 'Roxane McAllister', 'Roxane', 'McAllister', NULL, 0, 'member', '2025-11-25 13:48');
INSERT OR IGNORE INTO user_label (user_id, label) VALUES ('2e3245e1b1e143cdbb3015b42252eb69', 'RRM Academy Members Group member');

INSERT OR IGNORE INTO user (id, email, email_verified, hashed_password, name, first_name, last_name, wix_member_id, blocked, role, created_at) VALUES ('c7dee05bbd484d6f8835b22371a1a232', 'kaylajpascoe@gmail.com', 1, '', 'Kayla Pasoce', 'Kayla', 'Pasoce', NULL, 0, 'member', '2025-12-09 01:24');

INSERT OR IGNORE INTO user (id, email, email_verified, hashed_password, name, first_name, last_name, wix_member_id, blocked, role, created_at) VALUES ('eaeecf95e0f54dc9bc47975995af4eb5', 'klabunde.kayle@gmail.com', 1, '', '', '', '', NULL, 0, 'member', '2025-11-29 21:55');

INSERT OR IGNORE INTO user (id, email, email_verified, hashed_password, name, first_name, last_name, wix_member_id, blocked, role, created_at) VALUES ('7eec1f1b39b14b6885395b14fc47bf40', 'lindsaychiodo01@gmail.com', 1, '', 'Lindsay Chiodo', 'Lindsay', 'Chiodo', NULL, 0, 'member', '2025-11-26 01:20');

INSERT OR IGNORE INTO user (id, email, email_verified, hashed_password, name, first_name, last_name, wix_member_id, blocked, role, created_at) VALUES ('da2eed70a36642e7bcc9a45b8f33922d', 'fm.bryanna@gmail.com', 1, '', '', '', '', NULL, 0, 'member', '2025-11-18 00:18');

INSERT OR IGNORE INTO user (id, email, email_verified, hashed_password, name, first_name, last_name, wix_member_id, blocked, role, created_at) VALUES ('a2460e5feedd4cb2bbef593d0576ac53', 'mandiangutabita@gmail.com', 1, '', 'Tabita Mandiangu', 'Tabita', 'Mandiangu', NULL, 0, 'member', '2025-11-18 18:35');

INSERT OR IGNORE INTO user (id, email, email_verified, hashed_password, name, first_name, last_name, wix_member_id, blocked, role, created_at) VALUES ('69094efee4d64ef2acb9a7e1e9727c90', 'alaniaspohn@gmail.com', 1, '', '', '', '', NULL, 0, 'member', '2025-12-02 16:39');

INSERT OR IGNORE INTO user (id, email, email_verified, hashed_password, name, first_name, last_name, wix_member_id, blocked, role, created_at) VALUES ('2475c42f9ecb460a840949d59c627516', 'ameliahenningsen@gmail.com', 1, '', 'Amelia Henningsen', 'Amelia', 'Henningsen', NULL, 0, 'member', '2025-11-21 18:24');

INSERT OR IGNORE INTO user (id, email, email_verified, hashed_password, name, first_name, last_name, wix_member_id, blocked, role, created_at) VALUES ('0edf2eb962724b5bb070d5a8d6c9f880', 'boguslaw.katie@gmail.com', 1, '', '', '', '', NULL, 0, 'member', '2025-12-04 04:47');

INSERT OR IGNORE INTO user (id, email, email_verified, hashed_password, name, first_name, last_name, wix_member_id, blocked, role, created_at) VALUES ('9b4408aeef2648c9b01056fd6f615753', 'oliviawynthein@gmail.com', 1, '', 'Olivia Wynthein', 'Olivia', 'Wynthein', NULL, 0, 'member', '2025-12-02 11:49');

INSERT OR IGNORE INTO user (id, email, email_verified, hashed_password, name, first_name, last_name, wix_member_id, blocked, role, created_at) VALUES ('79523a6ad34e4e5fba22ab40befaf5ee', 'kcmcguinness@yahoo.com', 1, '', '', '', '', NULL, 0, 'member', '2025-11-21 18:09');

INSERT OR IGNORE INTO user (id, email, email_verified, hashed_password, name, first_name, last_name, wix_member_id, blocked, role, created_at) VALUES ('e313d363c0824199b3b0c971061df821', 'tatum.broussard79@gmail.com', 1, '', '', '', '', NULL, 0, 'member', '2025-11-15 18:14');

INSERT OR IGNORE INTO user (id, email, email_verified, hashed_password, name, first_name, last_name, wix_member_id, blocked, role, created_at) VALUES ('f77fd0e5d98e4cf0a3fa9e2be98018ae', 'bucketofme123099@gmail.com', 1, '', '', '', '', NULL, 0, 'member', '2025-11-13 23:09');

INSERT OR IGNORE INTO user (id, email, email_verified, hashed_password, name, first_name, last_name, wix_member_id, blocked, role, created_at) VALUES ('b237a839f2ef43f8bb9ff961b703cbcf', 'info.shawnwixspecialist@gmail.com', 1, '', 'Shawn', 'Shawn', '', NULL, 1, 'member', '2025-12-05 00:39');
INSERT OR IGNORE INTO user_label (user_id, label) VALUES ('b237a839f2ef43f8bb9ff961b703cbcf', 'Spam 🛑');

INSERT OR IGNORE INTO user (id, email, email_verified, hashed_password, name, first_name, last_name, wix_member_id, blocked, role, created_at) VALUES ('cd2b52de63a247f8bb7cec0a2ac361f6', 'abbymholmes.16@gmail.com', 1, '', 'Abby Holmes', 'Abby', 'Holmes', NULL, 0, 'member', '2025-11-20 01:32');

INSERT OR IGNORE INTO user (id, email, email_verified, hashed_password, name, first_name, last_name, wix_member_id, blocked, role, created_at) VALUES ('16b0f582ef724b9ea257f4140e580d98', 'karley.kovatch@gmail.com', 1, '', 'Karley Kovatch', 'Karley', 'Kovatch', NULL, 0, 'member', '2025-11-17 20:16');

INSERT OR IGNORE INTO user (id, email, email_verified, hashed_password, name, first_name, last_name, wix_member_id, blocked, role, created_at) VALUES ('15e6e4ded7634657a92fecaac1f6a077', 'rvog01@gmail.com', 1, '', '', '', '', NULL, 0, 'member', '2025-12-04 23:50');

INSERT OR IGNORE INTO user (id, email, email_verified, hashed_password, name, first_name, last_name, wix_member_id, blocked, role, created_at) VALUES ('d02b5432a16e4465890353231e9f9fbc', 'ambermobrien18@gmail.com', 1, '', '', '', '', NULL, 0, 'member', '2025-11-14 22:56');

INSERT OR IGNORE INTO user (id, email, email_verified, hashed_password, name, first_name, last_name, wix_member_id, blocked, role, created_at) VALUES ('540510e84e9348ec8115dfc27f8282b4', 'hadleyglen@gmail.com', 1, '', '', '', '', NULL, 0, 'member', '2025-12-05 02:50');

INSERT OR IGNORE INTO user (id, email, email_verified, hashed_password, name, first_name, last_name, wix_member_id, blocked, role, created_at) VALUES ('1e5ace604645464992fb0afbdf67fd6e', 'robertina.djackaj@gmail.com', 1, '', 'Robertina Djačkaj', 'Robertina', 'Djačkaj', NULL, 0, 'member', '2025-12-04 16:01');

INSERT OR IGNORE INTO user (id, email, email_verified, hashed_password, name, first_name, last_name, wix_member_id, blocked, role, created_at) VALUES ('1bfdc668a2334f6d929bb5a77f3781e4', 'doctorfamily14@gmail.com', 1, '', '', '', '', NULL, 0, 'member', '2025-11-20 04:02');

INSERT OR IGNORE INTO user (id, email, email_verified, hashed_password, name, first_name, last_name, wix_member_id, blocked, role, created_at) VALUES ('295dc18d60e44dfb9209f60d0e5579c0', 'avagalexander@gmail.com', 1, '', 'Ava', 'Ava', '', NULL, 0, 'member', '2025-12-01 15:53');

INSERT OR IGNORE INTO user (id, email, email_verified, hashed_password, name, first_name, last_name, wix_member_id, blocked, role, created_at) VALUES ('4b44199fabc043318d3882e61e338172', 'hannahnrobinson@proton.me', 1, '', '', '', '', NULL, 0, 'member', '2025-11-30 00:07');
INSERT OR IGNORE INTO user_label (user_id, label) VALUES ('4b44199fabc043318d3882e61e338172', 'RRM Academy Members Group member');

INSERT OR IGNORE INTO user (id, email, email_verified, hashed_password, name, first_name, last_name, wix_member_id, blocked, role, created_at) VALUES ('48345e2785904106b93d7f31d6619778', 'ashleymeganstone@gmail.com', 1, '', 'Ashley Stone', 'Ashley', 'Stone', NULL, 0, 'member', '2025-12-02 04:22');

INSERT OR IGNORE INTO user (id, email, email_verified, hashed_password, name, first_name, last_name, wix_member_id, blocked, role, created_at) VALUES ('6edbff92c6ff481daf1eba6669c12fd4', 'erikakopseng@gmail.com', 1, '', '', '', '', NULL, 0, 'member', '2025-11-21 19:01');

INSERT OR IGNORE INTO user (id, email, email_verified, hashed_password, name, first_name, last_name, wix_member_id, blocked, role, created_at) VALUES ('1ec83952b0b3444e83446278f09c8bb0', 'info.ethan.wixpartner@gmail.com', 1, '', 'Wix Specialist', 'Wix Specialist', '', NULL, 1, 'member', '2025-11-25 23:26');
INSERT OR IGNORE INTO user_label (user_id, label) VALUES ('1ec83952b0b3444e83446278f09c8bb0', 'Spam 🛑');

INSERT OR IGNORE INTO user (id, email, email_verified, hashed_password, name, first_name, last_name, wix_member_id, blocked, role, created_at) VALUES ('0f175057873f42df99e86a2b9b04bd64', 'sweatheart926@gmail.com', 1, '', 'Ashley Salazar', 'Ashley', 'Salazar', NULL, 0, 'member', '2025-11-17 20:44');

INSERT OR IGNORE INTO user (id, email, email_verified, hashed_password, name, first_name, last_name, wix_member_id, blocked, role, created_at) VALUES ('d1f3f7f595a14984b0bbcf32bf9b65f5', 'madi6ott@gmail.com', 1, '', '', '', '', NULL, 0, 'member', '2025-12-09 16:08');

INSERT OR IGNORE INTO user (id, email, email_verified, hashed_password, name, first_name, last_name, wix_member_id, blocked, role, created_at) VALUES ('adde0c6cfdb0444da8796d2763a28c69', 'atrogers89@gmail.com', 1, '', '', '', '', NULL, 0, 'member', '2025-12-07 19:45');

INSERT OR IGNORE INTO user (id, email, email_verified, hashed_password, name, first_name, last_name, wix_member_id, blocked, role, created_at) VALUES ('0f2e49fbe4c744f283c7480f007fd5a2', 'dania.aqel97@gmail.com', 1, '', 'Dania Aqel', 'Dania', 'Aqel', NULL, 0, 'member', '2025-11-28 22:32');

INSERT OR IGNORE INTO user (id, email, email_verified, hashed_password, name, first_name, last_name, wix_member_id, blocked, role, created_at) VALUES ('7c6bd963571f4744b11cb68e8db190ef', 'mgermain2002@gmail.com', 1, '', 'Marlysa Germain', 'Marlysa', 'Germain', NULL, 0, 'member', '2025-11-28 02:41');

INSERT OR IGNORE INTO user (id, email, email_verified, hashed_password, name, first_name, last_name, wix_member_id, blocked, role, created_at) VALUES ('420b95b00fab461298bd91b4641e978e', 'trunzel@gmail.com', 1, '', 'Tricia Menke', 'Tricia', 'Menke', NULL, 0, 'member', '2025-11-14 20:45');

INSERT OR IGNORE INTO user (id, email, email_verified, hashed_password, name, first_name, last_name, wix_member_id, blocked, role, created_at) VALUES ('fab8ef8e62e64b86a9c43b2b06bcc8ad', 'niemannwedding22@gmail.com', 1, '', '', '', '', NULL, 0, 'member', '2025-12-06 23:08');

INSERT OR IGNORE INTO user (id, email, email_verified, hashed_password, name, first_name, last_name, wix_member_id, blocked, role, created_at) VALUES ('55b05830b2ca4a9ba79dc452e8e075f0', 'stephaniems272@gmail.com', 1, '', '', '', '', NULL, 0, 'member', '2025-11-26 01:25');

INSERT OR IGNORE INTO user (id, email, email_verified, hashed_password, name, first_name, last_name, wix_member_id, blocked, role, created_at) VALUES ('ae6b01dd61e34ecd90eeace28731c606', 'tdeba89@gmail.com', 1, '', '', '', '', NULL, 0, 'member', '2025-12-08 20:40');

INSERT OR IGNORE INTO user (id, email, email_verified, hashed_password, name, first_name, last_name, wix_member_id, blocked, role, created_at) VALUES ('319c9dbfb38c44e99f7181eb1de8e710', 'sara.bejtullahu@hotmail.com', 1, '', '', '', '', NULL, 0, 'member', '2025-11-18 11:10');

INSERT OR IGNORE INTO user (id, email, email_verified, hashed_password, name, first_name, last_name, wix_member_id, blocked, role, created_at) VALUES ('d648c080209f4b5bb45e589cd2fce411', 'florezelizabeth111@gmail.com', 1, '', 'Elizabeth Florez', 'Elizabeth', 'Florez', NULL, 0, 'member', '2025-12-01 17:10');

INSERT OR IGNORE INTO user (id, email, email_verified, hashed_password, name, first_name, last_name, wix_member_id, blocked, role, created_at) VALUES ('62399830af2b4423a2a4ee840861f355', 'regcphillips@outlook.com', 1, '', '', '', '', NULL, 0, 'member', '2025-12-09 03:40');

INSERT OR IGNORE INTO user (id, email, email_verified, hashed_password, name, first_name, last_name, wix_member_id, blocked, role, created_at) VALUES ('b244f317e2344ac1b5a5de654f590ade', 'gabfons1995@yahoo.fr', 1, '', '', '', '', NULL, 0, 'member', '2025-12-23 12:42');

INSERT OR IGNORE INTO user (id, email, email_verified, hashed_password, name, first_name, last_name, wix_member_id, blocked, role, created_at) VALUES ('a0c9bbac7c9d494c9cd9c92be1ea601c', 'abbyrenee83472@gmail.com', 1, '', 'Abby Westfall', 'Abby', 'Westfall', NULL, 0, 'member', '2026-01-07 11:40');

INSERT OR IGNORE INTO user (id, email, email_verified, hashed_password, name, first_name, last_name, wix_member_id, blocked, role, created_at) VALUES ('9f1c59ecf6a748ceb537850d41f59851', 'alanadeutsch90@gmail.com', 1, '', '', '', '', NULL, 0, 'member', '2025-12-31 03:50');

INSERT OR IGNORE INTO user (id, email, email_verified, hashed_password, name, first_name, last_name, wix_member_id, blocked, role, created_at) VALUES ('8884ca972c3c42ed9c1fefdf7a8e7695', 'tomtom999@gmail.com', 1, '', '', '', '', NULL, 0, 'member', '2026-01-06 08:53');

INSERT OR IGNORE INTO user (id, email, email_verified, hashed_password, name, first_name, last_name, wix_member_id, blocked, role, created_at) VALUES ('191449928ac14cb5bf186f36caffd8f9', 'shall@mail.adler.ca', 1, '', 'Stephanie Hall', 'Stephanie', 'Hall', NULL, 0, 'member', '2025-12-29 22:21');

INSERT OR IGNORE INTO user (id, email, email_verified, hashed_password, name, first_name, last_name, wix_member_id, blocked, role, created_at) VALUES ('7b3dde26b8a34cac9e51e5ac31e76843', 'vujevic.tea@gmail.com', 1, '', 'Tea Vujevic', 'Tea', 'Vujevic', NULL, 0, 'member', '2025-12-12 16:32');

INSERT OR IGNORE INTO user (id, email, email_verified, hashed_password, name, first_name, last_name, wix_member_id, blocked, role, created_at) VALUES ('979ec8400bb9434b964bd9064165f7b6', 'oconnella@westboroughk12.org', 1, '', 'Alana O''Connell', 'Alana', 'O''Connell', NULL, 0, 'member', '2025-12-31 03:48');

INSERT OR IGNORE INTO user (id, email, email_verified, hashed_password, name, first_name, last_name, wix_member_id, blocked, role, created_at) VALUES ('d0e2259b027549cb9cc7e3d0d22ce5a6', 'wellingtontaryn@gmail.com', 1, '', '', '', '', NULL, 0, 'member', '2026-01-01 18:37');

INSERT OR IGNORE INTO user (id, email, email_verified, hashed_password, name, first_name, last_name, wix_member_id, blocked, role, created_at) VALUES ('af39ca59617443d594d403fcff995a15', 'charlotte.e.clarkson@gmail.com', 1, '', 'Charlotte', 'Charlotte', '', NULL, 0, 'member', '2025-12-11 12:57');

INSERT OR IGNORE INTO user (id, email, email_verified, hashed_password, name, first_name, last_name, wix_member_id, blocked, role, created_at) VALUES ('a7e017f817a44be7af6bd62bdae669a6', 'sullivjm1@gmail.com', 1, '', '', '', '', NULL, 0, 'member', '2025-12-31 02:13');

INSERT OR IGNORE INTO user (id, email, email_verified, hashed_password, name, first_name, last_name, wix_member_id, blocked, role, created_at) VALUES ('e65ef69f3c774842bb8bcd50ac586f5c', 'lndowney26@gmail.com', 1, '', 'Lisa Downey', 'Lisa', 'Downey', NULL, 0, 'member', '2026-01-07 02:50');

INSERT OR IGNORE INTO user (id, email, email_verified, hashed_password, name, first_name, last_name, wix_member_id, blocked, role, created_at) VALUES ('e74871b2a0f14acdae0e3024d13346ae', 'risagottlieb@gmail.com', 1, '', '', '', '', NULL, 0, 'member', '2025-12-19 20:20');

INSERT OR IGNORE INTO user (id, email, email_verified, hashed_password, name, first_name, last_name, wix_member_id, blocked, role, created_at) VALUES ('09362718b98e4522891132da6368d6fc', 'r.johnson23231@gmail.com', 1, '', 'Ramey Johnson', 'Ramey', 'Johnson', NULL, 0, 'member', '2025-12-25 04:28');

INSERT OR IGNORE INTO user (id, email, email_verified, hashed_password, name, first_name, last_name, wix_member_id, blocked, role, created_at) VALUES ('71657823ae6547b291ebe757a90e61b6', 'dotmarriageministrynfp@gmail.com', 1, '', 'Nick', 'Nick', '', NULL, 0, 'member', '2026-01-05 21:40');

INSERT OR IGNORE INTO user (id, email, email_verified, hashed_password, name, first_name, last_name, wix_member_id, blocked, role, created_at) VALUES ('7477528fdf584d22b31d74cf8ac96aef', 'brandijo3535@gmail.com', 1, '', 'Brandi Berg', 'Brandi', 'Berg', NULL, 0, 'member', '2025-12-13 17:18');

INSERT OR IGNORE INTO user (id, email, email_verified, hashed_password, name, first_name, last_name, wix_member_id, blocked, role, created_at) VALUES ('b00a4abd99c44aca9e4524e7ddcf0ea9', 'elizabethkb97@gmail.com', 1, '', '', '', '', NULL, 0, 'member', '2025-12-16 03:19');

INSERT OR IGNORE INTO user (id, email, email_verified, hashed_password, name, first_name, last_name, wix_member_id, blocked, role, created_at) VALUES ('a243804b2d0f4433999db4650e4ee195', 'samy_valdes@hotmail.com', 1, '', '', '', '', NULL, 0, 'member', '2026-01-07 16:51');

INSERT OR IGNORE INTO user (id, email, email_verified, hashed_password, name, first_name, last_name, wix_member_id, blocked, role, created_at) VALUES ('9e5c699cb07749768a6a9174733be18f', 'aisha.sleiman13@gmail.com', 1, '', '', '', '', NULL, 0, 'member', '2025-12-17 04:17');

INSERT OR IGNORE INTO user (id, email, email_verified, hashed_password, name, first_name, last_name, wix_member_id, blocked, role, created_at) VALUES ('1947e76783a84027b353a2a80d370d05', 'floresfamilytribe@gmail.com', 1, '', 'Familia Flores', 'Familia', 'Flores', NULL, 0, 'member', '2025-12-11 16:39');

INSERT OR IGNORE INTO user (id, email, email_verified, hashed_password, name, first_name, last_name, wix_member_id, blocked, role, created_at) VALUES ('a6143a11aabd4f75826cfa18d6d6e77c', 'ciaralockhart@gmail.com', 1, '', '', '', '', NULL, 0, 'member', '2026-01-01 12:06');

INSERT OR IGNORE INTO user (id, email, email_verified, hashed_password, name, first_name, last_name, wix_member_id, blocked, role, created_at) VALUES ('59d89d7d046046aabc17278413fe54c4', 'tonirgphillips@gmail.com', 1, '', '', '', '', NULL, 0, 'member', '2025-12-28 01:47');

INSERT OR IGNORE INTO user (id, email, email_verified, hashed_password, name, first_name, last_name, wix_member_id, blocked, role, created_at) VALUES ('f0b6890536aa4c51986259782ffbfd50', 'angelea.meyer@gmail.com', 1, '', '', '', '', NULL, 0, 'member', '2025-12-18 18:07');

INSERT OR IGNORE INTO user (id, email, email_verified, hashed_password, name, first_name, last_name, wix_member_id, blocked, role, created_at) VALUES ('5925f19876fc4630beaae5dc2aad9f54', 'taylor.palmiotto@gmail.com', 1, '', '', '', '', NULL, 0, 'member', '2026-01-02 00:24');

INSERT OR IGNORE INTO user (id, email, email_verified, hashed_password, name, first_name, last_name, wix_member_id, blocked, role, created_at) VALUES ('ff691ead5fc14705bdae674fe121a466', 'wixsitecheck@help.com', 1, '', '', '', '', NULL, 1, 'member', '2025-12-31 01:06');
INSERT OR IGNORE INTO user_label (user_id, label) VALUES ('ff691ead5fc14705bdae674fe121a466', 'Spam 🛑');

INSERT OR IGNORE INTO user (id, email, email_verified, hashed_password, name, first_name, last_name, wix_member_id, blocked, role, created_at) VALUES ('a8d57ec7f38440e5810fb140f0ca0c9c', 'mawiya.abdou@gmail.com', 1, '', 'Mawiya Abdourahman', 'Mawiya', 'Abdourahman', NULL, 0, 'member', '2026-01-05 19:55');

INSERT OR IGNORE INTO user (id, email, email_verified, hashed_password, name, first_name, last_name, wix_member_id, blocked, role, created_at) VALUES ('76af013c2d34478a8d00ccaabe2a8300', 'madeleinanna@gmail.com', 1, '', 'Maddy Fischbein', 'Maddy', 'Fischbein', NULL, 0, 'member', '2026-01-08 00:27');

INSERT OR IGNORE INTO user (id, email, email_verified, hashed_password, name, first_name, last_name, wix_member_id, blocked, role, created_at) VALUES ('a41bea1496b94d6b86e8a70512590b08', 'laurenbilkes@gmail.com', 1, '', 'Lauren Roelofs', 'Lauren', 'Roelofs', NULL, 0, 'member', '2026-01-02 15:07');

INSERT OR IGNORE INTO user (id, email, email_verified, hashed_password, name, first_name, last_name, wix_member_id, blocked, role, created_at) VALUES ('e72f7f1ff28f42658d572735a91115da', 'madisonkearney11@gmail.com', 1, '', '', '', '', NULL, 0, 'member', '2025-12-16 00:38');

INSERT OR IGNORE INTO user (id, email, email_verified, hashed_password, name, first_name, last_name, wix_member_id, blocked, role, created_at) VALUES ('426a6e1b98ed408a91ec5a68615992c4', 'mikuliczt@gmail.com', 1, '', '', '', '', NULL, 0, 'member', '2025-12-10 21:06');

INSERT OR IGNORE INTO user (id, email, email_verified, hashed_password, name, first_name, last_name, wix_member_id, blocked, role, created_at) VALUES ('388d02f9ebdc4ae0a3c4f3fb87151aee', 'jcondon0910@gmail.com', 1, '', 'Jane Condon', 'Jane', 'Condon', NULL, 0, 'member', '2026-01-02 23:27');

INSERT OR IGNORE INTO user (id, email, email_verified, hashed_password, name, first_name, last_name, wix_member_id, blocked, role, created_at) VALUES ('2e2f9116796d4262941263b1bba5e8ce', 'malka.shulman@gmail.com', 1, '', 'Malka Shulman', 'Malka', 'Shulman', NULL, 0, 'member', '2025-12-27 14:55');

INSERT OR IGNORE INTO user (id, email, email_verified, hashed_password, name, first_name, last_name, wix_member_id, blocked, role, created_at) VALUES ('b3f37da747584c6b97d2627bea4013c5', 'mariajosegsalazar@gmail.com', 1, '', '', '', '', NULL, 0, 'member', '2026-01-07 15:53');

INSERT OR IGNORE INTO user (id, email, email_verified, hashed_password, name, first_name, last_name, wix_member_id, blocked, role, created_at) VALUES ('619c7b086eab4ac5bce0a91582e334b6', 'katuhoh@gmail.com', 1, '', 'Kat Park', 'Kat', 'Park', NULL, 0, 'member', '2026-01-02 22:11');

INSERT OR IGNORE INTO user (id, email, email_verified, hashed_password, name, first_name, last_name, wix_member_id, blocked, role, created_at) VALUES ('c8afd69fd21844e2a55500c062654d09', 'carol.menap@gmail.com', 1, '', '', '', '', NULL, 0, 'member', '2026-01-07 12:32');

INSERT OR IGNORE INTO user (id, email, email_verified, hashed_password, name, first_name, last_name, wix_member_id, blocked, role, created_at) VALUES ('6e921b6a7ec84b1ba1c948b13882778d', 'catamsi2020@gmail.com', 1, '', '', '', '', NULL, 0, 'member', '2026-01-06 01:35');

INSERT OR IGNORE INTO user (id, email, email_verified, hashed_password, name, first_name, last_name, wix_member_id, blocked, role, created_at) VALUES ('639c412297254ad8930829fb2746c03b', 'amber.j.mcc@gmail.com', 1, '', '', '', '', NULL, 0, 'member', '2025-12-29 03:08');

INSERT OR IGNORE INTO user (id, email, email_verified, hashed_password, name, first_name, last_name, wix_member_id, blocked, role, created_at) VALUES ('240acf49f4d6467eb5b7d869317ee69a', 'jasmine.collins360@icloud.com', 1, '', '', '', '', NULL, 0, 'member', '2025-12-29 19:25');

INSERT OR IGNORE INTO user (id, email, email_verified, hashed_password, name, first_name, last_name, wix_member_id, blocked, role, created_at) VALUES ('d8521ca98fd04783ba056dd5d2b7746f', 'kierstarobuck@yahoo.com', 1, '', '', '', '', NULL, 0, 'member', '2025-12-27 23:06');

INSERT OR IGNORE INTO user (id, email, email_verified, hashed_password, name, first_name, last_name, wix_member_id, blocked, role, created_at) VALUES ('a8e736861755405ba54b88776a5fb47b', 'chloeelfeghali@gmail.com', 1, '', '', '', '', NULL, 0, 'member', '2026-01-05 19:39');

INSERT OR IGNORE INTO user (id, email, email_verified, hashed_password, name, first_name, last_name, wix_member_id, blocked, role, created_at) VALUES ('f80da3efef1041abb40bc4bea530df3f', 'hoffjordanm@gmail.com', 1, '', 'Jordan Hoff', 'Jordan', 'Hoff', NULL, 0, 'member', '2026-01-08 03:11');

INSERT OR IGNORE INTO user (id, email, email_verified, hashed_password, name, first_name, last_name, wix_member_id, blocked, role, created_at) VALUES ('260f00302220456abbe80e47d531f3b2', 'liz.brenner4@gmail.com', 1, '', 'Lizzie P', 'Lizzie', 'P', NULL, 0, 'member', '2025-12-11 16:38');

INSERT OR IGNORE INTO user (id, email, email_verified, hashed_password, name, first_name, last_name, wix_member_id, blocked, role, created_at) VALUES ('dda28aa68b0b4ac587a19a022b2e130d', 'nora.sullivan.uk@gmail.com', 1, '', 'Nora Sullivan''s', 'Nora', 'Sullivan''s', NULL, 1, 'member', '2025-12-18 02:14');
INSERT OR IGNORE INTO user_label (user_id, label) VALUES ('dda28aa68b0b4ac587a19a022b2e130d', 'Spam 🛑');

INSERT OR IGNORE INTO user (id, email, email_verified, hashed_password, name, first_name, last_name, wix_member_id, blocked, role, created_at) VALUES ('72b138912e084cbfb78aad5ec5cc9e1a', 'urskindt@gmail.com', 1, '', 'Ursula Kindt', 'Ursula', 'Kindt', NULL, 0, 'member', '2025-12-21 06:03');

INSERT OR IGNORE INTO user (id, email, email_verified, hashed_password, name, first_name, last_name, wix_member_id, blocked, role, created_at) VALUES ('16477826df15465bb40e56acba61e855', 'sshepard561@gmail.com', 1, '', '', '', '', NULL, 0, 'member', '2025-12-21 15:59');

INSERT OR IGNORE INTO user (id, email, email_verified, hashed_password, name, first_name, last_name, wix_member_id, blocked, role, created_at) VALUES ('6ee45d2acf274e81ad2b9fea2b76574f', 'kdwilson@my.milligan.edu', 1, '', 'Kayla Wilson', 'Kayla', 'Wilson', NULL, 0, 'member', '2025-12-19 15:33');

INSERT OR IGNORE INTO user (id, email, email_verified, hashed_password, name, first_name, last_name, wix_member_id, blocked, role, created_at) VALUES ('8870ae07990a4e77a0b95330c9fbbacc', 'patriciafrancesburke@gmail.com', 1, '', '', '', '', NULL, 0, 'member', '2026-01-07 02:25');

INSERT OR IGNORE INTO user (id, email, email_verified, hashed_password, name, first_name, last_name, wix_member_id, blocked, role, created_at) VALUES ('2419ef11a7bd4d7ca061fd0200af3355', 'jillian.damaris@gmail.com', 1, '', '', '', '', NULL, 0, 'member', '2025-12-25 18:02');

INSERT OR IGNORE INTO user (id, email, email_verified, hashed_password, name, first_name, last_name, wix_member_id, blocked, role, created_at) VALUES ('1fa4a1c89f0b4735a9e0e5be3cded5ab', 'jtolles@umich.edu', 1, '', 'Jaclyn Goodvin', 'Jaclyn', 'Goodvin', NULL, 0, 'member', '2026-01-06 16:21');

INSERT OR IGNORE INTO user (id, email, email_verified, hashed_password, name, first_name, last_name, wix_member_id, blocked, role, created_at) VALUES ('89393d10cf1e49ab87be19597870974d', 'hensley.emma@gmail.com', 1, '', '', '', '', NULL, 0, 'member', '2025-12-23 02:48');

INSERT OR IGNORE INTO user (id, email, email_verified, hashed_password, name, first_name, last_name, wix_member_id, blocked, role, created_at) VALUES ('0d056d2358804d829cb9dfe33afa09d2', 'emilym.atkinson21@gmail.com', 1, '', '', '', '', NULL, 0, 'member', '2025-12-11 23:13');

INSERT OR IGNORE INTO user (id, email, email_verified, hashed_password, name, first_name, last_name, wix_member_id, blocked, role, created_at) VALUES ('1cc04debcde246aba8d53a016910affa', 'morejonanastasia@gmail.com', 1, '', 'anastasia morejon', 'anastasia', 'morejon', NULL, 0, 'member', '2026-01-08 01:38');

INSERT OR IGNORE INTO user (id, email, email_verified, hashed_password, name, first_name, last_name, wix_member_id, blocked, role, created_at) VALUES ('bb70fff6291047aaacb552d6e5c0efd4', 'kay.brown1187@gmail.com', 1, '', '', '', '', NULL, 0, 'member', '2025-12-15 16:37');
INSERT OR IGNORE INTO user_label (user_id, label) VALUES ('bb70fff6291047aaacb552d6e5c0efd4', 'Masterclass in Endometriosis and Surgery');
INSERT OR IGNORE INTO enrollment (id, user_id, course_id, enrolled_at) VALUES ('6ac5eeb2097f43bc97d12dba3ee67dc7', 'bb70fff6291047aaacb552d6e5c0efd4', 'masterclass-endo-surgery', '2025-12-15 16:37');

INSERT OR IGNORE INTO user (id, email, email_verified, hashed_password, name, first_name, last_name, wix_member_id, blocked, role, created_at) VALUES ('88ed3122a2e145319ad3d199f2b9dc5c', 'emilytejan@gmail.com', 1, '', 'Emily Tejan', 'Emily', 'Tejan', NULL, 0, 'member', '2026-01-02 01:51');

INSERT OR IGNORE INTO user (id, email, email_verified, hashed_password, name, first_name, last_name, wix_member_id, blocked, role, created_at) VALUES ('689f92ff2deb4066b368c23ec1b1acf3', 'shelbygriffin90@gmail.com', 1, '', 'Shelby Griffin', 'Shelby', 'Griffin', NULL, 0, 'member', '2025-12-12 01:58');

INSERT OR IGNORE INTO user (id, email, email_verified, hashed_password, name, first_name, last_name, wix_member_id, blocked, role, created_at) VALUES ('dde526c16f87499e83646a91fc675a05', 'sandpurr@gmail.com', 1, '', '', '', '', NULL, 0, 'member', '2025-12-10 17:03');

INSERT OR IGNORE INTO user (id, email, email_verified, hashed_password, name, first_name, last_name, wix_member_id, blocked, role, created_at) VALUES ('425d3671fa004f36b374a078b1ec8210', 'shalanda_cooper@yahoo.com', 1, '', '', '', '', NULL, 0, 'member', '2025-12-16 05:11');

INSERT OR IGNORE INTO user (id, email, email_verified, hashed_password, name, first_name, last_name, wix_member_id, blocked, role, created_at) VALUES ('f5e913f5b7034a479bb90502de0d05bb', 'tlc@generalmetal.ca', 1, '', '', '', '', NULL, 0, 'member', '2025-12-30 15:32');

INSERT OR IGNORE INTO user (id, email, email_verified, hashed_password, name, first_name, last_name, wix_member_id, blocked, role, created_at) VALUES ('2bb8865dc6a045018588841cc1fbad8d', 'renuka.khiste84@gmail.com', 1, '', '', '', '', NULL, 0, 'member', '2026-01-05 04:26');

INSERT OR IGNORE INTO user (id, email, email_verified, hashed_password, name, first_name, last_name, wix_member_id, blocked, role, created_at) VALUES ('d9fa39b01da741e182e454f4ac1d09f1', 'treichley@aol.com', 1, '', '', '', '', NULL, 0, 'member', '2026-01-09 17:39');

INSERT OR IGNORE INTO user (id, email, email_verified, hashed_password, name, first_name, last_name, wix_member_id, blocked, role, created_at) VALUES ('b03e8eecca144c92ad0d59de412fd4ed', 'missmorris28@gmail.com', 1, '', 'Lisa Marie Morris', 'Lisa Marie', 'Morris', NULL, 0, 'member', '2025-12-10 20:39');

INSERT OR IGNORE INTO user (id, email, email_verified, hashed_password, name, first_name, last_name, wix_member_id, blocked, role, created_at) VALUES ('494cfa724d6343c382c41bf51325e4d8', 'graciacalderon89@gmail.com', 1, '', '', '', '', NULL, 0, 'member', '2026-01-07 14:09');

INSERT OR IGNORE INTO user (id, email, email_verified, hashed_password, name, first_name, last_name, wix_member_id, blocked, role, created_at) VALUES ('c5f3d3b709fe4213bd8fe09922c2e97a', 'cameron@bntllc.com', 1, '', 'Cameron Sisler', 'Cameron', 'Sisler', NULL, 0, 'member', '2025-12-29 15:57');

INSERT OR IGNORE INTO user (id, email, email_verified, hashed_password, name, first_name, last_name, wix_member_id, blocked, role, created_at) VALUES ('cd64ca6276fa435e8a5edd88b97aa1e5', 'justmumford@gmail.com', 1, '', 'Michelle Mumford', 'Michelle', 'Mumford', NULL, 0, 'member', '2025-12-20 19:35');

INSERT OR IGNORE INTO user (id, email, email_verified, hashed_password, name, first_name, last_name, wix_member_id, blocked, role, created_at) VALUES ('74937071e438411e9dc4b6904731b194', 'ulisesguajardob@gmail.com', 1, '', 'Ulises Guajardo Beroíza', 'Ulises', 'Guajardo Beroíza', NULL, 0, 'member', '2025-12-11 16:24');

INSERT OR IGNORE INTO user (id, email, email_verified, hashed_password, name, first_name, last_name, wix_member_id, blocked, role, created_at) VALUES ('51da6534e3e948f4b26a5e7738cca8c9', 'acblessinger@gmail.com', 1, '', '', '', '', NULL, 0, 'member', '2025-12-30 14:17');

INSERT OR IGNORE INTO user (id, email, email_verified, hashed_password, name, first_name, last_name, wix_member_id, blocked, role, created_at) VALUES ('d44071a38c7b42b8b728131d8dbf1e1c', 'jennifer.elise.holmstrom@gmail.com', 1, '', '', '', '', NULL, 0, 'member', '2025-12-11 20:34');

INSERT OR IGNORE INTO user (id, email, email_verified, hashed_password, name, first_name, last_name, wix_member_id, blocked, role, created_at) VALUES ('7f90fb5d466949c389164fdbce10126d', 'camelliaparkdrive@gmail.com', 1, '', '', '', '', NULL, 0, 'member', '2025-12-20 21:06');

INSERT OR IGNORE INTO user (id, email, email_verified, hashed_password, name, first_name, last_name, wix_member_id, blocked, role, created_at) VALUES ('bc852e0560b34db091e939711e28c234', 'emilyschwartz11@gmail.com', 1, '', '', '', '', NULL, 0, 'member', '2026-01-08 01:40');

INSERT OR IGNORE INTO user (id, email, email_verified, hashed_password, name, first_name, last_name, wix_member_id, blocked, role, created_at) VALUES ('fc38ab9b9ba84f308501c5dd4ab12736', '2020madisonlynn@gmail.com', 1, '', 'Madison Tomkins', 'Madison', 'Tomkins', NULL, 0, 'member', '2025-12-23 03:19');

INSERT OR IGNORE INTO user (id, email, email_verified, hashed_password, name, first_name, last_name, wix_member_id, blocked, role, created_at) VALUES ('1f93060ff53348a1a753c2cfc5c33cff', 'cesiabravo@hotmail.com', 1, '', 'Cesia Bravo Lima', 'Cesia', 'Bravo Lima', NULL, 0, 'member', '2026-01-09 16:05');

INSERT OR IGNORE INTO user (id, email, email_verified, hashed_password, name, first_name, last_name, wix_member_id, blocked, role, created_at) VALUES ('e18e15ad8e6d4d959003692d652c0113', 'hrbiskup@gmail.com', 1, '', '', '', '', NULL, 0, 'member', '2025-12-28 03:34');

INSERT OR IGNORE INTO user (id, email, email_verified, hashed_password, name, first_name, last_name, wix_member_id, blocked, role, created_at) VALUES ('c6407f10097347d18923bf8b14e0197a', 'csimeojn316@gmail.com', 1, '', 'Claire McDonough', 'Claire', 'McDonough', NULL, 0, 'member', '2025-12-22 21:33');

INSERT OR IGNORE INTO user (id, email, email_verified, hashed_password, name, first_name, last_name, wix_member_id, blocked, role, created_at) VALUES ('f341826ab46740658b67bef445b80c28', 'hmhorn06@gmail.com', 1, '', 'Hannah Horn', 'Hannah', 'Horn', NULL, 0, 'member', '2026-01-10 00:14');
INSERT OR IGNORE INTO user_label (user_id, label) VALUES ('f341826ab46740658b67bef445b80c28', 'Masterclass in Endometriosis and Surgery');
INSERT OR IGNORE INTO enrollment (id, user_id, course_id, enrolled_at) VALUES ('b09490d1c5ef424b8e30f0cc30fb3bad', 'f341826ab46740658b67bef445b80c28', 'masterclass-endo-surgery', '2026-01-10 00:14');

INSERT OR IGNORE INTO user (id, email, email_verified, hashed_password, name, first_name, last_name, wix_member_id, blocked, role, created_at) VALUES ('378d3087b1e04f15821cb0a751ec1cbb', 'csgillilland@gmail.com', 1, '', 'Chauntel Skye Gillilland', 'Chauntel Skye', 'Gillilland', NULL, 0, 'member', '2026-01-02 02:51');

INSERT OR IGNORE INTO user (id, email, email_verified, hashed_password, name, first_name, last_name, wix_member_id, blocked, role, created_at) VALUES ('fa2f3f70e816465999ed0dbc4e9e1aae', 'dingobaby22@protonmail.com', 1, '', '', '', '', NULL, 0, 'member', '2025-12-24 04:36');

INSERT OR IGNORE INTO user (id, email, email_verified, hashed_password, name, first_name, last_name, wix_member_id, blocked, role, created_at) VALUES ('e6d773f1cf854e67abb7b00e67aed357', 'jessica.shatkin@gmail.com', 1, '', 'Jessica Shatkin', 'Jessica', 'Shatkin', NULL, 0, 'member', '2026-01-06 18:01');

INSERT OR IGNORE INTO user (id, email, email_verified, hashed_password, name, first_name, last_name, wix_member_id, blocked, role, created_at) VALUES ('6a3285faf26644a5b7f7a58aa4b0d198', 'kerriganstahl23@gmail.com', 1, '', '', '', '', NULL, 0, 'member', '2026-01-06 04:08');

INSERT OR IGNORE INTO user (id, email, email_verified, hashed_password, name, first_name, last_name, wix_member_id, blocked, role, created_at) VALUES ('5ac0fe9a93a946b9b98100c8f4d5d5d9', 'jasminermendez1@gmail.com', 1, '', 'Jasmine Webb', 'Jasmine', 'Webb', NULL, 0, 'member', '2025-12-09 22:37');

INSERT OR IGNORE INTO user (id, email, email_verified, hashed_password, name, first_name, last_name, wix_member_id, blocked, role, created_at) VALUES ('31362ecbab524d0b92a8b2f1c144c6b9', 'honorintherese@gmail.com', 1, '', '', '', '', NULL, 0, 'member', '2025-12-18 17:48');

INSERT OR IGNORE INTO user (id, email, email_verified, hashed_password, name, first_name, last_name, wix_member_id, blocked, role, created_at) VALUES ('43a32d1476ff458385c933eba5d7d3a1', 'info.fredrickwixspecialist@gmail.com', 1, '', 'Fredrick Wix Specialist', 'Fredrick', 'Wix Specialist', NULL, 1, 'member', '2025-12-19 13:35');
INSERT OR IGNORE INTO user_label (user_id, label) VALUES ('43a32d1476ff458385c933eba5d7d3a1', 'Spam 🛑');

INSERT OR IGNORE INTO user (id, email, email_verified, hashed_password, name, first_name, last_name, wix_member_id, blocked, role, created_at) VALUES ('abfbf03131de4251b7b7878c5288f539', 'kaylawdrouant@gmail.com', 1, '', 'Kayla Drouant', 'Kayla', 'Drouant', NULL, 0, 'member', '2026-01-07 17:24');

INSERT OR IGNORE INTO user (id, email, email_verified, hashed_password, name, first_name, last_name, wix_member_id, blocked, role, created_at) VALUES ('49459216f4c64ea98ef4fc63f984f0bc', 'grosz8@gmail.com', 1, '', '', '', '', NULL, 0, 'member', '2026-01-10 20:26');

INSERT OR IGNORE INTO user (id, email, email_verified, hashed_password, name, first_name, last_name, wix_member_id, blocked, role, created_at) VALUES ('9cafa0c44e61470bb845e587700b1d0c', 'amyvowler@hotmail.com', 1, '', '', '', '', NULL, 0, 'member', '2026-01-04 12:00');

INSERT OR IGNORE INTO user (id, email, email_verified, hashed_password, name, first_name, last_name, wix_member_id, blocked, role, created_at) VALUES ('5dad7781b4f3426999778f29c19d04fb', 'jesnyde@clarksonalumni.com', 1, '', '', '', '', NULL, 0, 'member', '2026-01-06 14:08');

INSERT OR IGNORE INTO user (id, email, email_verified, hashed_password, name, first_name, last_name, wix_member_id, blocked, role, created_at) VALUES ('3284ca8ccbd54cb395f3471bd7973703', 'anwilke1@gmail.com', 1, '', '', '', '', NULL, 0, 'member', '2025-12-11 20:06');

INSERT OR IGNORE INTO user (id, email, email_verified, hashed_password, name, first_name, last_name, wix_member_id, blocked, role, created_at) VALUES ('a16625bc878742b9b44d9e82ef2afbdb', 'rachel.legal.work@gmail.com', 1, '', 'Rachel Paralegal', 'Rachel', 'Paralegal', NULL, 0, 'member', '2025-12-15 15:40');

INSERT OR IGNORE INTO user (id, email, email_verified, hashed_password, name, first_name, last_name, wix_member_id, blocked, role, created_at) VALUES ('0580a7466dfa489c86752ed64b8b0dd6', 'rebeka.pena13@gmail.com', 1, '', 'Rebeka Pena', 'Rebeka', 'Pena', NULL, 0, 'member', '2026-01-06 16:39');

INSERT OR IGNORE INTO user (id, email, email_verified, hashed_password, name, first_name, last_name, wix_member_id, blocked, role, created_at) VALUES ('7b0766e544b945cb916e2cb33edb9096', 'davidroode@gmail.com', 1, '', 'David Roode', 'David', 'Roode', NULL, 0, 'member', '2026-01-07 15:15');

INSERT OR IGNORE INTO user (id, email, email_verified, hashed_password, name, first_name, last_name, wix_member_id, blocked, role, created_at) VALUES ('256b67a3b9c8425eab4f76deab3fbc0b', 'carlsson.cheyenne@gmail.com', 1, '', '', '', '', NULL, 0, 'member', '2026-01-06 20:31');

INSERT OR IGNORE INTO user (id, email, email_verified, hashed_password, name, first_name, last_name, wix_member_id, blocked, role, created_at) VALUES ('817e9e3bfdd143c4871922f4c5f62f2b', 'arianna.e.hunter@gmail.com', 1, '', '', '', '', NULL, 0, 'member', '2025-12-16 23:43');

INSERT OR IGNORE INTO user (id, email, email_verified, hashed_password, name, first_name, last_name, wix_member_id, blocked, role, created_at) VALUES ('3d49d0fe26664f8aa6ced7e34cf100ca', 'woods.haley12@gmail.com', 1, '', 'Haley Woods', 'Haley', 'Woods', NULL, 0, 'member', '2025-12-26 00:29');

INSERT OR IGNORE INTO user (id, email, email_verified, hashed_password, name, first_name, last_name, wix_member_id, blocked, role, created_at) VALUES ('b99596c434154cc1b8fce7d5ac28e274', 'alannabarry@hotmail.ca', 1, '', '', '', '', NULL, 0, 'member', '2025-12-20 04:17');

INSERT OR IGNORE INTO user (id, email, email_verified, hashed_password, name, first_name, last_name, wix_member_id, blocked, role, created_at) VALUES ('6348f26f3f184644912afd07299937e2', 'hbean501@gmail.com', 1, '', 'heather wheeler', 'heather', 'wheeler', NULL, 0, 'member', '2025-12-10 01:38');

INSERT OR IGNORE INTO user (id, email, email_verified, hashed_password, name, first_name, last_name, wix_member_id, blocked, role, created_at) VALUES ('f7a1d1d1301747da990c3606febc24d1', 'janellemarie25@gmail.com', 1, '', 'Janelle Green', 'Janelle', 'Green', NULL, 0, 'member', '2026-01-04 19:50');

INSERT OR IGNORE INTO user (id, email, email_verified, hashed_password, name, first_name, last_name, wix_member_id, blocked, role, created_at) VALUES ('c407ce2b119b4d2aa843f199014e5a75', 'kristinalulgjuraj123@gmail.com', 1, '', '', '', '', NULL, 0, 'member', '2025-12-18 21:18');

INSERT OR IGNORE INTO user (id, email, email_verified, hashed_password, name, first_name, last_name, wix_member_id, blocked, role, created_at) VALUES ('8d955cc7c8f24e34b20ebcf585c0e16b', 'ameliacha07@gmail.com', 1, '', '', '', '', NULL, 0, 'member', '2025-12-20 17:45');

INSERT OR IGNORE INTO user (id, email, email_verified, hashed_password, name, first_name, last_name, wix_member_id, blocked, role, created_at) VALUES ('c2c0e40a77d04dc79c92f67a7ee66fc4', 'hannahmloy@gmail.com', 1, '', '', '', '', NULL, 0, 'member', '2026-01-01 17:01');

INSERT OR IGNORE INTO user (id, email, email_verified, hashed_password, name, first_name, last_name, wix_member_id, blocked, role, created_at) VALUES ('0849cb8e0e6848ad93f1a399145e5167', 'alaynakalinay@gmail.com', 1, '', '', '', '', NULL, 0, 'member', '2025-12-16 22:55');

INSERT OR IGNORE INTO user (id, email, email_verified, hashed_password, name, first_name, last_name, wix_member_id, blocked, role, created_at) VALUES ('d501a19bd3ab48b4908587ce1c387de2', 'shatrawfamily@gmail.com', 1, '', '', '', '', NULL, 0, 'member', '2026-01-10 22:37');

INSERT OR IGNORE INTO user (id, email, email_verified, hashed_password, name, first_name, last_name, wix_member_id, blocked, role, created_at) VALUES ('f51e2ea2dfda4356ab98e41634122f5d', 'andreamorken@yahoo.com', 1, '', '', '', '', NULL, 0, 'member', '2026-01-14 23:45');

INSERT OR IGNORE INTO user (id, email, email_verified, hashed_password, name, first_name, last_name, wix_member_id, blocked, role, created_at) VALUES ('0c18bb9408984971ba9adc65c3531824', 'steviann.m@gmail.com', 1, '', 'SteviAnn Matijevic', 'SteviAnn', 'Matijevic', NULL, 0, 'member', '2026-01-17 21:09');

INSERT OR IGNORE INTO user (id, email, email_verified, hashed_password, name, first_name, last_name, wix_member_id, blocked, role, created_at) VALUES ('22ef3aea6fea4d7eb0b696ac79f75e0d', 'addiebell1234@gmail.com', 1, '', '', '', '', NULL, 0, 'member', '2026-01-23 14:37');

INSERT OR IGNORE INTO user (id, email, email_verified, hashed_password, name, first_name, last_name, wix_member_id, blocked, role, created_at) VALUES ('df1fa9bfce87459099934795faacb834', 'davewixpartner11@gmail.com', 1, '', 'Dave', 'Dave', '', NULL, 0, 'member', '2026-02-05 15:24');

INSERT OR IGNORE INTO user (id, email, email_verified, hashed_password, name, first_name, last_name, wix_member_id, blocked, role, created_at) VALUES ('0d94b70a0752440b8289487829c61e70', 'blancobalestrini.ml@gmail.com', 1, '', 'María Luisa Blanco Balestrini', 'María Luisa', 'Blanco Balestrini', NULL, 0, 'member', '2026-01-10 21:47');

INSERT OR IGNORE INTO user (id, email, email_verified, hashed_password, name, first_name, last_name, wix_member_id, blocked, role, created_at) VALUES ('a89464dc60044dfe983c64f9fbb4942b', 'kefird9@gmail.com', 1, '', '', '', '', NULL, 0, 'member', '2026-01-26 23:25');

INSERT OR IGNORE INTO user (id, email, email_verified, hashed_password, name, first_name, last_name, wix_member_id, blocked, role, created_at) VALUES ('26eab96b49184f68b7c9cdd6875af625', 'kassit2005@gmail.com', 1, '', 'kassi T', 'kassi', 'T', NULL, 0, 'member', '2026-02-02 21:25');

INSERT OR IGNORE INTO user (id, email, email_verified, hashed_password, name, first_name, last_name, wix_member_id, blocked, role, created_at) VALUES ('f4309d916fda4293875387db6a72d7e7', 'sdbalch18@gmail.com', 1, '', '', '', '', NULL, 0, 'member', '2026-01-30 22:19');

INSERT OR IGNORE INTO user (id, email, email_verified, hashed_password, name, first_name, last_name, wix_member_id, blocked, role, created_at) VALUES ('ad684a36d0f54d1d85ea92dd351d4aba', 'brittsimpkins10@gmail.com', 1, '', '', '', '', NULL, 0, 'member', '2026-02-04 14:38');

INSERT OR IGNORE INTO user (id, email, email_verified, hashed_password, name, first_name, last_name, wix_member_id, blocked, role, created_at) VALUES ('df758452ad4c41968b0c79647a2144d3', 'oliviawegmann2@icloud.com', 1, '', '', '', '', NULL, 0, 'member', '2026-01-23 17:06');

INSERT OR IGNORE INTO user (id, email, email_verified, hashed_password, name, first_name, last_name, wix_member_id, blocked, role, created_at) VALUES ('f5dac3cc6e964e3aa8023686c8d863c2', 'emmapaulus888@gmail.com', 1, '', 'Emma Paulus', 'Emma', 'Paulus', NULL, 0, 'member', '2026-01-12 21:14');

INSERT OR IGNORE INTO user (id, email, email_verified, hashed_password, name, first_name, last_name, wix_member_id, blocked, role, created_at) VALUES ('a7528a93377a4176898a3293d82971d2', 'imcontolini@gmail.com', 1, '', 'Isabella Contolini', 'Isabella', 'Contolini', NULL, 0, 'member', '2026-01-14 19:59');

INSERT OR IGNORE INTO user (id, email, email_verified, hashed_password, name, first_name, last_name, wix_member_id, blocked, role, created_at) VALUES ('753f3cc2e41d47809d5e56b02c4e13ab', 'annalouisemackie@gmail.com', 1, '', '', '', '', NULL, 0, 'member', '2026-01-12 17:16');

INSERT OR IGNORE INTO user (id, email, email_verified, hashed_password, name, first_name, last_name, wix_member_id, blocked, role, created_at) VALUES ('d788de73ac8147838a25336a0ddf3f95', 'rebeccaehelmke@gmail.com', 1, '', '', '', '', NULL, 0, 'member', '2026-01-31 13:31');

INSERT OR IGNORE INTO user (id, email, email_verified, hashed_password, name, first_name, last_name, wix_member_id, blocked, role, created_at) VALUES ('044701bcc1e84f488b1aecf65303bf2f', 'melissaryan1100@gmail.com', 1, '', 'Melissa ryan', 'Melissa', 'ryan', NULL, 0, 'member', '2026-02-04 14:32');

INSERT OR IGNORE INTO user (id, email, email_verified, hashed_password, name, first_name, last_name, wix_member_id, blocked, role, created_at) VALUES ('7a5d2063b59f43208247eb6662010e36', 'kellyelizabethfrye@gmail.com', 1, '', '', '', '', NULL, 0, 'member', '2026-01-21 16:02');

INSERT OR IGNORE INTO user (id, email, email_verified, hashed_password, name, first_name, last_name, wix_member_id, blocked, role, created_at) VALUES ('75e7f9a250604529b8f1f5ca814c1761', 'idaho08@hotmail.com', 1, '', '', '', '', NULL, 0, 'member', '2026-01-29 05:07');

INSERT OR IGNORE INTO user (id, email, email_verified, hashed_password, name, first_name, last_name, wix_member_id, blocked, role, created_at) VALUES ('9d4d4bc76c2a40528260443c67c40798', 'amanda@ascendptspokane.com', 1, '', 'Amanda Simmons', 'Amanda', 'Simmons', NULL, 0, 'member', '2026-01-27 23:28');

INSERT OR IGNORE INTO user (id, email, email_verified, hashed_password, name, first_name, last_name, wix_member_id, blocked, role, created_at) VALUES ('7b673741a2ef438b87e67b0de5e25934', 'alliemichellesander@gmail.com', 1, '', '', '', '', NULL, 0, 'member', '2026-02-05 03:42');

INSERT OR IGNORE INTO user (id, email, email_verified, hashed_password, name, first_name, last_name, wix_member_id, blocked, role, created_at) VALUES ('01ef8724d6f0454ca895b9fb66f35e8c', 'cordeir3@tcnj.edu', 1, '', 'Lauren Cordeiro', 'Lauren', 'Cordeiro', NULL, 0, 'member', '2026-01-22 00:29');

INSERT OR IGNORE INTO user (id, email, email_verified, hashed_password, name, first_name, last_name, wix_member_id, blocked, role, created_at) VALUES ('e9278189e63240508ae24d36c2103dce', 'hjudge0416@gmail.com', 1, '', '', '', '', NULL, 0, 'member', '2026-01-22 05:00');

INSERT OR IGNORE INTO user (id, email, email_verified, hashed_password, name, first_name, last_name, wix_member_id, blocked, role, created_at) VALUES ('efe8e1f9119a497b8697abfed1510c31', 'shanabrubaker01@gmail.com', 1, '', '', '', '', NULL, 0, 'member', '2026-01-23 00:38');

INSERT OR IGNORE INTO user (id, email, email_verified, hashed_password, name, first_name, last_name, wix_member_id, blocked, role, created_at) VALUES ('62b1d7f28add41c08a1b7ba74ca74053', 'katie_lyn92@hotmail.com', 1, '', '', '', '', NULL, 0, 'member', '2026-01-16 01:00');

INSERT OR IGNORE INTO user (id, email, email_verified, hashed_password, name, first_name, last_name, wix_member_id, blocked, role, created_at) VALUES ('50a75399c9d04e69923195421cc252e1', 'ashley.kendall@live.com', 1, '', '', '', '', NULL, 0, 'member', '2026-01-21 02:54');

INSERT OR IGNORE INTO user (id, email, email_verified, hashed_password, name, first_name, last_name, wix_member_id, blocked, role, created_at) VALUES ('22b6783ea0b64dc9829c79fa091bd965', 'service@hirethefocus.com', 1, '', 'Lawson Druid', 'Lawson', 'Druid', NULL, 1, 'member', '2026-01-27 00:40');
INSERT OR IGNORE INTO user_label (user_id, label) VALUES ('22b6783ea0b64dc9829c79fa091bd965', 'Spam 🛑');

INSERT OR IGNORE INTO user (id, email, email_verified, hashed_password, name, first_name, last_name, wix_member_id, blocked, role, created_at) VALUES ('c177d746c15d45ac87269b58a204612f', 'yandawixlegend@gmail.com', 1, '', 'Yanda Wix Legend', 'Yanda', 'Wix Legend', NULL, 1, 'member', '2026-01-16 16:44');
INSERT OR IGNORE INTO user_label (user_id, label) VALUES ('c177d746c15d45ac87269b58a204612f', 'Spam 🛑');

INSERT OR IGNORE INTO user (id, email, email_verified, hashed_password, name, first_name, last_name, wix_member_id, blocked, role, created_at) VALUES ('d6bd953ddf704714827a075d7703b08b', 'cmcchristian@gmail.com', 1, '', 'Catherine Hood', 'Catherine', 'Hood', NULL, 0, 'member', '2026-02-02 03:49');

INSERT OR IGNORE INTO user (id, email, email_verified, hashed_password, name, first_name, last_name, wix_member_id, blocked, role, created_at) VALUES ('8385d252af1a4c6b9191050f36cacd99', 'annieturkeshi@gmail.com', 1, '', 'Annie Turkeshi', 'Annie', 'Turkeshi', NULL, 0, 'member', '2026-01-21 22:04');

INSERT OR IGNORE INTO user (id, email, email_verified, hashed_password, name, first_name, last_name, wix_member_id, blocked, role, created_at) VALUES ('ef82a965c9594dc3a5d23428543ce1c5', 'amandawebb123@gmail.com', 1, '', '', '', '', NULL, 0, 'member', '2026-01-29 18:19');

INSERT OR IGNORE INTO user (id, email, email_verified, hashed_password, name, first_name, last_name, wix_member_id, blocked, role, created_at) VALUES ('252a53b20a194d1598a6ce21e48f21fd', 'molly.k.bohil@gmail.com', 1, '', 'Molly Bohil', 'Molly', 'Bohil', NULL, 0, 'member', '2026-01-17 02:52');

INSERT OR IGNORE INTO user (id, email, email_verified, hashed_password, name, first_name, last_name, wix_member_id, blocked, role, created_at) VALUES ('bed3b485de56409892d4c15b3e4912c7', 'cassidy.parrinello@gmail.com', 1, '', '', '', '', NULL, 0, 'member', '2026-01-27 21:05');

INSERT OR IGNORE INTO user (id, email, email_verified, hashed_password, name, first_name, last_name, wix_member_id, blocked, role, created_at) VALUES ('8cca696aa14348b0b47cb1abe06757c1', 'einaugle@gmail.com', 1, '', 'emily naugle', 'emily', 'naugle', NULL, 0, 'member', '2026-01-19 03:04');

INSERT OR IGNORE INTO user (id, email, email_verified, hashed_password, name, first_name, last_name, wix_member_id, blocked, role, created_at) VALUES ('efaec3e208b04abfabcc0bd2abcf84f4', 'drpatrickbeeman@gmail.com', 1, '', 'Patrick Beeman', 'Patrick', 'Beeman', NULL, 0, 'member', '2026-01-11 21:48');

INSERT OR IGNORE INTO user (id, email, email_verified, hashed_password, name, first_name, last_name, wix_member_id, blocked, role, created_at) VALUES ('1abb4fefbe5a463cbba0bef91b095583', 'michellebellino4@gmail.com', 1, '', 'Michelle Tenney', 'Michelle', 'Tenney', NULL, 0, 'member', '2026-01-22 19:03');

INSERT OR IGNORE INTO user (id, email, email_verified, hashed_password, name, first_name, last_name, wix_member_id, blocked, role, created_at) VALUES ('029160bc94c34dd1a0653c121f21891b', 'z.detrano@gmail.com', 1, '', '', '', '', NULL, 0, 'member', '2026-01-19 14:53');

INSERT OR IGNORE INTO user (id, email, email_verified, hashed_password, name, first_name, last_name, wix_member_id, blocked, role, created_at) VALUES ('1905a273841f40fab6c0bd6138979a81', 'lottieo220994@gmail.com', 1, '', 'Charlotte O''Mahony', 'Charlotte', 'O''Mahony', NULL, 0, 'member', '2026-01-13 20:48');

INSERT OR IGNORE INTO user (id, email, email_verified, hashed_password, name, first_name, last_name, wix_member_id, blocked, role, created_at) VALUES ('5b643ee5c7c946b1902a5c5d70544314', 'gla.ayala@gmail.com', 1, '', 'Marina Ayala', 'Marina', 'Ayala', NULL, 0, 'member', '2026-01-13 01:50');

INSERT OR IGNORE INTO user (id, email, email_verified, hashed_password, name, first_name, last_name, wix_member_id, blocked, role, created_at) VALUES ('39143a5381c6429d9788865fff124f06', 'info@brainquest.com', 1, '', 'Brain Quest', 'Brain', 'Quest', NULL, 0, 'member', '2026-01-23 05:37');

INSERT OR IGNORE INTO user (id, email, email_verified, hashed_password, name, first_name, last_name, wix_member_id, blocked, role, created_at) VALUES ('33dbc63aef24482eb730c64a1d502220', 'cmbrubaker81@gmail.com', 1, '', 'Rose Brubaker', 'Rose', 'Brubaker', NULL, 0, 'member', '2026-01-27 01:23');

INSERT OR IGNORE INTO user (id, email, email_verified, hashed_password, name, first_name, last_name, wix_member_id, blocked, role, created_at) VALUES ('24790229736f4bffa5203ec351f6c3a6', 'kassandradejonge@gmail.com', 1, '', '', '', '', NULL, 0, 'member', '2026-02-05 19:09');

INSERT OR IGNORE INTO user (id, email, email_verified, hashed_password, name, first_name, last_name, wix_member_id, blocked, role, created_at) VALUES ('f1a9036a5d1b4987807b645840fe9750', 'jessica21764@gmail.com', 1, '', '', '', '', NULL, 0, 'member', '2026-01-21 23:43');

INSERT OR IGNORE INTO user (id, email, email_verified, hashed_password, name, first_name, last_name, wix_member_id, blocked, role, created_at) VALUES ('8f934365f0124dd191317f3c9c645931', 'matildemazquiaran@gmail.com', 1, '', '', '', '', NULL, 0, 'member', '2026-02-05 09:09');

INSERT OR IGNORE INTO user (id, email, email_verified, hashed_password, name, first_name, last_name, wix_member_id, blocked, role, created_at) VALUES ('936cf8bac0f54c61a8c33fdff5b9bf59', 'abigail.gray26@gmail.com', 1, '', '', '', '', NULL, 0, 'member', '2026-01-31 01:44');

INSERT OR IGNORE INTO user (id, email, email_verified, hashed_password, name, first_name, last_name, wix_member_id, blocked, role, created_at) VALUES ('b2595d4e8bc343c5b3d878aad68e3d58', 'alyson.johnson123@gmail.com', 1, '', '', '', '', NULL, 0, 'member', '2026-01-14 20:07');

INSERT OR IGNORE INTO user (id, email, email_verified, hashed_password, name, first_name, last_name, wix_member_id, blocked, role, created_at) VALUES ('041089142d564d4a87d8a798b0488489', 'hlempke08@gmail.com', 1, '', 'Hannah Lempke', 'Hannah', 'Lempke', NULL, 0, 'member', '2026-01-16 18:04');

INSERT OR IGNORE INTO user (id, email, email_verified, hashed_password, name, first_name, last_name, wix_member_id, blocked, role, created_at) VALUES ('280efc1b4c884b00a19f24a32277a94e', 'zschaefer15@gmail.com', 1, '', '', '', '', NULL, 0, 'member', '2026-02-01 21:09');

INSERT OR IGNORE INTO user (id, email, email_verified, hashed_password, name, first_name, last_name, wix_member_id, blocked, role, created_at) VALUES ('690e567b61cf4319b0ecd0da286442c3', 'etdawkin7@gmail.com', 1, '', '', '', '', NULL, 0, 'member', '2026-01-29 03:03');

INSERT OR IGNORE INTO user (id, email, email_verified, hashed_password, name, first_name, last_name, wix_member_id, blocked, role, created_at) VALUES ('58622ff714a94988aa95c24f509b154b', 'vfisher.1094@gmail.com', 1, '', '', '', '', NULL, 0, 'member', '2026-01-28 17:56');

INSERT OR IGNORE INTO user (id, email, email_verified, hashed_password, name, first_name, last_name, wix_member_id, blocked, role, created_at) VALUES ('9f886a4d38b94824b1ed152c59ffe70c', 'laurengutierrez702@gmail.com', 1, '', '', '', '', NULL, 0, 'member', '2026-02-03 20:59');

INSERT OR IGNORE INTO user (id, email, email_verified, hashed_password, name, first_name, last_name, wix_member_id, blocked, role, created_at) VALUES ('ef2450edc44644f3890890761833967e', 'jwebb42013@gmail.com', 1, '', 'Julie Webb', 'Julie', 'Webb', NULL, 0, 'member', '2026-01-13 19:57');

INSERT OR IGNORE INTO user (id, email, email_verified, hashed_password, name, first_name, last_name, wix_member_id, blocked, role, created_at) VALUES ('071b85da2d3a4bfea5eaf93f3a6e7d4e', 'gingersgirl15@gmail.com', 1, '', 'Michelle Wright', 'Michelle', 'Wright', NULL, 0, 'member', '2026-02-03 01:13');
INSERT OR IGNORE INTO user_label (user_id, label) VALUES ('071b85da2d3a4bfea5eaf93f3a6e7d4e', 'Contacted Me');

INSERT OR IGNORE INTO user (id, email, email_verified, hashed_password, name, first_name, last_name, wix_member_id, blocked, role, created_at) VALUES ('46ff91735b494b758c4e69c0d0bd5fc9', 'jeanieaschenck@yahoo.com', 1, '', '', '', '', NULL, 0, 'member', '2026-01-22 02:19');

INSERT OR IGNORE INTO user (id, email, email_verified, hashed_password, name, first_name, last_name, wix_member_id, blocked, role, created_at) VALUES ('053814f65597442d93b775ef650aba21', 'monicapando20@gmail.com', 1, '', 'Monica Beckett', 'Monica', 'Beckett', NULL, 0, 'member', '2026-01-19 19:58');

INSERT OR IGNORE INTO user (id, email, email_verified, hashed_password, name, first_name, last_name, wix_member_id, blocked, role, created_at) VALUES ('1b8f8b5a80c34e48b7925677842efe3b', 'sunrisepickers@gmail.com', 1, '', 'Sunrise Pickers', 'Sunrise', 'Pickers', NULL, 0, 'member', '2026-01-11 14:01');

INSERT OR IGNORE INTO user (id, email, email_verified, hashed_password, name, first_name, last_name, wix_member_id, blocked, role, created_at) VALUES ('b3909e43e02149f2b27e6000ef66bc3d', 'kristinebringhurst@gmail.com', 1, '', '', '', '', NULL, 0, 'member', '2026-01-26 18:25');

INSERT OR IGNORE INTO user (id, email, email_verified, hashed_password, name, first_name, last_name, wix_member_id, blocked, role, created_at) VALUES ('5c96f6841fd5488b95f07ba75809bea1', 'tgbro851@gmail.com', 1, '', 'Tierney Mountjoy', 'Tierney', 'Mountjoy', NULL, 0, 'member', '2026-01-31 03:57');

INSERT OR IGNORE INTO user (id, email, email_verified, hashed_password, name, first_name, last_name, wix_member_id, blocked, role, created_at) VALUES ('2bb2a1c2d5a7450083676f706dbfce2d', 'ktrhea13@yahoo.com', 1, '', '', '', '', NULL, 0, 'member', '2026-02-06 16:46');

INSERT OR IGNORE INTO user (id, email, email_verified, hashed_password, name, first_name, last_name, wix_member_id, blocked, role, created_at) VALUES ('71696bc54efe408a8e1f473a75a24a4e', 'boyd.alexis7@gmail.com', 1, '', '', '', '', NULL, 0, 'member', '2026-01-31 02:18');

INSERT OR IGNORE INTO user (id, email, email_verified, hashed_password, name, first_name, last_name, wix_member_id, blocked, role, created_at) VALUES ('f20e4842eeaa4ba294e152ff71e4f64a', 'cheri.nicole.01@gmail.com', 1, '', 'Cheri Walnofer', 'Cheri', 'Walnofer', NULL, 0, 'member', '2026-01-27 06:12');

INSERT OR IGNORE INTO user (id, email, email_verified, hashed_password, name, first_name, last_name, wix_member_id, blocked, role, created_at) VALUES ('b54d9e19ca154d7ca91d8d87695b4583', 'elizajamieson3@gmail.com', 1, '', '', '', '', NULL, 0, 'member', '2026-01-19 18:01');

INSERT OR IGNORE INTO user (id, email, email_verified, hashed_password, name, first_name, last_name, wix_member_id, blocked, role, created_at) VALUES ('4330ef789c3d48569b6a267c090f6eb8', 'kiernan.marygrace@gmail.com', 1, '', '', '', '', NULL, 0, 'member', '2026-01-11 21:00');

INSERT OR IGNORE INTO user (id, email, email_verified, hashed_password, name, first_name, last_name, wix_member_id, blocked, role, created_at) VALUES ('e6aa67b1d0ad4ecf9883188b695c2614', 'rachelle.kuntz@gmail.com', 1, '', '', '', '', NULL, 0, 'member', '2026-01-16 02:29');

INSERT OR IGNORE INTO user (id, email, email_verified, hashed_password, name, first_name, last_name, wix_member_id, blocked, role, created_at) VALUES ('9348903d94de44d8a7ba9d899165103d', 'mere.ashley.sharpe@gmail.com', 1, '', 'Meredith Sharpe', 'Meredith', 'Sharpe', NULL, 0, 'member', '2026-01-26 11:34');

INSERT OR IGNORE INTO user (id, email, email_verified, hashed_password, name, first_name, last_name, wix_member_id, blocked, role, created_at) VALUES ('5744a09dd16f4caf84e36fce1ebe4dd3', 'katiewitt20@gmail.com', 1, '', '', '', '', NULL, 0, 'member', '2026-02-03 02:26');

INSERT OR IGNORE INTO user (id, email, email_verified, hashed_password, name, first_name, last_name, wix_member_id, blocked, role, created_at) VALUES ('cbb2d7a1aeef4872b480e3f156a24511', 'antoneabastian@gmail.com', 1, '', '', '', '', NULL, 0, 'member', '2026-02-06 00:39');

INSERT OR IGNORE INTO user (id, email, email_verified, hashed_password, name, first_name, last_name, wix_member_id, blocked, role, created_at) VALUES ('dade57209ae24dfbba6583dfb67c8b2d', 'balletdancer12@gmail.com', 1, '', 'Lauren Holland', 'Lauren', 'Holland', NULL, 0, 'member', '2026-01-29 12:48');

INSERT OR IGNORE INTO user (id, email, email_verified, hashed_password, name, first_name, last_name, wix_member_id, blocked, role, created_at) VALUES ('00b80a3c30d54f9cb530d893111bec61', 'natalia.arg.p@gmail.com', 1, '', 'Natalia Arguelles', 'Natalia', 'Arguelles', NULL, 0, 'member', '2026-01-15 14:30');

INSERT OR IGNORE INTO user (id, email, email_verified, hashed_password, name, first_name, last_name, wix_member_id, blocked, role, created_at) VALUES ('1abba83edc2c467ea35b34e54dfbeef3', 'giannarosec@gmail.com', 1, '', 'Gianna', 'Gianna', '', NULL, 0, 'member', '2026-01-23 17:54');

INSERT OR IGNORE INTO user (id, email, email_verified, hashed_password, name, first_name, last_name, wix_member_id, blocked, role, created_at) VALUES ('7e9a7dcde2314ec6a0e559f18bce4bfd', 'ameliasliger@gmail.com', 1, '', 'Amelia Yates', 'Amelia', 'Yates', NULL, 0, 'member', '2026-01-14 08:19');

INSERT OR IGNORE INTO user (id, email, email_verified, hashed_password, name, first_name, last_name, wix_member_id, blocked, role, created_at) VALUES ('33cdf3f631b54e4dbcb0b0a7163171e9', 'aliviatr@icloud.com', 1, '', '', '', '', NULL, 0, 'member', '2026-01-11 05:01');

INSERT OR IGNORE INTO user (id, email, email_verified, hashed_password, name, first_name, last_name, wix_member_id, blocked, role, created_at) VALUES ('d97aefa2cc1d4169a9cd79b23636a69f', 'naomikosch@gmail.com', 1, '', 'Naomi Kosch', 'Naomi', 'Kosch', NULL, 0, 'member', '2026-01-29 22:02');

INSERT OR IGNORE INTO user (id, email, email_verified, hashed_password, name, first_name, last_name, wix_member_id, blocked, role, created_at) VALUES ('11f97c5911724ac39c0c0f626f517d3a', 'kristenleem@gmail.com', 1, '', 'Kristen Mays', 'Kristen', 'Mays', NULL, 0, 'member', '2026-01-11 06:38');

INSERT OR IGNORE INTO user (id, email, email_verified, hashed_password, name, first_name, last_name, wix_member_id, blocked, role, created_at) VALUES ('4cf165d7bd7f4b0ba2229d7527988010', 'matilde202@gmail.com', 1, '', '', '', '', NULL, 0, 'member', '2026-02-04 16:09');

INSERT OR IGNORE INTO user (id, email, email_verified, hashed_password, name, first_name, last_name, wix_member_id, blocked, role, created_at) VALUES ('15b5127ccd1d4bbd8cbf1bca0cdfa6e1', 'mia.sullivan.uk@gmail.com', 1, '', 'Mia Sullivan''s', 'Mia Sullivan''s', '', NULL, 0, 'member', '2026-01-27 23:31');

INSERT OR IGNORE INTO user (id, email, email_verified, hashed_password, name, first_name, last_name, wix_member_id, blocked, role, created_at) VALUES ('946e580b91754ff4aab660af0f98228a', 'jaw591987@gmail.com', 1, '', '', '', '', NULL, 0, 'member', '2026-02-06 12:02');

INSERT OR IGNORE INTO user (id, email, email_verified, hashed_password, name, first_name, last_name, wix_member_id, blocked, role, created_at) VALUES ('2d7b17e3e2924ab1ad62fa3228e312e6', 'sararhyatt@gmail.com', 1, '', '', '', '', NULL, 0, 'member', '2026-01-14 05:09');

INSERT OR IGNORE INTO user (id, email, email_verified, hashed_password, name, first_name, last_name, wix_member_id, blocked, role, created_at) VALUES ('baaa36aa1dfd41498428b87344a604ad', 'talisa.kritik@gmail.com', 1, '', 'Talisa', 'Talisa', '', NULL, 0, 'member', '2026-01-11 08:19');

INSERT OR IGNORE INTO user (id, email, email_verified, hashed_password, name, first_name, last_name, wix_member_id, blocked, role, created_at) VALUES ('afbe0a9447754b75833c9d26d28b5379', 'adriennemmckay@gmail.com', 1, '', 'Adrienne McKay', 'Adrienne', 'McKay', NULL, 0, 'member', '2026-02-03 19:08');

INSERT OR IGNORE INTO user (id, email, email_verified, hashed_password, name, first_name, last_name, wix_member_id, blocked, role, created_at) VALUES ('08e645ed8e544344ac13bfc95a1195a6', 'kelli@stbernardch.com', 1, '', 'Kelli Leblanc', 'Kelli', 'Leblanc', NULL, 0, 'member', '2026-01-22 16:53');

INSERT OR IGNORE INTO user (id, email, email_verified, hashed_password, name, first_name, last_name, wix_member_id, blocked, role, created_at) VALUES ('4e08af8e3ee2404392f2083280fdc6c7', 'joebdavis@gmail.com', 1, '', '', '', '', NULL, 0, 'member', '2026-01-19 17:26');

INSERT OR IGNORE INTO user (id, email, email_verified, hashed_password, name, first_name, last_name, wix_member_id, blocked, role, created_at) VALUES ('d3f76917c1bc44ddb7581a4732948b34', 'caseyham19@gmail.com', 1, '', 'Casey Ham', 'Casey', 'Ham', NULL, 0, 'member', '2026-01-29 18:54');

INSERT OR IGNORE INTO user (id, email, email_verified, hashed_password, name, first_name, last_name, wix_member_id, blocked, role, created_at) VALUES ('48178a6ae39049c487ca9deddc6eea34', 'paulabelocura33@gmail.com', 1, '', 'Paula Belocura', 'Paula', 'Belocura', NULL, 0, 'member', '2026-01-30 14:54');

INSERT OR IGNORE INTO user (id, email, email_verified, hashed_password, name, first_name, last_name, wix_member_id, blocked, role, created_at) VALUES ('2dc9a38bcb4d484eb2409741c0355357', 'jocelyn.chau721@gmail.com', 1, '', 'Jocelyn Chau', 'Jocelyn', 'Chau', NULL, 0, 'member', '2026-01-14 20:10');

INSERT OR IGNORE INTO user (id, email, email_verified, hashed_password, name, first_name, last_name, wix_member_id, blocked, role, created_at) VALUES ('0f1be017a3904dcfb26f7d27863abab4', 'mmtraub06@gmail.com', 1, '', 'Michelle Traub', 'Michelle', 'Traub', NULL, 0, 'member', '2026-01-15 01:50');

INSERT OR IGNORE INTO user (id, email, email_verified, hashed_password, name, first_name, last_name, wix_member_id, blocked, role, created_at) VALUES ('ad71e3687fec48afba115504875c20c1', 'iferrari90@gmail.com', 1, '', 'Isabella Ferrari', 'Isabella', 'Ferrari', NULL, 0, 'member', '2026-01-23 16:23');

INSERT OR IGNORE INTO user (id, email, email_verified, hashed_password, name, first_name, last_name, wix_member_id, blocked, role, created_at) VALUES ('4eb5e465ec7a4ba0ac4baf63bee610d9', 'alazar515@gmail.com', 1, '', 'Alicia Lazar', 'Alicia', 'Lazar', NULL, 0, 'member', '2026-01-14 19:05');

INSERT OR IGNORE INTO user (id, email, email_verified, hashed_password, name, first_name, last_name, wix_member_id, blocked, role, created_at) VALUES ('47b42fcfa14e432092f68e35c1640604', 'missayy_marisayy@hotmail.com', 1, '', '', '', '', NULL, 0, 'member', '2026-01-21 03:30');

INSERT OR IGNORE INTO user (id, email, email_verified, hashed_password, name, first_name, last_name, wix_member_id, blocked, role, created_at) VALUES ('d2298a57bc6841baa8c7c4a95490c1f4', 'tristajoelle@gmail.com', 1, '', 'Trista Brubaker', 'Trista', 'Brubaker', NULL, 0, 'member', '2026-01-23 03:48');

INSERT OR IGNORE INTO user (id, email, email_verified, hashed_password, name, first_name, last_name, wix_member_id, blocked, role, created_at) VALUES ('1a82413a5c514585b9ecc806d666bb4f', 'mandilj@msn.com', 1, '', '', '', '', NULL, 0, 'member', '2026-01-28 14:04');

INSERT OR IGNORE INTO user (id, email, email_verified, hashed_password, name, first_name, last_name, wix_member_id, blocked, role, created_at) VALUES ('02971d6ea4d54e9c8901509574d75150', 'sheshloucks@gmail.com', 1, '', 'alicia marie', 'alicia', 'marie', NULL, 0, 'member', '2026-01-15 00:58');

INSERT OR IGNORE INTO user (id, email, email_verified, hashed_password, name, first_name, last_name, wix_member_id, blocked, role, created_at) VALUES ('de4db5962ea64abf9f4d6c6116aaa427', 'michelle.wright2493@gmail.com', 1, '', 'Michelle Witmer', 'Michelle', 'Witmer', NULL, 0, 'member', '2026-02-03 21:10');

INSERT OR IGNORE INTO user (id, email, email_verified, hashed_password, name, first_name, last_name, wix_member_id, blocked, role, created_at) VALUES ('74b8040104e14b278a549438e374610b', 'charlottemia3977@gmail.com', 1, '', 'Charlotte Mia', 'Charlotte', 'Mia', NULL, 0, 'member', '2026-02-04 14:41');

INSERT OR IGNORE INTO user (id, email, email_verified, hashed_password, name, first_name, last_name, wix_member_id, blocked, role, created_at) VALUES ('cc58e4fc2f5a4afb8cfaf7d8886148b8', 'spterrill@gmail.com', 1, '', '', '', '', NULL, 0, 'member', '2026-01-11 20:30');

INSERT OR IGNORE INTO user (id, email, email_verified, hashed_password, name, first_name, last_name, wix_member_id, blocked, role, created_at) VALUES ('7527dd5218e343499b7123035b35a7c5', 'sweetbethy@gmail.com', 1, '', '', '', '', NULL, 0, 'member', '2026-01-30 20:34');

INSERT OR IGNORE INTO user (id, email, email_verified, hashed_password, name, first_name, last_name, wix_member_id, blocked, role, created_at) VALUES ('6e5f04af8b6d4289b68e3f3b91a0d948', 'a.m.jennings99@gmail.com', 1, '', 'Alex Jennings', 'Alex', 'Jennings', NULL, 0, 'member', '2026-01-14 19:57');

INSERT OR IGNORE INTO user (id, email, email_verified, hashed_password, name, first_name, last_name, wix_member_id, blocked, role, created_at) VALUES ('06c4bdce11df4a50bb062408e04345b0', 'samanthadivincent@gmail.com', 1, '', 'Samantha Divincent', 'Samantha', 'Divincent', NULL, 0, 'member', '2026-01-11 04:52');

INSERT OR IGNORE INTO user (id, email, email_verified, hashed_password, name, first_name, last_name, wix_member_id, blocked, role, created_at) VALUES ('104bfc7a46a44630991862928a789f56', 'cr2126@pcom.edu', 1, '', 'Caroline Veronica Ruiz', 'Caroline Veronica', 'Ruiz', NULL, 0, 'member', '2026-01-14 20:07');

INSERT OR IGNORE INTO user (id, email, email_verified, hashed_password, name, first_name, last_name, wix_member_id, blocked, role, created_at) VALUES ('d4c61a8c691040e7bdad95ed302ee1c0', 'suzanne.lorraine@outlook.com', 1, '', '', '', '', NULL, 0, 'member', '2026-01-27 17:50');

INSERT OR IGNORE INTO user (id, email, email_verified, hashed_password, name, first_name, last_name, wix_member_id, blocked, role, created_at) VALUES ('07cd3bb55beb434f8180c4702fd176c3', 'mccarthy.col@northeastern.edu', 1, '', '', '', '', NULL, 0, 'member', '2026-02-17 15:44');

INSERT OR IGNORE INTO user (id, email, email_verified, hashed_password, name, first_name, last_name, wix_member_id, blocked, role, created_at) VALUES ('e08a10512f35496689f311111384d1c1', 'whitley.fulp.rdn@gmail.com', 1, '', 'Whitley Fulp', 'Whitley', 'Fulp', NULL, 0, 'member', '2026-02-16 19:08');

INSERT OR IGNORE INTO user (id, email, email_verified, hashed_password, name, first_name, last_name, wix_member_id, blocked, role, created_at) VALUES ('7f71f0fb0e74485886527c51410bc70f', 'gns2722@gmail.com', 1, '', 'Grace Stoltzfus', 'Grace', 'Stoltzfus', NULL, 0, 'member', '2026-02-19 19:29');

INSERT OR IGNORE INTO user (id, email, email_verified, hashed_password, name, first_name, last_name, wix_member_id, blocked, role, created_at) VALUES ('dfb5697fa7964109a4e605e50c27eb55', 'caylam.gensler@gmail.com', 1, '', 'Cayla Gensler', 'Cayla', 'Gensler', NULL, 0, 'member', '2026-02-17 00:08');

INSERT OR IGNORE INTO user (id, email, email_verified, hashed_password, name, first_name, last_name, wix_member_id, blocked, role, created_at) VALUES ('5e16372916fa40f395f5fda34cec52d4', 'hannahkorrey@yahoo.com', 1, '', '', '', '', NULL, 0, 'member', '2026-02-08 18:47');

INSERT OR IGNORE INTO user (id, email, email_verified, hashed_password, name, first_name, last_name, wix_member_id, blocked, role, created_at) VALUES ('77ba69b5598f4c3bb9a2f3e9830cd624', 'katietraussnig@gmx.at', 1, '', '', '', '', NULL, 0, 'member', '2026-02-10 13:35');

INSERT OR IGNORE INTO user (id, email, email_verified, hashed_password, name, first_name, last_name, wix_member_id, blocked, role, created_at) VALUES ('2862472e3bda442e811758e4b057e56d', 'rrritter4@gmail.com', 1, '', 'Rachel Oline', 'Rachel', 'Oline', NULL, 0, 'member', '2026-02-15 04:37');

INSERT OR IGNORE INTO user (id, email, email_verified, hashed_password, name, first_name, last_name, wix_member_id, blocked, role, created_at) VALUES ('d9d8457f4e6a476e9af7cb924326b624', 'briannalee0507@yahoo.com', 1, '', '', '', '', NULL, 0, 'member', '2026-02-11 01:26');

INSERT OR IGNORE INTO user (id, email, email_verified, hashed_password, name, first_name, last_name, wix_member_id, blocked, role, created_at) VALUES ('18006fadd4eb4606b72ae3883a39ad54', 'jolenecooper2012@gmail.com', 1, '', 'Jolene Cooper', 'Jolene', 'Cooper', NULL, 0, 'member', '2026-02-11 18:42');

INSERT OR IGNORE INTO user (id, email, email_verified, hashed_password, name, first_name, last_name, wix_member_id, blocked, role, created_at) VALUES ('fc00763db6a346a6b410b47be726ced6', 'claireeedmonds92@gmail.com', 1, '', '', '', '', NULL, 0, 'member', '2026-02-16 21:10');

INSERT OR IGNORE INTO user (id, email, email_verified, hashed_password, name, first_name, last_name, wix_member_id, blocked, role, created_at) VALUES ('8ef91dd2268d45579831bb8fc0397828', 'joellembarnett@gmail.com', 1, '', '', '', '', NULL, 0, 'member', '2026-02-14 13:06');

INSERT OR IGNORE INTO user (id, email, email_verified, hashed_password, name, first_name, last_name, wix_member_id, blocked, role, created_at) VALUES ('51e6a8018049454d82c65c31dcf7ef5b', 'kristina.a.reeder@gmail.com', 1, '', '', '', '', NULL, 0, 'member', '2026-02-09 20:51');

INSERT OR IGNORE INTO user (id, email, email_verified, hashed_password, name, first_name, last_name, wix_member_id, blocked, role, created_at) VALUES ('d864f4226fd1430f9e580e79c781d000', 'jalsaybar@gmail.com', 1, '', 'Jenica Alsaybar', 'Jenica', 'Alsaybar', NULL, 0, 'member', '2026-02-18 04:42');

INSERT OR IGNORE INTO user (id, email, email_verified, hashed_password, name, first_name, last_name, wix_member_id, blocked, role, created_at) VALUES ('a8139988a4284b9594898619508f3a00', 'mhsnidow@gmail.com', 1, '', 'Madeleine Snidow', 'Madeleine', 'Snidow', NULL, 0, 'member', '2026-02-18 11:43');

INSERT OR IGNORE INTO user (id, email, email_verified, hashed_password, name, first_name, last_name, wix_member_id, blocked, role, created_at) VALUES ('5f0ba0fff9174273b1df704700e82fdf', 'meagan.barabash3@gmail.com', 1, '', 'Meagan Chorney', 'Meagan', 'Chorney', NULL, 0, 'member', '2026-02-17 17:28');

INSERT OR IGNORE INTO user (id, email, email_verified, hashed_password, name, first_name, last_name, wix_member_id, blocked, role, created_at) VALUES ('93ebb3b4f2fa4f0987579246fd3b1a28', 'jillianbuckingham16@gmail.com', 1, '', '', '', '', NULL, 0, 'member', '2026-02-10 13:53');

INSERT OR IGNORE INTO user (id, email, email_verified, hashed_password, name, first_name, last_name, wix_member_id, blocked, role, created_at) VALUES ('d9c7d845bf834ecf92029a781e7ac4e7', 'courtguarino@gmail.com', 1, '', '', '', '', NULL, 0, 'member', '2026-02-17 20:51');

INSERT OR IGNORE INTO user (id, email, email_verified, hashed_password, name, first_name, last_name, wix_member_id, blocked, role, created_at) VALUES ('524e8b57fbb64b7fa74263dfa3609267', 'jenn.paxton9@yahoo.com', 1, '', '', '', '', NULL, 0, 'member', '2026-02-17 16:13');

INSERT OR IGNORE INTO user (id, email, email_verified, hashed_password, name, first_name, last_name, wix_member_id, blocked, role, created_at) VALUES ('cedc280200c64ce18418010c4c54c8c1', 'hackere93@aol.com', 1, '', '', '', '', NULL, 0, 'member', '2026-02-15 18:06');

INSERT OR IGNORE INTO user (id, email, email_verified, hashed_password, name, first_name, last_name, wix_member_id, blocked, role, created_at) VALUES ('419b59f7ed2d41aa854cbe3c3bc90a78', 'mimlekaj@gmail.com', 1, '', '', '', '', NULL, 0, 'member', '2026-02-19 22:17');

INSERT OR IGNORE INTO user (id, email, email_verified, hashed_password, name, first_name, last_name, wix_member_id, blocked, role, created_at) VALUES ('19e390d7e97645099237e5c998d02e60', 'ajremillard@gmail.com', 1, '', '', '', '', NULL, 0, 'member', '2026-02-16 14:50');

INSERT OR IGNORE INTO user (id, email, email_verified, hashed_password, name, first_name, last_name, wix_member_id, blocked, role, created_at) VALUES ('c0d8e1ea98154155b69200adf672af3c', 'jacquelineabeck@gmail.com', 1, '', 'Jacqueline Punako', 'Jacqueline', 'Punako', NULL, 0, 'member', '2026-02-18 18:14');

INSERT OR IGNORE INTO user (id, email, email_verified, hashed_password, name, first_name, last_name, wix_member_id, blocked, role, created_at) VALUES ('feb1bc6e2a324ba2a43be9554c3e4eb5', 'bulleting.thriving@gmail.com', 1, '', '', '', '', NULL, 0, 'member', '2026-02-16 20:05');

INSERT OR IGNORE INTO user (id, email, email_verified, hashed_password, name, first_name, last_name, wix_member_id, blocked, role, created_at) VALUES ('e9d944fa2ccf411fbe138028af7f0b1f', 'courtlynn@me.com', 1, '', 'Courtney Grand', 'Courtney', 'Grand', NULL, 0, 'member', '2026-02-17 15:32');

INSERT OR IGNORE INTO user (id, email, email_verified, hashed_password, name, first_name, last_name, wix_member_id, blocked, role, created_at) VALUES ('7d150f3a66d049bd92a8c44b709c928c', 'staceracer24@gmail.com', 1, '', '', '', '', NULL, 0, 'member', '2026-02-18 06:55');

INSERT OR IGNORE INTO user (id, email, email_verified, hashed_password, name, first_name, last_name, wix_member_id, blocked, role, created_at) VALUES ('5a819eb9501e45cd96576b4081aff618', 'heatonannac@gmail.com', 1, '', '', '', '', NULL, 0, 'member', '2026-02-14 15:40');

INSERT OR IGNORE INTO user (id, email, email_verified, hashed_password, name, first_name, last_name, wix_member_id, blocked, role, created_at) VALUES ('258a2fcc672644929b51e3813192afde', 'chbesa7@gmail.com', 1, '', '', '', '', NULL, 0, 'member', '2026-02-09 02:15');

INSERT OR IGNORE INTO user (id, email, email_verified, hashed_password, name, first_name, last_name, wix_member_id, blocked, role, created_at) VALUES ('d35877bef558426286b9ef982e6e1129', 'akyper577@gmail.com', 1, '', '', '', '', NULL, 0, 'member', '2026-02-10 10:56');

INSERT OR IGNORE INTO user (id, email, email_verified, hashed_password, name, first_name, last_name, wix_member_id, blocked, role, created_at) VALUES ('b197b6d4682a4933a2c951b68ba6310b', 'brittpavone@gmail.com', 1, '', '', '', '', NULL, 0, 'member', '2026-02-12 20:10');

INSERT OR IGNORE INTO user (id, email, email_verified, hashed_password, name, first_name, last_name, wix_member_id, blocked, role, created_at) VALUES ('7df8bb3bc52246bdb3e18a1156ba2989', 'britt.larsen13@gmail.com', 1, '', '', '', '', NULL, 0, 'member', '2026-02-17 17:40');

INSERT OR IGNORE INTO user (id, email, email_verified, hashed_password, name, first_name, last_name, wix_member_id, blocked, role, created_at) VALUES ('834709b7405e44a980261f22118535c9', 'jennak.edge@gmail.com', 1, '', '', '', '', NULL, 0, 'member', '2026-02-18 10:31');

INSERT OR IGNORE INTO user (id, email, email_verified, hashed_password, name, first_name, last_name, wix_member_id, blocked, role, created_at) VALUES ('9af174a434b846eabda9381d78730b76', 'ocvelar@aol.com', 1, '', '', '', '', NULL, 0, 'member', '2026-02-12 18:41');

INSERT OR IGNORE INTO user (id, email, email_verified, hashed_password, name, first_name, last_name, wix_member_id, blocked, role, created_at) VALUES ('b72832b3d5194675bfc85e94cd679b51', 'chelseacroce@gmail.com', 1, '', '', '', '', NULL, 0, 'member', '2026-02-09 19:58');

INSERT OR IGNORE INTO user (id, email, email_verified, hashed_password, name, first_name, last_name, wix_member_id, blocked, role, created_at) VALUES ('a9c6909b127f4d6fb0b85094fdd9cbdf', 'bbay92@aol.com', 1, '', '', '', '', NULL, 0, 'member', '2026-02-10 05:59');

INSERT OR IGNORE INTO user (id, email, email_verified, hashed_password, name, first_name, last_name, wix_member_id, blocked, role, created_at) VALUES ('ff7bfdfd3b1e4efdb7dbf39efbe803d6', 'meghanfcasey@gmail.com', 1, '', '', '', '', NULL, 0, 'member', '2026-02-17 15:59');

INSERT OR IGNORE INTO user (id, email, email_verified, hashed_password, name, first_name, last_name, wix_member_id, blocked, role, created_at) VALUES ('6db3229cbf354e84ab612bb6d49f23c9', 'carlym10@gmail.com', 1, '', 'Carly Harr', 'Carly', 'Harr', NULL, 0, 'member', '2026-02-19 22:02');

INSERT OR IGNORE INTO user (id, email, email_verified, hashed_password, name, first_name, last_name, wix_member_id, blocked, role, created_at) VALUES ('5d2551ff5bd04b2287129433a2a17633', 'ms1994cowgirl@yahoo.com', 1, '', '', '', '', NULL, 0, 'member', '2026-02-14 14:58');

INSERT OR IGNORE INTO user (id, email, email_verified, hashed_password, name, first_name, last_name, wix_member_id, blocked, role, created_at) VALUES ('31debe0f41864cf9a951d62985676741', 'kcathmcc94@gmail.com', 1, '', '', '', '', NULL, 0, 'member', '2026-02-10 15:49');

INSERT OR IGNORE INTO user (id, email, email_verified, hashed_password, name, first_name, last_name, wix_member_id, blocked, role, created_at) VALUES ('eaf628756c89403d94e694c965d7f102', 'isabelboote@gmail.com', 1, '', '', '', '', NULL, 0, 'member', '2026-02-19 22:08');

INSERT OR IGNORE INTO user (id, email, email_verified, hashed_password, name, first_name, last_name, wix_member_id, blocked, role, created_at) VALUES ('9cb7a45ceb534aa89bbeaf638aa14e60', 'amywilkey@gmail.com', 1, '', '', '', '', NULL, 0, 'member', '2026-02-09 21:13');

INSERT OR IGNORE INTO user (id, email, email_verified, hashed_password, name, first_name, last_name, wix_member_id, blocked, role, created_at) VALUES ('d8e46973cb2642429e19475bb15b8f4d', 'tanialkp@gmail.com', 1, '', 'Tania K', 'Tania', 'K', NULL, 0, 'member', '2026-02-10 15:01');

INSERT OR IGNORE INTO user (id, email, email_verified, hashed_password, name, first_name, last_name, wix_member_id, blocked, role, created_at) VALUES ('9ffaffb96f1443bc8cf7b9452433d678', 'kendall.l.martin@gmail.com', 1, '', 'Kendall Martin', 'Kendall', 'Martin', NULL, 0, 'member', '2026-02-14 15:44');

INSERT OR IGNORE INTO user (id, email, email_verified, hashed_password, name, first_name, last_name, wix_member_id, blocked, role, created_at) VALUES ('685d44a198c24d6b88016bbc321767aa', 'kennedyeliasen@icloud.com', 1, '', '', '', '', NULL, 0, 'member', '2026-02-19 22:22');

INSERT OR IGNORE INTO user (id, email, email_verified, hashed_password, name, first_name, last_name, wix_member_id, blocked, role, created_at) VALUES ('8265c45991a4497e81ae846aa2ceca5a', 'ashharrison289@gmail.com', 1, '', '', '', '', NULL, 0, 'member', '2026-02-19 19:10');

INSERT OR IGNORE INTO user (id, email, email_verified, hashed_password, name, first_name, last_name, wix_member_id, blocked, role, created_at) VALUES ('c3456a4340ee49fab76aa195be373d66', 'allie.adams12@gmail.com', 1, '', '', '', '', NULL, 0, 'member', '2026-02-19 22:04');

INSERT OR IGNORE INTO user (id, email, email_verified, hashed_password, name, first_name, last_name, wix_member_id, blocked, role, created_at) VALUES ('e53689d81ee14c90b37a5a0e5ae24b5f', 'alifortuna47@gmail.com', 1, '', 'Alicyn Fortuna', 'Alicyn', 'Fortuna', NULL, 0, 'member', '2026-02-08 07:17');

INSERT OR IGNORE INTO user (id, email, email_verified, hashed_password, name, first_name, last_name, wix_member_id, blocked, role, created_at) VALUES ('46e224324e9747f7ace2c3f2004710aa', 'dxfebus@gmail.com', 1, '', 'Danielle Febus', 'Danielle', 'Febus', NULL, 0, 'member', '2026-02-09 02:10');

INSERT OR IGNORE INTO user (id, email, email_verified, hashed_password, name, first_name, last_name, wix_member_id, blocked, role, created_at) VALUES ('f297204ef0e94ca28bf4efa197898bd3', 'shelbipolland@gmail.com', 1, '', 'Shelbi Polland', 'Shelbi', 'Polland', NULL, 0, 'member', '2026-02-16 22:37');

INSERT OR IGNORE INTO user (id, email, email_verified, hashed_password, name, first_name, last_name, wix_member_id, blocked, role, created_at) VALUES ('9482ceb072734906925a514a9d9f44ca', 'katie.mihaly@pcc.edu', 1, '', '', '', '', NULL, 0, 'member', '2026-02-19 22:16');

INSERT OR IGNORE INTO user (id, email, email_verified, hashed_password, name, first_name, last_name, wix_member_id, blocked, role, created_at) VALUES ('d44ead476ef04aa7aad4cfdf76410e47', 'micah_vandenboom@outlook.com', 1, '', '', '', '', NULL, 0, 'member', '2026-02-14 21:32');

INSERT OR IGNORE INTO user (id, email, email_verified, hashed_password, name, first_name, last_name, wix_member_id, blocked, role, created_at) VALUES ('ed2e0bb625ad4402ab6742be1c0711e7', 'beth.yackee@gmail.com', 1, '', '', '', '', NULL, 0, 'member', '2026-02-13 21:17');

INSERT OR IGNORE INTO user (id, email, email_verified, hashed_password, name, first_name, last_name, wix_member_id, blocked, role, created_at) VALUES ('a8df1a3e68f34c57956cf04aa25b610a', 'steele.summer@gmail.com', 1, '', 'Summer LeMieux', 'Summer', 'LeMieux', NULL, 0, 'member', '2026-02-17 19:49');

INSERT OR IGNORE INTO user (id, email, email_verified, hashed_password, name, first_name, last_name, wix_member_id, blocked, role, created_at) VALUES ('9373cedf3cf74e46b3e50d9ea1c38797', 'dr.abbykramer@gmail.com', 1, '', '', '', '', NULL, 0, 'member', '2026-02-19 22:03');

INSERT OR IGNORE INTO user (id, email, email_verified, hashed_password, name, first_name, last_name, wix_member_id, blocked, role, created_at) VALUES ('0ac1ca7bc9f74d569f3974a883122aa5', 'aysenurr28@gmail.com', 1, '', '', '', '', NULL, 0, 'member', '2026-02-08 02:07');

INSERT OR IGNORE INTO user (id, email, email_verified, hashed_password, name, first_name, last_name, wix_member_id, blocked, role, created_at) VALUES ('a1c92a46a8594cc38255b1dd8a04d690', 'cambriajpauls@gmail.com', 1, '', '', '', '', NULL, 0, 'member', '2026-02-18 06:45');

INSERT OR IGNORE INTO user (id, email, email_verified, hashed_password, name, first_name, last_name, wix_member_id, blocked, role, created_at) VALUES ('a2c1d688191d45488355e76c852cca02', 'hopev.21@gmail.com', 1, '', '', '', '', NULL, 0, 'member', '2026-02-19 22:00');

INSERT OR IGNORE INTO user (id, email, email_verified, hashed_password, name, first_name, last_name, wix_member_id, blocked, role, created_at) VALUES ('66954a9ea83f43a0a8a7b0bdc685953b', 'mariajb08@gmail.com', 1, '', 'maria angelica jimeno barraza', 'maria angelica', 'jimeno barraza', NULL, 0, 'member', '2026-02-19 22:21');

INSERT OR IGNORE INTO user (id, email, email_verified, hashed_password, name, first_name, last_name, wix_member_id, blocked, role, created_at) VALUES ('261feea6e1554fb2bc98db7380b6cf73', 'arianakenywellness@outlook.com', 1, '', '', '', '', NULL, 0, 'member', '2026-02-09 21:54');

INSERT OR IGNORE INTO user (id, email, email_verified, hashed_password, name, first_name, last_name, wix_member_id, blocked, role, created_at) VALUES ('45b0d8fce09f4d509676ac8d5975c66a', 'hope.poteet@gmail.com', 1, '', '', '', '', NULL, 0, 'member', '2026-02-17 15:54');

INSERT OR IGNORE INTO user (id, email, email_verified, hashed_password, name, first_name, last_name, wix_member_id, blocked, role, created_at) VALUES ('05d5c63fbde14efda73550ad725f9d7e', 't_owegi@live.com', 1, '', '', '', '', NULL, 0, 'member', '2026-02-19 20:15');

INSERT OR IGNORE INTO user (id, email, email_verified, hashed_password, name, first_name, last_name, wix_member_id, blocked, role, created_at) VALUES ('516f12aba45f45dba116ae9c6fa53ffe', 'meganbulovsky@gmail.com', 1, '', '', '', '', NULL, 0, 'member', '2026-02-17 00:12');

INSERT OR IGNORE INTO user (id, email, email_verified, hashed_password, name, first_name, last_name, wix_member_id, blocked, role, created_at) VALUES ('60000a100cd343b3abcf47dc23dca6a9', 'mckaygirl12@aol.com', 1, '', '', '', '', NULL, 0, 'member', '2026-02-10 01:06');

INSERT OR IGNORE INTO user (id, email, email_verified, hashed_password, name, first_name, last_name, wix_member_id, blocked, role, created_at) VALUES ('76c1822b8b4644f8b15b5a21a2ba4ad1', 'aloomis1117@gmail.com', 1, '', '', '', '', NULL, 0, 'member', '2026-02-18 00:23');

INSERT OR IGNORE INTO user (id, email, email_verified, hashed_password, name, first_name, last_name, wix_member_id, blocked, role, created_at) VALUES ('8307e259b6a441ab8855acb4b06cff5a', 'jacqueline.marks.work@gmail.com', 1, '', '', '', '', NULL, 0, 'member', '2026-02-17 20:17');

INSERT OR IGNORE INTO user (id, email, email_verified, hashed_password, name, first_name, last_name, wix_member_id, blocked, role, created_at) VALUES ('978867655db445c991c4d360d0e5096b', 'nquintero1017@yahoo.com', 1, '', '', '', '', NULL, 0, 'member', '2026-02-17 16:25');

INSERT OR IGNORE INTO user (id, email, email_verified, hashed_password, name, first_name, last_name, wix_member_id, blocked, role, created_at) VALUES ('b8e788a7036c44cc9b76a68cdc37e35f', 'millietaylor14@yahoo.com', 1, '', '', '', '', NULL, 0, 'member', '2026-02-13 02:43');

INSERT OR IGNORE INTO user (id, email, email_verified, hashed_password, name, first_name, last_name, wix_member_id, blocked, role, created_at) VALUES ('75d659d05dbc4846bccfd1a23013f900', 'jenny@ritualcopy.com', 1, '', '', '', '', NULL, 0, 'member', '2026-02-08 20:50');

INSERT OR IGNORE INTO user (id, email, email_verified, hashed_password, name, first_name, last_name, wix_member_id, blocked, role, created_at) VALUES ('df6dc1440ac545bca8c6cf518d69639c', 'falyn.ruby@gmail.com', 1, '', 'Falyn Rawls', 'Falyn', 'Rawls', NULL, 0, 'member', '2026-02-10 15:34');

INSERT OR IGNORE INTO user (id, email, email_verified, hashed_password, name, first_name, last_name, wix_member_id, blocked, role, created_at) VALUES ('575922afa27545118baea0bca96387d0', 'aneldv032@gmail.com', 1, '', '', '', '', NULL, 0, 'member', '2026-02-18 02:08');

INSERT OR IGNORE INTO user (id, email, email_verified, hashed_password, name, first_name, last_name, wix_member_id, blocked, role, created_at) VALUES ('e1953248b2494a37ace2e71cf3955dfe', 'sccaseyy@gmail.com', 1, '', '', '', '', NULL, 0, 'member', '2026-02-09 19:15');

INSERT OR IGNORE INTO user (id, email, email_verified, hashed_password, name, first_name, last_name, wix_member_id, blocked, role, created_at) VALUES ('426eba7b35394e8ebc95b63436a1288d', 'onlyifyubelieve1992@gmail.com', 1, '', 'sa ra', 'sa', 'ra', NULL, 0, 'member', '2026-02-14 20:19');

INSERT OR IGNORE INTO user (id, email, email_verified, hashed_password, name, first_name, last_name, wix_member_id, blocked, role, created_at) VALUES ('099e5d486b474a1a91aec0337dd491a7', 'alivclifford@gmail.com', 1, '', 'A C', 'A', 'C', NULL, 0, 'member', '2026-02-09 21:18');

INSERT OR IGNORE INTO user (id, email, email_verified, hashed_password, name, first_name, last_name, wix_member_id, blocked, role, created_at) VALUES ('04b9b7c79b4d4a548a46814219af1b7f', 'mackiiewoods@gmail.com', 1, '', 'Mackenzie Woods', 'Mackenzie', 'Woods', NULL, 0, 'member', '2026-02-11 14:46');

INSERT OR IGNORE INTO user (id, email, email_verified, hashed_password, name, first_name, last_name, wix_member_id, blocked, role, created_at) VALUES ('78be74baa5834e429440bddf4bff75ff', 'christinamck89@hotmail.co.uk', 1, '', '', '', '', NULL, 0, 'member', '2026-02-13 06:07');

INSERT OR IGNORE INTO user (id, email, email_verified, hashed_password, name, first_name, last_name, wix_member_id, blocked, role, created_at) VALUES ('fca07411f8cd46049653500dfc7677b9', 'tuning.tasting-9b@icloud.com', 1, '', '', '', '', NULL, 0, 'member', '2026-02-18 13:55');

INSERT OR IGNORE INTO user (id, email, email_verified, hashed_password, name, first_name, last_name, wix_member_id, blocked, role, created_at) VALUES ('448c38e9711444b38de83de3dbe7bd7b', 'modrycki5@att.net', 1, '', '', '', '', NULL, 0, 'member', '2026-02-19 17:54');

INSERT OR IGNORE INTO user (id, email, email_verified, hashed_password, name, first_name, last_name, wix_member_id, blocked, role, created_at) VALUES ('9f43c5c9e6b448e3a4730959a64beaa3', 'sclark@lonepeakpt.com', 1, '', '', '', '', NULL, 0, 'member', '2026-02-18 14:38');

INSERT OR IGNORE INTO user (id, email, email_verified, hashed_password, name, first_name, last_name, wix_member_id, blocked, role, created_at) VALUES ('2ef691db64244304bf512964dbee4c5d', 'kendralauver92@gmail.com', 1, '', 'Kendra Martin', 'Kendra', 'Martin', NULL, 0, 'member', '2026-02-14 14:40');

INSERT OR IGNORE INTO user (id, email, email_verified, hashed_password, name, first_name, last_name, wix_member_id, blocked, role, created_at) VALUES ('5849eb65e0d74a76a118bae42dfd7b66', 'youseemme@gmail.com', 1, '', 'Emme J', 'Emme', 'J', NULL, 0, 'member', '2026-02-15 15:27');

INSERT OR IGNORE INTO user (id, email, email_verified, hashed_password, name, first_name, last_name, wix_member_id, blocked, role, created_at) VALUES ('380485b6835a4581857a09633b4f4824', 'alaina.blanchard@yahoo.com', 1, '', '', '', '', NULL, 0, 'member', '2026-02-12 14:55');

INSERT OR IGNORE INTO user (id, email, email_verified, hashed_password, name, first_name, last_name, wix_member_id, blocked, role, created_at) VALUES ('5b3ec9d1d09242419d582c08e2ad5994', 'filomena.silva013@gmail.com', 1, '', '', '', '', NULL, 0, 'member', '2026-02-11 14:27');

INSERT OR IGNORE INTO user (id, email, email_verified, hashed_password, name, first_name, last_name, wix_member_id, blocked, role, created_at) VALUES ('a1db29edeb834eb7ab4cc48a8ed16f2b', 'monica.cm.martins@gmail.com', 1, '', '', '', '', NULL, 0, 'member', '2026-02-11 17:58');

INSERT OR IGNORE INTO user (id, email, email_verified, hashed_password, name, first_name, last_name, wix_member_id, blocked, role, created_at) VALUES ('7c34c00acfce489a9c87fb1da9d7d963', 'nicole.mougin@gmail.com', 1, '', '', '', '', NULL, 0, 'member', '2026-02-19 22:10');

INSERT OR IGNORE INTO user (id, email, email_verified, hashed_password, name, first_name, last_name, wix_member_id, blocked, role, created_at) VALUES ('0bc4fb5ec4064bc0a264d4c262464f4b', 'ariellawexler@gmail.com', 1, '', '', '', '', NULL, 0, 'member', '2026-02-12 19:58');

INSERT OR IGNORE INTO user (id, email, email_verified, hashed_password, name, first_name, last_name, wix_member_id, blocked, role, created_at) VALUES ('45a9c75769e94e49a88f122f35c4ac85', 'victoria.muir07@gmail.com', 1, '', '', '', '', NULL, 0, 'member', '2026-02-19 22:08');

INSERT OR IGNORE INTO user (id, email, email_verified, hashed_password, name, first_name, last_name, wix_member_id, blocked, role, created_at) VALUES ('6a617475fd9f4aa7a4940c3f98698623', 'carissaann144@gmail.com', 1, '', '', '', '', NULL, 0, 'member', '2026-02-19 22:12');

INSERT OR IGNORE INTO user (id, email, email_verified, hashed_password, name, first_name, last_name, wix_member_id, blocked, role, created_at) VALUES ('c39c40a7b9414c6a8ed4db00486e41bb', 'stephaniegrijalva47@gmail.com', 1, '', '', '', '', NULL, 0, 'member', '2026-02-12 20:19');

INSERT OR IGNORE INTO user (id, email, email_verified, hashed_password, name, first_name, last_name, wix_member_id, blocked, role, created_at) VALUES ('4d687aa6c8344fb2a0b6733ac2361324', 'christine.r.gillespie@gmail.com', 1, '', '', '', '', NULL, 0, 'member', '2026-02-13 07:51');

INSERT OR IGNORE INTO user (id, email, email_verified, hashed_password, name, first_name, last_name, wix_member_id, blocked, role, created_at) VALUES ('be9e79b60e114db1a6eef73c04ef135d', 'hislambkatura@gmail.com', 1, '', '', '', '', NULL, 0, 'member', '2026-02-09 23:01');

INSERT OR IGNORE INTO user (id, email, email_verified, hashed_password, name, first_name, last_name, wix_member_id, blocked, role, created_at) VALUES ('600bb905660b41f3bdb6878ad1adfb57', 'graciemiles10@gmail.com', 1, '', '', '', '', NULL, 0, 'member', '2026-02-19 22:02');

INSERT OR IGNORE INTO user (id, email, email_verified, hashed_password, name, first_name, last_name, wix_member_id, blocked, role, created_at) VALUES ('f59dddb25a1240e6b7e1a3b8b0271f8a', 'japhethwixpartner@gmail.com', 1, '', 'Japheth Onan', 'Japheth', 'Onan', NULL, 1, 'member', '2026-02-17 10:09');
INSERT OR IGNORE INTO user_label (user_id, label) VALUES ('f59dddb25a1240e6b7e1a3b8b0271f8a', 'Spam 🛑');

INSERT OR IGNORE INTO user (id, email, email_verified, hashed_password, name, first_name, last_name, wix_member_id, blocked, role, created_at) VALUES ('25d3d2d236de466298c9c2562bdbc22e', 'mccarthy.col@husky.neu.edu', 1, '', 'Colleen McCarthy', 'Colleen', 'McCarthy', NULL, 0, 'member', '2026-02-17 15:51');

INSERT OR IGNORE INTO user (id, email, email_verified, hashed_password, name, first_name, last_name, wix_member_id, blocked, role, created_at) VALUES ('808a2da2a2c840a394741f8c4940f008', 'jaclyn2000@gmail.com', 1, '', 'Jaclyn Goldbach', 'Jaclyn', 'Goldbach', NULL, 0, 'member', '2026-02-19 21:36');

INSERT OR IGNORE INTO user (id, email, email_verified, hashed_password, name, first_name, last_name, wix_member_id, blocked, role, created_at) VALUES ('1e62c8619cd44471b08e79e8e064764b', 'ana.rasic33@gmail.com', 1, '', 'Ana Rašić', 'Ana', 'Rašić', NULL, 0, 'member', '2026-02-12 07:01');

INSERT OR IGNORE INTO user (id, email, email_verified, hashed_password, name, first_name, last_name, wix_member_id, blocked, role, created_at) VALUES ('092faf64c6194af7b397905564116f37', 'candycane4723@aol.com', 1, '', '', '', '', NULL, 0, 'member', '2026-02-18 18:03');

INSERT OR IGNORE INTO user (id, email, email_verified, hashed_password, name, first_name, last_name, wix_member_id, blocked, role, created_at) VALUES ('02756113ffae4c9aae75412efdc8aef9', 'jennpirri@gmail.com', 1, '', 'Jenn Pirri', 'Jenn', 'Pirri', NULL, 0, 'member', '2026-02-11 17:31');

INSERT OR IGNORE INTO user (id, email, email_verified, hashed_password, name, first_name, last_name, wix_member_id, blocked, role, created_at) VALUES ('c18064a580ec4cf3a11f4ddbe6ea0357', 'xoerin164@yahoo.com', 1, '', '', '', '', NULL, 0, 'member', '2026-02-09 22:26');

INSERT OR IGNORE INTO user (id, email, email_verified, hashed_password, name, first_name, last_name, wix_member_id, blocked, role, created_at) VALUES ('0ae8652fd7b54da5a03eeada5955812d', 'molten.alleles7k@icloud.com', 1, '', '', '', '', NULL, 0, 'member', '2026-02-08 06:00');

INSERT OR IGNORE INTO user (id, email, email_verified, hashed_password, name, first_name, last_name, wix_member_id, blocked, role, created_at) VALUES ('a69d02f16bb24747817937a4e7efba39', 'andrearkarp@gmail.com', 1, '', '', '', '', NULL, 0, 'member', '2026-02-18 23:06');

INSERT OR IGNORE INTO user (id, email, email_verified, hashed_password, name, first_name, last_name, wix_member_id, blocked, role, created_at) VALUES ('499dbaac702b47ba8dd3a88a18446039', 'caroline.weir@comcast.net', 1, '', '', '', '', NULL, 0, 'member', '2026-02-12 23:56');

INSERT OR IGNORE INTO user (id, email, email_verified, hashed_password, name, first_name, last_name, wix_member_id, blocked, role, created_at) VALUES ('d48f5ec372a745c388de7f45000d525e', 'marissamtorres27@gmail.com', 1, '', '', '', '', NULL, 0, 'member', '2026-02-20 01:31');

INSERT OR IGNORE INTO user (id, email, email_verified, hashed_password, name, first_name, last_name, wix_member_id, blocked, role, created_at) VALUES ('adb25355589240a2aff6d28304abd80c', 'brenda.mendoza1034@gmail.com', 1, '', 'Brenda Rodriguez', 'Brenda', 'Rodriguez', NULL, 0, 'member', '2026-02-20 01:13');

INSERT OR IGNORE INTO user (id, email, email_verified, hashed_password, name, first_name, last_name, wix_member_id, blocked, role, created_at) VALUES ('2abbf5fa54a74c3bb2b882daca39f728', 'akwebb8@gmail.com', 1, '', 'Allison Webb', 'Allison', 'Webb', NULL, 0, 'member', '2026-02-20 00:38');

INSERT OR IGNORE INTO user (id, email, email_verified, hashed_password, name, first_name, last_name, wix_member_id, blocked, role, created_at) VALUES ('a826eaff591e4f1e8df379fdcc968f8b', 'rachellowery2013@yahoo.com', 1, '', '', '', '', NULL, 0, 'member', '2026-02-20 00:29');

INSERT OR IGNORE INTO user (id, email, email_verified, hashed_password, name, first_name, last_name, wix_member_id, blocked, role, created_at) VALUES ('4ae8ac2581144ad9b2235b17f29cb834', 'amgoodwin16@gmail.com', 1, '', '', '', '', NULL, 0, 'member', '2026-02-19 22:47');

INSERT OR IGNORE INTO user (id, email, email_verified, hashed_password, name, first_name, last_name, wix_member_id, blocked, role, created_at) VALUES ('fc395f41a5894e8a890fb46d8356853b', 'nataliegerstner@gmail.com', 1, '', '', '', '', NULL, 0, 'member', '2026-02-20 00:35');

INSERT OR IGNORE INTO user (id, email, email_verified, hashed_password, name, first_name, last_name, wix_member_id, blocked, role, created_at) VALUES ('478567620d9d444e9596d149f33bb268', 'bkaiossa@gmail.com', 1, '', '', '', '', NULL, 0, 'member', '2026-02-20 01:12');

INSERT OR IGNORE INTO user (id, email, email_verified, hashed_password, name, first_name, last_name, wix_member_id, blocked, role, created_at) VALUES ('e6adede7f7b04e9c8bc2e7b6fb94dccf', 'jessica.pearl28@gmail.com', 1, '', '', '', '', NULL, 0, 'member', '2026-02-20 00:30');

INSERT OR IGNORE INTO user (id, email, email_verified, hashed_password, name, first_name, last_name, wix_member_id, blocked, role, created_at) VALUES ('ae2d553334f64ef7bd5d472e1da43afe', 'sljohnston0326@gmail.com', 1, '', '', '', '', NULL, 0, 'member', '2026-02-20 03:21');

INSERT OR IGNORE INTO user (id, email, email_verified, hashed_password, name, first_name, last_name, wix_member_id, blocked, role, created_at) VALUES ('8f20b27813ea45f48ce406975423fc83', 'barreto.elyssa@yahoo.com', 1, '', '', '', '', NULL, 0, 'member', '2026-02-20 02:33');

INSERT OR IGNORE INTO user (id, email, email_verified, hashed_password, name, first_name, last_name, wix_member_id, blocked, role, created_at) VALUES ('5a03d375aca84d7ab68848926ef6744a', 'erinbisbing1@gmail.com', 1, '', '', '', '', NULL, 0, 'member', '2026-02-20 02:54');

INSERT OR IGNORE INTO user (id, email, email_verified, hashed_password, name, first_name, last_name, wix_member_id, blocked, role, created_at) VALUES ('4c21d920e6644f1493ec0639e406c0a2', 'eljon_gallapeni@hotmail.com', 1, '', '', '', '', NULL, 0, 'member', '2026-02-20 01:38');

INSERT OR IGNORE INTO user (id, email, email_verified, hashed_password, name, first_name, last_name, wix_member_id, blocked, role, created_at) VALUES ('7a50fe70fad04ca4a10561460d1c3e70', 'ellaochoab@gmail.com', 1, '', '', '', '', NULL, 0, 'member', '2026-02-19 23:02');

INSERT OR IGNORE INTO user (id, email, email_verified, hashed_password, name, first_name, last_name, wix_member_id, blocked, role, created_at) VALUES ('d47ac1a545cd4f20a4cf27ffc20d3b5a', 'danisullivan27@gmail.com', 1, '', '', '', '', NULL, 0, 'member', '2026-02-20 03:29');

INSERT OR IGNORE INTO user (id, email, email_verified, hashed_password, name, first_name, last_name, wix_member_id, blocked, role, created_at) VALUES ('3b7bde23c4094a5e85d71cddb11f74d8', 'naeun.chaa@gmail.com', 1, '', '', '', '', NULL, 0, 'member', '2026-02-20 02:04');

INSERT OR IGNORE INTO user (id, email, email_verified, hashed_password, name, first_name, last_name, wix_member_id, blocked, role, created_at) VALUES ('f41e36938b4f4c54bb7b18bdc6652948', 'lndowney26@yahoo.com', 1, '', '', '', '', NULL, 0, 'member', '2026-02-20 01:24');

INSERT OR IGNORE INTO user (id, email, email_verified, hashed_password, name, first_name, last_name, wix_member_id, blocked, role, created_at) VALUES ('d69fad32787045e0808322b3fed12ea9', 'annelucille@outlook.com', 1, '', '', '', '', NULL, 0, 'member', '2026-02-19 22:35');

INSERT OR IGNORE INTO user (id, email, email_verified, hashed_password, name, first_name, last_name, wix_member_id, blocked, role, created_at) VALUES ('df40156928b2426dab5c04e15cd07164', 'heatherjoywroth@gmail.com', 1, '', 'Heather Wroth', 'Heather', 'Wroth', NULL, 0, 'member', '2026-02-20 02:55');

INSERT OR IGNORE INTO user (id, email, email_verified, hashed_password, name, first_name, last_name, wix_member_id, blocked, role, created_at) VALUES ('9fe8d73511b8428a874f269367218f79', 'averycwatson@outlook.com', 1, '', '', '', '', NULL, 0, 'member', '2026-02-19 23:08');

INSERT OR IGNORE INTO user (id, email, email_verified, hashed_password, name, first_name, last_name, wix_member_id, blocked, role, created_at) VALUES ('2ced27ff692c4015a9a9f8d4a5fb35a4', 'depalezieux.b@gmail.com', 1, '', '', '', '', NULL, 0, 'member', '2026-02-20 00:56');

INSERT OR IGNORE INTO user (id, email, email_verified, hashed_password, name, first_name, last_name, wix_member_id, blocked, role, created_at) VALUES ('ce549c27fc0248db85f9f7dd02a5279e', 'mbouch418@gmail.com', 1, '', '', '', '', NULL, 0, 'member', '2026-02-19 23:43');

INSERT OR IGNORE INTO user (id, email, email_verified, hashed_password, name, first_name, last_name, wix_member_id, blocked, role, created_at) VALUES ('82351680ba4145959078e14547e04b8a', 'abbygillardi@gmail.com', 1, '', '', '', '', NULL, 0, 'member', '2026-02-20 02:02');

INSERT OR IGNORE INTO user (id, email, email_verified, hashed_password, name, first_name, last_name, wix_member_id, blocked, role, created_at) VALUES ('4622f43cc418452a9cc67eee3767f790', 'harlowcamille@gmail.com', 1, '', '', '', '', NULL, 0, 'member', '2026-02-20 03:39');

INSERT OR IGNORE INTO user (id, email, email_verified, hashed_password, name, first_name, last_name, wix_member_id, blocked, role, created_at) VALUES ('8f642c179da7494099c25775d0aca472', 'nataliaguz100@gmail.com', 1, '', '', '', '', NULL, 0, 'member', '2026-02-19 22:44');

INSERT OR IGNORE INTO user (id, email, email_verified, hashed_password, name, first_name, last_name, wix_member_id, blocked, role, created_at) VALUES ('9809eade0f6545b8b78605879fcadf3f', 'michellerichard819@gmail.com', 1, '', '', '', '', NULL, 0, 'member', '2026-02-20 01:42');

INSERT OR IGNORE INTO user (id, email, email_verified, hashed_password, name, first_name, last_name, wix_member_id, blocked, role, created_at) VALUES ('b925755f85a04d248a54495caeea7adb', 'katmarie501@gmail.com', 1, '', '', '', '', NULL, 0, 'member', '2026-02-20 01:40');

INSERT OR IGNORE INTO user (id, email, email_verified, hashed_password, name, first_name, last_name, wix_member_id, blocked, role, created_at) VALUES ('01a7aa8ee1df4625a66431657cacbd56', 'maddiestaker@yahoo.com', 1, '', '', '', '', NULL, 0, 'member', '2026-02-20 02:22');

INSERT OR IGNORE INTO user (id, email, email_verified, hashed_password, name, first_name, last_name, wix_member_id, blocked, role, created_at) VALUES ('b841592e0cd54af0ae58a54af2ed61b7', 'jackiewalker2001@gmail.com', 1, '', '', '', '', NULL, 0, 'member', '2026-02-20 01:24');

INSERT OR IGNORE INTO user (id, email, email_verified, hashed_password, name, first_name, last_name, wix_member_id, blocked, role, created_at) VALUES ('8b3ac216ab464abe84aec702d3ceb67b', 'corrro_v@yahoo.com', 1, '', '', '', '', NULL, 0, 'member', '2026-02-20 03:12');

INSERT OR IGNORE INTO user (id, email, email_verified, hashed_password, name, first_name, last_name, wix_member_id, blocked, role, created_at) VALUES ('1082f72ba99646b4b4e4c8c7d6f38cac', 'boffillgaby@hotmail.com', 1, '', '', '', '', NULL, 0, 'member', '2026-02-19 23:11');

INSERT OR IGNORE INTO user (id, email, email_verified, hashed_password, name, first_name, last_name, wix_member_id, blocked, role, created_at) VALUES ('4a552a8e7dca480a86fe97cc94d510f1', 'alexisraealtvater@hotmail.com', 1, '', '', '', '', NULL, 0, 'member', '2026-02-20 04:08');

INSERT OR IGNORE INTO user (id, email, email_verified, hashed_password, name, first_name, last_name, wix_member_id, blocked, role, created_at) VALUES ('cf01870a5b26446bbd59875641b5e9e7', 'nataliaboschsa@gmail.com', 1, '', '', '', '', NULL, 0, 'member', '2026-02-20 02:54');

INSERT OR IGNORE INTO user (id, email, email_verified, hashed_password, name, first_name, last_name, wix_member_id, blocked, role, created_at) VALUES ('2b1b1be9711b4fdf8d710b3317bb79a4', 'abbygmej7@gmail.com', 1, '', 'Abby Wondaal', 'Abby', 'Wondaal', NULL, 0, 'member', '2026-02-19 23:06');

INSERT OR IGNORE INTO user (id, email, email_verified, hashed_password, name, first_name, last_name, wix_member_id, blocked, role, created_at) VALUES ('ceecb3170da64cebbda787c81ae2536e', 'taylorleigh13@yahoo.com', 1, '', '', '', '', NULL, 0, 'member', '2026-02-20 02:53');

INSERT OR IGNORE INTO user (id, email, email_verified, hashed_password, name, first_name, last_name, wix_member_id, blocked, role, created_at) VALUES ('b729ccebb65e4f768f00aa39e84db78a', 'melissa.pa.331@gmail.com', 1, '', 'Melissa Posey', 'Melissa', 'Posey', NULL, 0, 'member', '2026-02-19 23:39');

INSERT OR IGNORE INTO user (id, email, email_verified, hashed_password, name, first_name, last_name, wix_member_id, blocked, role, created_at) VALUES ('a685d476973c4e15a69f560994fcdbb0', 'shelbyhoovler@gmail.com', 1, '', '', '', '', NULL, 0, 'member', '2026-02-20 01:23');

INSERT OR IGNORE INTO user (id, email, email_verified, hashed_password, name, first_name, last_name, wix_member_id, blocked, role, created_at) VALUES ('0633e7503b81488b9251c6d71250dd49', 'mariabienvenu20@gmail.com', 1, '', '', '', '', NULL, 0, 'member', '2026-02-20 03:07');

INSERT OR IGNORE INTO user (id, email, email_verified, hashed_password, name, first_name, last_name, wix_member_id, blocked, role, created_at) VALUES ('2bf145e1015a44038e53afdf4977a5df', 'lisalamielle19@gmail.com', 1, '', '', '', '', NULL, 0, 'member', '2026-02-20 00:06');

INSERT OR IGNORE INTO user (id, email, email_verified, hashed_password, name, first_name, last_name, wix_member_id, blocked, role, created_at) VALUES ('6e0e51afdd8949bbac2dce3a652d237d', 'lharter6726@gmail.com', 1, '', 'Lilly Kelly', 'Lilly', 'Kelly', NULL, 0, 'member', '2026-02-20 02:30');

INSERT OR IGNORE INTO user (id, email, email_verified, hashed_password, name, first_name, last_name, wix_member_id, blocked, role, created_at) VALUES ('2265df2ac75443b9b5f2d1e954aa14c1', 'verolacayo@gmail.com', 1, '', 'Veronica Carr', 'Veronica', 'Carr', NULL, 0, 'member', '2026-02-20 01:14');

INSERT OR IGNORE INTO user (id, email, email_verified, hashed_password, name, first_name, last_name, wix_member_id, blocked, role, created_at) VALUES ('b87581cdf6604940b3252eb2d10adbf0', 'lexwinfitness@gmail.com', 1, '', '', '', '', NULL, 0, 'member', '2026-02-19 23:00');

INSERT OR IGNORE INTO user (id, email, email_verified, hashed_password, name, first_name, last_name, wix_member_id, blocked, role, created_at) VALUES ('bb900846bd6c44718bef2a428a5e0af4', 'tradita20@gmail.com', 1, '', '', '', '', NULL, 0, 'member', '2026-02-20 03:12');

INSERT OR IGNORE INTO user (id, email, email_verified, hashed_password, name, first_name, last_name, wix_member_id, blocked, role, created_at) VALUES ('7b556cc798db4c3b965427e599e61fca', 'cgreene413@gmail.com', 1, '', '', '', '', NULL, 0, 'member', '2026-02-20 00:12');

INSERT OR IGNORE INTO user (id, email, email_verified, hashed_password, name, first_name, last_name, wix_member_id, blocked, role, created_at) VALUES ('db1b3996c7f94ca89fd7503dbffc6980', 'katdonor88@gmail.com', 1, '', '', '', '', NULL, 0, 'member', '2026-02-20 03:21');

INSERT OR IGNORE INTO user (id, email, email_verified, hashed_password, name, first_name, last_name, wix_member_id, blocked, role, created_at) VALUES ('af24d5ca011343feb68478fd322fa507', 'kassidymartin4@gmail.com', 1, '', '', '', '', NULL, 0, 'member', '2026-02-20 03:53');

INSERT OR IGNORE INTO user (id, email, email_verified, hashed_password, name, first_name, last_name, wix_member_id, blocked, role, created_at) VALUES ('85f921bc8d1f40c9967b9106c1e28910', 'swesterman8@gmail.com', 1, '', '', '', '', NULL, 0, 'member', '2026-02-20 01:53');

INSERT OR IGNORE INTO user (id, email, email_verified, hashed_password, name, first_name, last_name, wix_member_id, blocked, role, created_at) VALUES ('4cf84cc3c8444185bae18b9314ee662e', 'jeslenegiguere@gmail.com', 1, '', '', '', '', NULL, 0, 'member', '2026-02-20 03:00');

INSERT OR IGNORE INTO user (id, email, email_verified, hashed_password, name, first_name, last_name, wix_member_id, blocked, role, created_at) VALUES ('261b05da6b5f4a6c898249c749f63328', 'alexis.choate@gmail.com', 1, '', '', '', '', NULL, 0, 'member', '2026-02-20 02:40');

INSERT OR IGNORE INTO user (id, email, email_verified, hashed_password, name, first_name, last_name, wix_member_id, blocked, role, created_at) VALUES ('235d628d52f04cf986059b0f3499e25a', 'tiffanymcgavin@gmail.com', 1, '', '', '', '', NULL, 0, 'member', '2026-02-20 02:45');

INSERT OR IGNORE INTO user (id, email, email_verified, hashed_password, name, first_name, last_name, wix_member_id, blocked, role, created_at) VALUES ('05ef9380a5744ed79ebe1e4aafb9a097', 'samanthamn11@gmail.com', 1, '', '', '', '', NULL, 0, 'member', '2026-02-19 22:39');

INSERT OR IGNORE INTO user (id, email, email_verified, hashed_password, name, first_name, last_name, wix_member_id, blocked, role, created_at) VALUES ('a0f45c5c38c94d79b7e723651114a4b1', 'brittanybonvino@gmail.com', 1, '', '', '', '', NULL, 0, 'member', '2026-02-20 03:35');

INSERT OR IGNORE INTO user (id, email, email_verified, hashed_password, name, first_name, last_name, wix_member_id, blocked, role, created_at) VALUES ('ff17644d4e3541fa8141c6bafcae7e05', 'larissa.hayden91@gmail.com', 1, '', 'Larissa Hayden', 'Larissa', 'Hayden', NULL, 0, 'member', '2026-02-20 02:54');

INSERT OR IGNORE INTO user (id, email, email_verified, hashed_password, name, first_name, last_name, wix_member_id, blocked, role, created_at) VALUES ('a76ccaf2db85429ab16962229744cf8e', 'alyco32@gmail.com', 1, '', '', '', '', NULL, 0, 'member', '2026-02-20 01:45');

INSERT OR IGNORE INTO user (id, email, email_verified, hashed_password, name, first_name, last_name, wix_member_id, blocked, role, created_at) VALUES ('f1f9832b206f4c9b8fa371ec106a3c69', 'hayleyarico@gmail.com', 1, '', '', '', '', NULL, 0, 'member', '2026-02-20 03:03');

INSERT OR IGNORE INTO user (id, email, email_verified, hashed_password, name, first_name, last_name, wix_member_id, blocked, role, created_at) VALUES ('af6458207dc2495b9822699fee5db73b', 'kathrynlounds@gmail.com', 1, '', 'Kathryn Stowell', 'Kathryn', 'Stowell', NULL, 0, 'member', '2026-02-19 23:17');

INSERT OR IGNORE INTO user (id, email, email_verified, hashed_password, name, first_name, last_name, wix_member_id, blocked, role, created_at) VALUES ('700bcb80bd5f4cd7bdb0f0ca3aea112f', 'goldenhoursdoulaservices@gmail.com', 1, '', '', '', '', NULL, 0, 'member', '2026-02-20 01:55');

INSERT OR IGNORE INTO user (id, email, email_verified, hashed_password, name, first_name, last_name, wix_member_id, blocked, role, created_at) VALUES ('1b2bc314fffe4dddaad6c4f1d864bf1d', 'abigailpence17@gmail.com', 1, '', '', '', '', NULL, 0, 'member', '2026-02-19 22:41');

INSERT OR IGNORE INTO user (id, email, email_verified, hashed_password, name, first_name, last_name, wix_member_id, blocked, role, created_at) VALUES ('70d73d9a9f894360a86dec3b56915091', 'emilycarolynheino@gmail.com', 1, '', 'Emily Heinonen', 'Emily', 'Heinonen', NULL, 0, 'member', '2026-02-19 22:39');

INSERT OR IGNORE INTO user (id, email, email_verified, hashed_password, name, first_name, last_name, wix_member_id, blocked, role, created_at) VALUES ('734d663d4d6c4f1097eaffe66ba99fab', 'hmayer1022@gmail.com', 1, '', '', '', '', NULL, 0, 'member', '2026-02-20 00:19');

INSERT OR IGNORE INTO user (id, email, email_verified, hashed_password, name, first_name, last_name, wix_member_id, blocked, role, created_at) VALUES ('3dde55e02088406b8c279da699b830b4', 'briapierce57@gmail.com', 1, '', '', '', '', NULL, 0, 'member', '2026-02-20 00:03');

INSERT OR IGNORE INTO user (id, email, email_verified, hashed_password, name, first_name, last_name, wix_member_id, blocked, role, created_at) VALUES ('d32824be6bd049a7a77b94c2539bf7d8', 'mlanden1124@gmail.com', 1, '', 'McKinley Landen', 'McKinley', 'Landen', NULL, 0, 'member', '2026-02-20 03:18');

INSERT OR IGNORE INTO user (id, email, email_verified, hashed_password, name, first_name, last_name, wix_member_id, blocked, role, created_at) VALUES ('0ca38b5f1b5f4e3a8978353e58d4074d', 'gjokajaferdita@gmail.com', 1, '', '', '', '', NULL, 0, 'member', '2026-02-19 23:47');

INSERT OR IGNORE INTO user (id, email, email_verified, hashed_password, name, first_name, last_name, wix_member_id, blocked, role, created_at) VALUES ('8d0e368d7b244852931b1bc08fd647dc', 'callmewhatyoulike@gmail.com', 1, '', '', '', '', NULL, 0, 'member', '2026-02-20 00:43');

INSERT OR IGNORE INTO user (id, email, email_verified, hashed_password, name, first_name, last_name, wix_member_id, blocked, role, created_at) VALUES ('f7963748e5764068a66021e514b0a8d3', 'drezpediatrics@gmail.com', 1, '', 'Ezela', 'Ezela', '', NULL, 0, 'member', '2026-02-20 02:20');

INSERT OR IGNORE INTO user (id, email, email_verified, hashed_password, name, first_name, last_name, wix_member_id, blocked, role, created_at) VALUES ('b601ec8395c8448cb3b3670cc3a6a89e', 'kamizoller@gmail.com', 1, '', '', '', '', NULL, 0, 'member', '2026-02-19 23:39');

INSERT OR IGNORE INTO user (id, email, email_verified, hashed_password, name, first_name, last_name, wix_member_id, blocked, role, created_at) VALUES ('f4ccc3cb60004cdd8c51479288bdfed4', 'yulers6@gmail.com', 1, '', 'Yulia Leontieva', 'Yulia', 'Leontieva', NULL, 0, 'member', '2026-02-19 22:23');

INSERT OR IGNORE INTO user (id, email, email_verified, hashed_password, name, first_name, last_name, wix_member_id, blocked, role, created_at) VALUES ('dbb5c8b288ae4ecbbee29e4e0cf26bae', 'ddiaz13@outlook.com', 1, '', '', '', '', NULL, 0, 'member', '2026-02-20 00:20');

INSERT OR IGNORE INTO user (id, email, email_verified, hashed_password, name, first_name, last_name, wix_member_id, blocked, role, created_at) VALUES ('31c75f2eb19245c4a937cc3545cae9bf', 'wildflowermama.biz@gmail.com', 1, '', '', '', '', NULL, 0, 'member', '2026-02-20 01:15');

INSERT OR IGNORE INTO user (id, email, email_verified, hashed_password, name, first_name, last_name, wix_member_id, blocked, role, created_at) VALUES ('e7b7c22d26074b7a91e099cd9e68e894', 'lizkbrown@gmail.com', 1, '', '', '', '', NULL, 0, 'member', '2026-02-20 02:15');

INSERT OR IGNORE INTO user (id, email, email_verified, hashed_password, name, first_name, last_name, wix_member_id, blocked, role, created_at) VALUES ('69710a0897114c9cbc9a6d7d198e108b', 'singforjoy98@gmail.com', 1, '', '', '', '', NULL, 0, 'member', '2026-02-19 23:34');

INSERT OR IGNORE INTO user (id, email, email_verified, hashed_password, name, first_name, last_name, wix_member_id, blocked, role, created_at) VALUES ('d14c95fc2288467bb8c003cc552d5c35', 'brittanylynn1002@yahoo.com', 1, '', 'Brittany Johnson', 'Brittany', 'Johnson', NULL, 0, 'member', '2026-02-20 01:10');

INSERT OR IGNORE INTO user (id, email, email_verified, hashed_password, name, first_name, last_name, wix_member_id, blocked, role, created_at) VALUES ('7509a71fa13b4625b15121b6574e9856', 'slambert0022@gmail.com', 1, '', '', '', '', NULL, 0, 'member', '2026-02-20 01:06');

INSERT OR IGNORE INTO user (id, email, email_verified, hashed_password, name, first_name, last_name, wix_member_id, blocked, role, created_at) VALUES ('617c651cb5224b4088901d02b2037a05', 'lah621@hotmail.com', 1, '', '', '', '', NULL, 0, 'member', '2026-02-19 23:53');

INSERT OR IGNORE INTO user (id, email, email_verified, hashed_password, name, first_name, last_name, wix_member_id, blocked, role, created_at) VALUES ('9ae8c27e544e4d91af9cd5a6958b6ab4', 'gennadifranco@gmail.com', 1, '', '', '', '', NULL, 0, 'member', '2026-02-20 03:33');

INSERT OR IGNORE INTO user (id, email, email_verified, hashed_password, name, first_name, last_name, wix_member_id, blocked, role, created_at) VALUES ('3bafc309873c40afa988f4cb92aba44d', 'paigedellosso@yahoo.com', 1, '', '', '', '', NULL, 0, 'member', '2026-02-19 23:46');

INSERT OR IGNORE INTO user (id, email, email_verified, hashed_password, name, first_name, last_name, wix_member_id, blocked, role, created_at) VALUES ('7771c9528fe441a1bbc7c660434e20f7', 'katemyers1047@gmail.com', 1, '', '', '', '', NULL, 0, 'member', '2026-02-20 03:10');

INSERT OR IGNORE INTO user (id, email, email_verified, hashed_password, name, first_name, last_name, wix_member_id, blocked, role, created_at) VALUES ('719ce70bcc7646798c6f1d61436ef4fe', 'laurenstodd@gmail.com', 1, '', '', '', '', NULL, 0, 'member', '2026-02-19 22:41');

INSERT OR IGNORE INTO user (id, email, email_verified, hashed_password, name, first_name, last_name, wix_member_id, blocked, role, created_at) VALUES ('2b2788de33484503ba425054caf15f4e', 'jpowell035@gmail.com', 1, '', '', '', '', NULL, 0, 'member', '2026-02-19 22:31');

INSERT OR IGNORE INTO user (id, email, email_verified, hashed_password, name, first_name, last_name, wix_member_id, blocked, role, created_at) VALUES ('c9530323dc8b4a8794f77aa063e0bec3', 'leemand11@gmail.com', 1, '', '', '', '', NULL, 0, 'member', '2026-02-19 23:48');

INSERT OR IGNORE INTO user (id, email, email_verified, hashed_password, name, first_name, last_name, wix_member_id, blocked, role, created_at) VALUES ('63bf768522494fc388632af96f70b471', 'emiroy15@gmail.com', 1, '', '', '', '', NULL, 0, 'member', '2026-02-19 23:40');

INSERT OR IGNORE INTO user (id, email, email_verified, hashed_password, name, first_name, last_name, wix_member_id, blocked, role, created_at) VALUES ('08e01640f9564bd9a89ba2ee1f84508f', 'lindseysekosan@gmail.com', 1, '', 'Lindsey Sekosan', 'Lindsey', 'Sekosan', NULL, 0, 'member', '2026-02-20 01:05');

INSERT OR IGNORE INTO user (id, email, email_verified, hashed_password, name, first_name, last_name, wix_member_id, blocked, role, created_at) VALUES ('89200753517d47a0a1f05e3118729ddd', 'sarahjasminek@icloud.com', 1, '', '', '', '', NULL, 0, 'member', '2026-02-20 01:27');

INSERT OR IGNORE INTO user (id, email, email_verified, hashed_password, name, first_name, last_name, wix_member_id, blocked, role, created_at) VALUES ('23f9d8ae9a844f06a8c5beadd2a19ead', 'kmccullion2@gmail.com', 1, '', '', '', '', NULL, 0, 'member', '2026-02-19 23:38');

INSERT OR IGNORE INTO user (id, email, email_verified, hashed_password, name, first_name, last_name, wix_member_id, blocked, role, created_at) VALUES ('52123defa5354157bcf27d5d4fa4ff12', 'kthoward422@gmail.com', 1, '', '', '', '', NULL, 0, 'member', '2026-02-20 02:44');

INSERT OR IGNORE INTO user (id, email, email_verified, hashed_password, name, first_name, last_name, wix_member_id, blocked, role, created_at) VALUES ('74cbe4641b6b4d098bf843d412b404dd', 'bloom.w.mel@gmail.com', 1, '', '', '', '', NULL, 0, 'member', '2026-02-20 02:46');

INSERT OR IGNORE INTO user (id, email, email_verified, hashed_password, name, first_name, last_name, wix_member_id, blocked, role, created_at) VALUES ('31ef6fba84a84f04b6dc5aa5996e745e', 'lian.pino11@gmail.com', 1, '', '', '', '', NULL, 0, 'member', '2026-02-19 22:47');

INSERT OR IGNORE INTO user (id, email, email_verified, hashed_password, name, first_name, last_name, wix_member_id, blocked, role, created_at) VALUES ('c6c8a4b68a8a4ba0b4ef884e0adc9562', 'vanessaspilo@gmail.com', 1, '', 'Vanessa Spilotro', 'Vanessa', 'Spilotro', NULL, 0, 'member', '2026-02-20 01:50');

INSERT OR IGNORE INTO user (id, email, email_verified, hashed_password, name, first_name, last_name, wix_member_id, blocked, role, created_at) VALUES ('c515c15e792f494ca42b3f443b4eb74b', 'bamahannah10@gmail.com', 1, '', '', '', '', NULL, 0, 'member', '2026-02-20 03:48');

INSERT OR IGNORE INTO user (id, email, email_verified, hashed_password, name, first_name, last_name, wix_member_id, blocked, role, created_at) VALUES ('c991a6060f7045c2bc9f9631a0f93524', 'haleysalmon4@gmail.com', 1, '', '', '', '', NULL, 0, 'member', '2026-02-19 23:56');

INSERT OR IGNORE INTO user (id, email, email_verified, hashed_password, name, first_name, last_name, wix_member_id, blocked, role, created_at) VALUES ('f1dcbeaac3cf4e059e32082adff58daa', 'accourt68@gmail.com', 1, '', '', '', '', NULL, 0, 'member', '2026-02-20 01:48');

INSERT OR IGNORE INTO user (id, email, email_verified, hashed_password, name, first_name, last_name, wix_member_id, blocked, role, created_at) VALUES ('8b94236efe2345269db05406eb2eab00', 'april.driscoll14@gmail.com', 1, '', 'April Dobb', 'April', 'Dobb', NULL, 0, 'member', '2026-02-20 00:33');

INSERT OR IGNORE INTO user (id, email, email_verified, hashed_password, name, first_name, last_name, wix_member_id, blocked, role, created_at) VALUES ('7399730b08b54477b7a6296bc3ed0f40', 'liebenow.grace@gmail.com', 1, '', '', '', '', NULL, 0, 'member', '2026-02-20 02:39');

INSERT OR IGNORE INTO user (id, email, email_verified, hashed_password, name, first_name, last_name, wix_member_id, blocked, role, created_at) VALUES ('06424d40d08e4ca4a2fd7aab7e4622e5', 'kadeepettway@gmail.com', 1, '', 'Kadee Pettway', 'Kadee', 'Pettway', NULL, 0, 'member', '2026-02-19 22:44');

INSERT OR IGNORE INTO user (id, email, email_verified, hashed_password, name, first_name, last_name, wix_member_id, blocked, role, created_at) VALUES ('13da2e3019ea44bd8a0e09eb7a43eb51', 'cbulfamante1@gmail.com', 1, '', '', '', '', NULL, 0, 'member', '2026-02-20 03:29');

INSERT OR IGNORE INTO user (id, email, email_verified, hashed_password, name, first_name, last_name, wix_member_id, blocked, role, created_at) VALUES ('9f32c34a0f554270aefa8d66a6fa9075', 'connectedhealingllc@gmail.com', 1, '', '', '', '', NULL, 0, 'member', '2026-02-19 23:59');

INSERT OR IGNORE INTO user (id, email, email_verified, hashed_password, name, first_name, last_name, wix_member_id, blocked, role, created_at) VALUES ('018b9d6e554946ce9a3f912862dfa1d6', 's.toromani@gmail.com', 1, '', '', '', '', NULL, 0, 'member', '2026-02-19 22:46');

INSERT OR IGNORE INTO user (id, email, email_verified, hashed_password, name, first_name, last_name, wix_member_id, blocked, role, created_at) VALUES ('de278b9e724e415b992da4ae180daaaa', 'leilani.herzog@gmail.com', 1, '', '', '', '', NULL, 0, 'member', '2026-02-20 00:45');

INSERT OR IGNORE INTO user (id, email, email_verified, hashed_password, name, first_name, last_name, wix_member_id, blocked, role, created_at) VALUES ('49d5f35199c3429080f6ddd39ec0ec30', 'katie.ryan1127@gmail.com', 1, '', '', '', '', NULL, 0, 'member', '2026-02-19 22:30');

INSERT OR IGNORE INTO user (id, email, email_verified, hashed_password, name, first_name, last_name, wix_member_id, blocked, role, created_at) VALUES ('52357dbb0b27453aafe94654d1082a87', 'sojelsingh@gmail.com', 1, '', '', '', '', NULL, 0, 'member', '2026-02-20 01:17');

INSERT OR IGNORE INTO user (id, email, email_verified, hashed_password, name, first_name, last_name, wix_member_id, blocked, role, created_at) VALUES ('355f3aee7ca14c86a7a5835f197f86ba', 'mckaylafunk@icloud.com', 1, '', '', '', '', NULL, 0, 'member', '2026-02-20 00:59');

INSERT OR IGNORE INTO user (id, email, email_verified, hashed_password, name, first_name, last_name, wix_member_id, blocked, role, created_at) VALUES ('9f0e40e03c4a42bc8868e3ee27b1198f', 'bexy8594@gmail.com', 1, '', '', '', '', NULL, 0, 'member', '2026-02-20 06:08');

INSERT OR IGNORE INTO user (id, email, email_verified, hashed_password, name, first_name, last_name, wix_member_id, blocked, role, created_at) VALUES ('3663c52ed924405eaef236fcbdd4bf44', 'hbarbancourt@gmail.com', 1, '', 'Hailey Barbancourt', 'Hailey', 'Barbancourt', NULL, 0, 'member', '2026-02-21 02:34');

INSERT OR IGNORE INTO user (id, email, email_verified, hashed_password, name, first_name, last_name, wix_member_id, blocked, role, created_at) VALUES ('1c73a0b614934975a10e0f38a5093afa', 'steadydriven@gmail.com', 1, '', '', '', '', NULL, 0, 'member', '2026-02-20 14:49');

INSERT OR IGNORE INTO user (id, email, email_verified, hashed_password, name, first_name, last_name, wix_member_id, blocked, role, created_at) VALUES ('171c5c0b53b34f838e2162c4412a0d21', 'carlawilliamsmd@gmail.com', 1, '', 'Carla Williams', 'Carla', 'Williams', NULL, 0, 'member', '2026-02-20 15:37');

INSERT OR IGNORE INTO user (id, email, email_verified, hashed_password, name, first_name, last_name, wix_member_id, blocked, role, created_at) VALUES ('2616ff61289d470cb71459d707b9c2e9', 'jamieraegoll@yahoo.com', 1, '', '', '', '', NULL, 0, 'member', '2026-02-20 16:03');

INSERT OR IGNORE INTO user (id, email, email_verified, hashed_password, name, first_name, last_name, wix_member_id, blocked, role, created_at) VALUES ('fdf92890b18442018752d91676b70928', 'sunithaviswanathan@gmail.com', 1, '', '', '', '', NULL, 0, 'member', '2026-02-20 04:37');

INSERT OR IGNORE INTO user (id, email, email_verified, hashed_password, name, first_name, last_name, wix_member_id, blocked, role, created_at) VALUES ('e0ab2eb1a96642e2815a7bc0c5f40a87', 'ioanabusuioc21@gmail.com', 1, '', '', '', '', NULL, 0, 'member', '2026-02-20 17:13');

INSERT OR IGNORE INTO user (id, email, email_verified, hashed_password, name, first_name, last_name, wix_member_id, blocked, role, created_at) VALUES ('4a3eb3487eb742e586953cc64c24a872', 'maddmanseau@gmail.com', 1, '', '', '', '', NULL, 0, 'member', '2026-02-20 15:44');

INSERT OR IGNORE INTO user (id, email, email_verified, hashed_password, name, first_name, last_name, wix_member_id, blocked, role, created_at) VALUES ('9952608d38cd4e39884383ac03d97917', 'creightonsusan3@gmail.com', 1, '', 'Susan Loughnane', 'Susan', 'Loughnane', NULL, 0, 'member', '2026-02-24 23:37');

INSERT OR IGNORE INTO user (id, email, email_verified, hashed_password, name, first_name, last_name, wix_member_id, blocked, role, created_at) VALUES ('9af8712eff2c446e89afa2961a173c82', 'shayleen.taketa@gmail.com', 1, '', '', '', '', NULL, 0, 'member', '2026-02-20 09:33');

INSERT OR IGNORE INTO user (id, email, email_verified, hashed_password, name, first_name, last_name, wix_member_id, blocked, role, created_at) VALUES ('a3ebacff7f4b49598f0e74dddb30adcf', 'sandra.sanch@yahoo.com', 1, '', '', '', '', NULL, 0, 'member', '2026-02-20 15:33');

INSERT OR IGNORE INTO user (id, email, email_verified, hashed_password, name, first_name, last_name, wix_member_id, blocked, role, created_at) VALUES ('86cf2d731f6845d1beb782d9e4824cdc', 'desiree.penn@yahoo.com', 1, '', '', '', '', NULL, 0, 'member', '2026-02-20 19:34');

INSERT OR IGNORE INTO user (id, email, email_verified, hashed_password, name, first_name, last_name, wix_member_id, blocked, role, created_at) VALUES ('12172348053c438b88d114cab4b5a544', 'kmanchester6@gmail.com', 1, '', '', '', '', NULL, 0, 'member', '2026-02-20 06:00');

INSERT OR IGNORE INTO user (id, email, email_verified, hashed_password, name, first_name, last_name, wix_member_id, blocked, role, created_at) VALUES ('575526c494224ff5a29cf8800dab622c', 'hdulde@gmail.com', 1, '', '', '', '', NULL, 0, 'member', '2026-02-20 15:44');

INSERT OR IGNORE INTO user (id, email, email_verified, hashed_password, name, first_name, last_name, wix_member_id, blocked, role, created_at) VALUES ('6e29da2dd77d49128a7168029bfd8e97', 'meghan.stevenot@gmail.com', 1, '', '', '', '', NULL, 0, 'member', '2026-02-20 11:29');

INSERT OR IGNORE INTO user (id, email, email_verified, hashed_password, name, first_name, last_name, wix_member_id, blocked, role, created_at) VALUES ('71a822688ee54aada996e4d22e31b6a6', 'ems5594@gmail.com', 1, '', '', '', '', NULL, 0, 'member', '2026-02-20 15:58');

INSERT OR IGNORE INTO user (id, email, email_verified, hashed_password, name, first_name, last_name, wix_member_id, blocked, role, created_at) VALUES ('c22dff3c55bd4df3b29feffa390233d0', 'r.astevens9@gmail.com', 1, '', '', '', '', NULL, 0, 'member', '2026-02-20 20:22');

INSERT OR IGNORE INTO user (id, email, email_verified, hashed_password, name, first_name, last_name, wix_member_id, blocked, role, created_at) VALUES ('7c347ce60a5b40efa65e598cf99e35b0', 'sarajanee2@gmail.com', 1, '', '', '', '', NULL, 0, 'member', '2026-02-20 16:23');

INSERT OR IGNORE INTO user (id, email, email_verified, hashed_password, name, first_name, last_name, wix_member_id, blocked, role, created_at) VALUES ('c1f7c3e45b6c48348e79abb1d7046521', 'naturallyariana.health@gmail.com', 1, '', '', '', '', NULL, 0, 'member', '2026-02-20 15:55');

INSERT OR IGNORE INTO user (id, email, email_verified, hashed_password, name, first_name, last_name, wix_member_id, blocked, role, created_at) VALUES ('4ca3aca3589a450b9e8eba5559558908', 'labugdalski@gmail.com', 1, '', '', '', '', NULL, 0, 'member', '2026-02-20 16:24');

INSERT OR IGNORE INTO user (id, email, email_verified, hashed_password, name, first_name, last_name, wix_member_id, blocked, role, created_at) VALUES ('d442d698f6d74efc9a3af84c956cd4b1', 'aklaquidara@gmail.com', 1, '', '', '', '', NULL, 0, 'member', '2026-02-20 21:59');

INSERT OR IGNORE INTO user (id, email, email_verified, hashed_password, name, first_name, last_name, wix_member_id, blocked, role, created_at) VALUES ('17af460268334ee28a64ff568a420c22', 'linselzjunkmail@gmail.com', 1, '', '', '', '', NULL, 0, 'member', '2026-02-20 05:46');

INSERT OR IGNORE INTO user (id, email, email_verified, hashed_password, name, first_name, last_name, wix_member_id, blocked, role, created_at) VALUES ('d75eb09f83c945d68b0149dea4584ce9', 'dvorinjk@gmail.com', 1, '', '', '', '', NULL, 0, 'member', '2026-02-20 17:58');

INSERT OR IGNORE INTO user (id, email, email_verified, hashed_password, name, first_name, last_name, wix_member_id, blocked, role, created_at) VALUES ('1eef4398e9b1401789bd548fad57b9cd', 'zouz.mon2019@gmail.com', 1, '', '', '', '', NULL, 0, 'member', '2026-02-20 16:13');

INSERT OR IGNORE INTO user (id, email, email_verified, hashed_password, name, first_name, last_name, wix_member_id, blocked, role, created_at) VALUES ('74aef3c913c7424895a680f2e194569f', 'aubrytriptow@gmail.com', 1, '', '', '', '', NULL, 0, 'member', '2026-02-20 13:25');

INSERT OR IGNORE INTO user (id, email, email_verified, hashed_password, name, first_name, last_name, wix_member_id, blocked, role, created_at) VALUES ('22cf87b095b54dda8348651c52d950dc', 'peyton298@gmail.com', 1, '', '', '', '', NULL, 0, 'member', '2026-02-20 15:14');

INSERT OR IGNORE INTO user (id, email, email_verified, hashed_password, name, first_name, last_name, wix_member_id, blocked, role, created_at) VALUES ('582ea7bde5084523b8581d0642e757d2', 'lydiawixpartners@gmail.com', 1, '', 'Lydia', 'Lydia', '', NULL, 0, 'member', '2026-02-23 05:19');

INSERT OR IGNORE INTO user (id, email, email_verified, hashed_password, name, first_name, last_name, wix_member_id, blocked, role, created_at) VALUES ('bad23daa12124e3b9b556966a2ed1711', 'alishajensen@protonmail.com', 1, '', '', '', '', NULL, 0, 'member', '2026-02-20 05:32');

INSERT OR IGNORE INTO user (id, email, email_verified, hashed_password, name, first_name, last_name, wix_member_id, blocked, role, created_at) VALUES ('63bda733290842b69028912116c82db5', 'gomaddiego@gmail.com', 1, '', '', '', '', NULL, 0, 'member', '2026-02-20 18:27');

INSERT OR IGNORE INTO user (id, email, email_verified, hashed_password, name, first_name, last_name, wix_member_id, blocked, role, created_at) VALUES ('8fd7e182da7b454f9971d7875138c655', 'juliamongelluzzo@me.com', 1, '', '', '', '', NULL, 0, 'member', '2026-02-20 18:46');

INSERT OR IGNORE INTO user (id, email, email_verified, hashed_password, name, first_name, last_name, wix_member_id, blocked, role, created_at) VALUES ('ff68f31312134a99bd4d7ef8349fbe99', 'charmeliastorm@gmail.com', 1, '', 'Charlotte Ross', 'Charlotte', 'Ross', NULL, 0, 'member', '2026-02-20 13:50');

INSERT OR IGNORE INTO user (id, email, email_verified, hashed_password, name, first_name, last_name, wix_member_id, blocked, role, created_at) VALUES ('8f9cd261302347b7a4778c6ab5be6e56', 'elainecramer98@gmail.com', 1, '', 'Elaine Cramer', 'Elaine', 'Cramer', NULL, 0, 'member', '2026-02-20 05:24');

INSERT OR IGNORE INTO user (id, email, email_verified, hashed_password, name, first_name, last_name, wix_member_id, blocked, role, created_at) VALUES ('6a89a6c3db4d4c4587a27fb7ce348795', 'sarah.friday.e@gmail.com', 1, '', '', '', '', NULL, 0, 'member', '2026-02-20 11:55');

INSERT OR IGNORE INTO user (id, email, email_verified, hashed_password, name, first_name, last_name, wix_member_id, blocked, role, created_at) VALUES ('9fedf2528d834228b4b04935d5502d94', 'rachel.aguilar@live.com', 1, '', '', '', '', NULL, 0, 'member', '2026-02-20 21:34');

INSERT OR IGNORE INTO user (id, email, email_verified, hashed_password, name, first_name, last_name, wix_member_id, blocked, role, created_at) VALUES ('1109ae2b7c57490ab77aa7217397d07e', 'taylorotten1@gmail.com', 1, '', 'Taylor Otten', 'Taylor', 'Otten', NULL, 0, 'member', '2026-02-20 04:19');

INSERT OR IGNORE INTO user (id, email, email_verified, hashed_password, name, first_name, last_name, wix_member_id, blocked, role, created_at) VALUES ('debebe7b81ab4c75ac86fbe41aa07a7b', 'ambgoldman@gmail.com', 1, '', '', '', '', NULL, 0, 'member', '2026-02-20 12:44');

INSERT OR IGNORE INTO user (id, email, email_verified, hashed_password, name, first_name, last_name, wix_member_id, blocked, role, created_at) VALUES ('6ab8417870c74f5584e867a69460a121', 'kelliemcdermott@me.com', 1, '', '', '', '', NULL, 0, 'member', '2026-02-20 15:49');

INSERT OR IGNORE INTO user (id, email, email_verified, hashed_password, name, first_name, last_name, wix_member_id, blocked, role, created_at) VALUES ('510cb6f032c341c0b2318fa21ff33ab7', 'ilenemokhayeri@yahoo.com', 1, '', 'Ilene Mokhayeri York', 'Ilene', 'Mokhayeri York', NULL, 0, 'member', '2026-02-20 04:24');

INSERT OR IGNORE INTO user (id, email, email_verified, hashed_password, name, first_name, last_name, wix_member_id, blocked, role, created_at) VALUES ('88b5c9ad447d4d8faf72c5d5adeb2d57', 'hudsonvandriessche@gmail.com', 1, '', '', '', '', NULL, 0, 'member', '2026-02-20 16:43');

INSERT OR IGNORE INTO user (id, email, email_verified, hashed_password, name, first_name, last_name, wix_member_id, blocked, role, created_at) VALUES ('6eaaa17a39204ae198dbf2c06ed2665f', 'jilliantberger@gmail.com', 1, '', '', '', '', NULL, 0, 'member', '2026-02-20 15:17');

INSERT OR IGNORE INTO user (id, email, email_verified, hashed_password, name, first_name, last_name, wix_member_id, blocked, role, created_at) VALUES ('346254854c1249e38013062d4fe8a972', 'marissamoreno003@gmail.com', 1, '', '', '', '', NULL, 0, 'member', '2026-02-20 06:42');

INSERT OR IGNORE INTO user (id, email, email_verified, hashed_password, name, first_name, last_name, wix_member_id, blocked, role, created_at) VALUES ('373dee7fc3d24bd7b3bb076671fe142a', 'kristins102@gmail.com', 1, '', '', '', '', NULL, 0, 'member', '2026-02-20 15:16');

INSERT OR IGNORE INTO user (id, email, email_verified, hashed_password, name, first_name, last_name, wix_member_id, blocked, role, created_at) VALUES ('0268658fdc2b4efa928646100aff0a17', 'haileybarbancourt@icloud.com', 1, '', '', '', '', NULL, 0, 'member', '2026-02-20 19:24');

INSERT OR IGNORE INTO user (id, email, email_verified, hashed_password, name, first_name, last_name, wix_member_id, blocked, role, created_at) VALUES ('d5831a609ce9448ea2452c3b920afd64', 'pandalovingirl@yahoo.com', 1, '', '', '', '', NULL, 0, 'member', '2026-02-20 14:34');

INSERT OR IGNORE INTO user (id, email, email_verified, hashed_password, name, first_name, last_name, wix_member_id, blocked, role, created_at) VALUES ('b47cd8783aa54bbf8b65b018f5c5fde7', 'andie.rtovar@gmail.com', 1, '', '', '', '', NULL, 0, 'member', '2026-02-20 16:30');

INSERT OR IGNORE INTO user (id, email, email_verified, hashed_password, name, first_name, last_name, wix_member_id, blocked, role, created_at) VALUES ('caef846edcd64a4f8c4f5cbee3b918cc', 'messagemelissaplease@gmail.com', 1, '', 'Jane O''Connor', 'Jane', 'O''Connor', NULL, 0, 'member', '2026-02-20 20:09');

INSERT OR IGNORE INTO user (id, email, email_verified, hashed_password, name, first_name, last_name, wix_member_id, blocked, role, created_at) VALUES ('f059a8fc183547ca81b1ed488d2ca808', 'blakebramblett9@gmail.com', 1, '', '', '', '', NULL, 0, 'member', '2026-02-20 04:14');

INSERT OR IGNORE INTO user (id, email, email_verified, hashed_password, name, first_name, last_name, wix_member_id, blocked, role, created_at) VALUES ('daaabcb600254887a53fbb026fae6bd3', 'emd0307@gmail.com', 1, '', '', '', '', NULL, 0, 'member', '2026-02-20 15:41');

INSERT OR IGNORE INTO user (id, email, email_verified, hashed_password, name, first_name, last_name, wix_member_id, blocked, role, created_at) VALUES ('ad2aec93f0fe4c95a07a12e9cfce073f', 'paigemunnell@gmail.com', 1, '', '', '', '', NULL, 0, 'member', '2026-02-20 15:38');

INSERT OR IGNORE INTO user (id, email, email_verified, hashed_password, name, first_name, last_name, wix_member_id, blocked, role, created_at) VALUES ('518d50e6555e429d82da2c866c2e8e17', 'summan.urbranch@gmail.com', 1, '', '', '', '', NULL, 0, 'member', '2026-02-20 20:17');

INSERT OR IGNORE INTO user (id, email, email_verified, hashed_password, name, first_name, last_name, wix_member_id, blocked, role, created_at) VALUES ('2f6530bc653d4dbe8b122e287f2a07e3', 'sambamxo07@gmail.com', 1, '', '', '', '', NULL, 0, 'member', '2026-02-20 14:29');

INSERT OR IGNORE INTO user (id, email, email_verified, hashed_password, name, first_name, last_name, wix_member_id, blocked, role, created_at) VALUES ('3e205e03a05941e385f44c14e9d3eb16', 'katie.renee670@gmail.com', 1, '', 'Katie Reese', 'Katie', 'Reese', NULL, 0, 'member', '2026-02-20 11:58');

INSERT OR IGNORE INTO user (id, email, email_verified, hashed_password, name, first_name, last_name, wix_member_id, blocked, role, created_at) VALUES ('70f1b776a20842858ab0acb19e020262', 'calistasheehan526@gmail.com', 1, '', 'Calista Sheehan', 'Calista', 'Sheehan', NULL, 0, 'member', '2026-02-20 17:59');

INSERT OR IGNORE INTO user (id, email, email_verified, hashed_password, name, first_name, last_name, wix_member_id, blocked, role, created_at) VALUES ('94956c51c9054ad9ae97b9daaab6bea0', 'monikaflorescu@gmail.com', 1, '', '', '', '', NULL, 0, 'member', '2026-02-20 17:10');

INSERT OR IGNORE INTO user (id, email, email_verified, hashed_password, name, first_name, last_name, wix_member_id, blocked, role, created_at) VALUES ('3132f7d39a334158a99ad438ee20ce93', 'rngaytan@yahoo.com', 1, '', '', '', '', NULL, 0, 'member', '2026-02-20 04:51');

INSERT OR IGNORE INTO user (id, email, email_verified, hashed_password, name, first_name, last_name, wix_member_id, blocked, role, created_at) VALUES ('69913f5599f043fd96d5d21626994f03', 'katiemmitt@gmail.com', 1, '', '', '', '', NULL, 0, 'member', '2026-02-20 16:14');

INSERT OR IGNORE INTO user (id, email, email_verified, hashed_password, name, first_name, last_name, wix_member_id, blocked, role, created_at) VALUES ('7f40d700918548818191fd71c28f4a81', 'willowryon@gmail.com', 1, '', '', '', '', NULL, 0, 'member', '2026-02-20 06:44');

INSERT OR IGNORE INTO user (id, email, email_verified, hashed_password, name, first_name, last_name, wix_member_id, blocked, role, created_at) VALUES ('3c8ea8e2b2334e2488b38ccb78e809e2', 'miranda_gomez2007@yahoo.com', 1, '', '', '', '', NULL, 0, 'member', '2026-02-20 21:23');

INSERT OR IGNORE INTO user (id, email, email_verified, hashed_password, name, first_name, last_name, wix_member_id, blocked, role, created_at) VALUES ('b34f448a9f8a4165a411f3d725c81de0', 'erinwillems10@gmail.com', 1, '', '', '', '', NULL, 0, 'member', '2026-02-20 19:08');

INSERT OR IGNORE INTO user (id, email, email_verified, hashed_password, name, first_name, last_name, wix_member_id, blocked, role, created_at) VALUES ('6461981889b543919a0e2c46166029ca', 'easeng2@gmail.com', 1, '', '', '', '', NULL, 0, 'member', '2026-02-20 19:43');
INSERT OR IGNORE INTO user_label (user_id, label) VALUES ('6461981889b543919a0e2c46166029ca', 'Masterclass in Endometriosis and Surgery');
INSERT OR IGNORE INTO enrollment (id, user_id, course_id, enrolled_at) VALUES ('dc7770965fd14b7ba3b5f7c3244db620', '6461981889b543919a0e2c46166029ca', 'masterclass-endo-surgery', '2026-02-20 19:43');

INSERT OR IGNORE INTO user (id, email, email_verified, hashed_password, name, first_name, last_name, wix_member_id, blocked, role, created_at) VALUES ('e54f6e3190b64d9991b1f9b35babb5bf', 'b_bidollari@yahoo.com', 1, '', '', '', '', NULL, 0, 'member', '2026-02-20 14:44');

INSERT OR IGNORE INTO user (id, email, email_verified, hashed_password, name, first_name, last_name, wix_member_id, blocked, role, created_at) VALUES ('253665cd16d642a5b73755ef5de46d2d', 'mrenee2987@gmail.com', 1, '', 'Monique Purnell', 'Monique', 'Purnell', NULL, 0, 'member', '2026-02-23 03:01');

INSERT OR IGNORE INTO user (id, email, email_verified, hashed_password, name, first_name, last_name, wix_member_id, blocked, role, created_at) VALUES ('10886ddb27be4631943ddd7e87c1151a', 'hannahrvh12@gmail.com', 1, '', '', '', '', NULL, 0, 'member', '2026-02-20 04:24');

INSERT OR IGNORE INTO user (id, email, email_verified, hashed_password, name, first_name, last_name, wix_member_id, blocked, role, created_at) VALUES ('155f3d3cd06c4c77abd874a2a4862d57', 'kellymoorem93@gmail.com', 1, '', '', '', '', NULL, 0, 'member', '2026-02-20 19:31');

INSERT OR IGNORE INTO user (id, email, email_verified, hashed_password, name, first_name, last_name, wix_member_id, blocked, role, created_at) VALUES ('3708bcc7dff346a9b72b66d668036d36', 'rentpayingemail@yahoo.com', 1, '', '', '', '', NULL, 0, 'member', '2026-02-21 00:19');

INSERT OR IGNORE INTO user (id, email, email_verified, hashed_password, name, first_name, last_name, wix_member_id, blocked, role, created_at) VALUES ('a98895ea95bd499eb6295e5189caa087', 'angelar13@aol.com', 1, '', '', '', '', NULL, 0, 'member', '2026-02-20 04:21');

INSERT OR IGNORE INTO user (id, email, email_verified, hashed_password, name, first_name, last_name, wix_member_id, blocked, role, created_at) VALUES ('467d27fc64ba4cd9b46cebcd2f6ecb89', 'marcellomaggie@gmail.com', 1, '', '', '', '', NULL, 0, 'member', '2026-02-20 12:58');

INSERT OR IGNORE INTO user (id, email, email_verified, hashed_password, name, first_name, last_name, wix_member_id, blocked, role, created_at) VALUES ('d01f5c6fe7cc48d5b96bdc526d14e188', 'jameliabturner@gmail.com', 1, '', 'Jamelia Turner', 'Jamelia', 'Turner', NULL, 0, 'member', '2026-02-20 21:41');

INSERT OR IGNORE INTO user (id, email, email_verified, hashed_password, name, first_name, last_name, wix_member_id, blocked, role, created_at) VALUES ('ee3ca65dfb12456fa37a57cabb5dd397', 'madison.mcclain@ymail.com', 1, '', '', '', '', NULL, 0, 'member', '2026-02-20 05:11');

INSERT OR IGNORE INTO user (id, email, email_verified, hashed_password, name, first_name, last_name, wix_member_id, blocked, role, created_at) VALUES ('9ed4813ac1cf4d0c91194558d026ff11', 'jada.olivarez@icloud.com', 1, '', '', '', '', NULL, 0, 'member', '2026-02-20 17:10');

INSERT OR IGNORE INTO user (id, email, email_verified, hashed_password, name, first_name, last_name, wix_member_id, blocked, role, created_at) VALUES ('51eda6b274a14217b6f148e21cc3d7cd', 'suevarhan@gmail.com', 1, '', '', '', '', NULL, 0, 'member', '2026-02-20 17:06');

INSERT OR IGNORE INTO user (id, email, email_verified, hashed_password, name, first_name, last_name, wix_member_id, blocked, role, created_at) VALUES ('239f2602db5e4818b5dd5b74659d4b8a', 'samanthalalalynn@yahoo.com', 1, '', '', '', '', NULL, 0, 'member', '2026-02-20 04:41');

INSERT OR IGNORE INTO user (id, email, email_verified, hashed_password, name, first_name, last_name, wix_member_id, blocked, role, created_at) VALUES ('2bdfffb332db4329832ef6956cd9737b', 'jada.olivarez20@gmail.com', 1, '', 'Jada E', 'Jada', 'E', NULL, 0, 'member', '2026-02-20 17:15');

INSERT OR IGNORE INTO user (id, email, email_verified, hashed_password, name, first_name, last_name, wix_member_id, blocked, role, created_at) VALUES ('1613204046564e40a1758e36ca249be7', 'brigid.calhoun@yahoo.com', 1, '', 'Brigid Hickman', 'Brigid', 'Hickman', NULL, 0, 'member', '2024-06-28 19:10');
INSERT OR IGNORE INTO user_label (user_id, label) VALUES ('1613204046564e40a1758e36ca249be7', 'Donor 👏');
INSERT OR IGNORE INTO user_label (user_id, label) VALUES ('1613204046564e40a1758e36ca249be7', 'EndoSelfSurvey 📋');
INSERT OR IGNORE INTO user_label (user_id, label) VALUES ('1613204046564e40a1758e36ca249be7', 'RRM Academy Members Group member');
INSERT OR IGNORE INTO user_label (user_id, label) VALUES ('1613204046564e40a1758e36ca249be7', 'Customers');
INSERT OR IGNORE INTO user_label (user_id, label) VALUES ('1613204046564e40a1758e36ca249be7', 'SQSP ◼️');
INSERT OR IGNORE INTO user_label (user_id, label) VALUES ('1613204046564e40a1758e36ca249be7', 'Save the Uterus Club 🏷️');
INSERT OR IGNORE INTO user_label (user_id, label) VALUES ('1613204046564e40a1758e36ca249be7', 'Uterus Hero 💖');

INSERT OR IGNORE INTO user (id, email, email_verified, hashed_password, name, first_name, last_name, wix_member_id, blocked, role, created_at) VALUES ('ec33539920b7417180f7ac7e8cab8c27', 'courtneywiese20@gmail.com', 1, '', 'Courtney Wiese', 'Courtney', 'Wiese', NULL, 0, 'member', '2024-06-28 19:10');
INSERT OR IGNORE INTO user_label (user_id, label) VALUES ('ec33539920b7417180f7ac7e8cab8c27', 'Donor 👏');
INSERT OR IGNORE INTO user_label (user_id, label) VALUES ('ec33539920b7417180f7ac7e8cab8c27', 'EndoSelfSurvey 📋');
INSERT OR IGNORE INTO user_label (user_id, label) VALUES ('ec33539920b7417180f7ac7e8cab8c27', 'Customers');
INSERT OR IGNORE INTO user_label (user_id, label) VALUES ('ec33539920b7417180f7ac7e8cab8c27', 'Save the Uterus Club 🏷️');
INSERT OR IGNORE INTO user_label (user_id, label) VALUES ('ec33539920b7417180f7ac7e8cab8c27', 'SQSP ◼️');
INSERT OR IGNORE INTO user_label (user_id, label) VALUES ('ec33539920b7417180f7ac7e8cab8c27', 'Uterus Member 🐻');

INSERT OR IGNORE INTO user (id, email, email_verified, hashed_password, name, first_name, last_name, wix_member_id, blocked, role, created_at) VALUES ('b1f9b773a3c44670b1375cbfb2d467ed', 'clyns77@gmail.com', 1, '', 'Christa Johnston', 'Christa', 'Johnston', NULL, 0, 'member', '2024-06-28 19:10');
INSERT OR IGNORE INTO user_label (user_id, label) VALUES ('b1f9b773a3c44670b1375cbfb2d467ed', 'Donor 👏');
INSERT OR IGNORE INTO user_label (user_id, label) VALUES ('b1f9b773a3c44670b1375cbfb2d467ed', 'EndoSelfSurvey 📋');
INSERT OR IGNORE INTO user_label (user_id, label) VALUES ('b1f9b773a3c44670b1375cbfb2d467ed', 'Customers');
INSERT OR IGNORE INTO user_label (user_id, label) VALUES ('b1f9b773a3c44670b1375cbfb2d467ed', 'SQSP ◼️');
INSERT OR IGNORE INTO user_label (user_id, label) VALUES ('b1f9b773a3c44670b1375cbfb2d467ed', 'Uterus Hero 💖');
INSERT OR IGNORE INTO user_label (user_id, label) VALUES ('b1f9b773a3c44670b1375cbfb2d467ed', 'Save the Uterus Club 🏷️');
INSERT OR IGNORE INTO user_label (user_id, label) VALUES ('b1f9b773a3c44670b1375cbfb2d467ed', 'Circle of Impact 📥');

INSERT OR IGNORE INTO user (id, email, email_verified, hashed_password, name, first_name, last_name, wix_member_id, blocked, role, created_at) VALUES ('f8d67d49d4454242b3fd9490ff3db4bc', 'kelsietfrank@gmail.com', 1, '', 'Kelsie Frank', 'Kelsie', 'Frank', NULL, 0, 'member', '2024-06-28 19:10');
INSERT OR IGNORE INTO user_label (user_id, label) VALUES ('f8d67d49d4454242b3fd9490ff3db4bc', 'Donor 👏');
INSERT OR IGNORE INTO user_label (user_id, label) VALUES ('f8d67d49d4454242b3fd9490ff3db4bc', 'EndoSelfSurvey 📋');
INSERT OR IGNORE INTO user_label (user_id, label) VALUES ('f8d67d49d4454242b3fd9490ff3db4bc', 'RRM Academy Members Group member');
INSERT OR IGNORE INTO user_label (user_id, label) VALUES ('f8d67d49d4454242b3fd9490ff3db4bc', 'Customers');
INSERT OR IGNORE INTO user_label (user_id, label) VALUES ('f8d67d49d4454242b3fd9490ff3db4bc', 'Save the Uterus Club 🏷️');
INSERT OR IGNORE INTO user_label (user_id, label) VALUES ('f8d67d49d4454242b3fd9490ff3db4bc', 'SQSP ◼️');
INSERT OR IGNORE INTO user_label (user_id, label) VALUES ('f8d67d49d4454242b3fd9490ff3db4bc', 'Save the Uterus Club Group member');
INSERT OR IGNORE INTO user_label (user_id, label) VALUES ('f8d67d49d4454242b3fd9490ff3db4bc', 'Uterus Member 🐻');

INSERT OR IGNORE INTO user (id, email, email_verified, hashed_password, name, first_name, last_name, wix_member_id, blocked, role, created_at) VALUES ('03986543f8fd49a08328ada8a97a54a4', 'marah.vandiest@gmail.com', 1, '', 'Marah Van Diest', 'Marah', 'Van Diest', NULL, 0, 'member', '2025-11-10 00:35');
INSERT OR IGNORE INTO user_label (user_id, label) VALUES ('03986543f8fd49a08328ada8a97a54a4', 'RRM Academy Members Group member');
INSERT OR IGNORE INTO user_label (user_id, label) VALUES ('03986543f8fd49a08328ada8a97a54a4', 'Customers');
INSERT OR IGNORE INTO user_label (user_id, label) VALUES ('03986543f8fd49a08328ada8a97a54a4', 'Save the Uterus Club 🏷️');
INSERT OR IGNORE INTO user_label (user_id, label) VALUES ('03986543f8fd49a08328ada8a97a54a4', 'Save the Uterus Club Group member');
INSERT OR IGNORE INTO user_label (user_id, label) VALUES ('03986543f8fd49a08328ada8a97a54a4', 'Uterus Member 🐻');
INSERT OR IGNORE INTO user_label (user_id, label) VALUES ('03986543f8fd49a08328ada8a97a54a4', 'Donor 👏');

INSERT OR IGNORE INTO user (id, email, email_verified, hashed_password, name, first_name, last_name, wix_member_id, blocked, role, created_at) VALUES ('2ba5b1ed501149999a23b3fb2b40150d', 'dyadon23@gmail.com', 1, '', 'Danielle Alba', 'Danielle', 'Alba', NULL, 0, 'member', '2024-06-28 19:10');
INSERT OR IGNORE INTO user_label (user_id, label) VALUES ('2ba5b1ed501149999a23b3fb2b40150d', 'EndoSelfSurvey 📋');
INSERT OR IGNORE INTO user_label (user_id, label) VALUES ('2ba5b1ed501149999a23b3fb2b40150d', 'RRM Academy Members Group member');
INSERT OR IGNORE INTO user_label (user_id, label) VALUES ('2ba5b1ed501149999a23b3fb2b40150d', 'Customers');
INSERT OR IGNORE INTO user_label (user_id, label) VALUES ('2ba5b1ed501149999a23b3fb2b40150d', 'Save the Uterus Club 🏷️');
INSERT OR IGNORE INTO user_label (user_id, label) VALUES ('2ba5b1ed501149999a23b3fb2b40150d', 'SQSP ◼️');
INSERT OR IGNORE INTO user_label (user_id, label) VALUES ('2ba5b1ed501149999a23b3fb2b40150d', 'Uterus Member 🐻');
INSERT OR IGNORE INTO user_label (user_id, label) VALUES ('2ba5b1ed501149999a23b3fb2b40150d', 'Donor 👏');

INSERT OR IGNORE INTO user (id, email, email_verified, hashed_password, name, first_name, last_name, wix_member_id, blocked, role, created_at) VALUES ('3a6a116f6370479c83f228fe6ef55ddb', 'cyclesleuth@proton.me', 1, '', 'Anna Kiser', 'Anna', 'Kiser', NULL, 0, 'member', '2025-07-02 12:39');
INSERT OR IGNORE INTO user_label (user_id, label) VALUES ('3a6a116f6370479c83f228fe6ef55ddb', 'Donor 👏');
INSERT OR IGNORE INTO user_label (user_id, label) VALUES ('3a6a116f6370479c83f228fe6ef55ddb', 'RRM Academy Members Group member');
INSERT OR IGNORE INTO user_label (user_id, label) VALUES ('3a6a116f6370479c83f228fe6ef55ddb', 'Customers');
INSERT OR IGNORE INTO user_label (user_id, label) VALUES ('3a6a116f6370479c83f228fe6ef55ddb', 'Save the Uterus Club 🏷️');
INSERT OR IGNORE INTO user_label (user_id, label) VALUES ('3a6a116f6370479c83f228fe6ef55ddb', 'Uterus Member 🐻');
INSERT OR IGNORE INTO user_label (user_id, label) VALUES ('3a6a116f6370479c83f228fe6ef55ddb', 'Circle of Impact 📥');

INSERT OR IGNORE INTO user (id, email, email_verified, hashed_password, name, first_name, last_name, wix_member_id, blocked, role, created_at) VALUES ('db5b5cee28ce4cb8ac793946bf5bdc22', 'mmxu22@gmail.com', 1, '', 'Mikki Xu', 'Mikki', 'Xu', NULL, 0, 'member', '2025-10-24 00:10');
INSERT OR IGNORE INTO user_label (user_id, label) VALUES ('db5b5cee28ce4cb8ac793946bf5bdc22', 'Customers');
INSERT OR IGNORE INTO user_label (user_id, label) VALUES ('db5b5cee28ce4cb8ac793946bf5bdc22', 'Save the Uterus Club 🏷️');
INSERT OR IGNORE INTO user_label (user_id, label) VALUES ('db5b5cee28ce4cb8ac793946bf5bdc22', 'Uterus Member 🐻');
INSERT OR IGNORE INTO user_label (user_id, label) VALUES ('db5b5cee28ce4cb8ac793946bf5bdc22', 'RRM Academy Members Group member');
INSERT OR IGNORE INTO user_label (user_id, label) VALUES ('db5b5cee28ce4cb8ac793946bf5bdc22', 'Donor 👏');

INSERT OR IGNORE INTO user (id, email, email_verified, hashed_password, name, first_name, last_name, wix_member_id, blocked, role, created_at) VALUES ('4f4e674b559f4cb29c43a88e9d27b296', 'virtualassistant+russ@rrmacademy.com', 1, '', 'Russ Test', 'Russ', 'Test', NULL, 0, 'member', '2025-07-07 01:45');
INSERT OR IGNORE INTO user_label (user_id, label) VALUES ('4f4e674b559f4cb29c43a88e9d27b296', 'Customers');
INSERT OR IGNORE INTO user_label (user_id, label) VALUES ('4f4e674b559f4cb29c43a88e9d27b296', 'Donor 👏');
INSERT OR IGNORE INTO user_label (user_id, label) VALUES ('4f4e674b559f4cb29c43a88e9d27b296', 'Save the Uterus Club 🏷️');
INSERT OR IGNORE INTO user_label (user_id, label) VALUES ('4f4e674b559f4cb29c43a88e9d27b296', 'Uterus Member 🐻');

INSERT OR IGNORE INTO user (id, email, email_verified, hashed_password, name, first_name, last_name, wix_member_id, blocked, role, created_at) VALUES ('37af13fcc4de416f8a7602a01d4f6d9c', 'kelseyw989@gmail.com', 1, '', 'Kelsey Bowen', 'Kelsey', 'Bowen', NULL, 0, 'member', '2024-06-28 19:10');
INSERT OR IGNORE INTO user_label (user_id, label) VALUES ('37af13fcc4de416f8a7602a01d4f6d9c', 'Donor 👏');
INSERT OR IGNORE INTO user_label (user_id, label) VALUES ('37af13fcc4de416f8a7602a01d4f6d9c', 'EndoSelfSurvey 📋');
INSERT OR IGNORE INTO user_label (user_id, label) VALUES ('37af13fcc4de416f8a7602a01d4f6d9c', 'RRM Academy Members Group member');
INSERT OR IGNORE INTO user_label (user_id, label) VALUES ('37af13fcc4de416f8a7602a01d4f6d9c', 'Customers');
INSERT OR IGNORE INTO user_label (user_id, label) VALUES ('37af13fcc4de416f8a7602a01d4f6d9c', 'Save the Uterus Club 🏷️');
INSERT OR IGNORE INTO user_label (user_id, label) VALUES ('37af13fcc4de416f8a7602a01d4f6d9c', 'Circle of Impact 📥');
INSERT OR IGNORE INTO user_label (user_id, label) VALUES ('37af13fcc4de416f8a7602a01d4f6d9c', 'SQSP ◼️');
INSERT OR IGNORE INTO user_label (user_id, label) VALUES ('37af13fcc4de416f8a7602a01d4f6d9c', 'Save the Uterus Club Group member');
INSERT OR IGNORE INTO user_label (user_id, label) VALUES ('37af13fcc4de416f8a7602a01d4f6d9c', 'Uterus Member 🐻');

INSERT OR IGNORE INTO user (id, email, email_verified, hashed_password, name, first_name, last_name, wix_member_id, blocked, role, created_at) VALUES ('2e4c59942d3f48edb4ccb0bf7200e109', 'annaleigh.gidosh@gmail.com', 1, '', 'Annaleigh Gidosh', 'Annaleigh', 'Gidosh', NULL, 0, 'member', '2025-09-19 01:04');
INSERT OR IGNORE INTO user_label (user_id, label) VALUES ('2e4c59942d3f48edb4ccb0bf7200e109', 'RRM Academy Members Group member');
INSERT OR IGNORE INTO user_label (user_id, label) VALUES ('2e4c59942d3f48edb4ccb0bf7200e109', 'Customers');
INSERT OR IGNORE INTO user_label (user_id, label) VALUES ('2e4c59942d3f48edb4ccb0bf7200e109', 'Save the Uterus Club 🏷️');
INSERT OR IGNORE INTO user_label (user_id, label) VALUES ('2e4c59942d3f48edb4ccb0bf7200e109', 'Masterclass Members Group member');
INSERT OR IGNORE INTO user_label (user_id, label) VALUES ('2e4c59942d3f48edb4ccb0bf7200e109', 'Masterclass in Endometriosis and Surgery');
INSERT OR IGNORE INTO user_label (user_id, label) VALUES ('2e4c59942d3f48edb4ccb0bf7200e109', 'Uterus Member 🐻');
INSERT OR IGNORE INTO user_label (user_id, label) VALUES ('2e4c59942d3f48edb4ccb0bf7200e109', 'Donor 👏');
INSERT OR IGNORE INTO enrollment (id, user_id, course_id, enrolled_at) VALUES ('36b33eeddbab4fd78ccddc11c6011b44', '2e4c59942d3f48edb4ccb0bf7200e109', 'masterclass-endo-surgery', '2025-09-19 01:04');

INSERT OR IGNORE INTO user (id, email, email_verified, hashed_password, name, first_name, last_name, wix_member_id, blocked, role, created_at) VALUES ('7f7fe6e52ee44bb8b819608a77a264bf', 'mrockj2281@gmail.com', 1, '', 'Julie Mrock', 'Julie', 'Mrock', NULL, 0, 'member', '2024-06-28 19:10');
INSERT OR IGNORE INTO user_label (user_id, label) VALUES ('7f7fe6e52ee44bb8b819608a77a264bf', 'Donor 👏');
INSERT OR IGNORE INTO user_label (user_id, label) VALUES ('7f7fe6e52ee44bb8b819608a77a264bf', 'EndoSelfSurvey 📋');
INSERT OR IGNORE INTO user_label (user_id, label) VALUES ('7f7fe6e52ee44bb8b819608a77a264bf', 'Customers');
INSERT OR IGNORE INTO user_label (user_id, label) VALUES ('7f7fe6e52ee44bb8b819608a77a264bf', 'Save the Uterus Club 🏷️');
INSERT OR IGNORE INTO user_label (user_id, label) VALUES ('7f7fe6e52ee44bb8b819608a77a264bf', 'SQSP ◼️');
INSERT OR IGNORE INTO user_label (user_id, label) VALUES ('7f7fe6e52ee44bb8b819608a77a264bf', 'Save the Uterus Club Group member');
INSERT OR IGNORE INTO user_label (user_id, label) VALUES ('7f7fe6e52ee44bb8b819608a77a264bf', 'Uterus Member 🐻');

-- Existing user: brianrwhittaker@gmail.com — skipping user INSERT
INSERT OR IGNORE INTO user_label (user_id, label) VALUES ((SELECT id FROM user WHERE email = 'brianrwhittaker@gmail.com'), 'RRM Academy Members Group member');
INSERT OR IGNORE INTO user_label (user_id, label) VALUES ((SELECT id FROM user WHERE email = 'brianrwhittaker@gmail.com'), 'Endo Surgeon Workbook 🏷️');
INSERT OR IGNORE INTO user_label (user_id, label) VALUES ((SELECT id FROM user WHERE email = 'brianrwhittaker@gmail.com'), 'Save the Uterus Club 🏷️');
INSERT OR IGNORE INTO user_label (user_id, label) VALUES ((SELECT id FROM user WHERE email = 'brianrwhittaker@gmail.com'), 'Postpartum Depression & Anxiety: a restorative approach to recovery');
INSERT OR IGNORE INTO user_label (user_id, label) VALUES ((SELECT id FROM user WHERE email = 'brianrwhittaker@gmail.com'), 'Masterclass Members Group member');
INSERT OR IGNORE INTO user_label (user_id, label) VALUES ((SELECT id FROM user WHERE email = 'brianrwhittaker@gmail.com'), 'Contacted Me');
INSERT OR IGNORE INTO user_label (user_id, label) VALUES ((SELECT id FROM user WHERE email = 'brianrwhittaker@gmail.com'), 'Blog Sub 🤓');
INSERT OR IGNORE INTO user_label (user_id, label) VALUES ((SELECT id FROM user WHERE email = 'brianrwhittaker@gmail.com'), 'SQSP ◼️');
INSERT OR IGNORE INTO user_label (user_id, label) VALUES ((SELECT id FROM user WHERE email = 'brianrwhittaker@gmail.com'), 'Save the Uterus Club Group member');
INSERT OR IGNORE INTO user_label (user_id, label) VALUES ((SELECT id FROM user WHERE email = 'brianrwhittaker@gmail.com'), 'Restorative Reproductive Medicine (RRM) vs Standard ART: A New Approach to Infertility');
INSERT OR IGNORE INTO user_label (user_id, label) VALUES ((SELECT id FROM user WHERE email = 'brianrwhittaker@gmail.com'), 'Masterclass in Endometriosis & Surgery');
INSERT OR IGNORE INTO user_label (user_id, label) VALUES ((SELECT id FROM user WHERE email = 'brianrwhittaker@gmail.com'), 'Circle of Impact 📥');
INSERT OR IGNORE INTO user_label (user_id, label) VALUES ((SELECT id FROM user WHERE email = 'brianrwhittaker@gmail.com'), 'Customers');
INSERT OR IGNORE INTO user_label (user_id, label) VALUES ((SELECT id FROM user WHERE email = 'brianrwhittaker@gmail.com'), 'Uterus Super Hero 🦸‍♀️');
INSERT OR IGNORE INTO user_label (user_id, label) VALUES ((SELECT id FROM user WHERE email = 'brianrwhittaker@gmail.com'), 'Donor 👏');
INSERT OR IGNORE INTO enrollment (id, user_id, course_id, enrolled_at) VALUES ('6c7baddccb044c319a0555dc5fcd194a', (SELECT id FROM user WHERE email = 'brianrwhittaker@gmail.com'), 'postpartum-depression-anxiety', '2024-05-02 05:46');
INSERT OR IGNORE INTO enrollment (id, user_id, course_id, enrolled_at) VALUES ('f90939442d93487bb24e3ab2dd194c4e', (SELECT id FROM user WHERE email = 'brianrwhittaker@gmail.com'), 'rrm-vs-ivf', '2024-05-02 05:46');
INSERT OR IGNORE INTO enrollment (id, user_id, course_id, enrolled_at) VALUES ('4149900b3bd44c8fb0d278493e21f580', (SELECT id FROM user WHERE email = 'brianrwhittaker@gmail.com'), 'masterclass-endo-surgery', '2024-05-02 05:46');

INSERT OR IGNORE INTO user (id, email, email_verified, hashed_password, name, first_name, last_name, wix_member_id, blocked, role, created_at) VALUES ('d2a2fd9a5740475d8eee86346bec3c79', 'e.higginbotham2019@gmail.com', 1, '', 'Elizabeth Higginbotham', 'Elizabeth', 'Higginbotham', NULL, 0, 'member', '2024-06-28 19:10');
INSERT OR IGNORE INTO user_label (user_id, label) VALUES ('d2a2fd9a5740475d8eee86346bec3c79', 'EndoSelfSurvey 📋');
INSERT OR IGNORE INTO user_label (user_id, label) VALUES ('d2a2fd9a5740475d8eee86346bec3c79', 'Customers');
INSERT OR IGNORE INTO user_label (user_id, label) VALUES ('d2a2fd9a5740475d8eee86346bec3c79', 'Save the Uterus Club 🏷️');
INSERT OR IGNORE INTO user_label (user_id, label) VALUES ('d2a2fd9a5740475d8eee86346bec3c79', 'SQSP ◼️');
INSERT OR IGNORE INTO user_label (user_id, label) VALUES ('d2a2fd9a5740475d8eee86346bec3c79', 'Save the Uterus Club Group member');
INSERT OR IGNORE INTO user_label (user_id, label) VALUES ('d2a2fd9a5740475d8eee86346bec3c79', 'Uterus Member 🐻');
INSERT OR IGNORE INTO user_label (user_id, label) VALUES ('d2a2fd9a5740475d8eee86346bec3c79', 'Donor 👏');

INSERT OR IGNORE INTO user (id, email, email_verified, hashed_password, name, first_name, last_name, wix_member_id, blocked, role, created_at) VALUES ('796de67d1e934e4db808ef41b0a2c696', 'creightonsusan@comcast.net', 1, '', 'Susan Loughnane', 'Susan', 'Loughnane', NULL, 0, 'member', '2024-07-25 14:58');
INSERT OR IGNORE INTO user_label (user_id, label) VALUES ('796de67d1e934e4db808ef41b0a2c696', 'RRM Academy Members Group member');
INSERT OR IGNORE INTO user_label (user_id, label) VALUES ('796de67d1e934e4db808ef41b0a2c696', 'Customers');
INSERT OR IGNORE INTO user_label (user_id, label) VALUES ('796de67d1e934e4db808ef41b0a2c696', 'Save the Uterus Club 🏷️');
INSERT OR IGNORE INTO user_label (user_id, label) VALUES ('796de67d1e934e4db808ef41b0a2c696', 'Save the Uterus Club Group member');
INSERT OR IGNORE INTO user_label (user_id, label) VALUES ('796de67d1e934e4db808ef41b0a2c696', 'Uterus Member 🐻');
INSERT OR IGNORE INTO user_label (user_id, label) VALUES ('796de67d1e934e4db808ef41b0a2c696', 'Masterclass in Endometriosis & Surgery');
INSERT OR IGNORE INTO user_label (user_id, label) VALUES ('796de67d1e934e4db808ef41b0a2c696', 'Pre-SQSP 🪨');
INSERT OR IGNORE INTO user_label (user_id, label) VALUES ('796de67d1e934e4db808ef41b0a2c696', 'Donor 👏');
INSERT OR IGNORE INTO enrollment (id, user_id, course_id, enrolled_at) VALUES ('a9e23794d8e944a19aec5ad36ec503f3', '796de67d1e934e4db808ef41b0a2c696', 'masterclass-endo-surgery', '2024-07-25 14:58');

INSERT OR IGNORE INTO user (id, email, email_verified, hashed_password, name, first_name, last_name, wix_member_id, blocked, role, created_at) VALUES ('f55028c3b50c41f990d4f8c7086f0857', 'vjgbergin@gmail.com', 1, '', 'Victoria Bergin', 'Victoria', 'Bergin', NULL, 0, 'member', '2025-09-23 16:51');
INSERT OR IGNORE INTO user_label (user_id, label) VALUES ('f55028c3b50c41f990d4f8c7086f0857', 'Save the Uterus Club 🏷️');
INSERT OR IGNORE INTO user_label (user_id, label) VALUES ('f55028c3b50c41f990d4f8c7086f0857', 'Uterus Member 🐻');
INSERT OR IGNORE INTO user_label (user_id, label) VALUES ('f55028c3b50c41f990d4f8c7086f0857', 'Customers');
INSERT OR IGNORE INTO user_label (user_id, label) VALUES ('f55028c3b50c41f990d4f8c7086f0857', 'Save the Uterus Club Group member');
INSERT OR IGNORE INTO user_label (user_id, label) VALUES ('f55028c3b50c41f990d4f8c7086f0857', 'Donor 👏');

INSERT OR IGNORE INTO user (id, email, email_verified, hashed_password, name, first_name, last_name, wix_member_id, blocked, role, created_at) VALUES ('8ff76022b5e14be7b6fe6098b4e8a858', 'rebeccavavilov@ovawellness.com', 1, '', 'Rebecca Vavilov', 'Rebecca', 'Vavilov', NULL, 0, 'member', '2024-06-28 19:10');
INSERT OR IGNORE INTO user_label (user_id, label) VALUES ('8ff76022b5e14be7b6fe6098b4e8a858', 'Donor 👏');
INSERT OR IGNORE INTO user_label (user_id, label) VALUES ('8ff76022b5e14be7b6fe6098b4e8a858', 'EndoSelfSurvey 📋');
INSERT OR IGNORE INTO user_label (user_id, label) VALUES ('8ff76022b5e14be7b6fe6098b4e8a858', 'RRM Academy Members Group member');
INSERT OR IGNORE INTO user_label (user_id, label) VALUES ('8ff76022b5e14be7b6fe6098b4e8a858', 'Customers');
INSERT OR IGNORE INTO user_label (user_id, label) VALUES ('8ff76022b5e14be7b6fe6098b4e8a858', 'SQSP ◼️');
INSERT OR IGNORE INTO user_label (user_id, label) VALUES ('8ff76022b5e14be7b6fe6098b4e8a858', 'Save the Uterus Club Group member');
INSERT OR IGNORE INTO user_label (user_id, label) VALUES ('8ff76022b5e14be7b6fe6098b4e8a858', 'Uterus Member 🐻');
INSERT OR IGNORE INTO user_label (user_id, label) VALUES ('8ff76022b5e14be7b6fe6098b4e8a858', 'Save the Uterus Club 🏷️');
INSERT OR IGNORE INTO user_label (user_id, label) VALUES ('8ff76022b5e14be7b6fe6098b4e8a858', 'Circle of Impact 📥');

INSERT OR IGNORE INTO user (id, email, email_verified, hashed_password, name, first_name, last_name, wix_member_id, blocked, role, created_at) VALUES ('f3ec1b22f9e04f4ea6f2223b80c1d5f1', 'shannontarr@hotmail.com', 1, '', 'Shannon Tarr', 'Shannon', 'Tarr', NULL, 0, 'member', '2025-10-28 00:07');
INSERT OR IGNORE INTO user_label (user_id, label) VALUES ('f3ec1b22f9e04f4ea6f2223b80c1d5f1', 'Customers');
INSERT OR IGNORE INTO user_label (user_id, label) VALUES ('f3ec1b22f9e04f4ea6f2223b80c1d5f1', 'Save the Uterus Club 🏷️');
INSERT OR IGNORE INTO user_label (user_id, label) VALUES ('f3ec1b22f9e04f4ea6f2223b80c1d5f1', 'Uterus Member 🐻');

INSERT OR IGNORE INTO user (id, email, email_verified, hashed_password, name, first_name, last_name, wix_member_id, blocked, role, created_at) VALUES ('e904487547944ef4a23211cd18b09b3b', 'help@healthandhormones.org', 1, '', 'Rita Johnson', 'Rita', 'Johnson', NULL, 0, 'member', '2025-05-22 01:43');
INSERT OR IGNORE INTO user_label (user_id, label) VALUES ('e904487547944ef4a23211cd18b09b3b', 'Donor 👏');
INSERT OR IGNORE INTO user_label (user_id, label) VALUES ('e904487547944ef4a23211cd18b09b3b', 'Customers');
INSERT OR IGNORE INTO user_label (user_id, label) VALUES ('e904487547944ef4a23211cd18b09b3b', 'Save the Uterus Club 🏷️');
INSERT OR IGNORE INTO user_label (user_id, label) VALUES ('e904487547944ef4a23211cd18b09b3b', 'Uterus Super Hero 🦸‍♀️');
INSERT OR IGNORE INTO user_label (user_id, label) VALUES ('e904487547944ef4a23211cd18b09b3b', 'Circle of Impact 📥');

INSERT OR IGNORE INTO user (id, email, email_verified, hashed_password, name, first_name, last_name, wix_member_id, blocked, role, created_at) VALUES ('63250aaa8cf943508b73fa306600fab9', 'cyclecoachkourtney@gmail.com', 1, '', 'Kourtney Rider', 'Kourtney', 'Rider', NULL, 0, 'member', '2025-10-28 01:02');
INSERT OR IGNORE INTO user_label (user_id, label) VALUES ('63250aaa8cf943508b73fa306600fab9', 'Customers');
INSERT OR IGNORE INTO user_label (user_id, label) VALUES ('63250aaa8cf943508b73fa306600fab9', 'Save the Uterus Club 🏷️');
INSERT OR IGNORE INTO user_label (user_id, label) VALUES ('63250aaa8cf943508b73fa306600fab9', 'Uterus Member 🐻');
INSERT OR IGNORE INTO user_label (user_id, label) VALUES ('63250aaa8cf943508b73fa306600fab9', 'Donor 👏');

INSERT OR IGNORE INTO user (id, email, email_verified, hashed_password, name, first_name, last_name, wix_member_id, blocked, role, created_at) VALUES ('c7aa96200e3941f2955cb70a801c99ef', 'kolich717@gmail.com', 1, '', 'Maggie Fogarty', 'Maggie', 'Fogarty', NULL, 0, 'member', '2024-06-28 19:10');
INSERT OR IGNORE INTO user_label (user_id, label) VALUES ('c7aa96200e3941f2955cb70a801c99ef', 'SQSP ◼️');
INSERT OR IGNORE INTO user_label (user_id, label) VALUES ('c7aa96200e3941f2955cb70a801c99ef', 'Customers');
INSERT OR IGNORE INTO user_label (user_id, label) VALUES ('c7aa96200e3941f2955cb70a801c99ef', 'Uterus Member 🐻');
INSERT OR IGNORE INTO user_label (user_id, label) VALUES ('c7aa96200e3941f2955cb70a801c99ef', 'Save the Uterus Club 🏷️');
INSERT OR IGNORE INTO user_label (user_id, label) VALUES ('c7aa96200e3941f2955cb70a801c99ef', 'Donor 👏');

INSERT OR IGNORE INTO user (id, email, email_verified, hashed_password, name, first_name, last_name, wix_member_id, blocked, role, created_at) VALUES ('550f6322edfa457a8a3e0d03d6dbdd92', 'fullthrottle19.5@gmail.com', 1, '', 'Frannie Ruth', 'Frannie', 'Ruth', NULL, 0, 'member', '2024-06-28 19:10');
INSERT OR IGNORE INTO user_label (user_id, label) VALUES ('550f6322edfa457a8a3e0d03d6dbdd92', 'Donor 👏');
INSERT OR IGNORE INTO user_label (user_id, label) VALUES ('550f6322edfa457a8a3e0d03d6dbdd92', 'Research Sub 🧪');
INSERT OR IGNORE INTO user_label (user_id, label) VALUES ('550f6322edfa457a8a3e0d03d6dbdd92', 'RRM Academy Members Group member');
INSERT OR IGNORE INTO user_label (user_id, label) VALUES ('550f6322edfa457a8a3e0d03d6dbdd92', 'Customers');
INSERT OR IGNORE INTO user_label (user_id, label) VALUES ('550f6322edfa457a8a3e0d03d6dbdd92', 'Save the Uterus Club 🏷️');
INSERT OR IGNORE INTO user_label (user_id, label) VALUES ('550f6322edfa457a8a3e0d03d6dbdd92', 'Long Term Endometriosis Management');
INSERT OR IGNORE INTO user_label (user_id, label) VALUES ('550f6322edfa457a8a3e0d03d6dbdd92', 'SQSP ◼️');
INSERT OR IGNORE INTO user_label (user_id, label) VALUES ('550f6322edfa457a8a3e0d03d6dbdd92', 'Save the Uterus Club Group member');
INSERT OR IGNORE INTO user_label (user_id, label) VALUES ('550f6322edfa457a8a3e0d03d6dbdd92', 'Uterus Member 🐻');
INSERT OR IGNORE INTO user_label (user_id, label) VALUES ('550f6322edfa457a8a3e0d03d6dbdd92', 'Masterclass in Endometriosis & Surgery');
INSERT OR IGNORE INTO enrollment (id, user_id, course_id, enrolled_at) VALUES ('263e79c5a50a4e65af71e09e756bdac6', '550f6322edfa457a8a3e0d03d6dbdd92', 'long-term-endo-management', '2024-06-28 19:10');
INSERT OR IGNORE INTO enrollment (id, user_id, course_id, enrolled_at) VALUES ('bcee75da589f4490852f07a4716b5912', '550f6322edfa457a8a3e0d03d6dbdd92', 'masterclass-endo-surgery', '2024-06-28 19:10');

INSERT OR IGNORE INTO user (id, email, email_verified, hashed_password, name, first_name, last_name, wix_member_id, blocked, role, created_at) VALUES ('f791edea4d194c78ab6da674cb11a230', 'metrodcfertilitycarern@gmail.com', 1, '', 'Therese Rodriguez', 'Therese', 'Rodriguez', NULL, 0, 'member', '2024-06-28 19:10');
INSERT OR IGNORE INTO user_label (user_id, label) VALUES ('f791edea4d194c78ab6da674cb11a230', 'Research Sub 🧪');
INSERT OR IGNORE INTO user_label (user_id, label) VALUES ('f791edea4d194c78ab6da674cb11a230', 'EndoSelfSurvey 📋');
INSERT OR IGNORE INTO user_label (user_id, label) VALUES ('f791edea4d194c78ab6da674cb11a230', 'Customers');
INSERT OR IGNORE INTO user_label (user_id, label) VALUES ('f791edea4d194c78ab6da674cb11a230', 'Save the Uterus Club 🏷️');
INSERT OR IGNORE INTO user_label (user_id, label) VALUES ('f791edea4d194c78ab6da674cb11a230', 'SQSP ◼️');
INSERT OR IGNORE INTO user_label (user_id, label) VALUES ('f791edea4d194c78ab6da674cb11a230', 'Save the Uterus Club Group member');
INSERT OR IGNORE INTO user_label (user_id, label) VALUES ('f791edea4d194c78ab6da674cb11a230', 'Uterus Member 🐻');
INSERT OR IGNORE INTO user_label (user_id, label) VALUES ('f791edea4d194c78ab6da674cb11a230', 'Donor 👏');

INSERT OR IGNORE INTO user (id, email, email_verified, hashed_password, name, first_name, last_name, wix_member_id, blocked, role, created_at) VALUES ('b78cf062c43444a39d81918cf81646ee', 'katelynsmith2013@gmail.com', 1, '', 'Katie Smith', 'Katie', 'Smith', NULL, 0, 'member', '2024-06-28 19:10');
INSERT OR IGNORE INTO user_label (user_id, label) VALUES ('b78cf062c43444a39d81918cf81646ee', 'EndoSelfSurvey 📋');
INSERT OR IGNORE INTO user_label (user_id, label) VALUES ('b78cf062c43444a39d81918cf81646ee', 'RRM Academy Members Group member');
INSERT OR IGNORE INTO user_label (user_id, label) VALUES ('b78cf062c43444a39d81918cf81646ee', 'Customers');
INSERT OR IGNORE INTO user_label (user_id, label) VALUES ('b78cf062c43444a39d81918cf81646ee', 'Save the Uterus Club 🏷️');
INSERT OR IGNORE INTO user_label (user_id, label) VALUES ('b78cf062c43444a39d81918cf81646ee', 'SQSP ◼️');
INSERT OR IGNORE INTO user_label (user_id, label) VALUES ('b78cf062c43444a39d81918cf81646ee', 'Save the Uterus Club Group member');
INSERT OR IGNORE INTO user_label (user_id, label) VALUES ('b78cf062c43444a39d81918cf81646ee', 'Uterus Member 🐻');
INSERT OR IGNORE INTO user_label (user_id, label) VALUES ('b78cf062c43444a39d81918cf81646ee', 'Donor 👏');

INSERT OR IGNORE INTO user (id, email, email_verified, hashed_password, name, first_name, last_name, wix_member_id, blocked, role, created_at) VALUES ('3b94468c6879478685aa248870191a82', 'daniela.castillo.ve98@gmail.com', 1, '', 'Daniela Castillo', 'Daniela', 'Castillo', NULL, 0, 'member', '2025-08-27 21:13');
INSERT OR IGNORE INTO user_label (user_id, label) VALUES ('3b94468c6879478685aa248870191a82', 'Customers');
INSERT OR IGNORE INTO user_label (user_id, label) VALUES ('3b94468c6879478685aa248870191a82', 'Uterus Member 🐻');
INSERT OR IGNORE INTO user_label (user_id, label) VALUES ('3b94468c6879478685aa248870191a82', 'Save the Uterus Club 🏷️');
INSERT OR IGNORE INTO user_label (user_id, label) VALUES ('3b94468c6879478685aa248870191a82', 'Save the Uterus Club Group member');
INSERT OR IGNORE INTO user_label (user_id, label) VALUES ('3b94468c6879478685aa248870191a82', 'Donor 👏');

INSERT OR IGNORE INTO user (id, email, email_verified, hashed_password, name, first_name, last_name, wix_member_id, blocked, role, created_at) VALUES ('066c18c4a0cb4aa388d6ab0a8ddc4a4a', 'kellyeshehan@gmail.com', 1, '', 'Kelly Schwettmann', 'Kelly', 'Schwettmann', NULL, 0, 'member', '2024-07-25 14:58');
INSERT OR IGNORE INTO user_label (user_id, label) VALUES ('066c18c4a0cb4aa388d6ab0a8ddc4a4a', 'Pre-SQSP 🪨');
INSERT OR IGNORE INTO user_label (user_id, label) VALUES ('066c18c4a0cb4aa388d6ab0a8ddc4a4a', 'Masterclass in Endometriosis & Surgery');
INSERT OR IGNORE INTO enrollment (id, user_id, course_id, enrolled_at) VALUES ('5f3155c98fb643b1928c44907a4491be', '066c18c4a0cb4aa388d6ab0a8ddc4a4a', 'masterclass-endo-surgery', '2024-07-25 14:58');

INSERT OR IGNORE INTO user (id, email, email_verified, hashed_password, name, first_name, last_name, wix_member_id, blocked, role, created_at) VALUES ('cbc89607a4ac445fbafb4dd9a798f2aa', 'briannawronko@gmail.com', 1, '', 'Brianna Wronko', 'Brianna', 'Wronko', NULL, 0, 'member', '2024-07-25 14:58');
INSERT OR IGNORE INTO user_label (user_id, label) VALUES ('cbc89607a4ac445fbafb4dd9a798f2aa', 'Pre-SQSP 🪨');
INSERT OR IGNORE INTO user_label (user_id, label) VALUES ('cbc89607a4ac445fbafb4dd9a798f2aa', 'Masterclass in Endometriosis & Surgery');
INSERT OR IGNORE INTO enrollment (id, user_id, course_id, enrolled_at) VALUES ('13558a5bcda643d28701c772f9aa53ac', 'cbc89607a4ac445fbafb4dd9a798f2aa', 'masterclass-endo-surgery', '2024-07-25 14:58');

INSERT OR IGNORE INTO user (id, email, email_verified, hashed_password, name, first_name, last_name, wix_member_id, blocked, role, created_at) VALUES ('e4a800c0621e47c88b901b82119e25eb', 'donatellijl@gmail.com', 1, '', 'Jessica Donatelli', 'Jessica', 'Donatelli', NULL, 0, 'member', '2024-06-28 19:10');
INSERT OR IGNORE INTO user_label (user_id, label) VALUES ('e4a800c0621e47c88b901b82119e25eb', 'EndoSelfSurvey 📋');
INSERT OR IGNORE INTO user_label (user_id, label) VALUES ('e4a800c0621e47c88b901b82119e25eb', 'SQSP ◼️');
INSERT OR IGNORE INTO user_label (user_id, label) VALUES ('e4a800c0621e47c88b901b82119e25eb', 'Masterclass in Endometriosis & Surgery');
INSERT OR IGNORE INTO user_label (user_id, label) VALUES ('e4a800c0621e47c88b901b82119e25eb', 'Pre-SQSP 🪨');
INSERT OR IGNORE INTO enrollment (id, user_id, course_id, enrolled_at) VALUES ('539229b9a08d46c2831fe5eb738fec9e', 'e4a800c0621e47c88b901b82119e25eb', 'masterclass-endo-surgery', '2024-06-28 19:10');

INSERT OR IGNORE INTO user (id, email, email_verified, hashed_password, name, first_name, last_name, wix_member_id, blocked, role, created_at) VALUES ('bd65f216a49a4153aa664906be965ebf', 'kathryn.baruch@gmail.com', 1, '', 'Kathryn Baruch', 'Kathryn', 'Baruch', '89167871', 0, 'member', '2024-07-25 14:58');
INSERT OR IGNORE INTO user_label (user_id, label) VALUES ('bd65f216a49a4153aa664906be965ebf', 'Pre-SQSP 🪨');
INSERT OR IGNORE INTO user_label (user_id, label) VALUES ('bd65f216a49a4153aa664906be965ebf', 'Masterclass in Endometriosis & Surgery');
INSERT OR IGNORE INTO enrollment (id, user_id, course_id, enrolled_at) VALUES ('a9c9b8a50c504628ae40b2dd29d1f1ff', 'bd65f216a49a4153aa664906be965ebf', 'masterclass-endo-surgery', '2024-07-25 14:58');

INSERT OR IGNORE INTO user (id, email, email_verified, hashed_password, name, first_name, last_name, wix_member_id, blocked, role, created_at) VALUES ('7fc31b8a3375463583d76c2235d987d2', 'carly.lovenduski@gmai.com', 1, '', 'carly lovenduski', 'carly', 'lovenduski', NULL, 0, 'member', '2024-06-28 19:10');
INSERT OR IGNORE INTO user_label (user_id, label) VALUES ('7fc31b8a3375463583d76c2235d987d2', 'SQSP ◼️');
INSERT OR IGNORE INTO user_label (user_id, label) VALUES ('7fc31b8a3375463583d76c2235d987d2', 'Masterclass in Endometriosis & Surgery');
INSERT OR IGNORE INTO enrollment (id, user_id, course_id, enrolled_at) VALUES ('a211200cc1a643e390d9cbcf052c7f89', '7fc31b8a3375463583d76c2235d987d2', 'masterclass-endo-surgery', '2024-06-28 19:10');

INSERT OR IGNORE INTO user (id, email, email_verified, hashed_password, name, first_name, last_name, wix_member_id, blocked, role, created_at) VALUES ('7eeae5c7270745fca20009c3f6d4697e', 'sarahsuzslattery@gmail.com', 1, '', 'Sarah Slattery', 'Sarah', 'Slattery', NULL, 0, 'member', '2024-06-28 19:10');
INSERT OR IGNORE INTO user_label (user_id, label) VALUES ('7eeae5c7270745fca20009c3f6d4697e', 'SQSP ◼️');
INSERT OR IGNORE INTO user_label (user_id, label) VALUES ('7eeae5c7270745fca20009c3f6d4697e', 'Pre-SQSP 🪨');
INSERT OR IGNORE INTO user_label (user_id, label) VALUES ('7eeae5c7270745fca20009c3f6d4697e', 'Masterclass in Endometriosis & Surgery');
INSERT OR IGNORE INTO enrollment (id, user_id, course_id, enrolled_at) VALUES ('5cb19e4cc131452c91259c884deb9a62', '7eeae5c7270745fca20009c3f6d4697e', 'masterclass-endo-surgery', '2024-06-28 19:10');

INSERT OR IGNORE INTO user (id, email, email_verified, hashed_password, name, first_name, last_name, wix_member_id, blocked, role, created_at) VALUES ('5d634ab7acc84bedaff5f830933cdac4', 'prathibha.yazala@gmail.com', 1, '', 'Pratty Yazala', 'Pratty', 'Yazala', NULL, 0, 'member', '2024-07-25 14:58');
INSERT OR IGNORE INTO user_label (user_id, label) VALUES ('5d634ab7acc84bedaff5f830933cdac4', 'Pre-SQSP 🪨');
INSERT OR IGNORE INTO user_label (user_id, label) VALUES ('5d634ab7acc84bedaff5f830933cdac4', 'Masterclass in Endometriosis & Surgery');
INSERT OR IGNORE INTO enrollment (id, user_id, course_id, enrolled_at) VALUES ('994470e3ba4c4116b31a7b73a0cbfac7', '5d634ab7acc84bedaff5f830933cdac4', 'masterclass-endo-surgery', '2024-07-25 14:58');

INSERT OR IGNORE INTO user (id, email, email_verified, hashed_password, name, first_name, last_name, wix_member_id, blocked, role, created_at) VALUES ('619760fd289848a799c3b7ce94ab712b', 'maroonnurse@gmail.com', 1, '', 'Amelia D', 'Amelia', 'D', NULL, 0, 'member', '2024-06-28 19:10');
INSERT OR IGNORE INTO user_label (user_id, label) VALUES ('619760fd289848a799c3b7ce94ab712b', 'EndoSelfSurvey 📋');
INSERT OR IGNORE INTO user_label (user_id, label) VALUES ('619760fd289848a799c3b7ce94ab712b', 'RRM Academy Members Group member');
INSERT OR IGNORE INTO user_label (user_id, label) VALUES ('619760fd289848a799c3b7ce94ab712b', 'Endo Surgeon Workbook 🏷️');
INSERT OR IGNORE INTO user_label (user_id, label) VALUES ('619760fd289848a799c3b7ce94ab712b', 'Long Term Endometriosis Management');
INSERT OR IGNORE INTO user_label (user_id, label) VALUES ('619760fd289848a799c3b7ce94ab712b', 'Masterclass Members Group member');
INSERT OR IGNORE INTO user_label (user_id, label) VALUES ('619760fd289848a799c3b7ce94ab712b', 'SQSP ◼️');
INSERT OR IGNORE INTO user_label (user_id, label) VALUES ('619760fd289848a799c3b7ce94ab712b', 'Masterclass in Endometriosis and Surgery');
INSERT OR IGNORE INTO user_label (user_id, label) VALUES ('619760fd289848a799c3b7ce94ab712b', 'Masterclass in Endometriosis & Surgery');
INSERT OR IGNORE INTO enrollment (id, user_id, course_id, enrolled_at) VALUES ('a13e33bd1ae24853aab523b99b73da96', '619760fd289848a799c3b7ce94ab712b', 'long-term-endo-management', '2024-06-28 19:10');
INSERT OR IGNORE INTO enrollment (id, user_id, course_id, enrolled_at) VALUES ('5d48d185c0a846778957144646ee5a6b', '619760fd289848a799c3b7ce94ab712b', 'masterclass-endo-surgery', '2024-06-28 19:10');

INSERT OR IGNORE INTO user (id, email, email_verified, hashed_password, name, first_name, last_name, wix_member_id, blocked, role, created_at) VALUES ('7bd196d853ed46beb6acdb3e1bf9fa3f', 'frisbietara@gmail.com', 1, '', 'Tara Fouts', 'Tara', 'Fouts', NULL, 0, 'member', '2024-07-25 14:58');
INSERT OR IGNORE INTO user_label (user_id, label) VALUES ('7bd196d853ed46beb6acdb3e1bf9fa3f', 'Pre-SQSP 🪨');
INSERT OR IGNORE INTO user_label (user_id, label) VALUES ('7bd196d853ed46beb6acdb3e1bf9fa3f', 'Masterclass in Endometriosis & Surgery');
INSERT OR IGNORE INTO enrollment (id, user_id, course_id, enrolled_at) VALUES ('e7ca5afab4fa46bfb7174ad6ec260826', '7bd196d853ed46beb6acdb3e1bf9fa3f', 'masterclass-endo-surgery', '2024-07-25 14:58');

INSERT OR IGNORE INTO user (id, email, email_verified, hashed_password, name, first_name, last_name, wix_member_id, blocked, role, created_at) VALUES ('23acb6062aa9425e8591f1b2cfe0a40c', 'desaree22@gmail.com', 1, '', 'Desaree Butts', 'Desaree', 'Butts', NULL, 0, 'member', '2024-07-25 14:58');
INSERT OR IGNORE INTO user_label (user_id, label) VALUES ('23acb6062aa9425e8591f1b2cfe0a40c', 'Pre-SQSP 🪨');
INSERT OR IGNORE INTO user_label (user_id, label) VALUES ('23acb6062aa9425e8591f1b2cfe0a40c', 'Masterclass in Endometriosis & Surgery');
INSERT OR IGNORE INTO enrollment (id, user_id, course_id, enrolled_at) VALUES ('8c85ee9a48d544e5a695ed791e8a1814', '23acb6062aa9425e8591f1b2cfe0a40c', 'masterclass-endo-surgery', '2024-07-25 14:58');

INSERT OR IGNORE INTO user (id, email, email_verified, hashed_password, name, first_name, last_name, wix_member_id, blocked, role, created_at) VALUES ('7280b2ca05b94abdb282379f0e237cac', 'ultrasound@aalfafamily.com', 1, '', 'Kari Lingerfelt', 'Kari', 'Lingerfelt', NULL, 0, 'member', '2024-07-25 14:58');
INSERT OR IGNORE INTO user_label (user_id, label) VALUES ('7280b2ca05b94abdb282379f0e237cac', 'Pre-SQSP 🪨');
INSERT OR IGNORE INTO user_label (user_id, label) VALUES ('7280b2ca05b94abdb282379f0e237cac', 'AALFA Group 🧑‍🎓');
INSERT OR IGNORE INTO user_label (user_id, label) VALUES ('7280b2ca05b94abdb282379f0e237cac', 'Masterclass in Endometriosis & Surgery');
INSERT OR IGNORE INTO enrollment (id, user_id, course_id, enrolled_at) VALUES ('78a7aca715fa4a97ae7328e734bf8bbf', '7280b2ca05b94abdb282379f0e237cac', 'masterclass-endo-surgery', '2024-07-25 14:58');

INSERT OR IGNORE INTO user (id, email, email_verified, hashed_password, name, first_name, last_name, wix_member_id, blocked, role, created_at) VALUES ('94c785a444b846eb83510cda60206217', 'ashleyjm@yahoo.com', 1, '', 'Ashley Lacy', 'Ashley', 'Lacy', NULL, 0, 'member', '2024-06-28 19:10');
INSERT OR IGNORE INTO user_label (user_id, label) VALUES ('94c785a444b846eb83510cda60206217', 'EndoSelfSurvey 📋');
INSERT OR IGNORE INTO user_label (user_id, label) VALUES ('94c785a444b846eb83510cda60206217', 'SQSP ◼️');
INSERT OR IGNORE INTO user_label (user_id, label) VALUES ('94c785a444b846eb83510cda60206217', 'Masterclass in Endometriosis & Surgery');
INSERT OR IGNORE INTO user_label (user_id, label) VALUES ('94c785a444b846eb83510cda60206217', 'Pre-SQSP 🪨');
INSERT OR IGNORE INTO enrollment (id, user_id, course_id, enrolled_at) VALUES ('8bb2c17860234b2b9aa701bb5e03829a', '94c785a444b846eb83510cda60206217', 'masterclass-endo-surgery', '2024-06-28 19:10');

INSERT OR IGNORE INTO user (id, email, email_verified, hashed_password, name, first_name, last_name, wix_member_id, blocked, role, created_at) VALUES ('52444a16bb194bd7a3d628100cf241e7', 'gillissie.degraw@gmail.com', 1, '', 'Lauren Gillissie', 'Lauren', 'Gillissie', NULL, 0, 'member', '2024-06-28 19:10');
INSERT OR IGNORE INTO user_label (user_id, label) VALUES ('52444a16bb194bd7a3d628100cf241e7', 'SQSP ◼️');
INSERT OR IGNORE INTO user_label (user_id, label) VALUES ('52444a16bb194bd7a3d628100cf241e7', 'Masterclass in Endometriosis & Surgery');
INSERT OR IGNORE INTO enrollment (id, user_id, course_id, enrolled_at) VALUES ('8f596162ef0b4e9c9aae673dfac2b2e6', '52444a16bb194bd7a3d628100cf241e7', 'masterclass-endo-surgery', '2024-06-28 19:10');

INSERT OR IGNORE INTO user (id, email, email_verified, hashed_password, name, first_name, last_name, wix_member_id, blocked, role, created_at) VALUES ('27621ce2174d4e7f9b17c7c6b1d5c268', 'keepthefaith2012@gmail.com', 1, '', 'Marissa Daniel', 'Marissa', 'Daniel', NULL, 0, 'member', '2024-06-28 19:10');
INSERT OR IGNORE INTO user_label (user_id, label) VALUES ('27621ce2174d4e7f9b17c7c6b1d5c268', 'SQSP ◼️');
INSERT OR IGNORE INTO user_label (user_id, label) VALUES ('27621ce2174d4e7f9b17c7c6b1d5c268', 'Endo Pain Mgmt 🧑‍🎓');
INSERT OR IGNORE INTO user_label (user_id, label) VALUES ('27621ce2174d4e7f9b17c7c6b1d5c268', 'Masterclass in Endometriosis & Surgery');
INSERT OR IGNORE INTO enrollment (id, user_id, course_id, enrolled_at) VALUES ('a8b028956a8e458db0bd15ae2a30fe70', '27621ce2174d4e7f9b17c7c6b1d5c268', 'masterclass-endo-surgery', '2024-06-28 19:10');

INSERT OR IGNORE INTO user (id, email, email_verified, hashed_password, name, first_name, last_name, wix_member_id, blocked, role, created_at) VALUES ('ecc993554851470687b11fb9f8f8fd87', 'hello@yourfertilityyourfuture.com', 1, '', 'Olivia Mitchell', 'Olivia', 'Mitchell', NULL, 0, 'member', '2024-06-28 19:10');
INSERT OR IGNORE INTO user_label (user_id, label) VALUES ('ecc993554851470687b11fb9f8f8fd87', 'RRM Academy Members Group member');
INSERT OR IGNORE INTO user_label (user_id, label) VALUES ('ecc993554851470687b11fb9f8f8fd87', 'SQSP ◼️');
INSERT OR IGNORE INTO user_label (user_id, label) VALUES ('ecc993554851470687b11fb9f8f8fd87', 'Masterclass in Endometriosis & Surgery');
INSERT OR IGNORE INTO enrollment (id, user_id, course_id, enrolled_at) VALUES ('44c5b9fefd2e49faac4d57eb6d13cb88', 'ecc993554851470687b11fb9f8f8fd87', 'masterclass-endo-surgery', '2024-06-28 19:10');

INSERT OR IGNORE INTO user (id, email, email_verified, hashed_password, name, first_name, last_name, wix_member_id, blocked, role, created_at) VALUES ('b8f81933fe354cfe906ebdc45d18def6', 'stbest8@gmail.com', 1, '', 'Sharon Best', 'Sharon', 'Best', NULL, 0, 'member', '2024-06-28 19:10');
INSERT OR IGNORE INTO user_label (user_id, label) VALUES ('b8f81933fe354cfe906ebdc45d18def6', 'SQSP ◼️');
INSERT OR IGNORE INTO user_label (user_id, label) VALUES ('b8f81933fe354cfe906ebdc45d18def6', 'Pre-SQSP 🪨');
INSERT OR IGNORE INTO user_label (user_id, label) VALUES ('b8f81933fe354cfe906ebdc45d18def6', 'Masterclass in Endometriosis & Surgery');
INSERT OR IGNORE INTO enrollment (id, user_id, course_id, enrolled_at) VALUES ('701128b314bc4fc6932f2fe4440ce6e0', 'b8f81933fe354cfe906ebdc45d18def6', 'masterclass-endo-surgery', '2024-06-28 19:10');

INSERT OR IGNORE INTO user (id, email, email_verified, hashed_password, name, first_name, last_name, wix_member_id, blocked, role, created_at) VALUES ('a239586d802043fc811122ff0b9dc000', 'kellykritser@gmail.com', 1, '', 'Kathleen Kritser', 'Kathleen', 'Kritser', NULL, 0, 'member', '2024-06-28 19:10');
INSERT OR IGNORE INTO user_label (user_id, label) VALUES ('a239586d802043fc811122ff0b9dc000', 'EndoSelfSurvey 📋');
INSERT OR IGNORE INTO user_label (user_id, label) VALUES ('a239586d802043fc811122ff0b9dc000', 'SQSP ◼️');
INSERT OR IGNORE INTO user_label (user_id, label) VALUES ('a239586d802043fc811122ff0b9dc000', 'Masterclass in Endometriosis & Surgery');
INSERT OR IGNORE INTO user_label (user_id, label) VALUES ('a239586d802043fc811122ff0b9dc000', 'Pre-SQSP 🪨');
INSERT OR IGNORE INTO enrollment (id, user_id, course_id, enrolled_at) VALUES ('81282d6c00db49559d3fd8e9ac55a61c', 'a239586d802043fc811122ff0b9dc000', 'masterclass-endo-surgery', '2024-06-28 19:10');

INSERT OR IGNORE INTO user (id, email, email_verified, hashed_password, name, first_name, last_name, wix_member_id, blocked, role, created_at) VALUES ('7528df220b4348c1b89bb4f65f1a9c18', 'emsalmon01@gmail.com', 1, '', 'Emily Wall', 'Emily', 'Wall', NULL, 0, 'member', '2024-06-28 19:10');
INSERT OR IGNORE INTO user_label (user_id, label) VALUES ('7528df220b4348c1b89bb4f65f1a9c18', 'EndoSelfSurvey 📋');
INSERT OR IGNORE INTO user_label (user_id, label) VALUES ('7528df220b4348c1b89bb4f65f1a9c18', 'SQSP ◼️');
INSERT OR IGNORE INTO user_label (user_id, label) VALUES ('7528df220b4348c1b89bb4f65f1a9c18', 'Masterclass in Endometriosis & Surgery');
INSERT OR IGNORE INTO enrollment (id, user_id, course_id, enrolled_at) VALUES ('4f41e9cac65649458cd08435c3231a7d', '7528df220b4348c1b89bb4f65f1a9c18', 'masterclass-endo-surgery', '2024-06-28 19:10');

INSERT OR IGNORE INTO user (id, email, email_verified, hashed_password, name, first_name, last_name, wix_member_id, blocked, role, created_at) VALUES ('dc5c48a0f85f4cc697762e583a36d0b6', 'captainjack8@gmail.com', 1, '', 'Jaquelyn Hedden', 'Jaquelyn', 'Hedden', NULL, 0, 'member', '2024-07-25 14:58');
INSERT OR IGNORE INTO user_label (user_id, label) VALUES ('dc5c48a0f85f4cc697762e583a36d0b6', 'Pre-SQSP 🪨');
INSERT OR IGNORE INTO user_label (user_id, label) VALUES ('dc5c48a0f85f4cc697762e583a36d0b6', 'Masterclass in Endometriosis & Surgery');
INSERT OR IGNORE INTO enrollment (id, user_id, course_id, enrolled_at) VALUES ('22ab7004acbb4db7afc23009153a8e60', 'dc5c48a0f85f4cc697762e583a36d0b6', 'masterclass-endo-surgery', '2024-07-25 14:58');

INSERT OR IGNORE INTO user (id, email, email_verified, hashed_password, name, first_name, last_name, wix_member_id, blocked, role, created_at) VALUES ('c56313e35f1344429705e28c2b3cb363', 'megmullany@gmail.com', 1, '', 'Meagan Scandariato', 'Meagan', 'Scandariato', NULL, 0, 'member', '2024-06-28 19:10');
INSERT OR IGNORE INTO user_label (user_id, label) VALUES ('c56313e35f1344429705e28c2b3cb363', 'EndoSelfSurvey 📋');
INSERT OR IGNORE INTO user_label (user_id, label) VALUES ('c56313e35f1344429705e28c2b3cb363', 'SQSP ◼️');
INSERT OR IGNORE INTO user_label (user_id, label) VALUES ('c56313e35f1344429705e28c2b3cb363', 'Masterclass in Endometriosis & Surgery');
INSERT OR IGNORE INTO user_label (user_id, label) VALUES ('c56313e35f1344429705e28c2b3cb363', 'Pre-SQSP 🪨');
INSERT OR IGNORE INTO enrollment (id, user_id, course_id, enrolled_at) VALUES ('1c75f5b9c49d414c9f07609b9205a431', 'c56313e35f1344429705e28c2b3cb363', 'masterclass-endo-surgery', '2024-06-28 19:10');

INSERT OR IGNORE INTO user (id, email, email_verified, hashed_password, name, first_name, last_name, wix_member_id, blocked, role, created_at) VALUES ('c18121eb7cee4ae086f2c62db9fe6400', 'jwanzek@alumni.nd.edu', 1, '', 'Janelle Wanzek', 'Janelle', 'Wanzek', NULL, 0, 'member', '2024-07-25 14:58');
INSERT OR IGNORE INTO user_label (user_id, label) VALUES ('c18121eb7cee4ae086f2c62db9fe6400', 'Pre-SQSP 🪨');
INSERT OR IGNORE INTO user_label (user_id, label) VALUES ('c18121eb7cee4ae086f2c62db9fe6400', 'Masterclass in Endometriosis & Surgery');
INSERT OR IGNORE INTO enrollment (id, user_id, course_id, enrolled_at) VALUES ('8b34657a064f4d26b5bba9cd441fab13', 'c18121eb7cee4ae086f2c62db9fe6400', 'masterclass-endo-surgery', '2024-07-25 14:58');

INSERT OR IGNORE INTO user (id, email, email_verified, hashed_password, name, first_name, last_name, wix_member_id, blocked, role, created_at) VALUES ('53b05aaffa2341fb995ce14abe7c28cc', 'mkelleysjohnson@gmail.com', 1, '', 'Kelley Johnson', 'Kelley', 'Johnson', NULL, 0, 'member', '2024-06-28 19:10');
INSERT OR IGNORE INTO user_label (user_id, label) VALUES ('53b05aaffa2341fb995ce14abe7c28cc', 'EndoSelfSurvey 📋');
INSERT OR IGNORE INTO user_label (user_id, label) VALUES ('53b05aaffa2341fb995ce14abe7c28cc', 'Endo Surgeon Workbook 🏷️');
INSERT OR IGNORE INTO user_label (user_id, label) VALUES ('53b05aaffa2341fb995ce14abe7c28cc', 'Long Term Endometriosis Management');
INSERT OR IGNORE INTO user_label (user_id, label) VALUES ('53b05aaffa2341fb995ce14abe7c28cc', 'SQSP ◼️');
INSERT OR IGNORE INTO user_label (user_id, label) VALUES ('53b05aaffa2341fb995ce14abe7c28cc', 'Masterclass in Endometriosis & Surgery');
INSERT OR IGNORE INTO enrollment (id, user_id, course_id, enrolled_at) VALUES ('7dfaea11a610436d885bfdf05c8a4e06', '53b05aaffa2341fb995ce14abe7c28cc', 'long-term-endo-management', '2024-06-28 19:10');
INSERT OR IGNORE INTO enrollment (id, user_id, course_id, enrolled_at) VALUES ('6b195cab1c88465e86e10debb6ad3f11', '53b05aaffa2341fb995ce14abe7c28cc', 'masterclass-endo-surgery', '2024-06-28 19:10');

INSERT OR IGNORE INTO user (id, email, email_verified, hashed_password, name, first_name, last_name, wix_member_id, blocked, role, created_at) VALUES ('d6cdea4250f445d8826db5d9b0ec8e89', '88aveillette@gmail.com', 1, '', 'Ashley Veillette', 'Ashley', 'Veillette', NULL, 0, 'member', '2024-07-25 14:58');
INSERT OR IGNORE INTO user_label (user_id, label) VALUES ('d6cdea4250f445d8826db5d9b0ec8e89', 'Pre-SQSP 🪨');
INSERT OR IGNORE INTO user_label (user_id, label) VALUES ('d6cdea4250f445d8826db5d9b0ec8e89', 'Masterclass in Endometriosis & Surgery');
INSERT OR IGNORE INTO enrollment (id, user_id, course_id, enrolled_at) VALUES ('7416def9b94b45f1ab309910ec45b8e8', 'd6cdea4250f445d8826db5d9b0ec8e89', 'masterclass-endo-surgery', '2024-07-25 14:58');

INSERT OR IGNORE INTO user (id, email, email_verified, hashed_password, name, first_name, last_name, wix_member_id, blocked, role, created_at) VALUES ('09b4224daa7d4453b80832168eea0b7d', 'skoch3512@gmail.com', 1, '', 'Stephanie Koch', 'Stephanie', 'Koch', NULL, 0, 'member', '2024-07-25 14:58');
INSERT OR IGNORE INTO user_label (user_id, label) VALUES ('09b4224daa7d4453b80832168eea0b7d', 'Pre-SQSP 🪨');
INSERT OR IGNORE INTO user_label (user_id, label) VALUES ('09b4224daa7d4453b80832168eea0b7d', 'Masterclass in Endometriosis & Surgery');
INSERT OR IGNORE INTO enrollment (id, user_id, course_id, enrolled_at) VALUES ('f2b8e3c83c7b48edb73c0bee25a63d94', '09b4224daa7d4453b80832168eea0b7d', 'masterclass-endo-surgery', '2024-07-25 14:58');

INSERT OR IGNORE INTO user (id, email, email_verified, hashed_password, name, first_name, last_name, wix_member_id, blocked, role, created_at) VALUES ('f1a1af806d9d4603ab675eac8108a1ad', 'doc@elisayaomd.com', 1, '', 'Elisa Yao', 'Elisa', 'Yao', NULL, 0, 'member', '2024-07-25 14:58');
INSERT OR IGNORE INTO user_label (user_id, label) VALUES ('f1a1af806d9d4603ab675eac8108a1ad', 'Pre-SQSP 🪨');
INSERT OR IGNORE INTO user_label (user_id, label) VALUES ('f1a1af806d9d4603ab675eac8108a1ad', 'Masterclass in Endometriosis & Surgery');
INSERT OR IGNORE INTO enrollment (id, user_id, course_id, enrolled_at) VALUES ('5e4725829d0345d0a906df817246366d', 'f1a1af806d9d4603ab675eac8108a1ad', 'masterclass-endo-surgery', '2024-07-25 14:58');

INSERT OR IGNORE INTO user (id, email, email_verified, hashed_password, name, first_name, last_name, wix_member_id, blocked, role, created_at) VALUES ('8e47dd8104ff42c083fe49750e1359ea', 'mzagursky7@gmail.com', 1, '', 'Maria Hinnerschitz', 'Maria', 'Hinnerschitz', NULL, 0, 'member', '2024-07-25 14:58');
INSERT OR IGNORE INTO user_label (user_id, label) VALUES ('8e47dd8104ff42c083fe49750e1359ea', 'Pre-SQSP 🪨');
INSERT OR IGNORE INTO user_label (user_id, label) VALUES ('8e47dd8104ff42c083fe49750e1359ea', 'Masterclass in Endometriosis & Surgery');
INSERT OR IGNORE INTO enrollment (id, user_id, course_id, enrolled_at) VALUES ('91ec49868d40476483cc82a0a337b9f9', '8e47dd8104ff42c083fe49750e1359ea', 'masterclass-endo-surgery', '2024-07-25 14:58');

INSERT OR IGNORE INTO user (id, email, email_verified, hashed_password, name, first_name, last_name, wix_member_id, blocked, role, created_at) VALUES ('52d9fc958cb34daca087150601ca0914', 'kellycm@protonmail.com', 1, '', 'Kelly Martin', 'Kelly', 'Martin', NULL, 0, 'member', '2024-06-28 19:10');
INSERT OR IGNORE INTO user_label (user_id, label) VALUES ('52d9fc958cb34daca087150601ca0914', 'EndoSelfSurvey 📋');
INSERT OR IGNORE INTO user_label (user_id, label) VALUES ('52d9fc958cb34daca087150601ca0914', 'RRM Academy Members Group member');
INSERT OR IGNORE INTO user_label (user_id, label) VALUES ('52d9fc958cb34daca087150601ca0914', 'Endo Surgeon Workbook 🏷️');
INSERT OR IGNORE INTO user_label (user_id, label) VALUES ('52d9fc958cb34daca087150601ca0914', 'Long Term Endometriosis Management');
INSERT OR IGNORE INTO user_label (user_id, label) VALUES ('52d9fc958cb34daca087150601ca0914', 'SQSP ◼️');
INSERT OR IGNORE INTO user_label (user_id, label) VALUES ('52d9fc958cb34daca087150601ca0914', 'Masterclass in Endometriosis & Surgery');
INSERT OR IGNORE INTO enrollment (id, user_id, course_id, enrolled_at) VALUES ('8eadd618e9d24ea093e3b6ffb70e56c4', '52d9fc958cb34daca087150601ca0914', 'long-term-endo-management', '2024-06-28 19:10');
INSERT OR IGNORE INTO enrollment (id, user_id, course_id, enrolled_at) VALUES ('1bca803a2bf04e6da47774a9716f59a1', '52d9fc958cb34daca087150601ca0914', 'masterclass-endo-surgery', '2024-06-28 19:10');

INSERT OR IGNORE INTO user (id, email, email_verified, hashed_password, name, first_name, last_name, wix_member_id, blocked, role, created_at) VALUES ('8cef16edbb8e4f2bb3d3be19f5618604', 'smithtm767@gmail.com', 1, '', 'Taylor Wesson', 'Taylor', 'Wesson', NULL, 0, 'member', '2024-07-25 14:58');
INSERT OR IGNORE INTO user_label (user_id, label) VALUES ('8cef16edbb8e4f2bb3d3be19f5618604', 'Endo Surgeon Workbook 🏷️');
INSERT OR IGNORE INTO user_label (user_id, label) VALUES ('8cef16edbb8e4f2bb3d3be19f5618604', 'Masterclass in Endometriosis and Surgery');
INSERT OR IGNORE INTO user_label (user_id, label) VALUES ('8cef16edbb8e4f2bb3d3be19f5618604', 'Masterclass in Endometriosis & Surgery');
INSERT OR IGNORE INTO user_label (user_id, label) VALUES ('8cef16edbb8e4f2bb3d3be19f5618604', 'Pre-SQSP 🪨');
INSERT OR IGNORE INTO enrollment (id, user_id, course_id, enrolled_at) VALUES ('1f5485cf1e6047efb302be0c0b6cf628', '8cef16edbb8e4f2bb3d3be19f5618604', 'masterclass-endo-surgery', '2024-07-25 14:58');

INSERT OR IGNORE INTO user (id, email, email_verified, hashed_password, name, first_name, last_name, wix_member_id, blocked, role, created_at) VALUES ('fce83b3a8daf4b6e93c9061fcb2bebb6', 'jannettecarlos2314@gmail.com', 1, '', 'Jannette Carlos', 'Jannette', 'Carlos', NULL, 0, 'member', '2024-07-25 14:58');
INSERT OR IGNORE INTO user_label (user_id, label) VALUES ('fce83b3a8daf4b6e93c9061fcb2bebb6', 'Pre-SQSP 🪨');
INSERT OR IGNORE INTO user_label (user_id, label) VALUES ('fce83b3a8daf4b6e93c9061fcb2bebb6', 'Masterclass in Endometriosis & Surgery');
INSERT OR IGNORE INTO enrollment (id, user_id, course_id, enrolled_at) VALUES ('5a04a4ee358b4368947defb18c957222', 'fce83b3a8daf4b6e93c9061fcb2bebb6', 'masterclass-endo-surgery', '2024-07-25 14:58');

INSERT OR IGNORE INTO user (id, email, email_verified, hashed_password, name, first_name, last_name, wix_member_id, blocked, role, created_at) VALUES ('474a55c51652484e81d8a42becc43368', 'jastruntz@aalfafamily.com', 1, '', 'Jessica Peightal', 'Jessica', 'Peightal', NULL, 0, 'member', '2024-07-25 14:58');
INSERT OR IGNORE INTO user_label (user_id, label) VALUES ('474a55c51652484e81d8a42becc43368', 'Pre-SQSP 🪨');
INSERT OR IGNORE INTO user_label (user_id, label) VALUES ('474a55c51652484e81d8a42becc43368', 'AALFA Group 🧑‍🎓');
INSERT OR IGNORE INTO user_label (user_id, label) VALUES ('474a55c51652484e81d8a42becc43368', 'Masterclass in Endometriosis & Surgery');
INSERT OR IGNORE INTO enrollment (id, user_id, course_id, enrolled_at) VALUES ('44494063d27741a0a10a8797c22a6d69', '474a55c51652484e81d8a42becc43368', 'masterclass-endo-surgery', '2024-07-25 14:58');

INSERT OR IGNORE INTO user (id, email, email_verified, hashed_password, name, first_name, last_name, wix_member_id, blocked, role, created_at) VALUES ('946d30be419340629bb95423281267f1', 'andjela.dipietro@gmail.com', 1, '', 'Andjela DiPietro', 'Andjela', 'DiPietro', NULL, 0, 'member', '2024-07-25 14:58');
INSERT OR IGNORE INTO user_label (user_id, label) VALUES ('946d30be419340629bb95423281267f1', 'Pre-SQSP 🪨');
INSERT OR IGNORE INTO user_label (user_id, label) VALUES ('946d30be419340629bb95423281267f1', 'Masterclass in Endometriosis & Surgery');
INSERT OR IGNORE INTO enrollment (id, user_id, course_id, enrolled_at) VALUES ('5d29cd45adef4486bce5d59f33b12cfc', '946d30be419340629bb95423281267f1', 'masterclass-endo-surgery', '2024-07-25 14:58');

INSERT OR IGNORE INTO user (id, email, email_verified, hashed_password, name, first_name, last_name, wix_member_id, blocked, role, created_at) VALUES ('8636f0a3fc7d4ec5af546791605b15cf', 'meg_burley@yahoo.com', 1, '', 'Megan Hoover', 'Megan', 'Hoover', NULL, 0, 'member', '2024-06-28 19:10');
INSERT OR IGNORE INTO user_label (user_id, label) VALUES ('8636f0a3fc7d4ec5af546791605b15cf', 'EndoSelfSurvey 📋');
INSERT OR IGNORE INTO user_label (user_id, label) VALUES ('8636f0a3fc7d4ec5af546791605b15cf', 'SQSP ◼️');
INSERT OR IGNORE INTO user_label (user_id, label) VALUES ('8636f0a3fc7d4ec5af546791605b15cf', 'Masterclass in Endometriosis & Surgery');
INSERT OR IGNORE INTO user_label (user_id, label) VALUES ('8636f0a3fc7d4ec5af546791605b15cf', 'Pre-SQSP 🪨');
INSERT OR IGNORE INTO enrollment (id, user_id, course_id, enrolled_at) VALUES ('7c71b572275b4f0c8ae1bc821d57f245', '8636f0a3fc7d4ec5af546791605b15cf', 'masterclass-endo-surgery', '2024-06-28 19:10');

INSERT OR IGNORE INTO user (id, email, email_verified, hashed_password, name, first_name, last_name, wix_member_id, blocked, role, created_at) VALUES ('5c1e8f83fbf3406fb5f09b8179ccaa5d', 'malejandraarmijos@gmail.com', 1, '', 'Maria Armijos', 'Maria', 'Armijos', NULL, 0, 'member', '2024-06-28 19:10');
INSERT OR IGNORE INTO user_label (user_id, label) VALUES ('5c1e8f83fbf3406fb5f09b8179ccaa5d', 'EndoSelfSurvey 📋');
INSERT OR IGNORE INTO user_label (user_id, label) VALUES ('5c1e8f83fbf3406fb5f09b8179ccaa5d', 'SQSP ◼️');
INSERT OR IGNORE INTO user_label (user_id, label) VALUES ('5c1e8f83fbf3406fb5f09b8179ccaa5d', 'Masterclass in Endometriosis & Surgery');
INSERT OR IGNORE INTO user_label (user_id, label) VALUES ('5c1e8f83fbf3406fb5f09b8179ccaa5d', 'Pre-SQSP 🪨');
INSERT OR IGNORE INTO enrollment (id, user_id, course_id, enrolled_at) VALUES ('246e5432f2404fb8bf21ff8401741079', '5c1e8f83fbf3406fb5f09b8179ccaa5d', 'masterclass-endo-surgery', '2024-06-28 19:10');

INSERT OR IGNORE INTO user (id, email, email_verified, hashed_password, name, first_name, last_name, wix_member_id, blocked, role, created_at) VALUES ('5fa1909f030d46b39dd2b2581dc07a89', 'ejgorecki@gmail.com', 1, '', 'Elizabeth Nordin', 'Elizabeth', 'Nordin', NULL, 0, 'member', '2024-07-17 14:22');
INSERT OR IGNORE INTO user_label (user_id, label) VALUES ('5fa1909f030d46b39dd2b2581dc07a89', 'Research Sub 🧪');
INSERT OR IGNORE INTO user_label (user_id, label) VALUES ('5fa1909f030d46b39dd2b2581dc07a89', 'AALFA Group 🧑‍🎓');
INSERT OR IGNORE INTO user_label (user_id, label) VALUES ('5fa1909f030d46b39dd2b2581dc07a89', 'Masterclass in Endometriosis & Surgery');
INSERT OR IGNORE INTO user_label (user_id, label) VALUES ('5fa1909f030d46b39dd2b2581dc07a89', 'Pre-SQSP 🪨');
INSERT OR IGNORE INTO enrollment (id, user_id, course_id, enrolled_at) VALUES ('db74d213b2e242788610ba19efaa755d', '5fa1909f030d46b39dd2b2581dc07a89', 'masterclass-endo-surgery', '2024-07-17 14:22');

INSERT OR IGNORE INTO user (id, email, email_verified, hashed_password, name, first_name, last_name, wix_member_id, blocked, role, created_at) VALUES ('63b6ce970a294feb869b669fa11daa25', 'alisonwerneth@gmail.com', 1, '', 'Alison Werneth', 'Alison', 'Werneth', NULL, 0, 'member', '2024-07-25 14:58');
INSERT OR IGNORE INTO user_label (user_id, label) VALUES ('63b6ce970a294feb869b669fa11daa25', 'Pre-SQSP 🪨');
INSERT OR IGNORE INTO user_label (user_id, label) VALUES ('63b6ce970a294feb869b669fa11daa25', 'Masterclass in Endometriosis & Surgery');
INSERT OR IGNORE INTO enrollment (id, user_id, course_id, enrolled_at) VALUES ('bc4f983e49e74e78b0abe12e2ed8ec6d', '63b6ce970a294feb869b669fa11daa25', 'masterclass-endo-surgery', '2024-07-25 14:58');

INSERT OR IGNORE INTO user (id, email, email_verified, hashed_password, name, first_name, last_name, wix_member_id, blocked, role, created_at) VALUES ('4e482f514f5a4087b8a8403f5e0cc0dd', 'cindy@endometriosisdietitian.ca', 1, '', 'Cindy Dabrowska', 'Cindy', 'Dabrowska', NULL, 0, 'member', '2024-07-25 14:58');
INSERT OR IGNORE INTO user_label (user_id, label) VALUES ('4e482f514f5a4087b8a8403f5e0cc0dd', 'Pre-SQSP 🪨');
INSERT OR IGNORE INTO user_label (user_id, label) VALUES ('4e482f514f5a4087b8a8403f5e0cc0dd', 'Masterclass in Endometriosis & Surgery');
INSERT OR IGNORE INTO enrollment (id, user_id, course_id, enrolled_at) VALUES ('622f5ec7fcf14d2fa88969e952904a42', '4e482f514f5a4087b8a8403f5e0cc0dd', 'masterclass-endo-surgery', '2024-07-25 14:58');

INSERT OR IGNORE INTO user (id, email, email_verified, hashed_password, name, first_name, last_name, wix_member_id, blocked, role, created_at) VALUES ('4f16b88ab77d42239179e2444fa3d772', 'mollyg242@gmail.com', 1, '', '', '', '', NULL, 0, 'member', '2024-06-28 19:10');
INSERT OR IGNORE INTO user_label (user_id, label) VALUES ('4f16b88ab77d42239179e2444fa3d772', 'EndoSelfSurvey 📋');
INSERT OR IGNORE INTO user_label (user_id, label) VALUES ('4f16b88ab77d42239179e2444fa3d772', 'RRM Academy Members Group member');
INSERT OR IGNORE INTO user_label (user_id, label) VALUES ('4f16b88ab77d42239179e2444fa3d772', 'Masterclass Members Group member');
INSERT OR IGNORE INTO user_label (user_id, label) VALUES ('4f16b88ab77d42239179e2444fa3d772', 'SQSP ◼️');
INSERT OR IGNORE INTO user_label (user_id, label) VALUES ('4f16b88ab77d42239179e2444fa3d772', 'Masterclass in Endometriosis and Surgery');
INSERT OR IGNORE INTO user_label (user_id, label) VALUES ('4f16b88ab77d42239179e2444fa3d772', 'Masterclass in Endometriosis & Surgery');
INSERT OR IGNORE INTO enrollment (id, user_id, course_id, enrolled_at) VALUES ('6939e1c5cf6a426992198de705a25f12', '4f16b88ab77d42239179e2444fa3d772', 'masterclass-endo-surgery', '2024-06-28 19:10');

INSERT OR IGNORE INTO user (id, email, email_verified, hashed_password, name, first_name, last_name, wix_member_id, blocked, role, created_at) VALUES ('3e389cd02d77499ca31df9aa45d2a9c3', 'lmjohnson@aalfafamily.com', 1, '', 'Leah Tellefson', 'Leah', 'Tellefson', NULL, 0, 'member', '2024-07-25 14:58');
INSERT OR IGNORE INTO user_label (user_id, label) VALUES ('3e389cd02d77499ca31df9aa45d2a9c3', 'Pre-SQSP 🪨');
INSERT OR IGNORE INTO user_label (user_id, label) VALUES ('3e389cd02d77499ca31df9aa45d2a9c3', 'AALFA Group 🧑‍🎓');
INSERT OR IGNORE INTO user_label (user_id, label) VALUES ('3e389cd02d77499ca31df9aa45d2a9c3', 'Masterclass in Endometriosis & Surgery');
INSERT OR IGNORE INTO enrollment (id, user_id, course_id, enrolled_at) VALUES ('224a72b8c49e4192adf1b26e2c73c7a6', '3e389cd02d77499ca31df9aa45d2a9c3', 'masterclass-endo-surgery', '2024-07-25 14:58');

INSERT OR IGNORE INTO user (id, email, email_verified, hashed_password, name, first_name, last_name, wix_member_id, blocked, role, created_at) VALUES ('24b4c061afb649aebfcafb839094c401', 'michaela.sanborn@yahoo.com', 1, '', 'Michaela Skuba', 'Michaela', 'Skuba', NULL, 0, 'member', '2024-06-28 19:10');
INSERT OR IGNORE INTO user_label (user_id, label) VALUES ('24b4c061afb649aebfcafb839094c401', 'EndoSelfSurvey 📋');
INSERT OR IGNORE INTO user_label (user_id, label) VALUES ('24b4c061afb649aebfcafb839094c401', 'SQSP ◼️');
INSERT OR IGNORE INTO user_label (user_id, label) VALUES ('24b4c061afb649aebfcafb839094c401', 'Masterclass in Endometriosis & Surgery');
INSERT OR IGNORE INTO user_label (user_id, label) VALUES ('24b4c061afb649aebfcafb839094c401', 'Pre-SQSP 🪨');
INSERT OR IGNORE INTO enrollment (id, user_id, course_id, enrolled_at) VALUES ('a10cba18415c40788bffdd6ec917cfb7', '24b4c061afb649aebfcafb839094c401', 'masterclass-endo-surgery', '2024-06-28 19:10');

INSERT OR IGNORE INTO user (id, email, email_verified, hashed_password, name, first_name, last_name, wix_member_id, blocked, role, created_at) VALUES ('7c4074c74a20464fb1c2a46880cf5ee3', 'sara.polhamus@gmail.com', 1, '', 'Sara Polhamus', 'Sara', 'Polhamus', NULL, 0, 'member', '2024-07-25 14:58');
INSERT OR IGNORE INTO user_label (user_id, label) VALUES ('7c4074c74a20464fb1c2a46880cf5ee3', 'Pre-SQSP 🪨');
INSERT OR IGNORE INTO user_label (user_id, label) VALUES ('7c4074c74a20464fb1c2a46880cf5ee3', 'Masterclass in Endometriosis & Surgery');
INSERT OR IGNORE INTO enrollment (id, user_id, course_id, enrolled_at) VALUES ('5bf0a7f6d97940a2b78f6b53e83be6db', '7c4074c74a20464fb1c2a46880cf5ee3', 'masterclass-endo-surgery', '2024-07-25 14:58');

INSERT OR IGNORE INTO user (id, email, email_verified, hashed_password, name, first_name, last_name, wix_member_id, blocked, role, created_at) VALUES ('5a2c0b255a944cfebd89d7679198afc8', 'mhenke371@gmail.com', 1, '', 'Monica Henke', 'Monica', 'Henke', NULL, 0, 'member', '2024-06-28 19:10');
INSERT OR IGNORE INTO user_label (user_id, label) VALUES ('5a2c0b255a944cfebd89d7679198afc8', 'SQSP ◼️');
INSERT OR IGNORE INTO user_label (user_id, label) VALUES ('5a2c0b255a944cfebd89d7679198afc8', 'Endo Pain Mgmt 🧑‍🎓');
INSERT OR IGNORE INTO user_label (user_id, label) VALUES ('5a2c0b255a944cfebd89d7679198afc8', 'Masterclass in Endometriosis & Surgery');
INSERT OR IGNORE INTO enrollment (id, user_id, course_id, enrolled_at) VALUES ('6a4b1dc9254048caa5c8bc234f00993f', '5a2c0b255a944cfebd89d7679198afc8', 'masterclass-endo-surgery', '2024-06-28 19:10');

INSERT OR IGNORE INTO user (id, email, email_verified, hashed_password, name, first_name, last_name, wix_member_id, blocked, role, created_at) VALUES ('4f5ee95839f94308b2d52f5dc5a21a07', 'akirschemann@ndsupernet.com', 1, '', 'Amy Kirs', 'Amy', 'Kirs', NULL, 0, 'member', '2024-06-28 19:10');
INSERT OR IGNORE INTO user_label (user_id, label) VALUES ('4f5ee95839f94308b2d52f5dc5a21a07', 'EndoSelfSurvey 📋');
INSERT OR IGNORE INTO user_label (user_id, label) VALUES ('4f5ee95839f94308b2d52f5dc5a21a07', 'Long Term Endometriosis Management');
INSERT OR IGNORE INTO user_label (user_id, label) VALUES ('4f5ee95839f94308b2d52f5dc5a21a07', 'SQSP ◼️');
INSERT OR IGNORE INTO user_label (user_id, label) VALUES ('4f5ee95839f94308b2d52f5dc5a21a07', 'Masterclass in Endometriosis & Surgery');
INSERT OR IGNORE INTO enrollment (id, user_id, course_id, enrolled_at) VALUES ('56fee2fb77844019abbaa1f451276649', '4f5ee95839f94308b2d52f5dc5a21a07', 'long-term-endo-management', '2024-06-28 19:10');
INSERT OR IGNORE INTO enrollment (id, user_id, course_id, enrolled_at) VALUES ('7ad50e8b0e914a0baf562c29e6a87219', '4f5ee95839f94308b2d52f5dc5a21a07', 'masterclass-endo-surgery', '2024-06-28 19:10');

INSERT OR IGNORE INTO user (id, email, email_verified, hashed_password, name, first_name, last_name, wix_member_id, blocked, role, created_at) VALUES ('dfeb8ecf71374e299eec3415da148a94', 'dralexisgonzales@gmail.com', 1, '', 'Alexis Gonzales', 'Alexis', 'Gonzales', NULL, 0, 'member', '2024-07-25 14:58');
INSERT OR IGNORE INTO user_label (user_id, label) VALUES ('dfeb8ecf71374e299eec3415da148a94', 'Pre-SQSP 🪨');
INSERT OR IGNORE INTO user_label (user_id, label) VALUES ('dfeb8ecf71374e299eec3415da148a94', 'Masterclass in Endometriosis & Surgery');
INSERT OR IGNORE INTO enrollment (id, user_id, course_id, enrolled_at) VALUES ('5c1565789660456c8728c56dcadd20e4', 'dfeb8ecf71374e299eec3415da148a94', 'masterclass-endo-surgery', '2024-07-25 14:58');

INSERT OR IGNORE INTO user (id, email, email_verified, hashed_password, name, first_name, last_name, wix_member_id, blocked, role, created_at) VALUES ('012638c4e5ff456f807ebfdb8ae28d23', 'ythao@aalfafamily.com', 1, '', 'Youa Thao', 'Youa', 'Thao', NULL, 0, 'member', '2024-07-25 14:58');
INSERT OR IGNORE INTO user_label (user_id, label) VALUES ('012638c4e5ff456f807ebfdb8ae28d23', 'Pre-SQSP 🪨');
INSERT OR IGNORE INTO user_label (user_id, label) VALUES ('012638c4e5ff456f807ebfdb8ae28d23', 'AALFA Group 🧑‍🎓');
INSERT OR IGNORE INTO user_label (user_id, label) VALUES ('012638c4e5ff456f807ebfdb8ae28d23', 'Masterclass in Endometriosis & Surgery');
INSERT OR IGNORE INTO enrollment (id, user_id, course_id, enrolled_at) VALUES ('469128bc31ae408097bf07e168b20c18', '012638c4e5ff456f807ebfdb8ae28d23', 'masterclass-endo-surgery', '2024-07-25 14:58');

INSERT OR IGNORE INTO user (id, email, email_verified, hashed_password, name, first_name, last_name, wix_member_id, blocked, role, created_at) VALUES ('d4ff35075fd64531a61d021119a0aa21', 'sandy.castillo1987@yahoo.com', 1, '', 'Sandy Stevenson', 'Sandy', 'Stevenson', NULL, 0, 'member', '2024-07-25 14:58');
INSERT OR IGNORE INTO user_label (user_id, label) VALUES ('d4ff35075fd64531a61d021119a0aa21', 'Pre-SQSP 🪨');
INSERT OR IGNORE INTO user_label (user_id, label) VALUES ('d4ff35075fd64531a61d021119a0aa21', 'Masterclass in Endometriosis & Surgery');
INSERT OR IGNORE INTO enrollment (id, user_id, course_id, enrolled_at) VALUES ('684136ed47f849bbb584798c51fa97da', 'd4ff35075fd64531a61d021119a0aa21', 'masterclass-endo-surgery', '2024-07-25 14:58');

