-- Course migration data (auto-generated)
-- Generated: 2026-04-25T23:20:40.582Z
-- Source: D1-origin courses from src/data/courses.json (overrides excluded)
-- Run: wrangler d1 execute rrm-auth --remote --file=scripts/migrate-courses-data.sql
INSERT OR REPLACE INTO course (id, slug, title, description, short_description, image_url, image_alt, price_cents, stripe_price_id, is_free, has_certificate, certificate_quiz_step_id, self_paced, access_type, coming_soon, participants, instructors_json, includes_json, included_in_json, settings_json, seo_json, faqs_json, sort_order, status) VALUES ('masterclass-endo-surgery', 'masterclass-in-endometriosis-and-surgery', 'Masterclass in Endometriosis & Surgery', 'Take control of your endometriosis journey with this comprehensive masterclass led by Dr. Naomi Whittaker, a NaProTechnology trained OBGYN and endometriosis specialist.' || char(10) || '' || char(10) || 'Designed for both women living with endometriosis and healthcare professionals, this course offers:' || char(10) || '' || char(10) || '• Clarity and understanding — Debunk common myths and gain in-depth knowledge about endometriosis and its impact on fertility.' || char(10) || '' || char(10) || '• Surgical insights — Explore various surgical approaches, including NaProTechnology''s meticulous techniques and focus on adhesion prevention.' || char(10) || '' || char(10) || '• Informed decision-making — Learn how to choose the right endometriosis surgeon for you and navigate the surgical process with confidence.' || char(10) || '' || char(10) || '• Long-term management — Discover effective strategies for managing endometriosis symptoms through lifestyle changes, supplements, and medications.' || char(10) || '' || char(10) || 'Whether you''re considering surgery, waiting for an appointment, or seeking to better guide your patients, this masterclass empowers you with the knowledge and tools you need to find lasting relief and achieve your fertility goals.', 'Comprehensive guide for patients preparing for endometriosis surgery. Covers the entire surgical journey, including how to choose a surgeon, and automatically includes the Long-Term Management course as a bonus.', '/api/assets/courses/masterclass-endo-surgery/cover.jpeg', 'a woman sits in front of a microphone and a laptop', 19900, 'price_1T4SQrAYnsgNHm0HnDTyevzw', 0, 1, 'mc-feedback-3', 1, 'public', 0, 79, '[{"name":"Naomi Whittaker, MD","role":"Lead Instructor"},{"name":"RRM Academy","role":"Organization"}]', '["long-term-endometriosis-management"]', NULL, '{"stepOrder":"fixed","futureStepContent":"hidden","videoWatchRequirement":0.9,"autoplayNextVideo":true}', '{"title":"Masterclass in Endometriosis and Surgery | RRM Academy","description":"This essential course equips both women with endometriosis and healthcare professionals with the knowledge and tools for effective long-term symptom management.","keywords":["Endometriosis"]}', '[{"question":"Who is this course for?","answer":"This course is designed for patients preparing for endometriosis surgery or considering it. It''s also valuable for women recently diagnosed with endometriosis who want to understand all treatment options, and for partners or family members who want to support someone through the surgical journey."},{"question":"Do I need medical training to take this course?","answer":"No. This course is written for patients, not clinicians. Dr. Whittaker explains medical concepts in plain language with visual aids. Healthcare professionals will also find it valuable for understanding the patient perspective."},{"question":"What will I be able to do after this course?","answer":"You''ll know how to evaluate and choose an endometriosis surgeon, understand what to expect before, during, and after surgery, know the right questions to ask your doctor, and have a long-term management plan for living well with endometriosis."},{"question":"Is this course accredited for CME credits?","answer":"This course is not currently CME-accredited. It is designed as patient education. Healthcare professionals seeking CME should check the IIRRM and FACTS About Fertility course catalogs for accredited options."},{"question":"How long do I have access to the course?","answer":"You have one year of access from the date of purchase. This gives you time to revisit materials as you prepare for and recover from surgery."},{"question":"Does the course include the Long-Term Management course?","answer":"Yes. When you purchase the Masterclass in Endometriosis & Surgery, the Long-Term Endometriosis Management course ($19 value) is automatically included as a bonus."},{"question":"Can I get a scholarship?","answer":"As a 501(c)(3) nonprofit, RRM Academy offers a limited number of scholarships for paid courses. Contact us to request a scholarship application."},{"question":"What topics does the curriculum cover?","answer":"The course has 9 sections and 46 lessons covering: introduction to endometriosis, choosing a surgeon, surgical preparation, what happens during surgery, recovery, long-term management (diet, lifestyle, supplements, medications), and when to seek additional care."}]', 0, 'published');
INSERT OR REPLACE INTO course_section (id, course_id, title, sort_order) VALUES ('mc-intro', 'masterclass-endo-surgery', 'Introduction', 0);
INSERT OR REPLACE INTO course_step (id, section_id, course_id, title, type, stream_uid, duration_seconds, sort_order, attachments_json, status) VALUES ('mc-intro-1', 'mc-intro', 'masterclass-endo-surgery', 'Introduction', 'article', NULL, NULL, 0, NULL, 'published');
INSERT OR REPLACE INTO course_step (id, section_id, course_id, title, type, stream_uid, duration_seconds, sort_order, attachments_json, status) VALUES ('mc-intro-2', 'mc-intro', 'masterclass-endo-surgery', 'Let''s get started', 'video', 'ee5a46eec25475fc8ea7f10d60f1d8b2', 134, 1, NULL, 'published');
INSERT OR REPLACE INTO course_step (id, section_id, course_id, title, type, stream_uid, duration_seconds, sort_order, attachments_json, status) VALUES ('mc-intro-3', 'mc-intro', 'masterclass-endo-surgery', 'Pre-Class Quiz', 'quiz', NULL, NULL, 2, NULL, 'published');
INSERT OR REPLACE INTO course_step (id, section_id, course_id, title, type, stream_uid, duration_seconds, sort_order, attachments_json, status) VALUES ('mc-intro-4', 'mc-intro', 'masterclass-endo-surgery', 'Pre-Class Questionnaire', 'quiz', NULL, NULL, 3, NULL, 'published');
INSERT OR REPLACE INTO course_step (id, section_id, course_id, title, type, stream_uid, duration_seconds, sort_order, attachments_json, status) VALUES ('mc-intro-5', 'mc-intro', 'masterclass-endo-surgery', 'What You''ll Learn', 'video', '2bbbe18931557193623b95420406113c', 122, 4, NULL, 'published');
INSERT OR REPLACE INTO course_step (id, section_id, course_id, title, type, stream_uid, duration_seconds, sort_order, attachments_json, status) VALUES ('mc-intro-6', 'mc-intro', 'masterclass-endo-surgery', 'Dr Whittaker''s Background', 'video', '2f8123bb56e8f442fa7f5aeecc7ec791', 375, 5, NULL, 'published');
INSERT OR REPLACE INTO course_section (id, course_id, title, sort_order) VALUES ('mc-understanding', 'masterclass-endo-surgery', 'Understanding What Endometriosis Is', 1);
INSERT OR REPLACE INTO course_step (id, section_id, course_id, title, type, stream_uid, duration_seconds, sort_order, attachments_json, status) VALUES ('mc-understanding-1', 'mc-understanding', 'masterclass-endo-surgery', 'Origin of Endometriosis', 'video', '9e92e01b4a8aaad887738a32b11d30aa', 561, 0, NULL, 'published');
INSERT OR REPLACE INTO course_step (id, section_id, course_id, title, type, stream_uid, duration_seconds, sort_order, attachments_json, status) VALUES ('mc-understanding-2', 'mc-understanding', 'masterclass-endo-surgery', 'Endometriosis and the Immune System', 'video', '22fec3a1101b61c4a18f90beb6d7a2b9', 264, 1, NULL, 'published');
INSERT OR REPLACE INTO course_step (id, section_id, course_id, title, type, stream_uid, duration_seconds, sort_order, attachments_json, status) VALUES ('mc-understanding-3', 'mc-understanding', 'masterclass-endo-surgery', 'Endometriosis and Infertility', 'video', '525cc121fd33e2943adb0ec6ba7bf289', 760, 2, NULL, 'published');
INSERT OR REPLACE INTO course_step (id, section_id, course_id, title, type, stream_uid, duration_seconds, sort_order, attachments_json, status) VALUES ('mc-understanding-4', 'mc-understanding', 'masterclass-endo-surgery', 'OBGYN Subspecialties, Their Focus & How It Affects Endo Care', 'video', '66ba51fa5b9cc525dc6c69dab30277dc', 560, 3, NULL, 'published');
INSERT OR REPLACE INTO course_section (id, course_id, title, sort_order) VALUES ('mc-deciding', 'masterclass-endo-surgery', 'Deciding on Surgery', 2);
INSERT OR REPLACE INTO course_step (id, section_id, course_id, title, type, stream_uid, duration_seconds, sort_order, attachments_json, status) VALUES ('mc-deciding-1', 'mc-deciding', 'masterclass-endo-surgery', 'Candidates for Surgery', 'video', '15939ddd981122dbb99cf8be6dfbb397', 505, 0, NULL, 'published');
INSERT OR REPLACE INTO course_step (id, section_id, course_id, title, type, stream_uid, duration_seconds, sort_order, attachments_json, status) VALUES ('mc-deciding-2', 'mc-deciding', 'masterclass-endo-surgery', 'Considerations Prior to Surgery', 'video', '502b980a38ea26c4cbd04264ecf47eb4', 889, 1, NULL, 'published');
INSERT OR REPLACE INTO course_step (id, section_id, course_id, title, type, stream_uid, duration_seconds, sort_order, attachments_json, status) VALUES ('mc-deciding-3', 'mc-deciding', 'masterclass-endo-surgery', 'How Creighton Biomarkers Help with Surgical Planning', 'video', '78207c66fd1db4894f94c64ff32d2d69', 178, 2, NULL, 'published');
INSERT OR REPLACE INTO course_step (id, section_id, course_id, title, type, stream_uid, duration_seconds, sort_order, attachments_json, status) VALUES ('mc-deciding-4', 'mc-deciding', 'masterclass-endo-surgery', 'Additional Considerations', 'video', '8940d68b039ce6793a637ed9808ab1e2', 544, 3, NULL, 'published');
INSERT OR REPLACE INTO course_step (id, section_id, course_id, title, type, stream_uid, duration_seconds, sort_order, attachments_json, status) VALUES ('mc-deciding-5', 'mc-deciding', 'masterclass-endo-surgery', 'Endometriosis Myths', 'video', '7f7a50ac5049c524a1de043f8614565f', 83, 4, NULL, 'published');
INSERT OR REPLACE INTO course_section (id, course_id, title, sort_order) VALUES ('mc-surgical', 'masterclass-endo-surgery', 'Surgical Techniques, Tools & Controversies', 3);
INSERT OR REPLACE INTO course_step (id, section_id, course_id, title, type, stream_uid, duration_seconds, sort_order, attachments_json, status) VALUES ('mc-surgical-1', 'mc-surgical', 'masterclass-endo-surgery', 'Surgery Part 1: Diagnostic Laparoscopy', 'video', '5cae964492d0526f9ed476a81908496a', 582, 0, NULL, 'published');
INSERT OR REPLACE INTO course_step (id, section_id, course_id, title, type, stream_uid, duration_seconds, sort_order, attachments_json, status) VALUES ('mc-surgical-2', 'mc-surgical', 'masterclass-endo-surgery', 'Various Appearances of Endometriosis', 'video', 'a36955c6e531c0a89b54e2ab62118b84', 243, 1, NULL, 'published');
INSERT OR REPLACE INTO course_step (id, section_id, course_id, title, type, stream_uid, duration_seconds, sort_order, attachments_json, status) VALUES ('mc-surgical-3', 'mc-surgical', 'masterclass-endo-surgery', 'Surgery Part 2: Tools & Techniques', 'video', '1315591a7287a717181bd19f5f008006', 511, 2, NULL, 'published');
INSERT OR REPLACE INTO course_step (id, section_id, course_id, title, type, stream_uid, duration_seconds, sort_order, attachments_json, status) VALUES ('mc-surgical-4', 'mc-surgical', 'masterclass-endo-surgery', 'Surgery Part 3: Complex Disease', 'video', 'be2af105285b396867c237ab28810b5c', 292, 3, NULL, 'published');
INSERT OR REPLACE INTO course_step (id, section_id, course_id, title, type, stream_uid, duration_seconds, sort_order, attachments_json, status) VALUES ('mc-surgical-5', 'mc-surgical', 'masterclass-endo-surgery', 'Peritoneum', 'video', '5a148cfcd1e9a08c6e70021674bbe668', 46, 4, NULL, 'published');
INSERT OR REPLACE INTO course_step (id, section_id, course_id, title, type, stream_uid, duration_seconds, sort_order, attachments_json, status) VALUES ('mc-surgical-6', 'mc-surgical', 'masterclass-endo-surgery', 'Peritoneum Controversy', 'video', 'eb3ee8c6a50a9b39144aa7455f9484f2', 150, 5, NULL, 'published');
INSERT OR REPLACE INTO course_step (id, section_id, course_id, title, type, stream_uid, duration_seconds, sort_order, attachments_json, status) VALUES ('mc-surgical-7', 'mc-surgical', 'masterclass-endo-surgery', 'Surgery Part 4: Adhesion Prevention', 'video', '40a1bd748c2b81f77fac037e2d7ea66e', 537, 6, NULL, 'published');
INSERT OR REPLACE INTO course_step (id, section_id, course_id, title, type, stream_uid, duration_seconds, sort_order, attachments_json, status) VALUES ('mc-surgical-8', 'mc-surgical', 'masterclass-endo-surgery', 'Selective HSG', 'video', '7ed13c5c083daef11f5d62429139ee29', 61, 7, NULL, 'published');
INSERT OR REPLACE INTO course_step (id, section_id, course_id, title, type, stream_uid, duration_seconds, sort_order, attachments_json, status) VALUES ('mc-surgical-9', 'mc-surgical', 'masterclass-endo-surgery', 'Example Cases', 'video', 'fbdccf5a6a214e298bd9dcb0abb2ae46', 101, 8, NULL, 'published');
INSERT OR REPLACE INTO course_step (id, section_id, course_id, title, type, stream_uid, duration_seconds, sort_order, attachments_json, status) VALUES ('mc-surgical-10', 'mc-surgical', 'masterclass-endo-surgery', 'Recurrence Risk', 'video', '24423661ae3b8f05374ebbf58da6227a', 106, 9, NULL, 'published');
INSERT OR REPLACE INTO course_step (id, section_id, course_id, title, type, stream_uid, duration_seconds, sort_order, attachments_json, status) VALUES ('mc-surgical-11', 'mc-surgical', 'masterclass-endo-surgery', 'Endometriosis Summary', 'video', 'b6f641219f2cc44b31ae4f6a869dd10d', 118, 10, NULL, 'published');
INSERT OR REPLACE INTO course_section (id, course_id, title, sort_order) VALUES ('mc-time', 'masterclass-endo-surgery', 'Time for Surgery', 4);
INSERT OR REPLACE INTO course_step (id, section_id, course_id, title, type, stream_uid, duration_seconds, sort_order, attachments_json, status) VALUES ('mc-time-1', 'mc-time', 'masterclass-endo-surgery', 'Endometriosis Summary', 'video', 'bc1d9e7538040c29a6b3ec395e2b12a5', 175, 0, NULL, 'published');
INSERT OR REPLACE INTO course_step (id, section_id, course_id, title, type, stream_uid, duration_seconds, sort_order, attachments_json, status) VALUES ('mc-time-2', 'mc-time', 'masterclass-endo-surgery', 'Surgery Recovery', 'video', '5413627059551923e420f30b2cbe2f33', 70, 1, NULL, 'published');
INSERT OR REPLACE INTO course_section (id, course_id, title, sort_order) VALUES ('mc-conclusion', 'masterclass-endo-surgery', 'Conclusion', 5);
INSERT OR REPLACE INTO course_step (id, section_id, course_id, title, type, stream_uid, duration_seconds, sort_order, attachments_json, status) VALUES ('mc-conclusion-1', 'mc-conclusion', 'masterclass-endo-surgery', 'Summary', 'video', 'f0418f2a24dfb0ea22844bb0eb487245', 28, 0, NULL, 'published');
INSERT OR REPLACE INTO course_step (id, section_id, course_id, title, type, stream_uid, duration_seconds, sort_order, attachments_json, status) VALUES ('mc-conclusion-2', 'mc-conclusion', 'masterclass-endo-surgery', 'Thoughts', 'video', '77c98b3b092ec8d20ce11c1f313ca1ea', 248, 1, NULL, 'published');
INSERT OR REPLACE INTO course_step (id, section_id, course_id, title, type, stream_uid, duration_seconds, sort_order, attachments_json, status) VALUES ('mc-conclusion-3', 'mc-conclusion', 'masterclass-endo-surgery', 'Additional Q & A', 'video', '3e69f75338621a8f4739e07be2b66deb', 462, 2, NULL, 'published');
INSERT OR REPLACE INTO course_step (id, section_id, course_id, title, type, stream_uid, duration_seconds, sort_order, attachments_json, status) VALUES ('mc-conclusion-4', 'mc-conclusion', 'masterclass-endo-surgery', 'Other Resources', 'video', '81402728e8e00d3db78346562936920d', 125, 3, NULL, 'published');
INSERT OR REPLACE INTO course_step (id, section_id, course_id, title, type, stream_uid, duration_seconds, sort_order, attachments_json, status) VALUES ('mc-conclusion-5', 'mc-conclusion', 'masterclass-endo-surgery', 'References', 'video', '5b04a69402498b66fdd9628ff8f062b4', 8, 4, NULL, 'published');
INSERT OR REPLACE INTO course_section (id, course_id, title, sort_order) VALUES ('mc-bonus-ltm', 'masterclass-endo-surgery', 'BONUS: Long-Term Management of Endometriosis', 6);
INSERT OR REPLACE INTO course_step (id, section_id, course_id, title, type, stream_uid, duration_seconds, sort_order, attachments_json, status) VALUES ('mc-bonus-ltm-1', 'mc-bonus-ltm', 'masterclass-endo-surgery', 'Endometriosis and Pain', 'video', 'a7d0d5bf9e689aa645ba86ba40ac845b', 75, 0, NULL, 'published');
INSERT OR REPLACE INTO course_step (id, section_id, course_id, title, type, stream_uid, duration_seconds, sort_order, attachments_json, status) VALUES ('mc-bonus-ltm-2', 'mc-bonus-ltm', 'masterclass-endo-surgery', 'Lifestyle', 'video', '490480861f6d4601e52c2f24a69a728b', 37, 1, NULL, 'published');
INSERT OR REPLACE INTO course_step (id, section_id, course_id, title, type, stream_uid, duration_seconds, sort_order, attachments_json, status) VALUES ('mc-bonus-ltm-3', 'mc-bonus-ltm', 'masterclass-endo-surgery', 'Diet', 'video', '77988636e938bbce09fa643921084f35', 285, 2, NULL, 'published');
INSERT OR REPLACE INTO course_step (id, section_id, course_id, title, type, stream_uid, duration_seconds, sort_order, attachments_json, status) VALUES ('mc-bonus-ltm-4', 'mc-bonus-ltm', 'masterclass-endo-surgery', 'Over-The-Counter NSAIDs & Non-NSAIDs', 'video', '58e31ca76b1d00abdf1de31abb280a82', 25, 3, NULL, 'published');
INSERT OR REPLACE INTO course_step (id, section_id, course_id, title, type, stream_uid, duration_seconds, sort_order, attachments_json, status) VALUES ('mc-bonus-ltm-5', 'mc-bonus-ltm', 'masterclass-endo-surgery', 'Supplements', 'video', 'dad056457fcf915ad248fdedd8fba0cd', 178, 4, NULL, 'published');
INSERT OR REPLACE INTO course_step (id, section_id, course_id, title, type, stream_uid, duration_seconds, sort_order, attachments_json, status) VALUES ('mc-bonus-ltm-6', 'mc-bonus-ltm', 'masterclass-endo-surgery', 'Prescriptions & Devices', 'video', '3ead3a8b8870673337eedbe674771395', 136, 5, NULL, 'published');
INSERT OR REPLACE INTO course_step (id, section_id, course_id, title, type, stream_uid, duration_seconds, sort_order, attachments_json, status) VALUES ('mc-bonus-ltm-7', 'mc-bonus-ltm', 'masterclass-endo-surgery', 'Other Considerations', 'video', '5a8dacdf58c7964404eab92eeb010118', 179, 6, NULL, 'published');
INSERT OR REPLACE INTO course_section (id, course_id, title, sort_order) VALUES ('mc-bonus-workbook', 'masterclass-endo-surgery', 'BONUS: Choosing an Endometriosis Surgeon Workbook', 7);
INSERT OR REPLACE INTO course_step (id, section_id, course_id, title, type, stream_uid, duration_seconds, sort_order, attachments_json, status) VALUES ('mc-bonus-wb-1', 'mc-bonus-workbook', 'masterclass-endo-surgery', 'How to Choose a Surgeon', 'video', '7e4b1967ce5f87569df021faa95719ab', 620, 0, NULL, 'published');
INSERT OR REPLACE INTO course_step (id, section_id, course_id, title, type, stream_uid, duration_seconds, sort_order, attachments_json, status) VALUES ('mc-bonus-wb-2', 'mc-bonus-workbook', 'masterclass-endo-surgery', 'Workbook: Insider Guide to Choosing an Endometriosis Surgeon', 'article', NULL, NULL, 1, NULL, 'published');
INSERT OR REPLACE INTO course_section (id, course_id, title, sort_order) VALUES ('mc-feedback', 'masterclass-endo-surgery', 'Feedback & Certificate', 8);
INSERT OR REPLACE INTO course_step (id, section_id, course_id, title, type, stream_uid, duration_seconds, sort_order, attachments_json, status) VALUES ('mc-feedback-1', 'mc-feedback', 'masterclass-endo-surgery', 'Reminder and Thank You!', 'video', 'e7e7b287ebc70dfe4656b61a6e7ec2ba', 15, 0, NULL, 'published');
INSERT OR REPLACE INTO course_step (id, section_id, course_id, title, type, stream_uid, duration_seconds, sort_order, attachments_json, status) VALUES ('mc-feedback-2', 'mc-feedback', 'masterclass-endo-surgery', 'Post-Class Questionnaire', 'quiz', NULL, NULL, 1, NULL, 'published');
INSERT OR REPLACE INTO course_step (id, section_id, course_id, title, type, stream_uid, duration_seconds, sort_order, attachments_json, status) VALUES ('mc-feedback-3', 'mc-feedback', 'masterclass-endo-surgery', 'Post-Class Quiz', 'quiz', NULL, NULL, 2, NULL, 'published');
INSERT OR REPLACE INTO course_step (id, section_id, course_id, title, type, stream_uid, duration_seconds, sort_order, attachments_json, status) VALUES ('mc-feedback-4', 'mc-feedback', 'masterclass-endo-surgery', 'Share Feedback', 'article', NULL, NULL, 3, NULL, 'published');
INSERT OR REPLACE INTO course (id, slug, title, description, short_description, image_url, image_alt, price_cents, stripe_price_id, is_free, has_certificate, certificate_quiz_step_id, self_paced, access_type, coming_soon, participants, instructors_json, includes_json, included_in_json, settings_json, seo_json, faqs_json, sort_order, status) VALUES ('long-term-endo', 'long-term-endometriosis-management', 'Long Term Endometriosis Management', 'This essential course equips both women with endometriosis and healthcare professionals with the knowledge and tools for effective long-term symptom management.' || char(10) || '' || char(10) || 'For Patients:' || char(10) || '• Empowerment through Knowledge — Gain a deep understanding of how lifestyle, diet, supplements, and medications can influence your endometriosis symptoms.' || char(10) || '• Practical Strategies — Discover actionable steps to implement in your daily life for improved well-being and reduced pain.' || char(10) || '• Holistic Approach — Explore a range of evidence-based and complementary therapies to manage endometriosis holistically.' || char(10) || '' || char(10) || 'For Healthcare Professionals:' || char(10) || '• Expand Your Expertise — Enhance your understanding of long-term endometriosis management strategies beyond surgical interventions.' || char(10) || '• Guide Your Patients — Gain valuable insights to confidently advise and support your patients in managing their endometriosis symptoms.' || char(10) || '• Improve Patient Outcomes — Discover effective tools and resources to help your patients achieve lasting relief and improve their quality of life.', 'Non-surgical wellness strategies for endometriosis: diet, lifestyle, supplements, and medications. Can be purchased separately or included with the Masterclass.', '/api/assets/courses/long-term-endo/cover.jpg', '', 1900, 'price_1T4SR1AYnsgNHm0H1HvxVc03', 0, 0, NULL, 1, 'public', 0, 40, '[{"name":"Naomi Whittaker, MD","role":"Lead Instructor"},{"name":"RRM Academy","role":"Organization"}]', NULL, '["masterclass-in-endometriosis-and-surgery"]', '{"stepOrder":"fixed","futureStepContent":"hidden","videoWatchRequirement":0.9,"autoplayNextVideo":false}', '{"title":"Long Term Endometriosis Management | RRM Academy","description":"Evidence-based strategies for long-term endometriosis symptom management through diet, lifestyle, supplements, and medications.","keywords":["Endometriosis","Long-term management"]}', '[{"question":"Who is this course for?","answer":"Women living with endometriosis who want non-surgical strategies for managing symptoms. Ideal for post-surgical patients or those not yet ready for surgery."},{"question":"What topics are covered?","answer":"Diet and nutrition for endometriosis, lifestyle modifications, evidence-based supplements, medications that support long-term management, and when to consider further intervention."},{"question":"How is this different from the Masterclass?","answer":"The Masterclass covers the full surgical journey (46 lessons, 2h 53m) and includes this course as a bonus. This standalone course (7 videos, 15 minutes) focuses specifically on non-surgical management."},{"question":"Is this course free?","answer":"No, it''s $19. RRM Academy offers several free courses if you''d like to start there. Scholarships are available for paid courses."},{"question":"How long do I have access?","answer":"One year from purchase date, or lifetime if you purchased the Masterclass (which includes this course)."}]', 1, 'published');
INSERT OR REPLACE INTO course_section (id, course_id, title, sort_order) VALUES ('ltm-1', 'long-term-endo', 'Lesson 1. Endometriosis & Pain', 0);
INSERT OR REPLACE INTO course_step (id, section_id, course_id, title, type, stream_uid, duration_seconds, sort_order, attachments_json, status) VALUES ('ltm-1-1', 'ltm-1', 'long-term-endo', 'Endometriosis and Pain', 'video', 'a7d0d5bf9e689aa645ba86ba40ac845b', 75, 0, NULL, 'published');
INSERT OR REPLACE INTO course_section (id, course_id, title, sort_order) VALUES ('ltm-2', 'long-term-endo', 'Lesson 2. Lifestyle', 1);
INSERT OR REPLACE INTO course_step (id, section_id, course_id, title, type, stream_uid, duration_seconds, sort_order, attachments_json, status) VALUES ('ltm-2-1', 'ltm-2', 'long-term-endo', 'Lifestyle', 'video', '490480861f6d4601e52c2f24a69a728b', 37, 0, NULL, 'published');
INSERT OR REPLACE INTO course_section (id, course_id, title, sort_order) VALUES ('ltm-3', 'long-term-endo', 'Lesson 3. Diet', 2);
INSERT OR REPLACE INTO course_step (id, section_id, course_id, title, type, stream_uid, duration_seconds, sort_order, attachments_json, status) VALUES ('ltm-3-1', 'ltm-3', 'long-term-endo', 'Diet', 'video', '77988636e938bbce09fa643921084f35', 285, 0, NULL, 'published');
INSERT OR REPLACE INTO course_section (id, course_id, title, sort_order) VALUES ('ltm-4', 'long-term-endo', 'Lesson 4. Over-The-Counter NSAIDs & Non-NSAIDs', 3);
INSERT OR REPLACE INTO course_step (id, section_id, course_id, title, type, stream_uid, duration_seconds, sort_order, attachments_json, status) VALUES ('ltm-4-1', 'ltm-4', 'long-term-endo', 'Over-The-Counter NSAIDs & Non-NSAIDs', 'video', '58e31ca76b1d00abdf1de31abb280a82', 25, 0, NULL, 'published');
INSERT OR REPLACE INTO course_section (id, course_id, title, sort_order) VALUES ('ltm-5', 'long-term-endo', 'Lesson 5. Supplements', 4);
INSERT OR REPLACE INTO course_step (id, section_id, course_id, title, type, stream_uid, duration_seconds, sort_order, attachments_json, status) VALUES ('ltm-5-1', 'ltm-5', 'long-term-endo', 'Supplements', 'video', 'dad056457fcf915ad248fdedd8fba0cd', 178, 0, NULL, 'published');
INSERT OR REPLACE INTO course_section (id, course_id, title, sort_order) VALUES ('ltm-6', 'long-term-endo', 'Lesson 6. Prescriptions and Devices', 5);
INSERT OR REPLACE INTO course_step (id, section_id, course_id, title, type, stream_uid, duration_seconds, sort_order, attachments_json, status) VALUES ('ltm-6-1', 'ltm-6', 'long-term-endo', 'Prescriptions & Devices', 'video', '3ead3a8b8870673337eedbe674771395', 136, 0, NULL, 'published');
INSERT OR REPLACE INTO course_section (id, course_id, title, sort_order) VALUES ('ltm-7', 'long-term-endo', 'Lesson 7. Other Considerations', 6);
INSERT OR REPLACE INTO course_step (id, section_id, course_id, title, type, stream_uid, duration_seconds, sort_order, attachments_json, status) VALUES ('ltm-7-1', 'ltm-7', 'long-term-endo', 'Other Considerations', 'video', '5a8dacdf58c7964404eab92eeb010118', 179, 0, NULL, 'published');
INSERT OR REPLACE INTO course_section (id, course_id, title, sort_order) VALUES ('ltm-refs', 'long-term-endo', 'References', 7);
INSERT OR REPLACE INTO course_step (id, section_id, course_id, title, type, stream_uid, duration_seconds, sort_order, attachments_json, status) VALUES ('ltm-refs-1', 'ltm-refs', 'long-term-endo', 'References', 'article', NULL, NULL, 0, NULL, 'published');
INSERT OR REPLACE INTO course_section (id, course_id, title, sort_order) VALUES ('ltm-bonus', 'long-term-endo', 'Bonus: Endo Functional Living Guide', 8);
INSERT OR REPLACE INTO course_step (id, section_id, course_id, title, type, stream_uid, duration_seconds, sort_order, attachments_json, status) VALUES ('ltm-bonus-1', 'ltm-bonus', 'long-term-endo', 'Endo Functional Living Guide', 'article', NULL, NULL, 0, NULL, 'published');
INSERT OR REPLACE INTO course (id, slug, title, description, short_description, image_url, image_alt, price_cents, stripe_price_id, is_free, has_certificate, certificate_quiz_step_id, self_paced, access_type, coming_soon, participants, instructors_json, includes_json, included_in_json, settings_json, seo_json, faqs_json, sort_order, status) VALUES ('postpartum', 'postpartum-depression-anxiety', 'Postpartum Depression & Anxiety: A Restorative Approach to Recovery', 'This course discusses postpartum depression and anxiety, exploring its causes, symptoms, and a restorative approach to healing.' || char(10) || '' || char(10) || 'Dr. Naomi Whittaker, a fertility surgeon specializing in women''s health, delves into the limitations of conventional treatments and offers insights into the effectiveness of bioidentical progesterone.' || char(10) || '' || char(10) || 'Key topics covered:' || char(10) || '• Understanding the different types of postpartum mood disorders' || char(10) || '• Exploring the physiological and hormonal factors contributing to postpartum depression' || char(10) || '• Discussing the limitations of traditional treatment approaches like SSRIs' || char(10) || '• Highlighting the benefits of bioidentical progesterone as a natural and effective solution' || char(10) || '• Providing actionable steps for prevention and seeking support', 'Explore postpartum depression and anxiety, its causes and symptoms, and a restorative approach to healing with bioidentical progesterone.', '/api/assets/courses/postpartum/cover.png', 'Postpartum', 0, NULL, 1, 0, NULL, 1, 'public', 0, 42, '[{"name":"Naomi Whittaker, MD","role":"Lead Instructor"},{"name":"RRM Academy","role":"Organization"}]', NULL, NULL, '{"stepOrder":"fixed","futureStepContent":"hidden","videoWatchRequirement":0.9,"autoplayNextVideo":false}', '{"title":"Postpartum Depression & Anxiety: A Restorative Approach | RRM Academy","description":"Learn about postpartum depression and anxiety, its causes, and a restorative approach to recovery using bioidentical progesterone.","keywords":["Postpartum depression","Postpartum anxiety","Bioidentical progesterone"]}', '[{"question":"Who is this course for?","answer":"Anyone affected by postpartum depression or anxiety, including new mothers, their partners, and family members. It is also useful for healthcare providers who want to understand the restorative approach to postpartum mood disorders."},{"question":"What is the restorative approach to postpartum depression?","answer":"Rather than relying solely on SSRIs, this course explores the role of bioidentical progesterone in treating postpartum depression and anxiety. Dr. Whittaker explains the hormonal causes and how restoring progesterone levels can support recovery."},{"question":"How long is the course?","answer":"Six short video lessons totaling about 30 minutes. You can complete it in one sitting or spread it across several days."},{"question":"Is this a replacement for my doctor or therapist?","answer":"No. This course is educational, not clinical. It gives you the knowledge to have more informed conversations with your healthcare provider about treatment options, including ones they may not have discussed with you."},{"question":"Does this course cover postpartum anxiety, not just depression?","answer":"Yes. Dr. Whittaker covers the full spectrum of postpartum mood disorders, including anxiety. The course explains how hormonal changes after birth contribute to both depression and anxiety, and how the restorative approach addresses them."},{"question":"What does bioidentical progesterone have to do with postpartum depression?","answer":"Progesterone levels drop dramatically after delivery. This course explains the research connecting that hormonal crash to postpartum mood disorders and how bioidentical progesterone replacement can help restore balance, offering a different path than SSRIs alone."}]', 2, 'published');
INSERT OR REPLACE INTO course_section (id, course_id, title, sort_order) VALUES ('pp-1', 'postpartum', 'Lesson 1. Postpartum Depression & Anxiety', 0);
INSERT OR REPLACE INTO course_step (id, section_id, course_id, title, type, stream_uid, duration_seconds, sort_order, attachments_json, status) VALUES ('pp-1-1', 'pp-1', 'postpartum', 'Understanding Postpartum Depression & Anxiety', 'video', 'dd3053e442e0512329851ceca4f217b8', 555, 0, NULL, 'published');
INSERT OR REPLACE INTO course_section (id, course_id, title, sort_order) VALUES ('pp-2', 'postpartum', 'Lesson 2. Causes and Risk Factors', 1);
INSERT OR REPLACE INTO course_step (id, section_id, course_id, title, type, stream_uid, duration_seconds, sort_order, attachments_json, status) VALUES ('pp-2-1', 'pp-2', 'postpartum', 'Causes and Risk Factors', 'video', 'd27236742ad4a22b76ecf044624275a9', 285, 0, NULL, 'published');
INSERT OR REPLACE INTO course_section (id, course_id, title, sort_order) VALUES ('pp-3', 'postpartum', 'Lesson 3. Traditional Treatment Approaches', 2);
INSERT OR REPLACE INTO course_step (id, section_id, course_id, title, type, stream_uid, duration_seconds, sort_order, attachments_json, status) VALUES ('pp-3-1', 'pp-3', 'postpartum', 'Traditional Treatment Approaches', 'video', '7b20f94dbc8e0ef9221b6c73aac74cbb', 176, 0, NULL, 'published');
INSERT OR REPLACE INTO course_section (id, course_id, title, sort_order) VALUES ('pp-4', 'postpartum', 'Lesson 4. Treating with Bioidentical Progesterone', 3);
INSERT OR REPLACE INTO course_step (id, section_id, course_id, title, type, stream_uid, duration_seconds, sort_order, attachments_json, status) VALUES ('pp-4-1', 'pp-4', 'postpartum', 'Treating with Bioidentical Progesterone', 'video', '46908addd3f8c69e0139cf3e9c9bd4d5', 342, 0, NULL, 'published');
INSERT OR REPLACE INTO course_section (id, course_id, title, sort_order) VALUES ('pp-5', 'postpartum', 'Lesson 5. Prevention and Preconception Care', 4);
INSERT OR REPLACE INTO course_step (id, section_id, course_id, title, type, stream_uid, duration_seconds, sort_order, attachments_json, status) VALUES ('pp-5-1', 'pp-5', 'postpartum', 'Prevention and Preconception Care', 'video', 'f443f19be81ff3ba2d89955d29344fdc', 275, 0, NULL, 'published');
INSERT OR REPLACE INTO course_section (id, course_id, title, sort_order) VALUES ('pp-6', 'postpartum', 'Lesson 6. Seeking Help and Support', 5);
INSERT OR REPLACE INTO course_step (id, section_id, course_id, title, type, stream_uid, duration_seconds, sort_order, attachments_json, status) VALUES ('pp-6-1', 'pp-6', 'postpartum', 'Seeking Help and Support', 'video', '868e790d585e89d97f97f576a46f0401', 114, 0, NULL, 'published');
INSERT OR REPLACE INTO course (id, slug, title, description, short_description, image_url, image_alt, price_cents, stripe_price_id, is_free, has_certificate, certificate_quiz_step_id, self_paced, access_type, coming_soon, participants, instructors_json, includes_json, included_in_json, settings_json, seo_json, faqs_json, sort_order, status) VALUES ('rrm-vs-ivf', 'rrm-vs-ivf', 'Restorative Reproductive Medicine (RRM) vs Standard ART: A New Approach to Infertility', 'This course dives deep into the world of infertility treatment, comparing the standard Assisted Reproductive Technology (ART) like IVF and IUI with a lesser-known approach called Restorative Reproductive Medicine (RRM).' || char(10) || '' || char(10) || 'Dr. Naomi Whittaker, an OBGYN fertility surgeon specializing in RRM, discusses the limitations of conventional infertility treatment and explores the potential of RRM as a more holistic and effective solution.' || char(10) || '' || char(10) || 'Key topics covered:' || char(10) || '• The shortcomings of standard OBGYN training in addressing infertility' || char(10) || '• The facts behind IVF and IUI success rates and their associated risks' || char(10) || '• The ethical, financial, and medical concerns surrounding ART' || char(10) || '• The principles of RRM and its focus on identifying and treating the root causes of infertility' || char(10) || '• Real patient stories showcasing the effectiveness of RRM', 'Compare standard ART (IVF/IUI) with Restorative Reproductive Medicine, exploring root-cause approaches to infertility with real patient stories.', '/api/assets/courses/rrm-vs-ivf/cover.png', 'Naomi Whittaker, MD', 0, NULL, 1, 0, NULL, 1, 'public', 0, 99, '[{"name":"Naomi Whittaker, MD","role":"Lead Instructor"},{"name":"RRM Academy","role":"Organization"}]', NULL, NULL, '{"stepOrder":"fixed","futureStepContent":"hidden","videoWatchRequirement":0.9,"autoplayNextVideo":false}', '{"title":"RRM vs IVF: A New Approach to Infertility | RRM Academy","description":"Compare standard ART like IVF and IUI with Restorative Reproductive Medicine (RRM), a root-cause approach to treating infertility.","keywords":["RRM","IVF","Infertility","Restorative Reproductive Medicine"]}', '[{"question":"Who is this course for?","answer":"Anyone considering fertility treatment who wants to understand all options. This includes patients weighing IVF against restorative approaches, healthcare providers who want to counsel patients about alternatives, and couples at the beginning of their fertility journey."},{"question":"What data sources does this course use?","answer":"The course draws on peer-reviewed research published in journals including Fertility and Sterility, BMC Pregnancy and Childbirth, and the Journal of Restorative Reproductive Medicine. All claims are cited."},{"question":"Will this help me decide between RRM and IVF?","answer":"This course gives you the information to make that decision with your doctor. It covers: how each approach works, published outcomes by condition, cost comparison, what to expect from each treatment path, and questions to ask your provider."},{"question":"Is this course really free?","answer":"Yes, 100% free. RRM Academy is a 501(c)(3) nonprofit. Free courses are part of our mission to make restorative reproductive medicine education accessible to everyone."},{"question":"Do I need to create an account?","answer":"Yes, a free account is required to track your progress and provide access to course materials including downloadable resources and transcripts."},{"question":"How long do I have access?","answer":"Lifetime access. You can revisit the materials anytime."},{"question":"What format are the lessons?","answer":"Self-paced video lectures with downloadable resources and transcripts. You can learn on your own schedule."}]', 3, 'published');
INSERT OR REPLACE INTO course_section (id, course_id, title, sort_order) VALUES ('ivf-1', 'rrm-vs-ivf', 'Lesson 1. A New Approach to Infertility', 0);
INSERT OR REPLACE INTO course_step (id, section_id, course_id, title, type, stream_uid, duration_seconds, sort_order, attachments_json, status) VALUES ('ivf-1-1', 'ivf-1', 'rrm-vs-ivf', 'Introduction & Speaker Background', 'video', '47aa2355d1bbc20f591fa33ea757e1ad', 73, 0, NULL, 'published');
INSERT OR REPLACE INTO course_section (id, course_id, title, sort_order) VALUES ('ivf-2', 'rrm-vs-ivf', 'Lesson 2. Standard Approach to Infertility', 1);
INSERT OR REPLACE INTO course_step (id, section_id, course_id, title, type, stream_uid, duration_seconds, sort_order, attachments_json, status) VALUES ('ivf-2-1', 'ivf-2', 'rrm-vs-ivf', 'Standard Infertility Treatment Approach', 'video', '4e82c0ab80f57f3db5a5aca6dc2696c3', 537, 0, NULL, 'published');
INSERT OR REPLACE INTO course_section (id, course_id, title, sort_order) VALUES ('ivf-3', 'rrm-vs-ivf', 'Lesson 3. Questioning the Evidence for IUI & IVF', 2);
INSERT OR REPLACE INTO course_step (id, section_id, course_id, title, type, stream_uid, duration_seconds, sort_order, attachments_json, status) VALUES ('ivf-3-1', 'ivf-3', 'rrm-vs-ivf', 'Questioning the Evidence for IUI & IVF', 'video', 'd6f5613c9709f28d3f230ff0aaa9c809', 910, 0, NULL, 'published');
INSERT OR REPLACE INTO course_section (id, course_id, title, sort_order) VALUES ('ivf-4', 'rrm-vs-ivf', 'Lesson 4. Risks & Complications of ART', 3);
INSERT OR REPLACE INTO course_step (id, section_id, course_id, title, type, stream_uid, duration_seconds, sort_order, attachments_json, status) VALUES ('ivf-4-1', 'ivf-4', 'rrm-vs-ivf', 'Risks & Complications of ART', 'video', '8cb375aeaa1d562b9bbbab7d8ac12dbb', 574, 0, NULL, 'published');
INSERT OR REPLACE INTO course_section (id, course_id, title, sort_order) VALUES ('ivf-5', 'rrm-vs-ivf', 'Lesson 5. RRM: A Viable Alternative', 4);
INSERT OR REPLACE INTO course_step (id, section_id, course_id, title, type, stream_uid, duration_seconds, sort_order, attachments_json, status) VALUES ('ivf-5-1', 'ivf-5', 'rrm-vs-ivf', 'Restorative Reproductive Medicine: A Viable Alternative', 'video', '93a5e71a922900e56578c1d33d2d04ac', 191, 0, NULL, 'published');
INSERT OR REPLACE INTO course_section (id, course_id, title, sort_order) VALUES ('ivf-6', 'rrm-vs-ivf', 'Lesson 6. RRM Success Stories & Patient Examples', 5);
INSERT OR REPLACE INTO course_step (id, section_id, course_id, title, type, stream_uid, duration_seconds, sort_order, attachments_json, status) VALUES ('ivf-6-1', 'ivf-6', 'rrm-vs-ivf', 'RRM Success Stories & Patient Examples', 'video', '52304b237f6df02886b5483328082255', 378, 0, NULL, 'published');
INSERT OR REPLACE INTO course_section (id, course_id, title, sort_order) VALUES ('ivf-7', 'rrm-vs-ivf', 'Lesson 7. Comparing RRM & REI: A Paradigm Shift', 6);
INSERT OR REPLACE INTO course_step (id, section_id, course_id, title, type, stream_uid, duration_seconds, sort_order, attachments_json, status) VALUES ('ivf-7-1', 'ivf-7', 'rrm-vs-ivf', 'Comparing RRM & REI: A Paradigm Shift', 'video', '296e54c6778af3e470dbb6519b7269bd', 118, 0, NULL, 'published');
INSERT OR REPLACE INTO course_section (id, course_id, title, sort_order) VALUES ('ivf-8', 'rrm-vs-ivf', 'Lesson 8. Q&A and Conclusion', 7);
INSERT OR REPLACE INTO course_step (id, section_id, course_id, title, type, stream_uid, duration_seconds, sort_order, attachments_json, status) VALUES ('ivf-8-1', 'ivf-8', 'rrm-vs-ivf', 'Q&A and Conclusion', 'video', '44ee53ba8289a196ba0359ddc3f0d8fd', 274, 0, NULL, 'published');
INSERT OR REPLACE INTO course_section (id, course_id, title, sort_order) VALUES ('ivf-refs', 'rrm-vs-ivf', 'References', 8);
INSERT OR REPLACE INTO course_step (id, section_id, course_id, title, type, stream_uid, duration_seconds, sort_order, attachments_json, status) VALUES ('ivf-refs-1', 'ivf-refs', 'rrm-vs-ivf', 'References', 'article', NULL, NULL, 0, NULL, 'published');
INSERT OR REPLACE INTO course (id, slug, title, description, short_description, image_url, image_alt, price_cents, stripe_price_id, is_free, has_certificate, certificate_quiz_step_id, self_paced, access_type, coming_soon, participants, instructors_json, includes_json, included_in_json, settings_json, seo_json, faqs_json, sort_order, status) VALUES ('hormones-through-the-lifespan', 'hormones-through-the-lifespan', 'Hormones Through the Lifespan: Cycles, Conditions, and Menopause', 'Dr. Ana Garcia, OB/GYN and NaProTechnology-trained physician, walks through the full arc of female hormonal health: how cycles work, what disrupts them, conditions like PCOS and endometriosis, and how to support the body through perimenopause and menopause with a restorative approach.', 'A comprehensive overview of hormonal health across a woman''s life — menstrual cycles, common conditions, and the transition to menopause — presented by Dr. Ana Garcia, OB/GYN.', '', '', 0, NULL, 0, 0, NULL, 1, 'public', 1, 0, '[{"name":"Dr. Ana Garcia","role":"OB/GYN, NaProTechnology"}]', NULL, NULL, '{"stepOrder":"fixed","futureStepContent":"hidden","videoWatchRequirement":0.9,"autoplayNextVideo":false}', '{"title":"Hormones Through the Lifespan | RRM Academy","description":"Learn how hormones change across a woman''s life — cycles, conditions, and menopause — with Dr. Ana Garcia, OB/GYN.","keywords":[]}', NULL, 4, 'published');
INSERT OR REPLACE INTO course (id, slug, title, description, short_description, image_url, image_alt, price_cents, stripe_price_id, is_free, has_certificate, certificate_quiz_step_id, self_paced, access_type, coming_soon, participants, instructors_json, includes_json, included_in_json, settings_json, seo_json, faqs_json, sort_order, status) VALUES ('pelvic-floor-rehabilitation', 'pelvic-floor-rehabilitation', 'Pelvic Floor Rehabilitation', 'Dr. Amanda Simmons, Doctor of Physical Therapy and pelvic floor specialist at Ascend Pelvic Health, covers the anatomy and function of the pelvic floor, common dysfunctions (pain, prolapse, incontinence), and evidence-based rehabilitation approaches for patients navigating reproductive and pelvic health conditions.', 'Understanding and rehabilitating the pelvic floor — pain, dysfunction, and recovery — with Dr. Amanda Simmons, Physical Therapist at Ascend Pelvic Health.', '', '', 0, NULL, 0, 0, NULL, 1, 'public', 1, 0, '[{"name":"Dr. Amanda Simmons","role":"PT, DPT — Ascend Pelvic Health"}]', NULL, NULL, '{"stepOrder":"fixed","futureStepContent":"hidden","videoWatchRequirement":0.9,"autoplayNextVideo":false}', '{"title":"Pelvic Floor Rehabilitation | RRM Academy","description":"Learn about pelvic floor dysfunction and evidence-based rehabilitation from Dr. Amanda Simmons, pelvic floor physical therapist.","keywords":[]}', NULL, 5, 'published');
INSERT OR REPLACE INTO course (id, slug, title, description, short_description, image_url, image_alt, price_cents, stripe_price_id, is_free, has_certificate, certificate_quiz_step_id, self_paced, access_type, coming_soon, participants, instructors_json, includes_json, included_in_json, settings_json, seo_json, faqs_json, sort_order, status) VALUES ('infertility-existential-trauma', 'infertility-existential-trauma', 'Infertility as Existential Trauma', 'Dr. Clay Brigance, Licensed Professional Counselor and researcher, examines infertility as a form of existential trauma and PTSD. This session covers the psychological impact of fertility struggles, grief responses, and therapeutic approaches that help patients process and heal — essential knowledge for both patients and the providers who support them.', 'The psychological and existential toll of infertility — trauma, grief, and PTSD — explored through a clinical lens by Dr. Clay Brigance, LPC.', '', '', 0, NULL, 0, 0, NULL, 1, 'public', 1, 0, '[{"name":"Dr. Clay Brigance","role":"LPC, Infertility Researcher — Shiloh Counseling"}]', NULL, NULL, '{"stepOrder":"fixed","futureStepContent":"hidden","videoWatchRequirement":0.9,"autoplayNextVideo":false}', '{"title":"Infertility as Existential Trauma | RRM Academy","description":"Understand the psychological and existential dimensions of infertility with Dr. Clay Brigance, LPC and researcher.","keywords":[]}', NULL, 6, 'published');
INSERT OR REPLACE INTO course (id, slug, title, description, short_description, image_url, image_alt, price_cents, stripe_price_id, is_free, has_certificate, certificate_quiz_step_id, self_paced, access_type, coming_soon, participants, instructors_json, includes_json, included_in_json, settings_json, seo_json, faqs_json, sort_order, status) VALUES ('fertility-based-family-planning', 'fertility-based-family-planning', 'Fertility-Based Methods of Family Planning: New Horizons', 'Dr. William Nolan presents the current landscape of fertility-based methods of family planning (FBMFPs), including the latest research, emerging methods, and how these approaches align with NaProTechnology and restorative reproductive medicine principles. Designed for both providers and patients seeking alternatives to hormonal contraception.', 'An evidence-based overview of fertility awareness and NaProTechnology-aligned family planning methods, presented by Dr. William Nolan.', '', '', 0, NULL, 0, 0, NULL, 1, 'public', 1, 0, '[{"name":"Dr. William Nolan","role":"FABM Specialist, Tubal Surgery"}]', NULL, NULL, '{"stepOrder":"fixed","futureStepContent":"hidden","videoWatchRequirement":0.9,"autoplayNextVideo":false}', '{"title":"Fertility-Based Methods of Family Planning | RRM Academy","description":"Explore evidence-based fertility awareness and family planning methods with Dr. William Nolan.","keywords":[]}', NULL, 7, 'published');
INSERT OR REPLACE INTO course (id, slug, title, description, short_description, image_url, image_alt, price_cents, stripe_price_id, is_free, has_certificate, certificate_quiz_step_id, self_paced, access_type, coming_soon, participants, instructors_json, includes_json, included_in_json, settings_json, seo_json, faqs_json, sort_order, status) VALUES ('aip-diet-inflammation', 'aip-diet-inflammation', 'Why the AIP Diet Is Not Enough to Reduce Inflammation', 'Rita Johnson, functional medicine practitioner, breaks down the science and limitations of the Autoimmune Protocol (AIP) diet for patients managing chronic inflammation, endometriosis, PCOS, and other reproductive conditions. Learn what diet alone cannot address, and what a comprehensive anti-inflammatory protocol — including gut health, lifestyle, and targeted support — actually requires.', 'Functional medicine practitioner Rita Johnson explains why the Autoimmune Protocol diet alone falls short — and what a complete anti-inflammatory strategy actually looks like.', '', '', 0, NULL, 0, 0, NULL, 1, 'public', 1, 0, '[{"name":"Rita Johnson","role":"Functional Medicine Practitioner"}]', NULL, NULL, '{"stepOrder":"fixed","futureStepContent":"hidden","videoWatchRequirement":0.9,"autoplayNextVideo":false}', '{"title":"Why the AIP Diet Is Not Enough | RRM Academy","description":"Learn why the AIP diet alone isn''t enough to reduce inflammation — and what a complete anti-inflammatory strategy looks like.","keywords":[]}', NULL, 8, 'published');
INSERT OR REPLACE INTO course (id, slug, title, description, short_description, image_url, image_alt, price_cents, stripe_price_id, is_free, has_certificate, certificate_quiz_step_id, self_paced, access_type, coming_soon, participants, instructors_json, includes_json, included_in_json, settings_json, seo_json, faqs_json, sort_order, status) VALUES ('functional-lab-testing-napro', 'functional-lab-testing-napro', 'Functional Lab Testing, NaPro Technology, and Preconception Care', 'Dr. Ana Garcia (OB/GYN), Hannah Ducote (RN, fertility coach), and Elena Climov (FNP-C, IFMCP) discuss how functional lab testing integrates with NaProTechnology and RRM protocols to support preconception care. Topics include hormone panels, thyroid, micronutrient testing, and how to use data to guide targeted preconception support.', 'A panel discussion on functional lab testing, NaProTechnology protocols, and preconception care with Dr. Ana Garcia, Hannah Ducote, and Elena Climov.', '', '', 0, NULL, 0, 0, NULL, 1, 'public', 1, 0, '[{"name":"Dr. Ana Garcia","role":"OB/GYN, NaProTechnology"},{"name":"Hannah Ducote","role":"RN, Fertility Coach"},{"name":"Elena Climov","role":"FNP-C, IFMCP"}]', NULL, NULL, '{"stepOrder":"fixed","futureStepContent":"hidden","videoWatchRequirement":0.9,"autoplayNextVideo":false}', '{"title":"Functional Lab Testing, NaPro Technology & Preconception Care | RRM Academy","description":"Panel discussion on functional lab testing and NaProTechnology-aligned preconception protocols with Dr. Ana Garcia, Hannah Ducote, and Elena Climov.","keywords":[]}', NULL, 9, 'published');
migrate-courses-to-d1: 10 courses, 33 sections, 70 steps; skipped overrides: neofertility-med-training
