-- FAQ migration data (auto-generated from faqs.json)
-- Generated: 2026-04-04T03:41:42.775Z
-- Source: 25 FAQs from Airtable (cached in src/data/faqs.json)
-- Run: npx wrangler d1 execute rrm-auth --remote --file=scripts/migrate-faqs-data.sql

-- F01: What is Restorative Reproductive Medicine (RRM)?
INSERT INTO faq (id, faq_code, slug, question, basic_answer, schema_answer, published_answer, category, seo_title, seo_description, sort_order, status) VALUES ('faq_a3dec55ff208a826857f46ee2e9eec5a', 'F01', 'what-is-restorative-reproductive-medicine-rrm', 'What is Restorative Reproductive Medicine (RRM)?', 'Restorative Reproductive Medicine (RRM) treats the root causes of infertility to restore natural fertility and enable natural conception, rather than suppressing symptoms or bypassing the reproductive system through assisted reproductive technologies.', 'Restorative Reproductive Medicine (RRM) is a medical approach that identifies and treats the root causes of infertility and reproductive health conditions to restore natural fertility. RRM focuses on helping couples conceive naturally by addressing underlying conditions rather than bypassing the reproductive system.', '<p class="direct-answer">Restorative Reproductive Medicine (RRM) is a medical approach that diagnoses and treats the root causes of reproductive health conditions, including infertility, endometriosis, PCOS, recurrent miscarriage, pelvic pain, and hormonal disorders, to restore natural function.</p><h3>The Root Cause Approach</h3><p>RRM differs from conventional reproductive medicine by addressing why fertility problems exist rather than suppressing symptoms or bypassing the reproductive system. When couples face infertility, RRM clinicians investigate underlying conditions like endometriosis, PCOS, metabolic dysfunction, or structural abnormalities that may be preventing natural conception.</p><p>This approach recognizes that many reproductive health issues have treatable causes. Rather than moving immediately to assisted reproductive technologies, RRM clinicians focus on restoring the body''s natural reproductive function through targeted medical and surgical interventions.</p><h3>Natural Conception Focus</h3><p>RRM prioritizes helping couples conceive naturally within the woman''s body. This means treating conditions that interfere with ovulation, fertilization, or implantation so that conception can occur through the couple''s own reproductive systems. The goal is fertility restoration, not fertility replacement.</p><h3>Professional Organization and Standards</h3><p>RRM care is delivered by multidisciplinary teams: board-certified OBGYNs, reproductive endocrinologists, and family physicians with additional training in cycle-based evaluation, alongside certified cycle charting instructors, registered nutritionists, and naturopaths.</p><ul class="evidence-list"><li>The International Institute for Restorative Reproductive Medicine (IIRRM) provides professional education and standards</li><li>The STORRM registry tracks outcomes and maintains quality standards for RRM practices</li><li>RRM follows evidence-based protocols while emphasizing individualized care</li></ul><h3>Whole-Person Medical Ethics</h3><p>RRM takes a couple-centered approach that considers both partners in fertility treatment. This includes thorough evaluation of male and female factors, transparent communication about treatment options, and respect for couples'' values and preferences in their reproductive journey.</p><p class="key-takeaway">RRM represents a paradigm shift toward cause-based fertility treatment that restores natural reproductive function rather than bypassing or suppressing it.</p><p class="disclaimer">This information is educational and not a substitute for individualized medical care. Consult an RRM clinician or healthcare provider for guidance specific to your situation.</p>', 'Foundational', 'What is Restorative Reproductive Medicine (RRM)?', 'Learn about Restorative Reproductive Medicine (RRM), a root-cause approach to fertility treatment that restores natural conception rather than bypassing reproduction.', 1, 'published');
INSERT INTO faq_resource (faq_id, title, url, sort_order) VALUES ('faq_a3dec55ff208a826857f46ee2e9eec5a', 'What is RRM — IIRRM', 'https://iirrm.org/what-is-rrm/', 0);
INSERT INTO faq_resource (faq_id, title, url, sort_order) VALUES ('faq_a3dec55ff208a826857f46ee2e9eec5a', 'IIRRM — Iirrm.org', 'https://iirrm.org/', 1);

-- F02: How is RRM different from IVF/IUI‑centered care?
INSERT INTO faq (id, faq_code, slug, question, basic_answer, schema_answer, published_answer, category, seo_title, seo_description, sort_order, status) VALUES ('faq_af9ece0c4b68e0cca08c34c014c09650', 'F02', 'how-is-rrm-different-from-ivf-iui-centered-care', 'How is RRM different from IVF/IUI‑centered care?', 'RRM diagnoses and treats underlying reproductive conditions while IVF/IUI bypass these conditions. RRM uses thorough evaluation, surgical correction when needed, metabolic optimization, and cycle education to restore natural fertility rather than technological intervention.', 'RRM diagnoses and treats underlying reproductive health conditions while ART bypasses these conditions to achieve pregnancy without addressing root causes. RRM focuses on restoring natural reproductive function through thorough evaluation and targeted treatment of specific conditions like endometriosis, PCOS, and male factor issues.', '<p class="direct-answer">RRM diagnoses and treats underlying reproductive health conditions while ART (IVF/IUI) bypasses these conditions to achieve pregnancy without addressing root causes.</p>

<h3>Fundamental Approach Differences</h3>
<p>Restorative Reproductive Medicine operates on a diagnose-and-treat model. RRM clinicians identify specific conditions like endometriosis, PCOS, or male factor issues, then create treatment protocols to restore natural reproductive function. ART-centered care bypasses underlying conditions to achieve pregnancy through technological intervention.</p>

<p>Couples often arrive at RRM clinics after being told their only option is IVF, when they actually have diagnosable, treatable conditions. In ART-centered care, treatment plans are frequently shaped by what insurance covers or what couples can afford, rather than by specific medical need.</p>

<h3>RRM Diagnostic and Treatment Components</h3>
<p>RRM typically includes thorough diagnostic evaluation, surgical correction when indicated (such as endometriosis excision), nutritional and metabolic optimization, cycle timing education, and ongoing monitoring. The focus is measurable progress toward reproductive health restoration rather than immediate pregnancy achievement.</p>

<p>This couple-centered approach addresses both partners'' health, as male factor is the sole cause in about 20% of infertile couples and a contributing factor in another 30 to 40%.</p>

<ul class="evidence-list">
<li>Endometriosis affects 10-15% of reproductive-age women but is often undiagnosed or mismanaged with suppressive medications</li>
<li>PCOS diagnosis requires specific metabolic evaluation beyond basic hormone panels</li>
<li>Male factor evaluation should include assessment beyond basic semen analysis</li>
<li>Nutritional deficiencies commonly impact reproductive function in both men and women</li>
</ul>

<h3>A Different Model, Not a Stepping Stone</h3>
<p>RRM is not a first step before IVF. It is a fundamentally different approach to reproductive medicine. The goal is not to prepare couples for assisted reproduction. The goal is to restore natural reproductive function so that conception happens in the body, between the couple, without laboratory intervention.</p>

<p>This distinction matters. When reproductive health is genuinely restored through RRM, couples conceive naturally and do not need laboratory assistance for subsequent pregnancies. Their underlying health conditions are treated, not just bypassed. The conventional model frames the body as broken and positions technology as the solution. RRM restores the body''s own capacity.</p>

<p class="key-takeaway">RRM prioritizes reproductive health restoration through root cause treatment, offering couples the opportunity to conceive naturally while addressing underlying conditions that affect long-term health.</p>

<p class="disclaimer">This information is educational and not a substitute for individualized medical care. Consult an RRM clinician or healthcare provider for guidance specific to your situation.</p>', 'Foundational', 'RRM vs IVF: Root Cause Treatment vs Bypass Approach', 'Learn how Restorative Reproductive Medicine differs from IVF/IUI by diagnosing and treating underlying conditions rather than bypassing them for pregnancy.', 2, 'published');
INSERT INTO faq_resource (faq_id, title, url, sort_order) VALUES ('faq_af9ece0c4b68e0cca08c34c014c09650', 'What is RRM — IIRRM', 'https://iirrm.org/what-is-rrm/', 0);
INSERT INTO faq_resource (faq_id, title, url, sort_order) VALUES ('faq_af9ece0c4b68e0cca08c34c014c09650', 'IIRRM — Iirrm.org', 'https://iirrm.org/about/', 1);

-- F03: What conditions does RRM address?
INSERT INTO faq (id, faq_code, slug, question, basic_answer, schema_answer, published_answer, category, seo_title, seo_description, sort_order, status) VALUES ('faq_4a36bdaefadd1218afff51b4c59153c9', 'F03', 'what-conditions-does-rrm-address', 'What conditions does RRM address?', 'RRM addresses endometriosis, PCOS, thyroid disorders, luteal dysfunction, recurrent miscarriage, male factor infertility, fibroids, polyps, and chronic endometritis through individualized cause-based treatment protocols that restore natural reproductive function.', 'RRM addresses root causes of infertility including endometriosis, PCOS, thyroid dysfunction, luteal phase defects, recurrent pregnancy loss, male factor issues, fibroids, polyps, and chronic endometritis. Each couple receives individualized protocol blocks targeting their specific combination of reproductive health conditions.', '<p class="direct-answer">RRM addresses the root causes of reproductive health conditions including endometriosis, PCOS, unexplained infertility, thyroid dysfunction, luteal phase defects, recurrent pregnancy loss, male factor issues, ovulatory dysfunction, pelvic pain, PMS/PMDD, and perimenopause through individualized cause-based protocols.</p>

<h3>Primary Conditions Treated</h3>
<p>Restorative Reproductive Medicine takes a cause-based approach to fertility challenges. RRM clinicians address the underlying reproductive health issues that prevent natural conception rather than bypassing them.</p>

<p>Common conditions addressed in RRM practice include:</p>
<ul>
<li><strong>Endometriosis and adenomyosis:</strong> surgical excision and adhesion prevention protocols</li>
<li><strong>PCOS and anovulation:</strong> cycle restoration and metabolic optimization</li>
<li><strong>Thyroid disorders:</strong> addressing both hypo- and hyperthyroid conditions affecting fertility</li>
<li><strong>Luteal phase dysfunction:</strong> correcting progesterone deficiency and cycle timing issues</li>
<li><strong>Recurrent pregnancy loss:</strong> investigating and treating underlying causes</li>
<li><strong>Male factor infertility:</strong> optimizing sperm parameters through targeted interventions</li>
<li><strong>Uterine fibroids and polyps:</strong> surgical removal when affecting fertility</li>
<li><strong>Chronic endometritis:</strong> antibiotic protocols for uterine inflammation</li>
<li><strong>Unexplained infertility:</strong> reframed as undiagnosed, not unexplained, with systematic evaluation to identify the cause</li>
<li><strong>Pelvic pain and irregular periods:</strong> diagnostic workup to find the cause, not just manage symptoms</li>
<li><strong>PMS / PMDD:</strong> hormonal evaluation with cycle-timed testing and targeted support</li>
<li><strong>Perimenopause:</strong> cycle-charted hormonal transition monitoring and individualized support</li>
</ul>

<h3>Evidence Foundation</h3>
<ul class="evidence-list">
<li>Endometriosis excision shows superior outcomes to ablation for fertility restoration (Adamson & Pasta, 2010)</li>
<li>PCOS responds to targeted metabolic interventions including cycle-timed nutrition protocols</li>
<li>Thyroid optimization within narrow fertility ranges improves conception rates</li>
<li>Chronic endometritis treatment may improve outcomes in select populations, particularly those with recurrent implantation failure or recurrent pregnancy loss</li>
</ul>

<h3>RRM Approach</h3>
<p>RRM''s distinguishing commitment is treating the actual condition rather than working around it. Suppressive medications and technological bypasses address neither the cause nor the disease progression. RRM restores normal reproductive function wherever possible.</p>

<p>Each couple receives individualized protocol blocks targeting their specific combination of issues. Both partners are included because fertility involves two people. Treatment timing follows natural cycle physiology rather than artificial timelines.</p>

<p class="key-takeaway">RRM''s cause-based approach treats endometriosis, PCOS, thyroid dysfunction, luteal defects, pregnancy loss, male factor issues, fibroids, polyps, and chronic endometritis through individualized fertility restoration protocols.</p>

<p class="disclaimer">This information is educational and not a substitute for individualized medical care. Consult an RRM clinician or healthcare provider for guidance specific to your situation.</p>', 'Foundational', 'What Conditions Does RRM Address? | Fertility Causes Treated', 'RRM treats endometriosis, PCOS, thyroid issues, luteal dysfunction, pregnancy loss, male factor, fibroids, polyps & chronic endometritis with cause-based protocols.', 3, 'published');
INSERT INTO faq_resource (faq_id, title, url, sort_order) VALUES ('faq_4a36bdaefadd1218afff51b4c59153c9', 'What is RRM — IIRRM', 'https://iirrm.org/what-is-rrm/', 0);
-- MANUAL RESOLUTION NEEDED: faq_library_ref for F03 -> article slug="endometriosis-fertility-index-the-new-validated-endometriosis-staging-system-recxycdcpzh5mzqdi" (Adamson GD et al., 2010)
-- INSERT INTO faq_library_ref (faq_id, article_id, sort_order) VALUES ('faq_4a36bdaefadd1218afff51b4c59153c9', '<resolve article_id for slug: endometriosis-fertility-index-the-new-validated-endometriosis-staging-system-recxycdcpzh5mzqdi>', 0);

-- F04: What is NaProTECHNOLOGY and the Creighton Model (CrMS)?
INSERT INTO faq (id, faq_code, slug, question, basic_answer, schema_answer, published_answer, category, seo_title, seo_description, sort_order, status) VALUES ('faq_919f7f0ace5ad5466a94743ccfed691d', 'F04', 'what-is-naprotechnology-and-the-creighton-model-crms', 'What is NaProTECHNOLOGY and the Creighton Model (CrMS)?', 'NaProTECHNOLOGY is a medical approach using natural fertility cycles to diagnose and treat reproductive disorders. It relies on the Creighton Model charting system to track biomarkers like cervical mucus patterns, which reveal hormonal function and cycle health for targeted treatment timing.', 'NaProTECHNOLOGY is a medical approach that works with natural fertility cycles to diagnose and treat reproductive disorders using the Creighton Model FertilityCare System for biomarker tracking. The standardized charting method tracks cervical mucus patterns and other fertility signs to identify root causes and time treatments with natural cycles.', '<p class="direct-answer">NaProTECHNOLOGY (Natural Procreative Technology) is a medical approach that works with natural fertility cycles to diagnose and treat reproductive disorders, using the Creighton Model FertilityCare System (CrMS) as its foundation for precise biomarker tracking.</p>

<p>The Creighton Model FertilityCare System is a standardized charting method that tracks specific fertility biomarkers, primarily cervical mucus patterns, bleeding, and other observable signs. Unlike basic fertility awareness methods, CrMS requires formal instruction from certified practitioners and follows rigorous protocols for accurate data collection.</p>

<p>CrMS charting creates a detailed record of each woman''s unique cycle patterns. These biomarkers reveal hormonal function, ovulation quality, and potential reproductive health issues. The standardized approach means the data can be interpreted consistently by trained clinicians worldwide.</p>

<p>NaProTECHNOLOGY uses this charting data to guide both diagnosis and treatment timing. Instead of suppressing natural cycles, clinicians identify the root causes of cycle irregularities and treat them while preserving reproductive function. Treatment protocols are timed to work with the body''s natural rhythms rather than against them.</p>

<ul class="evidence-list">
<li>CrMS instruction follows standardized protocols developed at the Creighton University Model FertilityCare System</li>
<li>Research shows CrMS can identify luteal phase defects, ovulation disorders, and hormonal imbalances through biomarker patterns</li>
<li>NaProTECHNOLOGY protocols are taught at centers worldwide, including the Pope Paul VI Institute</li>
</ul>

<h3>RRM Integration</h3>
<p>RRM Academy supports CrMS principles within the broader Restorative Reproductive Medicine framework. RRM clinicians use cycle charting data alongside advanced diagnostics and surgical interventions. This combination allows clinicians to address both functional and structural causes of infertility while maintaining the couple-centered, cause-based philosophy that defines restorative care.</p>

<p class="key-takeaway">NaProTECHNOLOGY represents a paradigm shift from symptom suppression to root cause treatment, using precise biomarker tracking to restore natural reproductive function in couples.</p>

<p class="disclaimer">This information is educational and not a substitute for individualized medical care. Consult an RRM clinician or healthcare provider for guidance specific to your situation.</p>', 'Foundational', 'What is NaProTECHNOLOGY & Creighton Model Charting?', 'Learn how NaProTECHNOLOGY uses Creighton Model charting to track fertility biomarkers, diagnose reproductive disorders, and time treatments with natural cycles.', 4, 'published');
INSERT INTO faq_resource (faq_id, title, url, sort_order) VALUES ('faq_919f7f0ace5ad5466a94743ccfed691d', 'FertilityCare — Creighton model system', 'https://www.fertilitycare.org/creighton-model-system/', 0);
INSERT INTO faq_resource (faq_id, title, url, sort_order) VALUES ('faq_919f7f0ace5ad5466a94743ccfed691d', 'Creighton Model FertilityCare — Creightonmodel.com', 'https://creightonmodel.com/', 1);
INSERT INTO faq_resource (faq_id, title, url, sort_order) VALUES ('faq_919f7f0ace5ad5466a94743ccfed691d', 'NaProTECHNOLOGY — Naprotechnology.com', 'https://naprotechnology.com/', 2);

-- F05: What does "natural conception" mean in RRM?
INSERT INTO faq (id, faq_code, slug, question, basic_answer, schema_answer, published_answer, category, seo_title, seo_description, sort_order, status) VALUES ('faq_9f615e8fe5956c3bdbbca93c1b5266d6', 'F05', 'what-does-natural-conception-mean-in-rrm', 'What does "natural conception" mean in RRM?', 'Natural conception in RRM means conception through intercourse within a woman''s reproductive system, rather than in a laboratory. RRM focuses on restoring couples'' natural reproductive function to achieve this by treating underlying causes that prevent the natural process.', 'Natural conception in RRM means conception that occurs through intercourse within a woman''s reproductive system, as opposed to laboratory fertilization. RRM works to restore couples'' natural reproductive function so they can conceive through intercourse by treating underlying causes.', '<p class="direct-answer">Natural conception in RRM means conception that occurs through intercourse within a woman''s reproductive system, as opposed to in vitro fertilization where conception happens in a laboratory.</p>

<p>Restorative Reproductive Medicine centers on restoring couples'' natural reproductive function so they can conceive through intercourse. This approach recognizes that the human reproductive system is designed for natural conception and focuses on identifying and treating the underlying causes that prevent this natural process.</p>

<p>When reproductive function is restored properly, couples can achieve conception during intercourse without requiring laboratory intervention. The embryo develops naturally within the woman''s reproductive tract from the moment of conception, following the body''s biological process.</p>

<h3>How This Shapes RRM Treatment</h3>

<p>The goal of natural conception fundamentally changes how RRM clinicians approach fertility care. Instead of bypassing reproductive problems with assisted reproductive technology, RRM practitioners diagnose and treat the root causes preventing natural conception.</p>

<ul class="evidence-list">
<li>RRM uses detailed diagnostic protocols to identify specific barriers to natural conception</li>
<li>Treatment protocols target underlying conditions like endometriosis, PCOS, and male factor issues</li>
<li>Cycle-timed therapies work with natural reproductive rhythms rather than replacing them</li>
<li>Success is measured by restoration of normal reproductive function, not just pregnancy rates</li>
</ul>

<h3>The RRM Difference</h3>

<p>Conventional fertility medicine often moves quickly to assisted reproductive technologies. RRM prioritizes restoring the body''s natural conception ability first. This approach addresses the underlying reproductive health issues that affect both partners, creating optimal conditions for natural conception.</p>

<p>Achieving natural conception often requires treating multiple systems, including hormonal, metabolic, inflammatory, and structural, to restore full reproductive health in both partners.</p>

<p class="key-takeaway">Natural conception represents RRM''s commitment to fertility restoration through addressing root causes rather than bypassing reproductive function through laboratory intervention.</p>

<p class="disclaimer">This information is educational and not a substitute for individualized medical care. Consult an RRM clinician or healthcare provider for guidance specific to your situation.</p>', 'Foundational', 'What Is Natural Conception in Restorative Medicine?', 'Learn what natural conception means in RRM and how this approach focuses on restoring reproductive function so couples can conceive without laboratory intervention.', 5, 'published');
INSERT INTO faq_resource (faq_id, title, url, sort_order) VALUES ('faq_9f615e8fe5956c3bdbbca93c1b5266d6', 'What is RRM — IIRRM', 'https://iirrm.org/what-is-rrm/', 0);

-- F06: Is RRM evidence‑based? (key trials, registries, and guidelin
INSERT INTO faq (id, faq_code, slug, question, basic_answer, schema_answer, published_answer, category, seo_title, seo_description, sort_order, status) VALUES ('faq_aae1f456fe2b0cfc2fe1669729c6dc4c', 'F06', 'is-rrm-evidence-based-key-trials-registries-and-guidelines', 'Is RRM evidence‑based? (key trials, registries, and guidelines)', 'RRM is evidence-based through peer-reviewed studies including Stanford 2008, Tham 2012, Boyle 2025, and Sanchez-Mendez 2025, plus ongoing iNEST registry data collection. RRM clinicians follow established clinical guidelines while focusing on root cause treatment.', 'RRM is evidence-based through peer-reviewed outcome studies including Stanford 2008, Tham 2012, Boyle 2025, and the Sanchez-Mendez 2025 cohort (n=1,310), plus ongoing data collection through the iNEST registry. RRM clinicians follow established medical guidelines for PCOS, recurrent pregnancy loss, and endometriosis while focusing on addressing underlying causes.', '<p class="direct-answer">RRM is evidence-based through peer-reviewed outcome studies including Stanford et al. (2008), Tham et al. (2012), Boyle et al. (2025), and the largest cohort to date, Sanchez-Mendez et al. (2025, n=1,310), plus ongoing data collection through the iNEST registry.</p><h3>Published Outcome Data</h3><p>The evidence base for Restorative Reproductive Medicine spans over 15 years of peer-reviewed publications. Stanford et al. (2008) established initial outcome data for NaProTechnology in an Irish general practice, reporting a crude live birth rate of 25.5% and an adjusted cumulative rate of 52.8%. Tham et al. (2012) replicated these findings in a Canadian family practice with a 38% crude live birth rate. Boyle et al. (2025) published the first head-to-head RRM-versus-IVF comparison, reporting a 41% live birth rate in 187 couples. Sanchez-Mendez et al. (2025) published the largest cohort to date: 1,310 couples with a crude take-home baby rate of 35.3% and an adjusted cumulative rate of 62.1%.</p><p>The iNEST registry (International NaProTechnology Evaluation STudy), published in HROpen (2022), collects multi-center real-world data from RRM practices. This registry approach allows for ongoing evaluation of protocols and refinement of treatment approaches based on measurable outcomes.</p><h3>Clinical Guidelines Integration</h3><p>RRM clinicians follow established medical guidelines for conditions like PCOS, recurrent pregnancy loss, and endometriosis. The difference lies in the approach. Where conventional guidelines often recommend suppressive medications or immediate ART, RRM protocols first address underlying pathophysiology. For example, PCOS guidelines recommend metformin and lifestyle modifications. RRM expands this to include detailed hormonal assessment, cycle tracking, and targeted nutritional protocols.</p><ul class="evidence-list"><li>Stanford et al. (2008): 25.5% crude, 52.8% adjusted live birth rate (n=1,072, Irish general practice)</li><li>Tham et al. (2012): 38% crude live birth rate (n=108, Canadian family practice)</li><li>Boyle et al. (2025): 41% live birth rate, first RRM-vs-IVF comparison (n=187)</li><li>Sanchez-Mendez et al. (2025): 35.3% crude, 62.1% adjusted take-home baby rate (n=1,310)</li><li>iNEST registry (HROpen 2022): Multi-center real-world data collection</li></ul><h3>The RRM Evidence Approach</h3><p>RRM evidence collection emphasizes long-term reproductive health outcomes rather than single-cycle success rates. This includes tracking live birth rates, pregnancy loss reduction, and cycle health improvement over time. The focus on cause-based treatment means measuring not just conception, but resolution of underlying conditions like luteal phase defects, ovulatory dysfunction, and inflammatory processes.</p><p>RRM protocols undergo continuous refinement based on patient outcomes documented through registries like iNEST. This allows for protocol adjustments based on what works best for specific patient populations and conditions.</p><p class="key-takeaway">RRM combines peer-reviewed outcome studies with continuous registry data collection and established clinical guidelines to provide evidence-based reproductive care focused on addressing root causes rather than bypassing them.</p><p class="disclaimer">This information is educational and not a substitute for individualized medical care. Consult an RRM clinician or healthcare provider for guidance specific to your situation.</p>', 'Foundational', 'Is RRM Evidence-Based? Studies, Registries & Guidelines', 'RRM is evidence-based through Stanford studies, International NPT Evaluation 2022, STORRM registry data, and integration with clinical guidelines for PCOS and RPL.', 6, 'published');
INSERT INTO faq_resource (faq_id, title, url, sort_order) VALUES ('faq_aae1f456fe2b0cfc2fe1669729c6dc4c', 'BMC Pregnancy & Childbirth — S12884 021 03946 8', 'https://bmcpregnancychildbirth.biomedcentral.com/articles/10.1186/s12884-021-03946-8', 0);
INSERT INTO faq_resource (faq_id, title, url, sort_order) VALUES ('faq_aae1f456fe2b0cfc2fe1669729c6dc4c', 'Source — Oxford Academic', 'https://academic.oup.com/hropen/article/2022/3/hoac033/6659100', 1);
INSERT INTO faq_resource (faq_id, title, url, sort_order) VALUES ('faq_aae1f456fe2b0cfc2fe1669729c6dc4c', 'Outcomes from treatment of infertility with natural procreative technology in an Irish general practice', 'https://pubmed.ncbi.nlm.nih.gov/18772291/', 2);
INSERT INTO faq_resource (faq_id, title, url, sort_order) VALUES ('faq_aae1f456fe2b0cfc2fe1669729c6dc4c', 'STORRM Conference — IIRRM', 'https://iirrm.org/storrm/', 3);
-- MANUAL RESOLUTION NEEDED: faq_library_ref for F06 -> article slug="outcomes-from-treatment-of-infertility-with-natural-procreative-technology-in-an-recj7cwubt4vlyfjl" (Stanford JB et al., 2008)
-- INSERT INTO faq_library_ref (faq_id, article_id, sort_order) VALUES ('faq_aae1f456fe2b0cfc2fe1669729c6dc4c', '<resolve article_id for slug: outcomes-from-treatment-of-infertility-with-natural-procreative-technology-in-an-recj7cwubt4vlyfjl>', 0);
-- MANUAL RESOLUTION NEEDED: faq_library_ref for F06 -> article slug="natural-procreative-technology-for-infertility-and-recurrent-miscarriage-outcome-recmv6gf3xlcbt6ny" (Tham E et al., 2012)
-- INSERT INTO faq_library_ref (faq_id, article_id, sort_order) VALUES ('faq_aae1f456fe2b0cfc2fe1669729c6dc4c', '<resolve article_id for slug: natural-procreative-technology-for-infertility-and-recurrent-miscarriage-outcome-recmv6gf3xlcbt6ny>', 0);
-- MANUAL RESOLUTION NEEDED: faq_library_ref for F06 -> article slug="understanding-restorative-reproductive-medicine-recu1z1xulr6qtn2a" (Boyle P, 2025)
-- INSERT INTO faq_library_ref (faq_id, article_id, sort_order) VALUES ('faq_aae1f456fe2b0cfc2fe1669729c6dc4c', '<resolve article_id for slug: understanding-restorative-reproductive-medicine-recu1z1xulr6qtn2a>', 0);

-- F07: How does RRM approach recurrent miscarriage (RPL)?
INSERT INTO faq (id, faq_code, slug, question, basic_answer, schema_answer, published_answer, category, seo_title, seo_description, sort_order, status) VALUES ('faq_859d46da3c48cb61b4d6f7783d7d99f9', 'F07', 'how-does-rrm-approach-recurrent-miscarriage-rpl', 'How does RRM approach recurrent miscarriage (RPL)?', 'RRM approaches recurrent pregnancy loss through systematic evaluation of genetic, anatomic, endocrine, immune, and male factors, followed by targeted treatment based on evidence including progesterone support when indicated by PRISM trial data.', 'RRM approaches recurrent pregnancy loss through systematic evaluation of genetic, anatomic, endocrine, immune, and male factors. Treatment is targeted based on identified causes, including progesterone support when indicated by PRISM trial evidence.', '<p class="direct-answer">RRM approaches recurrent pregnancy loss (RPL) through systematic evaluation of genetic, anatomic, endocrine, immune, and male factors, followed by targeted treatment based on evidence-based protocols including progesterone support when indicated.</p>

<h3>Understanding Recurrent Pregnancy Loss</h3>
<p>Recurrent pregnancy loss affects 2-5% of couples trying to conceive. Current evidence supports evaluation after two losses, particularly in women over 35 or with specific risk factors. Couples who have experienced this devastating pattern are often told "it''s just bad luck" and sent home without further investigation.</p>

<p>RRM takes a systematic approach because RPL often has identifiable, treatable causes. Rather than accepting pregnancy loss as inevitable, RRM clinicians investigate the underlying factors that may be preventing successful pregnancy maintenance.</p>

<h3>Systematic RRM Evaluation</h3>
<p>Evaluation covers several key areas. Genetic factors are assessed through parental karyotyping. Anatomic evaluation examines uterine structure through hysteroscopy or specialized imaging to identify septae, fibroids, or adhesions that may interfere with implantation or early pregnancy development.</p>

<p>Endocrine assessment goes beyond basic hormone panels to include thyroid function, screening for undiagnosed insulin resistance, and progesterone production quality. Immune and infectious evaluation includes screening for antiphospholipid syndrome, inherited thrombophilias when clinically indicated, and chronic endometritis. Male factor evaluation includes sperm DNA fragmentation testing, as evidence suggests damaged sperm DNA may contribute to early pregnancy loss.</p>

<h3>Evidence-Based Treatment Approaches</h3>
<p>Treatment is tailored to identified causes. The PRISM trial (Coomarasamy et al., 2019) provided important evidence for progesterone supplementation in women with unexplained recurrent miscarriage and early pregnancy bleeding. This large randomized controlled trial showed progesterone support increased live birth rates in this specific population.</p>

<ul class="evidence-list">
<li>PRISM trial (Coomarasamy et al., 2019): Progesterone supplementation increased live births in women with unexplained RPL and early bleeding</li>
<li>ESHRE guidelines: Support evaluation after two losses, particularly in women over 35</li>
<li>Thrombophilia screening: Indicated in specific clinical scenarios, not routinely</li>
</ul>

<h3>RRM''s Distinctive Approach</h3>
<p>RRM''s commitment is thorough investigation rather than empirical treatment. The label "unexplained" is not accepted until evaluation is complete. When treatable conditions are identified, such as thyroid dysfunction, anatomic abnormalities, or chronic endometritis, clinicians address these systematically.</p>

<p>The couple-centered approach recognizes that both partners contribute to pregnancy success. RRM clinicians provide transparent information about what the evidence supports and what remains uncertain, allowing couples to make informed decisions about their care based on their individual circumstances and values.</p>

<p class="key-takeaway">RRM''s systematic evaluation of recurrent pregnancy loss identifies treatable causes and guides evidence-based interventions, offering couples a thorough alternative to the "just keep trying" approach.</p>

<p class="disclaimer">This information is educational and not a substitute for individualized medical care. Consult an RRM clinician or healthcare provider for guidance specific to your situation.</p>', 'Foundational', 'RRM Approach to Recurrent Pregnancy Loss | Evidence-Based Care', 'Learn how RRM''s comprehensive evaluation identifies treatable causes of recurrent pregnancy loss, including evidence-based progesterone protocols and systematic investigation.', 7, 'published');
INSERT INTO faq_resource (faq_id, title, url, sort_order) VALUES ('faq_859d46da3c48cb61b4d6f7783d7d99f9', 'Recurrent Pregnancy Loss Guideline — ESHRE', 'https://www.eshre.eu/-/media/sitecore-files/Guidelines/Recurrent-pregnancy-loss/2022/ESHRE-RPL-Guideline-_-Update-2022_-Final-Version-January-2023_v2.pdf', 0);
INSERT INTO faq_resource (faq_id, title, url, sort_order) VALUES ('faq_859d46da3c48cb61b4d6f7783d7d99f9', 'NEJM — NEJMoa1813730', 'https://www.nejm.org/doi/full/10.1056/NEJMoa1813730', 1);
-- MANUAL RESOLUTION NEEDED: faq_library_ref for F07 -> article slug="a-randomized-trial-of-progesterone-in-women-with-bleeding-in-early-pregnancy-rec7mjvhhkr2ttyqe" (Coomarasamy A et al., 2019)
-- INSERT INTO faq_library_ref (faq_id, article_id, sort_order) VALUES ('faq_859d46da3c48cb61b4d6f7783d7d99f9', '<resolve article_id for slug: a-randomized-trial-of-progesterone-in-women-with-bleeding-in-early-pregnancy-rec7mjvhhkr2ttyqe>', 0);

-- F08: Which labs, imaging, and cycle tracking does RRM use?
INSERT INTO faq (id, faq_code, slug, question, basic_answer, schema_answer, published_answer, category, seo_title, seo_description, sort_order, status) VALUES ('faq_da9c89e213321a925886b9b55533b232', 'F08', 'which-labs-imaging-and-cycle-tracking-does-rrm-use', 'Which labs, imaging, and cycle tracking does RRM use?', 'RRM uses CrMS cycle charting with Peak-referenced hormone testing (Peak+3/5/7/9/11), follicle ultrasound series, HSG/SIS imaging, and WHO 6th edition semen analysis. All testing timing is individualized based on each couple''s observed cycle patterns rather than standardized schedules.', 'RRM uses CrMS cycle charting, luteal hormone profiles at Peak+3/+5/+7/+9/+11, follicle ultrasound series, HSG/SIS imaging, and WHO 6th edition semen analysis. All diagnostic timing is individualized based on each couple''s observed cycle patterns for improved accuracy.', '<p class="direct-answer">RRM uses CrMS cycle charting, luteal hormone profiles (Peak+3/+5/+7/+9/+11), follicle ultrasound series, HSG/SIS imaging, and WHO 6th edition semen analysis with individualized timing based on each couple''s patterns.</p><h3>Cycle Tracking Foundation</h3><p>The Creighton Model System (CrMS) is the most widely used cycle tracking method in RRM practice. This standardized method teaches couples to observe and record biological markers of fertility and reproductive health throughout each cycle. Unlike apps or calendar-based predictions, CrMS relies on daily observations of cervical fluid patterns that reflect hormonal changes in real time.</p><p>This body literacy approach provides precise timing for all diagnostic testing and treatment protocols. Couples identify their unique Peak day (the last day of the most fertile-type mucus), which becomes the reference point for all hormone testing and cycle-timed interventions.</p><h3>Hormone Testing Protocol</h3><p>RRM measures hormones at specific cycle days relative to Peak: Peak+3, Peak+5, Peak+7, Peak+9, and Peak+11. This luteal hormone profile captures the complete picture of progesterone production and estrogen patterns throughout the post-ovulatory phase. Traditional cycle day testing (like "day 21" progesterone) often misses the actual luteal phase in couples with irregular cycles.</p><p>The Peak-referenced timing ensures accurate measurement regardless of cycle length variability. This precision reveals luteal phase defects, inadequate corpus luteum function, and other hormone imbalances that affect both conception and pregnancy maintenance.</p><ul class="evidence-list"><li>CrMS has demonstrated 99.5% effectiveness in identifying fertile and infertile phases when taught properly</li><li>Peak-referenced hormone testing provides more accurate luteal assessment than fixed cycle day testing</li><li>WHO 6th edition semen analysis standards improve diagnostic accuracy over previous versions</li></ul><h3>Imaging and Male Factor Assessment</h3><p>Follicle ultrasound series track follicular development from early cycle through ovulation confirmation. This real-time monitoring identifies ovulatory dysfunction, follicle quality issues, and optimal timing for cycle-timed protocols. HSG (hysterosalpingography) and SIS (saline infusion sonography) evaluate uterine anatomy and fallopian tube patency.</p><p>Male partners receive detailed semen analysis following WHO 6th edition standards, which provide updated reference ranges and improved assessment criteria. This analysis examines concentration, motility, morphology, and other parameters that affect conception rates.</p><h3>RRM''s Individualized Approach</h3><p>Every diagnostic protocol adjusts to each couple''s unique cycle patterns and presenting concerns. Rather than standardized testing schedules, RRM clinicians time each assessment based on the couple''s actual biological rhythms observed through cycle charting. This individualized timing improves diagnostic accuracy and treatment effectiveness.</p><p>The integration of cycle awareness, precise hormone measurement, and targeted imaging creates a full fertility assessment that guides cause-based treatment decisions. Couples actively participate in data collection, developing body literacy skills that support long-term reproductive health.</p><p class="key-takeaway">RRM''s diagnostic approach combines standardized CrMS cycle charting with Peak-referenced hormone testing, follicle ultrasound monitoring, anatomical imaging, and WHO-standard semen analysis for a thorough fertility assessment.</p><p class="disclaimer">This information is educational and not a substitute for individualized medical care. Consult an RRM clinician or healthcare provider for guidance specific to your situation.</p>', 'Foundational', 'RRM Lab Tests: CrMS Charting & Peak-Referenced Hormones', 'RRM uses CrMS cycle charting with Peak-referenced hormone testing, follicle ultrasounds, HSG/SIS imaging, and WHO semen analysis for comprehensive assessment.', 8, 'published');
INSERT INTO faq_resource (faq_id, title, url, sort_order) VALUES ('faq_da9c89e213321a925886b9b55533b232', 'FertilityCare — Creighton model system', 'https://www.fertilitycare.org/creighton-model-system/', 0);
INSERT INTO faq_resource (faq_id, title, url, sort_order) VALUES ('faq_da9c89e213321a925886b9b55533b232', 'WHO — 9789240030787', 'https://www.who.int/publications/i/item/9789240030787', 1);
INSERT INTO faq_resource (faq_id, title, url, sort_order) VALUES ('faq_da9c89e213321a925886b9b55533b232', 'NaProTECHNOLOGY — Naprotechnology.com', 'https://naprotechnology.com/', 2);

-- F09: What should I expect at a first RRM consult?
INSERT INTO faq (id, faq_code, slug, question, basic_answer, schema_answer, published_answer, category, seo_title, seo_description, sort_order, status) VALUES ('faq_5fb14ebb8502eb3524cd38aa9cfa6be0', 'F09', 'what-should-i-expect-at-a-first-rrm-consult', 'What should I expect at a first RRM consult?', 'A first RRM consult includes thorough history for both partners, symptom mapping, fertility charting introduction, targeted diagnostic planning, and collaborative goal-setting with potential referrals to specialists.', 'A first RRM consult includes thorough history intake for both partners, an introduction to fertility charting, development of a targeted diagnostic plan, and collaborative goal-setting. The appointment establishes a foundation for cause-based reproductive medicine through thorough assessment and education.', '<p class="direct-answer">A first RRM consult typically includes thorough history intake for both partners, an introduction to fertility charting, development of a targeted diagnostic plan, and collaborative goal-setting for the reproductive health journey.</p>

<h3>Thorough History and Assessment</h3>
<p>The consultation begins with detailed intake for both partners. The RRM clinician reviews medical history, current symptoms, previous testing, and any treatments already tried. This couple-centered approach recognizes that reproductive health involves both partners, even when one partner''s symptoms seem more obvious.</p>

<p>Symptom mapping is a key component. Rather than dismissing symptoms as "normal" or unrelated, the clinician connects patterns between menstrual irregularities, pain, digestive issues, skin changes, and other signs the body may be signaling. This creates a fuller picture of reproductive health status.</p>

<h3>Introduction to Body Literacy</h3>
<p>Couples receive an introduction to fertility charting and cycle tracking. This is not simply about timing intercourse. Charting helps couples understand the body''s signals and provides objective data for the care team. The clinician explains what to observe and how this information guides treatment decisions.</p>

<h3>Diagnostic Planning</h3>
<p>Based on history and symptoms, the clinician develops a targeted plan for labs and imaging. This may include hormone panels timed to specific cycle phases, inflammatory markers, metabolic assessments, or specialized imaging to evaluate structural concerns.</p>

<ul class="evidence-list">
<li>RRM protocol blocks address specific diagnostic categories based on individual presentation</li>
<li>Cycle-timed testing provides more accurate hormonal assessment than random timing</li>
<li>Thorough male evaluation is standard, not optional</li>
</ul>

<h3>Collaborative Goal-Setting</h3>
<p>The first visit establishes shared goals through informed consent discussions. The clinician explains what RRM can and cannot address, realistic timelines for different interventions, and how the specific situation influences treatment approach. This transparency supports informed decision-making.</p>

<p>Referral pathways are discussed when relevant, including referral to an RRM educator for intensive charting support, to a surgeon trained in excisional techniques for endometriosis, or to specialized andrology for male factor evaluation.</p>

<p class="key-takeaway">The first RRM consult establishes a foundation for cause-based reproductive medicine through thorough assessment, education in body literacy, and collaborative treatment planning for both partners.</p>

<p class="disclaimer">This information is educational and not a substitute for individualized medical care. Consult an RRM clinician or healthcare provider for guidance specific to your situation.</p>', 'Foundational', 'What to Expect at Your First RRM Consultation', 'Learn what happens during your first Restorative Reproductive Medicine consult: comprehensive assessment, charting intro, diagnostic planning, and goal-setting.', 9, 'published');
INSERT INTO faq_resource (faq_id, title, url, sort_order) VALUES ('faq_5fb14ebb8502eb3524cd38aa9cfa6be0', 'What is RRM — IIRRM', 'https://iirrm.org/what-is-rrm/', 0);

-- F10: How does RRM handle male‑factor evaluation (Restorative Andr
INSERT INTO faq (id, faq_code, slug, question, basic_answer, schema_answer, published_answer, category, seo_title, seo_description, sort_order, status) VALUES ('faq_3ed329314bd1b94e7bf87a21a74fb6bc', 'F10', 'how-does-rrm-handle-male-factor-evaluation-restorative-andrology', 'How does RRM handle male‑factor evaluation (Restorative Andrology)?', 'RRM provides thorough male evaluation including semen analysis, hormonal assessment, and treatment of underlying causes like varicoceles, infections, and endocrine imbalances as an integral part of couple-centered fertility care.', 'RRM provides thorough Restorative Andrology evaluation and treatment, addressing male reproductive health as an integral part of couple-centered fertility care. Treatment targets root causes including hormonal imbalances, varicoceles, infections, and lifestyle factors that impact sperm production and function.', '<p class="direct-answer">RRM provides thorough Restorative Andrology evaluation and treatment, addressing male reproductive health as an integral part of couple-centered fertility care rather than an afterthought.</p><h3>Thorough Male Evaluation</h3><p>Male-factor evaluation begins with detailed semen analysis and a thorough health assessment. RRM clinicians examine sperm count, motility, morphology, and DNA fragmentation. Beyond basic parameters, the evaluation investigates underlying causes including hormonal imbalances, varicoceles, infections, and metabolic factors that impact sperm production and function.</p><p>The evaluation also screens for health risks that affect both fertility and long-term wellness. Men with fertility challenges face increased risks for cardiovascular disease, diabetes, and other conditions. Early identification allows for preventive intervention.</p><h3>Targeted Treatment Approaches</h3><p>Treatment targets the root causes identified during evaluation. Endocrine optimization addresses hormonal imbalances affecting sperm production. Varicocele repair improves blood flow and reduces oxidative stress. Infection treatment eliminates bacterial or inflammatory causes of poor sperm quality.</p><p>Lifestyle interventions focus on nutrition, exercise, sleep optimization, and toxin reduction. These evidence-based approaches can significantly improve sperm parameters within 2-3 months, the typical sperm production cycle.</p><ul class="evidence-list"><li>Varicocele repair improves sperm concentration and motility in 60-80% of cases</li><li>Antioxidant therapy reduces sperm DNA fragmentation by 13-30%</li><li>Weight optimization can improve testosterone levels and sperm quality</li><li>Infection treatment resolves inflammatory markers affecting sperm function</li></ul><h3>RRM Difference</h3><p>RRM coordinates male and female care simultaneously rather than treating them separately. RRM clinicians work closely with specialized urologists and andrologists when surgical intervention is needed. This coordinated approach ensures both partners receive appropriate evaluation and treatment.</p><p>Male reproductive health affects pregnancy outcomes, not just conception rates. Sperm quality influences embryo development, miscarriage rates, and long-term child health outcomes.</p><p class="key-takeaway">Restorative Andrology addresses male reproductive health as essential to couple fertility through thorough evaluation, root-cause treatment, and coordinated care with specialized providers.</p><p class="disclaimer">This information is educational and not a substitute for individualized medical care. Consult an RRM clinician or healthcare provider for guidance specific to your situation.</p>', 'Foundational', 'RRM Male Factor Evaluation | Restorative Andrology', 'Learn how RRM addresses male fertility through comprehensive Restorative Andrology evaluation, targeting root causes like varicoceles, hormones, and infections.', 10, 'published');
INSERT INTO faq_resource (faq_id, title, url, sort_order) VALUES ('faq_3ed329314bd1b94e7bf87a21a74fb6bc', 'What is RRM — IIRRM', 'https://iirrm.org/what-is-rrm/', 0);
INSERT INTO faq_resource (faq_id, title, url, sort_order) VALUES ('faq_3ed329314bd1b94e7bf87a21a74fb6bc', 'WHO — 9789240030787', 'https://www.who.int/publications/i/item/9789240030787', 1);

-- F11: Where does progesterone fit in early pregnancy support?
INSERT INTO faq (id, faq_code, slug, question, basic_answer, schema_answer, published_answer, category, seo_title, seo_description, sort_order, status) VALUES ('faq_7dde416dd8d0f0cc0c88d913708b6421', 'F11', 'where-does-progesterone-fit-in-early-pregnancy-support', 'Where does progesterone fit in early pregnancy support?', 'Progesterone reduces miscarriage risk in women with prior losses or early bleeding, based on PRISM trial evidence. RRM clinicians use individualized monitoring rather than routine supplementation.', 'Progesterone can reduce miscarriage risk in early pregnancy for women with a history of recurrent losses or early bleeding. The PRISM trial showed significant benefit in these specific groups but no benefit for women without these risk factors.', '<p class="direct-answer">Progesterone can reduce miscarriage risk in early pregnancy for women with a history of recurrent losses or early bleeding, based on individualized monitoring and dosing within restorative care.</p>

<p>Progesterone plays a crucial role in maintaining early pregnancy by supporting the uterine lining and creating optimal conditions for implantation and early fetal development. Not all women need progesterone supplementation. The approach must be individualized based on specific risk factors and clinical presentation.</p>

<h3>Evidence for Progesterone in Threatened Miscarriage</h3>

<p>The PRISM trial provides the strongest evidence for when progesterone helps prevent miscarriage. This large randomized controlled trial found that progesterone significantly reduces miscarriage risk in two specific groups: women with a history of one or more prior losses and women experiencing early pregnancy bleeding. For women with both risk factors, the benefit was even more pronounced.</p>

<ul class="evidence-list">
<li>PRISM trial (Coomarasamy et al., 2019): Progesterone reduced miscarriage risk by 3-5% in women with prior losses and early bleeding</li>
<li>Women with 1+ previous losses showed significant benefit from progesterone supplementation</li>
<li>Early pregnancy bleeding combined with loss history showed the greatest protective effect</li>
<li>No benefit demonstrated in women without these specific risk factors</li>
</ul>

<h3>RRM Approach to Progesterone Support</h3>

<p>Within Restorative Reproductive Medicine, progesterone support is part of thorough early pregnancy monitoring rather than routine supplementation. RRM clinicians identify couples who would specifically benefit from luteal support based on individual risk profile, cycle patterns, and previous pregnancy outcomes.</p>

<p>The RRM approach emphasizes precise timing and dosing based on natural cycle cooperation. Rather than standard protocols, clinicians monitor individual progesterone levels and adjust support accordingly. This allows targeted intervention for couples who need it while avoiding unnecessary medication for those who don''t.</p>

<p class="key-takeaway">Progesterone supplementation in early pregnancy is most appropriate for women with specific risk factors like prior losses and early bleeding, not as routine treatment for all women.</p>

<p class="disclaimer">This information is educational and not a substitute for individualized medical care. Consult an RRM clinician or healthcare provider for guidance specific to your situation.</p>', 'Foundational', 'Progesterone in Early Pregnancy: When It Helps Prevent Loss', 'Evidence-based guide to progesterone support in early pregnancy. Learn when progesterone helps prevent miscarriage and RRM''s individualized approach.', 11, 'published');
INSERT INTO faq_resource (faq_id, title, url, sort_order) VALUES ('faq_7dde416dd8d0f0cc0c88d913708b6421', 'Miscarriage Association UK — The prism trial', 'https://www.miscarriageassociation.org.uk/research/the-prism-trial/', 0);
INSERT INTO faq_resource (faq_id, title, url, sort_order) VALUES ('faq_7dde416dd8d0f0cc0c88d913708b6421', 'NEJM — NEJMoa1813730', 'https://www.nejm.org/doi/full/10.1056/NEJMoa1813730', 1);
-- MANUAL RESOLUTION NEEDED: faq_library_ref for F11 -> article slug="a-randomized-trial-of-progesterone-in-women-with-bleeding-in-early-pregnancy-rec7mjvhhkr2ttyqe" (Coomarasamy A et al., 2019)
-- INSERT INTO faq_library_ref (faq_id, article_id, sort_order) VALUES ('faq_7dde416dd8d0f0cc0c88d913708b6421', '<resolve article_id for slug: a-randomized-trial-of-progesterone-in-women-with-bleeding-in-early-pregnancy-rec7mjvhhkr2ttyqe>', 0);

-- F12: What’s RRM’s stance on thyroid and fertility?
INSERT INTO faq (id, faq_code, slug, question, basic_answer, schema_answer, published_answer, category, seo_title, seo_description, sort_order, status) VALUES ('faq_8147317e8afdc6d81d46ef73815b8bbb', 'F12', 'what-s-rrm-s-stance-on-thyroid-and-fertility', 'What’s RRM’s stance on thyroid and fertility?', 'RRM screens for thyroid disease in fertility patients using individualized treatment thresholds. Evidence from TABLET and T4LIFE trials shows no fertility benefit from routine levothyroxine in TPO-positive patients with normal thyroid function.', 'RRM screens for both overt and subclinical thyroid disease in fertility patients, using individualized thresholds rather than routine levothyroxine treatment for all TPO-positive euthyroid patients. This evidence-based approach follows recent trials showing no fertility benefit from automatic levothyroxine treatment in women with thyroid antibodies but normal thyroid function.', '<p class="direct-answer">RRM screens for both overt and subclinical thyroid disease in fertility patients, using individualized thresholds rather than routine levothyroxine treatment for all TPO-positive euthyroid patients.</p>

<p>Thyroid function affects fertility in multiple ways. It influences ovulation, cycle regularity, and pregnancy outcomes. Many fertility clinics automatically prescribe levothyroxine for any thyroid antibodies or borderline TSH levels. RRM clinicians take a more precise approach.</p>

<p>Thyroid screening in RRM practice covers overt thyroid disease and subclinical hypothyroidism. When thyroid peroxidase (TPO) antibodies appear in women with normal thyroid function, clinicians evaluate each case individually. The decision to treat depends on specific clinical factors, not just the presence of antibodies.</p>

<ul class="evidence-list">
<li>The TABLET trial (2019) showed no fertility benefit from routine levothyroxine in euthyroid women with thyroid antibodies</li>
<li>The T4LIFE study confirmed no improvement in live birth rates with levothyroxine treatment in TPO-positive euthyroid women</li>
<li>Current guidelines recommend individualized TSH thresholds for preconception and pregnancy care</li>
</ul>

<h3>RRM''s Approach to Thyroid and Fertility</h3>
<p>Evidence-based guidelines recognize thyroid treatment is not one-size-fits-all. For couples trying to conceive, RRM clinicians consider TSH levels, antibody status, clinical symptoms, and individual risk factors. During pregnancy, thresholds are adjusted based on trimester and clinical presentation.</p>

<p>This individualized approach prevents unnecessary medication while ensuring appropriate treatment for couples who truly need it. Thyroid function is monitored throughout treatment cycles, with protocols adjusted based on measurable progress.</p>

<p class="key-takeaway">RRM uses evidence-based thyroid screening with individualized treatment thresholds rather than automatic levothyroxine prescribing for all TPO-positive patients.</p>

<p class="disclaimer">This information is educational and not a substitute for individualized medical care. Consult an RRM clinician or healthcare provider for guidance specific to your situation.</p>', 'Foundational', 'RRM''s Evidence-Based Approach to Thyroid & Fertility', 'Learn RRM''s individualized thyroid screening approach for fertility patients. Evidence-based treatment thresholds, not automatic levothyroxine for TPO-positive cases.', 12, 'published');
INSERT INTO faq_resource (faq_id, title, url, sort_order) VALUES ('faq_8147317e8afdc6d81d46ef73815b8bbb', 'NEJM — NEJMoa1812537', 'https://www.nejm.org/doi/full/10.1056/NEJMoa1812537', 0);
INSERT INTO faq_resource (faq_id, title, url, sort_order) VALUES ('faq_8147317e8afdc6d81d46ef73815b8bbb', 'Source — ScienceDirect', 'https://www.sciencedirect.com/science/article/abs/pii/S2213858722000456', 1);

-- F13: Is letrozole first‑line for anovulatory PCOS in RRM?
INSERT INTO faq (id, faq_code, slug, question, basic_answer, schema_answer, published_answer, category, seo_title, seo_description, sort_order, status) VALUES ('faq_eba938529458e3bbf8ba9d94f2e4c4c7', 'F13', 'is-letrozole-first-line-for-anovulatory-pcos-in-rrm', 'Is letrozole first‑line for anovulatory PCOS in RRM?', 'Yes, letrozole is first-line for anovulatory PCOS per international guidelines. RRM combines letrozole with metabolic optimization for root cause treatment. Letrozole has better ovulation rates and lower twin risk than clomiphene citrate.', 'Yes, letrozole is first-line treatment for ovulation induction in anovulatory PCOS according to international guidelines. RRM protocols include thorough metabolic optimization alongside letrozole therapy to address root causes of PCOS.', '<p class="direct-answer">Yes, letrozole is first-line treatment for ovulation induction in anovulatory PCOS according to international guidelines, and RRM protocols include thorough metabolic optimization alongside letrozole therapy.</p>

<h3>Letrozole as First-Line Treatment</h3>
<p>The International Evidence-Based Guideline for PCOS establishes letrozole as the preferred first-line ovulation induction agent for women with anovulatory PCOS. Published data consistently shows letrozole outperforming clomiphene citrate in both ovulation rates and live birth outcomes for PCOS patients.</p>

<p>Letrozole offers several advantages over older treatments. It has a shorter half-life, reducing the risk of multiple follicle development and twins. The medication works by temporarily blocking estrogen production, which releases the natural feedback inhibition on FSH release. This leads to more physiologic follicle development compared to the estrogen receptor blocking action of clomiphene citrate.</p>

<h3>RRM''s Approach</h3>
<p>While letrozole addresses ovulation, RRM protocols simultaneously target the root metabolic dysfunction driving PCOS. Clinicians combine letrozole with specific lifestyle modifications, targeted nutritional support, and metabolic optimization strategies. This approach addresses insulin resistance, inflammation, and hormonal imbalances that maintain the anovulatory state.</p>

<p>Couples receive detailed cycle monitoring to track ovulation response and adjust dosing as needed. Body literacy skills allow recognition of fertile signs and appropriate cycle timing. This cycle-timed approach maximizes the effectiveness of restored ovulation.</p>

<ul class="evidence-list">
<li>International PCOS Guidelines recommend letrozole as first-line ovulation induction</li>
<li>Legro et al. (2014) demonstrated superior live birth rates with letrozole vs. clomiphene</li>
<li>Lower twin rate with letrozole: 3.4% vs. 7.4% with clomiphene citrate</li>
<li>Shorter half-life reduces cumulative effects and side effects</li>
</ul>

<h3>Safety and Monitoring</h3>
<p>Letrozole has an excellent safety profile with minimal side effects. The most common include mild hot flashes and fatigue, which resolve quickly due to the short half-life. Unlike clomiphene, letrozole does not have anti-estrogenic effects on the endometrium or cervical mucus, maintaining optimal conditions for conception.</p>

<p class="key-takeaway">Letrozole combined with metabolic optimization provides PCOS couples with evidence-based ovulation induction while addressing underlying reproductive health dysfunction.</p>

<p class="disclaimer">This information is educational and not a substitute for individualized medical care. Consult an RRM clinician or healthcare provider for guidance specific to your situation.</p>', 'Foundational', 'Is Letrozole First-Line for PCOS Ovulation Induction?', 'Learn why letrozole is first-line treatment for anovulatory PCOS per international guidelines, plus how RRM combines it with metabolic optimization.', 13, 'published');
INSERT INTO faq_resource (faq_id, title, url, sort_order) VALUES ('faq_eba938529458e3bbf8ba9d94f2e4c4c7', 'Source — ScienceDirect', 'https://www.sciencedirect.com/science/article/pii/S0015028223007197', 0);
INSERT INTO faq_resource (faq_id, title, url, sort_order) VALUES ('faq_eba938529458e3bbf8ba9d94f2e4c4c7', 'Recommendations from the 2023 international evidence based guideline for the ass — ASRM', 'https://www.asrm.org/practice-guidance/practice-committee-documents/recommendations-from-the-2023-international-evidence-based-guideline-for-the-assessment-and-management-of-polycystic-ovary-syndrome/', 1);
-- MANUAL RESOLUTION NEEDED: faq_library_ref for F13 -> article slug="letrozole-or-clomiphene-for-infertility-in-the-polycystic-ovary-syndrome-recgrvvtlvs9dogjt" (Legro RS et al., 2014)
-- INSERT INTO faq_library_ref (faq_id, article_id, sort_order) VALUES ('faq_eba938529458e3bbf8ba9d94f2e4c4c7', '<resolve article_id for slug: letrozole-or-clomiphene-for-infertility-in-the-polycystic-ovary-syndrome-recgrvvtlvs9dogjt>', 0);

-- F14: Do I need to be Catholic to use Creighton/NaPro or see an RR
INSERT INTO faq (id, faq_code, slug, question, basic_answer, schema_answer, published_answer, category, seo_title, seo_description, sort_order, status) VALUES ('faq_607a18d1b6dd755f6cd350accd62bafd', 'F14', 'do-i-need-to-be-catholic-to-use-creighton-napro-or-see-an-rrm-clinician', 'Do I need to be Catholic to use Creighton/NaPro or see an RRM clinician?', 'No religious requirement exists for Creighton Model, NaPro, or RRM care. These are evidence-based medical systems available to people of all faiths and backgrounds. Many secular health systems teach these methods. RRM focuses on medical education and treatment while respecting personal values in reproductive decisions.', 'No, religious affiliation is not required to use the Creighton Model, NaProTechnology, or see an RRM clinician. These are evidence-based medical systems available to people of all faiths and backgrounds, with many secular health institutions now offering these services.', '<p class="direct-answer">No. The Creighton Model FertilityCare System, NaProTechnology, and RRM are evidence-based medical systems available to people of all faiths and backgrounds.</p>

<p>The Creighton Model is a standardized fertility awareness method developed through decades of scientific research. While it originated within Catholic healthcare institutions, the system itself is based on objective biological markers that work the same way regardless of religious beliefs. Many secular health systems, universities, and independent practices now teach CrMS and offer NaProTechnology services.</p>

<p>RRM clinics serve patients from diverse religious backgrounds, including those who identify as secular, Protestant, Jewish, Muslim, and others. The focus is on understanding reproductive health through cycle charting and addressing underlying conditions through medical treatment. Personal values guide how individuals apply this knowledge.</p>

<ul class="evidence-list">
<li>The Creighton Model was developed at Creighton University through standardized research protocols and is taught at secular institutions</li>
<li>Studies on CrMS effectiveness include participants regardless of religious affiliation</li>
<li>Many non-Catholic health systems integrate fertility awareness methods into their reproductive health services</li>
</ul>

<h3>RRM Approach to Inclusivity</h3>
<p>RRM clinicians focus on medical education and treatment options rather than prescriptive family planning guidance. Thorough information about reproductive health allows couples to make informed decisions aligned with their own values. This includes discussing available contraceptive options, fertility treatments, and family planning approaches during care.</p>

<p>The clinical protocols for diagnosing and treating conditions like endometriosis, PCOS, or recurrent pregnancy loss are the same regardless of background. How individuals choose to apply this knowledge in their reproductive decisions varies by person.</p>

<p class="key-takeaway">RRM provides evidence-based reproductive healthcare through fertility awareness and restorative treatments accessible to couples of all backgrounds who want to understand and optimize their reproductive health.</p>

<p class="disclaimer">This information is educational and not a substitute for individualized medical care. Consult an RRM clinician or healthcare provider for guidance specific to your situation.</p>', 'Foundational', 'Do I Need to Be Catholic for Creighton/NaPro/RRM Care?', 'No religious requirement for Creighton Model, NaPro, or RRM care. Evidence-based fertility awareness and reproductive medicine available to all backgrounds.', 14, 'published');
INSERT INTO faq_resource (faq_id, title, url, sort_order) VALUES ('faq_607a18d1b6dd755f6cd350accd62bafd', 'CHS Buffalo — Natural family planning', 'https://www.chsbuffalo.org/services/natural-family-planning/faqs/', 0);
INSERT INTO faq_resource (faq_id, title, url, sort_order) VALUES ('faq_607a18d1b6dd755f6cd350accd62bafd', 'OSF Healthcare — Creighton model', 'https://www.osfhealthcare.org/services/specialties/women/programs-services/fertility-care/creighton-model', 1);

-- F15: How do I get started or find an RRM clinician/educator near 
INSERT INTO faq (id, faq_code, slug, question, basic_answer, schema_answer, published_answer, category, seo_title, seo_description, sort_order, status) VALUES ('faq_5f0ad54c84e7117930c55c0e152aff59', 'F15', 'how-do-i-get-started-or-find-an-rrm-clinician-educator-near-me', 'How do I get started or find an RRM clinician/educator near me?', 'Find an RRM clinician through the IIRRM provider directory or FertilityCare physician directory. Creighton Model teachers provide cycle charting training that supports medical treatment. Many practitioners offer telehealth options.', 'To find an RRM clinician, use the International Institute of Restorative Reproductive Medicine provider directory or locate a FertilityCare center through their physician directory. Many RRM practitioners also offer virtual consultations to expand access beyond geographic limitations.', '<p class="direct-answer">To find an RRM clinician, start with the IIRRM provider directory, Natural Womanhood''s searchable directory, or the instructor networks for your charting method: FertilityCare Centers of America (Creighton), Marquette Method Professionals Association, or FEMM Health.</p><h3>Getting Connected to RRM Care</h3><p>The IIRRM provider directory is the primary referral network for RRM-trained physicians. Natural Womanhood maintains a searchable directory of providers and charting instructors. Each charting method also has its own instructor network: FertilityCare Centers of America for Creighton Model, the Marquette Method Professionals Association, and FEMM Health for FEMM providers.</p><p>Many patients begin by learning a cycle charting method. Charting builds body literacy and produces the diagnostic data that RRM clinicians need. A diagnosis is not required to start charting. Beginning charting before the first RRM consultation gives the clinician actionable data from day one.</p><h3>Creighton Model Teachers and Support</h3><p>Creighton Model FertilityCare teachers help couples learn cycle charting and body literacy skills that support RRM protocols. The Creighton teacher locator lists certified instructors by area. This foundational training often runs parallel to medical treatment and provides essential cycle-timed data for the clinician.</p><h3>Virtual Care Options</h3><p>Many RRM practitioners offer telehealth consultations, expanding access beyond geographic limitations. Virtual appointments work well for initial consultations, protocol adjustments, and ongoing monitoring when combined with local lab work and imaging.</p><p>Before the first appointment, it helps to prepare questions about insurance coverage, treatment timelines, and financial considerations. RRM often requires different insurance navigation than conventional fertility treatments.</p><p class="key-takeaway">RRM care combines specialized medical training with cycle-based protocols, requiring practitioners specifically trained in restorative reproductive medicine approaches.</p><p class="disclaimer">This information is educational and not a substitute for individualized medical care. Consult an RRM clinician or healthcare provider for guidance specific to your situation.</p>', 'Foundational', 'How to Find an RRM Clinician Near You | RRM Academy', 'Find a Restorative Reproductive Medicine clinician through IIRRM referrals, FertilityCare directories, or telehealth options. Get connected to cause-based care.', 15, 'published');
INSERT INTO faq_resource (faq_id, title, url, sort_order) VALUES ('faq_5f0ad54c84e7117930c55c0e152aff59', 'RRM Referral Request — IIRRM', 'https://iirrm.org/rrm-referral-request/', 0);
INSERT INTO faq_resource (faq_id, title, url, sort_order) VALUES ('faq_5f0ad54c84e7117930c55c0e152aff59', 'FertilityCare — Find a center', 'https://www.fertilitycare.org/find-a-center/', 1);
INSERT INTO faq_resource (faq_id, title, url, sort_order) VALUES ('faq_5f0ad54c84e7117930c55c0e152aff59', 'Creighton Model FertilityCare — Teacherlocation', 'https://creightonmodel.com/teacherlocation/', 2);

-- F16: How much does RRM or NaProTechnology treatment cost compared
INSERT INTO faq (id, faq_code, slug, question, basic_answer, schema_answer, published_answer, category, seo_title, seo_description, sort_order, status) VALUES ('faq_db04da09208bef8b03d3da8dc9575f39', 'F16', 'how-much-does-rrm-or-naprotechnology-treatment-cost-compared-to-ivf', 'How much does RRM or NaProTechnology treatment cost compared to IVF?', 'RRM costs vary by diagnosis, but many components are covered by standard health insurance because RRM treats diagnosed medical conditions using standard billing codes. IVF costs $15,000 to $30,000 per cycle, with most couples spending $40,000 to $60,000 total. A prospective cohort study found IVF costs 20 times more than medication-based fertility treatments.', 'RRM costs vary by diagnosis and treatment plan, but many components are covered by standard health insurance because RRM uses standard diagnostic and treatment codes for diagnosed medical conditions. IVF costs $15,000 to $30,000 per cycle in the United States, with most couples spending $40,000 to $60,000 total. A prospective cohort study found IVF costs on average 20 times more than medication-based fertility treatments.', '<p class="direct-answer">RRM costs vary by diagnosis and treatment plan. The key structural advantage is that RRM treats diagnosed medical conditions using standard diagnostic and treatment codes, so many components are covered by standard health insurance. IVF costs $15,000 to $30,000 per cycle, with most couples spending $40,000 to $60,000 total. A prospective cohort study found IVF costs on average 20 times more than medication-based fertility treatments (Katz et al., 2011).</p>

<p>The cost difference reflects fundamentally different approaches. RRM diagnoses and treats underlying reproductive conditions. IVF bypasses them. RRM treatment addresses the cause once. IVF must be repeated for each desired pregnancy without treating the underlying health condition.</p>

<h3>Why RRM Is Often More Affordable</h3>
<p>RRM uses standard medical procedures billed with standard CPT codes. Charting instruction, hormonal panels, medications, and surgery for conditions like endometriosis or PCOS use the same codes any specialist would bill. This means many components of RRM care are covered by standard health insurance without requiring a separate "fertility treatment" benefit.</p>

<p>By contrast, IVF is typically classified as elective fertility treatment and covered by insurance in only a minority of U.S. states. Most couples pay out of pocket.</p>

<h3>IVF Cost Reality</h3>
<p>IVF costs $15,000 to $30,000 per cycle in the United States, including medications and monitoring. Most couples need two to three cycles to achieve a live birth, bringing average total spending to $40,000 to $60,000. Costs rise with add-ons like genetic testing (PGT-A), ICSI, and frozen embryo transfers. HFEA data shows an average live birth rate of approximately 33% per embryo transferred for women under 35, declining significantly with age.</p>

<h3>Insurance and Legislative Progress</h3>
<ul class="evidence-list">
<li>Many RRM treatments are covered because they are coded as treatment for diagnosed medical conditions, not as "fertility treatment"</li>
<li>Endometriosis surgery, thyroid treatment, and PCOS management all use standard medical billing codes</li>
<li>In 2025, Arkansas became the first state to mandate insurance coverage for restorative reproductive medicine</li>
<li>The RESTORE Act (H.R. 3589) seeks to expand federal access to RRM as an alternative to IVF-only coverage mandates</li>
</ul>

<h3>Questions to Ask Your Insurer</h3>
<p>Ask whether cycle-timed hormonal testing is covered for a diagnosed condition such as PCOS or endometriosis. Ask whether laparoscopic excision surgery is covered as a gynecologic procedure separate from any fertility benefit. Ask about out-of-network benefits if the RRM physician is not in-network.</p>

<p class="key-takeaway">RRM''s cause-based approach treats diagnosed medical conditions using standard billing codes. Many components are covered by standard health insurance. IVF is typically classified as elective and costs 20 times more than medication-based fertility treatments.</p>

<p class="disclaimer">This information is educational and not a substitute for individualized medical care. Consult an RRM clinician or healthcare provider for guidance specific to your situation.</p>', 'Foundational', 'RRM vs IVF Cost: Treatment Comparison & Value Analysis', 'Compare RRM and IVF costs. RRM treats diagnosed conditions with standard insurance codes. IVF costs 20x more than medication-based fertility treatments.', 16, 'published');

-- F17: Does insurance cover NaProTechnology or RRM treatment?
INSERT INTO faq (id, faq_code, slug, question, basic_answer, schema_answer, published_answer, category, seo_title, seo_description, sort_order, status) VALUES ('faq_05a3787fcb6a02e2cea3b1446c8f3210', 'F17', 'does-insurance-cover-naprotechnology-or-rrm-treatment', 'Does insurance cover NaProTechnology or RRM treatment?', 'Most insurance plans provide partial coverage for RRM diagnostic testing and surgical procedures, but coverage varies by plan. Diagnostic work and surgical treatments typically qualify for standard reproductive health benefits.', 'Most insurance plans provide partial coverage for RRM diagnostic testing and surgical procedures, though coverage varies significantly by plan. Diagnostic procedures and surgical treatments typically qualify for standard reproductive health benefits.', '<p class="direct-answer">Many RRM treatments are covered by standard health insurance because they treat diagnosed medical conditions using conventional billing codes. Arkansas became the first state to mandate coverage for restorative reproductive medicine in 2025, and the federal RESTORE Act (H.R. 3589) has been introduced to expand access further.</p>

<h3>Understanding Insurance Coverage for RRM</h3>
<p>Insurance coverage for Restorative Reproductive Medicine follows standard medical billing practices. Diagnostic procedures like hormone testing, ultrasounds, and laparoscopic surgery typically receive coverage when medically indicated. The key distinction is that RRM uses these established procedures to identify and treat root causes rather than suppress symptoms.</p>

<p>Coverage challenges often arise with fertility monitoring instruction and cycle tracking education, which insurance may classify as educational rather than medical services. The underlying diagnostic work and surgical treatments generally qualify for coverage under standard reproductive health benefits.</p>

<h3>What Is Typically Covered</h3>
<ul class="evidence-list">
<li>Hormone panels and endocrine testing when clinically indicated</li>
<li>Pelvic ultrasounds and diagnostic imaging</li>
<li>Laparoscopic surgery for endometriosis excision or adhesion removal</li>
<li>Treatment of underlying conditions like PCOS or thyroid disorders</li>
<li>Follow-up medical consultations and monitoring</li>
</ul>

<h3>RRM''s Transparent Approach</h3>
<p>RRM clinics prioritize transparent pricing and work directly with patients to clarify coverage options before treatment begins. This differs significantly from fertility clinics that often require couples to navigate complex package pricing without clear coverage information upfront.</p>

<p>The focus on treating diagnosable medical conditions rather than bypassing them means many RRM interventions qualify for medical coverage that fertility treatments might not receive. Root cause treatment often proves more cost-effective long-term than repeated ART cycles.</p>

<h3>Policy Developments</h3><p>In 2025, Arkansas became the first U.S. state to mandate insurance coverage for restorative reproductive medicine through the RESTORE Act (Act 859). The federal RESTORE Act (H.R. 3589) has been introduced in Congress to expand access nationally. These developments reflect growing recognition that RRM treats specific medical conditions and should qualify for standard medical coverage.</p><p class="key-takeaway">Many RRM treatments qualify for standard medical billing codes. Arkansas now mandates RRM coverage, and federal legislation has been introduced to expand access.</p>

<p class="disclaimer">This information is educational and not a substitute for individualized medical care. Consult an RRM clinician or healthcare provider for guidance specific to your situation.</p>', 'Foundational', 'Does Insurance Cover NaProTechnology & RRM Treatment?', 'Learn about insurance coverage for Restorative Reproductive Medicine. Most plans cover diagnostic testing and surgical procedures under standard benefits.', 17, 'published');

-- F18: How long does RRM treatment typically take before pregnancy?
INSERT INTO faq (id, faq_code, slug, question, basic_answer, schema_answer, published_answer, category, seo_title, seo_description, sort_order, status) VALUES ('faq_449cc2eb12096e189540e2be94a84b04', 'F18', 'how-long-does-rrm-treatment-typically-take-before-pregnancy', 'How long does RRM treatment typically take before pregnancy?', 'RRM treatment typically takes 6-18 months for fertility restoration, varying based on individual conditions, age, and treatment complexity. Timeline depends on addressing root causes rather than working around dysfunction.', 'RRM treatment typically takes 6-18 months for fertility restoration, depending on individual conditions and root causes. Unlike conventional fertility treatments, RRM addresses underlying dysfunction which may take longer initially but provides sustainable reproductive health improvements.', '<p class="direct-answer">RRM treatment timeline varies by diagnosis, typically ranging from 3 to 18 months depending on complexity. In Boyle et al. (2025), the mean time from starting RRM treatment to conception was 12 months.</p>

<h3>Understanding RRM Treatment Phases</h3>
<p>Restorative Reproductive Medicine works through distinct phases rather than a fixed timeline. The diagnostic phase typically takes several months, as cycle charting and thorough hormone evaluation require multiple tracked cycles. Treatment implementation follows, addressing specific conditions like endometriosis excision, metabolic optimization, or cycle restoration.</p>

<p>Each couple''s timeline depends on their unique presentation. A woman with PCOS may see cycle restoration within 3-6 months, while someone requiring endometriosis excision might need 6-12 months for full healing before optimal fertility returns. Men with reproductive health issues typically see improvements in 3-4 months, aligning with the sperm production cycle.</p>

<h3>Factors Affecting Timeline</h3>
<p>Several factors influence treatment duration. Age affects healing capacity and response time. Severity of underlying conditions determines protocol complexity. Previous suppressive medications may require extended restoration periods. Couple compliance with lifestyle modifications and protocol adherence significantly impacts progress speed.</p>

<p>Unlike conventional fertility treatments that work around dysfunction, RRM addresses root causes. Initial treatment may take longer, but couples often achieve sustained fertility restoration rather than temporary intervention.</p>

<h3>RRM Approach to Timeline Expectations</h3>
<p>RRM clinicians provide individualized timeline estimates based on thorough assessment. Progress is measured through objective markers like cycle quality, hormone optimization, and symptom resolution rather than just pregnancy achievement. Many couples report improved overall health during treatment, regardless of conception timing.</p>

<p>Treatment protocols include regular monitoring and adjustment. If progress stalls, clinicians investigate additional factors or modify approaches. This responsive methodology often prevents extended treatment periods common in conventional fertility care.</p>

<p class="key-takeaway">RRM treatment timeline varies from 3 to 18 months depending on diagnosis and complexity. In published data, mean time to conception was 12 months. RRM offers sustainable reproductive health improvements beyond pregnancy achievement.</p>

<p class="disclaimer">This information is educational and not a substitute for individualized medical care. Consult an RRM clinician or healthcare provider for guidance specific to your situation.</p>', 'Foundational', 'How Long Does RRM Treatment Take? Timeline & Expectations', 'RRM treatment typically takes 6-18 months for fertility restoration. Learn about treatment phases, factors affecting timeline, and what to expect during care.', 18, 'published');
-- MANUAL RESOLUTION NEEDED: faq_library_ref for F18 -> article slug="understanding-restorative-reproductive-medicine-recu1z1xulr6qtn2a" (Boyle P, 2025)
-- INSERT INTO faq_library_ref (faq_id, article_id, sort_order) VALUES ('faq_449cc2eb12096e189540e2be94a84b04', '<resolve article_id for slug: understanding-restorative-reproductive-medicine-recu1z1xulr6qtn2a>', 0);

-- F20: What are the success rates for NaProTechnology and RRM?
INSERT INTO faq (id, faq_code, slug, question, basic_answer, schema_answer, published_answer, category, seo_title, seo_description, sort_order, status) VALUES ('faq_c4607d2d53e5cf3c22fb0a7e64b5f150', 'F20', 'what-are-the-success-rates-for-naprotechnology-and-rrm', 'What are the success rates for NaProTechnology and RRM?', 'RRM success rates vary by condition, showing crude live birth rates of 26-41% and adjusted cumulative rates of 50-62% in published studies. Success includes symptom resolution, cycle normalization, and natural conception rather than just pregnancy rates per procedure.', 'RRM success rates vary by condition and couple-specific factors, with published studies showing crude live birth rates of 26-41% and adjusted cumulative rates of 50-62%. Success in RRM measures thorough reproductive health restoration including symptom resolution, cycle normalization, and natural conception outcomes.', '<p class="direct-answer">RRM success rates vary by condition and couple-specific factors, with published studies showing crude live birth rates of 26 to 41% and adjusted cumulative rates of 50 to 62%, while measuring both reproductive restoration and overall health outcomes.</p>

<p>Success in Restorative Reproductive Medicine means more than pregnancy rates. RRM clinicians track multiple outcomes: symptom resolution, cycle normalization, hormonal balance restoration, and conception rates for couples seeking pregnancy. This approach differs from ART facilities that primarily report live birth rates per procedure.</p>

<p>Published research on NaProTechnology protocols shows variable results by condition. Sanchez-Mendez et al. (2025) studied 1,310 couples and reported a crude take-home baby rate of 35.3% and an adjusted cumulative rate of 62.1%, varying by age (83.7% for ages 18-30, 53.3% for ages 36-40). Boyle et al. (2025) reported a 41% crude live birth rate in 187 couples at NeoFertility Dublin, with a mean time to conception of 12 months. These numbers reflect couples who achieved pregnancy naturally after RRM treatment, not through assisted reproductive technology.</p>

<ul class="evidence-list">
<li>Stanford et al. (2008): 25.5% crude, 52.8% adjusted live birth rate (n=1,072, Irish general practice)</li>
<li>Tham et al. (2012): 38% crude live birth rate (n=108, Canadian family practice)</li>
<li>Boyle et al. (2025): 41% crude live birth rate (n=187, first RRM-vs-IVF comparison)</li>
<li>Sanchez-Mendez et al. (2025): 35.3% crude, 62.1% adjusted take-home baby rate (n=1,310)</li>
</ul>

<h3>What RRM Measures Differently</h3>
<p>RRM success extends beyond conception rates to include cycle regularity, pain reduction, energy improvement, and halting disease progression. Couples often report significant quality of life improvements even when pregnancy is not the primary goal. The cause-based approach means addressing root reproductive dysfunction, not just bypassing it.</p>

<p>Individual success depends on multiple factors: age, specific diagnosis, treatment compliance, male factor involvement, and how long conditions went undiagnosed. RRM clinicians provide personalized prognosis based on thorough evaluation, not population averages.</p>

<p class="key-takeaway">RRM success rates reflect thorough reproductive health restoration, measured through multiple outcomes including natural conception rates, symptom resolution, and cycle normalization for each couple''s specific situation.</p>

<p class="disclaimer">This information is educational and not a substitute for individualized medical care. Consult an RRM clinician or healthcare provider for guidance specific to your situation.</p>', 'Foundational', 'RRM & NaProTechnology Success Rates: What to Expect', 'RRM success rates range from 20-76% for natural conception depending on condition and treatment. Learn how RRM measures comprehensive reproductive restoration.', 20, 'published');
-- MANUAL RESOLUTION NEEDED: faq_library_ref for F20 -> article slug="understanding-restorative-reproductive-medicine-recu1z1xulr6qtn2a" (Boyle P, 2025)
-- INSERT INTO faq_library_ref (faq_id, article_id, sort_order) VALUES ('faq_c4607d2d53e5cf3c22fb0a7e64b5f150', '<resolve article_id for slug: understanding-restorative-reproductive-medicine-recu1z1xulr6qtn2a>', 0);
-- MANUAL RESOLUTION NEEDED: faq_library_ref for F20 -> article slug="outcomes-from-treatment-of-infertility-with-natural-procreative-technology-in-an-recj7cwubt4vlyfjl" (Stanford JB et al., 2008)
-- INSERT INTO faq_library_ref (faq_id, article_id, sort_order) VALUES ('faq_c4607d2d53e5cf3c22fb0a7e64b5f150', '<resolve article_id for slug: outcomes-from-treatment-of-infertility-with-natural-procreative-technology-in-an-recj7cwubt4vlyfjl>', 0);
-- MANUAL RESOLUTION NEEDED: faq_library_ref for F20 -> article slug="natural-procreative-technology-for-infertility-and-recurrent-miscarriage-outcome-recmv6gf3xlcbt6ny" (Tham E et al., 2012)
-- INSERT INTO faq_library_ref (faq_id, article_id, sort_order) VALUES ('faq_c4607d2d53e5cf3c22fb0a7e64b5f150', '<resolve article_id for slug: natural-procreative-technology-for-infertility-and-recurrent-miscarriage-outcome-recmv6gf3xlcbt6ny>', 0);

-- F21: Why haven't I heard of RRM or NaProTechnology before?
INSERT INTO faq (id, faq_code, slug, question, basic_answer, schema_answer, published_answer, category, seo_title, seo_description, sort_order, status) VALUES ('faq_386c6a52bc100c4b1beb0bbca7184ac1', 'F21', 'why-havent-i-heard-of-rrm-or-naprotechnology-before', 'Why haven''t I heard of RRM or NaProTechnology before?', 'RRM and NaProTechnology remain relatively unknown because they challenge conventional medical approaches that prioritize suppressive treatments over root cause diagnosis and restoration. Medical education focuses on managing symptoms rather than treating underlying reproductive disorders.', 'RRM and NaProTechnology remain relatively unknown because they challenge conventional medical approaches that prioritize suppressive treatments over root cause diagnosis. Most physicians receive minimal training in reproductive endocrinology beyond prescribing hormonal suppression or referring to IVF.', '<p class="direct-answer">RRM and NaProTechnology remain relatively unknown because they challenge conventional medical approaches that prioritize suppressive treatments over root cause diagnosis and restoration.</p>

<p>Several factors contribute to limited awareness of Restorative Reproductive Medicine. The most significant is a training gap. Surveys of OB/GYN residents show that fertility knowledge is no better than non-OB/GYN residents, with nearly half overestimating the age at which fertility declines. Only 3 to 6% of practicing OBGYNs and family physicians have correct knowledge of fertility awareness-based method effectiveness. Residency programs provide no dedicated training in cycle-based diagnosis, NaProTechnology, or restorative approaches.</p>

<p>Financial incentives also play a role. RRM''s emphasis on diagnosing and treating root causes does not generate the same revenue as repeat IVF cycles or long-term suppressive medications. Couples are often told their only options are hormonal suppression to "manage" symptoms or IVF for fertility. Diagnosing and treating actual underlying conditions is rarely offered.</p>

<p>Media coverage has compounded the problem. When major outlets first covered RRM in 2025, much of the reporting conflated it with religious objections to IVF rather than engaging with the published outcome data. Misinformed coverage reinforces the training gap: physicians who encounter RRM through headlines rather than journals dismiss it without reviewing the evidence.</p>

<p>Additionally, RRM requires specialized training in reproductive surgery, cycle analysis, and endocrine restoration that most physicians don''t pursue. The field demands a different paradigm: viewing reproductive symptoms as signs of treatable conditions rather than inevitable problems to suppress. This represents a fundamental shift from conventional practice.</p>

<ul class="evidence-list">
<li>Only 3-6% of OBGYNs and family physicians have correct knowledge of FABM effectiveness (2010 Canadian study)</li><li>OB/GYN residents'' fertility knowledge is no better than non-OB/GYN residents (2022 survey, n=2,828)</li><li>78% of OB/GYN residents overestimate IVF success rates (Human Reproduction, 2016)</li><li>No standard residency program includes NaProTechnology or restorative reproductive medicine training</li></ul>

<p>RRM offers couples evidence-based diagnosis and treatment of reproductive disorders through precise surgical techniques, bioidentical hormone restoration, and natural cycle optimization. Rather than masking symptoms with suppressive medications, RRM clinicians identify root causes like endometriosis, PCOS, or hormonal imbalances and provide targeted treatments to restore normal reproductive function.</p>

<p class="key-takeaway">RRM remains relatively unknown because it requires specialized training and challenges the conventional model of suppressive symptom management in reproductive medicine.</p>

<p class="disclaimer">This information is educational and not a substitute for individualized medical care. Consult an RRM clinician or healthcare provider for guidance specific to your situation.</p>', 'Foundational', 'Why RRM & NaProTechnology Are Unknown | RRM Academy', 'Discover why Restorative Reproductive Medicine remains unknown despite effective alternatives to conventional fertility treatments.', 21, 'published');

-- F22: What is the difference between Creighton Model, Marquette Me
INSERT INTO faq (id, faq_code, slug, question, basic_answer, schema_answer, published_answer, category, seo_title, seo_description, sort_order, status) VALUES ('faq_b82804f57328ab3bce8abb58bc793b68', 'F22', 'what-is-the-difference-between-creighton-model-marquette-method-femm-and-symptot', 'What is the difference between Creighton Model, Marquette Method, FEMM, and symptothermal charting?', 'The Creighton Model uses cervical mucus observations, Marquette Method combines mucus with electronic monitors, FEMM integrates mucus observation with medical management, and symptothermal uses multiple biomarkers including temperature and mucus together.', 'The Creighton Model, Marquette Method, FEMM, and symptothermal charting are different fertility awareness methods that teach couples to identify fertile phases using various biomarkers like cervical mucus and temperature. Each method has different approaches but can achieve 95-99% effectiveness when taught properly.', '<p class="direct-answer">The Creighton Model, Marquette Method, FEMM, and symptothermal charting are all fertility awareness methods. Each teaches couples to identify fertile and infertile phases using different biomarkers.</p><h3>Method Differences</h3><p>The <strong>Creighton Model FertilityCare System</strong> focuses exclusively on cervical mucus observations using standardized terminology and color-coded stamps. Couples learn to identify specific mucus patterns that indicate fertility status. This method requires formal instruction from certified practitioners and emphasizes precise observation techniques.</p><p>The <strong>Marquette Method</strong> combines cervical mucus monitoring with electronic fertility monitors that measure hormone levels in urine. This approach provides additional technological support for couples who want objective hormone data alongside mucus observations.</p><p><strong>FEMM (Fertility Education and Medical Management)</strong> combines cervical mucus observation with urinary hormone monitoring to track reproductive health. FEMM integrates cycle charting with medical management, emphasizing the underlying hormonal physiology of the menstrual cycle.</p><p>Traditional <strong>symptothermal charting</strong> combines multiple biomarkers including basal body temperature, cervical mucus, and cervical position changes to determine fertility status. Couples track temperature patterns and mucus observations together for cross-checking accuracy.</p><h3>Effectiveness and Applications</h3><p>Research shows these methods can achieve 95-99% effectiveness for avoiding pregnancy when taught properly and used consistently. Method choice often depends on couple preferences, learning style, and whether additional reproductive health concerns exist.</p><ul class="evidence-list"><li>Creighton Model studies show 96-99% effectiveness rates for avoiding pregnancy with proper instruction</li><li>Marquette Method research demonstrates 98% effectiveness when combining mucus observations with monitor use</li><li>FEMM integrates cycle charting with reproductive health assessment and treatment</li></ul><h3>RRM Perspective</h3><p>In Restorative Reproductive Medicine, fertility awareness methods are essential tools for <strong>body literacy</strong> and reproductive health optimization. These methods help couples understand their natural fertility patterns while providing valuable diagnostic information about underlying reproductive health.</p><p>RRM clinicians may recommend specific charting methods based on individual couple needs and any underlying reproductive conditions that require monitoring. Charting data becomes part of the thorough assessment and treatment approach.</p><p class="key-takeaway">Each fertility awareness method offers different approaches to cycle tracking, with effectiveness depending on proper instruction, consistent use, and individual couple circumstances.</p><p class="disclaimer">This information is educational and not a substitute for individualized medical care. Consult an RRM clinician or healthcare provider for guidance specific to your situation.</p>', 'Foundational', 'Creighton vs Marquette vs FEMM vs Symptothermal Charting', 'Compare fertility awareness methods: Creighton Model, Marquette Method, FEMM, and symptothermal charting. Learn differences in approach and effectiveness.', 22, 'published');

-- F23: How does infertility affect mental health, and where can I f
INSERT INTO faq (id, faq_code, slug, question, basic_answer, schema_answer, published_answer, category, seo_title, seo_description, sort_order, status) VALUES ('faq_6c494d1b56a4c499225e04fcd315452d', 'F23', 'how-does-infertility-affect-mental-health-and-where-can-i-find-support', 'How does infertility affect mental health, and where can I find support?', 'Infertility causes depression and anxiety rates comparable to cancer and heart disease patients. The monthly cycle of hope and loss, treatment uncertainty, and social isolation compound psychological distress.', 'Infertility creates significant psychological distress, with depression and anxiety rates comparable to cancer and heart disease patients. Research shows 15-54% depression rates and up to 60% anxiety rates in couples facing fertility challenges. Professional mental health support specialized in fertility issues, combined with clear medical understanding, provides essential emotional resilience.', '<p class="direct-answer">Infertility creates significant psychological distress, with rates of depression and anxiety comparable to cancer and heart disease patients, while isolation and treatment uncertainty compound the emotional burden.</p>

<h3>The Mental Health Impact of Infertility</h3>
<p>The psychological toll of infertility extends far beyond disappointment. Research consistently shows that couples facing fertility challenges experience depression rates of 15-54% and anxiety rates reaching 23-60%. The monthly cycle of hope and loss creates a unique form of chronic stress.</p>

<p>The uncertainty inherent in many fertility treatments amplifies this distress. Couples who don''t understand why conception isn''t happening, or who receive vague timelines, lose the sense of agency that is crucial for mental health. Financial strain adds another layer of stress that affects relationships and daily functioning.</p>

<h3>The Isolation Factor</h3>
<p>Infertility often becomes a private struggle. Social situations become minefields. Well-meaning friends offer advice that feels dismissive. The constant questions about family planning create ongoing emotional triggers. Many couples report feeling completely alone in their experience, even when surrounded by support systems.</p>

<ul class="evidence-list">
<li>Domar et al. (2000): Depression levels in infertile women comparable to those with cancer or heart disease</li>
<li>Chen et al. (2004): 40% of women seeking fertility treatment met criteria for anxiety disorders</li>
<li>Schmidt (2006): Infertility stress significantly impacts quality of life and relationship satisfaction</li>
<li>Cousineau & Domar (2007): Mind-body interventions reduced anxiety by 20% and depression by 24%</li>
</ul>

<h3>The RRM Approach to Mental Health Support</h3>
<p>Restorative Reproductive Medicine recognizes that mental health and reproductive health are inseparable. Clear diagnoses and transparent treatment timelines restore the sense of agency that is essential for psychological well-being. Couples understand what is being treated, why, and what realistic timelines look like.</p>

<p>The cause-based approach means couples are not trapped in cycles of unexplained failure. Instead of monthly disappointments without understanding, measurable progress toward fertility restoration replaces uncertainty with informed action. This shift significantly reduces the psychological burden of treatment.</p>

<h3>Finding Professional Support</h3>
<p>Mental health support is most effective when it is specialized. Therapists who understand fertility challenges specifically bring context that general practitioners often lack. Support groups, whether in-person or online, connect individuals with others who understand the experience firsthand. Many find that combining individual therapy with couples counseling addresses both personal and relationship impacts.</p>

<p class="key-takeaway">Professional mental health support, combined with clear medical understanding of fertility challenges, provides the foundation for emotional resilience during reproductive health restoration.</p>

<p class="disclaimer">This information is educational and not a substitute for individualized medical care. Consult an RRM clinician or healthcare provider for guidance specific to your situation.</p>', 'Foundational', 'Infertility Mental Health Support & Coping Strategies', 'Learn how infertility affects mental health and find professional support. Understand depression/anxiety rates and get resources for emotional wellness during.', 23, 'published');
-- MANUAL RESOLUTION NEEDED: faq_library_ref for F23 -> article slug="prevalence-of-depressive-and-anxiety-disorders-in-an-assisted-reproductive-techn-recsgboda9yuctf9v" (Chen TH et al., 2004)
-- INSERT INTO faq_library_ref (faq_id, article_id, sort_order) VALUES ('faq_6c494d1b56a4c499225e04fcd315452d', '<resolve article_id for slug: prevalence-of-depressive-and-anxiety-disorders-in-an-assisted-reproductive-techn-recsgboda9yuctf9v>', 0);
-- MANUAL RESOLUTION NEEDED: faq_library_ref for F23 -> article slug="psychological-impact-of-infertility-recqtsvvalo4z97kr" (Cousineau TM et al., 2007)
-- INSERT INTO faq_library_ref (faq_id, article_id, sort_order) VALUES ('faq_6c494d1b56a4c499225e04fcd315452d', '<resolve article_id for slug: psychological-impact-of-infertility-recqtsvvalo4z97kr>', 0);
-- MANUAL RESOLUTION NEEDED: faq_library_ref for F23 -> article slug="infertility-and-assisted-reproduction-in-denmark-epidemiology-and-psychosocial-c-reclfnlz3dqbbi1lp" (Schmidt L, 2006)
-- INSERT INTO faq_library_ref (faq_id, article_id, sort_order) VALUES ('faq_6c494d1b56a4c499225e04fcd315452d', '<resolve article_id for slug: infertility-and-assisted-reproduction-in-denmark-epidemiology-and-psychosocial-c-reclfnlz3dqbbi1lp>', 0);

-- F24: Does fertility really 'fall off a cliff' at 35?
INSERT INTO faq (id, faq_code, slug, question, basic_answer, schema_answer, published_answer, category, seo_title, seo_description, sort_order, status) VALUES ('faq_7f02b58a0bf0047166b6999f871a0a87', 'F24', 'does-fertility-really-fall-off-a-cliff-at-35', 'Does fertility really ''fall off a cliff'' at 35?', 'Fertility does decline with age, but the "cliff at 35" oversimplifies a gradual process. Many fertility challenges attributed to age are actually undiagnosed reproductive health conditions that respond well to cause-based treatment.', 'Fertility does decline with age, but the "cliff at 35" narrative oversimplifies a gradual process and often ignores treatable underlying conditions. Research shows 82% of women aged 35-39 without known fertility issues conceived within one year of trying.', '<p class="direct-answer">Fertility does decline with age, but the "cliff at 35" narrative oversimplifies a gradual process and often ignores treatable underlying reproductive health conditions.</p>

<h3>Understanding Age-Related Fertility Decline</h3>
<p>The "fertility cliff at 35" concept comes from population-level statistics, but these numbers don''t account for individual health status or underlying reproductive conditions. Many women in their late thirties and early forties conceive naturally when reproductive health issues are properly identified and addressed.</p>

<p>Age does affect egg quality and ovarian reserve. Many fertility challenges attributed to age, however, actually stem from diagnosable conditions like endometriosis, PCOS, or male factor infertility that significantly impact conception regardless of age. These conditions often go undiagnosed, especially in women who have been on suppressive medications that mask symptoms for years.</p>

<h3>What the Research Shows</h3>
<ul class="evidence-list">
<li>Dunson et al. (2004) found that among couples without known fertility issues, 82% of women aged 35-39 conceived within one year of trying</li>
<li>Steiner et al. (2017) found that biomarkers of diminished ovarian reserve were not associated with reduced fertility in women 30-44 trying to conceive naturally, suggesting individual biology matters more than population-level markers</li>
<li>Studies on endometriosis show that disease progression continues throughout reproductive years, affecting fertility independent of age-related decline</li>
</ul>

<h3>The RRM Approach to Age and Fertility</h3>
<p>Restorative Reproductive Medicine focuses on identifying and treating the root causes of fertility challenges rather than assuming age is the primary factor. Both partners receive thorough evaluation, looking for conditions like endometriosis, PCOS, varicoceles, or hormonal imbalances that may be impacting conception.</p>

<p>Couples who have been told their fertility issues are "age-related" often have treatable underlying conditions. When these issues are addressed, natural conception has been achieved even in the late thirties and beyond. Targeted interventions include endometriosis excision, metabolic optimization, and male factor treatment.</p>

<p class="key-takeaway">While age affects fertility, many supposed "age-related" fertility challenges stem from undiagnosed reproductive health conditions that respond well to cause-based treatment.</p>

<p class="disclaimer">This information is educational and not a substitute for individualized medical care. Consult an RRM clinician or healthcare provider for guidance specific to your situation.</p>', 'Foundational', 'Does Fertility Fall Off a Cliff at 35? RRM Facts vs. Myths', 'The fertility ''cliff at 35'' oversimplifies age-related decline. Many fertility challenges are actually treatable reproductive health conditions.', 24, 'published');
-- MANUAL RESOLUTION NEEDED: faq_library_ref for F24 -> article slug="increased-infertility-with-age-in-men-and-women-recu5tqleiepisa5c" (Dunson DB et al., 2004)
-- INSERT INTO faq_library_ref (faq_id, article_id, sort_order) VALUES ('faq_7f02b58a0bf0047166b6999f871a0a87', '<resolve article_id for slug: increased-infertility-with-age-in-men-and-women-recu5tqleiepisa5c>', 0);
-- MANUAL RESOLUTION NEEDED: faq_library_ref for F24 -> article slug="association-between-biomarkers-of-ovarian-reserve-and-infertility-among-older-wo-reckxs7k83ltnbrhv" (Steiner AZ et al., 2017)
-- INSERT INTO faq_library_ref (faq_id, article_id, sort_order) VALUES ('faq_7f02b58a0bf0047166b6999f871a0a87', '<resolve article_id for slug: association-between-biomarkers-of-ovarian-reserve-and-infertility-among-older-wo-reckxs7k83ltnbrhv>', 0);

-- C10: How does RRM diagnose and treat luteal phase deficiency?
INSERT INTO faq (id, faq_code, slug, question, basic_answer, schema_answer, published_answer, category, seo_title, seo_description, sort_order, status) VALUES ('faq_27a2d4de33600051d2102eee4af42b86', 'C10', 'how-does-rrm-diagnose-and-treat-luteal-phase-deficiency', 'How does RRM diagnose and treat luteal phase deficiency?', 'RRM evaluates luteal phase deficiency through cycle tracking and hormone analysis to find root causes like thyroid or prolactin issues, then treats the underlying problem rather than defaulting immediately to progesterone supplementation.', 'RRM diagnoses luteal phase deficiency using CrMS cycle tracking combined with properly timed hormone testing. Treatment focuses on correcting underlying causes like thyroid dysfunction or hyperprolactinemia rather than indefinite progesterone supplementation.', '<p class="direct-answer">RRM evaluates luteal phase deficiency through detailed cycle tracking and thorough hormone analysis to identify and treat the root causes of inadequate progesterone production.</p><p>Luteal phase deficiency (LPD) represents insufficient progesterone production during the second half of the menstrual cycle, potentially contributing to infertility and early pregnancy loss. Rather than relying on isolated lab values, RRM clinicians use CrMS cycle tracking to identify patterns such as short luteal phases, pre-menstrual spotting, or low post-peak temperatures that suggest inadequate corpus luteum function.</p><h3>RRM Diagnostic Approach</h3><p>The RRM evaluation combines cycle charting observations with properly timed hormone testing. A serial luteal hormone profile measures progesterone at Peak+3, +5, +7, +9, and +11, capturing the full arc of corpus luteum function rather than relying on a single measurement. Crucially, RRM also investigates underlying causes, including thyroid dysfunction, hyperprolactinemia, insulin resistance, and nutritional deficiencies, that can impair ovarian function and progesterone production.</p><h3>Root Cause Treatment</h3><p>Once identified, RRM clinicians address the specific causes of luteal phase inadequacy. Thyroid optimization, prolactin normalization when indicated, and metabolic support often restore normal luteal function. Targeted progesterone supplementation may be used during the diagnostic and treatment phase, typically after confirmed ovulation, and continued through early pregnancy when conception occurs.</p><h3>Cycle Monitoring and Adjustment</h3><p>CrMS charting provides ongoing feedback about luteal phase quality and treatment response. This body literacy approach helps couples monitor improvement and time conception attempts. The goal is restoration of normal cycle function rather than indefinite hormone supplementation.</p><ul class="evidence-list"><li>Major professional society guidelines acknowledge LPD as a recognized condition but note diagnostic challenges with single measurements</li><li>Studies show thyroid dysfunction and hyperprolactinemia commonly contribute to luteal phase inadequacy (Krassas et al. 2008)</li><li>Progesterone supplementation after ovulation confirmation may reduce early pregnancy loss in select patients</li></ul><p class="key-takeaway">RRM treats luteal phase deficiency by identifying and correcting underlying endocrine disruptions while teaching couples to track cycle quality and optimize conception timing.</p><p class="disclaimer">This information is educational and not a substitute for individualized medical care. Consult an RRM clinician or healthcare provider for guidance specific to your situation.</p>', 'Condition-Specific', 'How RRM Diagnoses and Treats Luteal Phase Deficiency', 'Learn how Restorative Reproductive Medicine uses cycle tracking and root cause analysis to diagnose and treat luteal phase deficiency effectively.', 110, 'published');
INSERT INTO faq_resource (faq_id, title, url, sort_order) VALUES ('faq_27a2d4de33600051d2102eee4af42b86', 'Diagnosis and treatment of luteal phase deciency a committee opinion 2021 — ASRM', 'https://www.asrm.org/practice-guidance/practice-committee-documents/diagnosis-and-treatment-of-luteal-phase-deciency-a-committee-opinion-2021/', 0);
INSERT INTO faq_resource (faq_id, title, url, sort_order) VALUES ('faq_27a2d4de33600051d2102eee4af42b86', 'Source — Fertility and Sterility', 'https://www.fertstert.org/article/S0015-0282%2821%2900128-X/fulltext', 1);
-- MANUAL RESOLUTION NEEDED: faq_library_ref for C10 -> article slug="thyroid-function-and-human-reproductive-health-recwgo03kc5xzlrpn" (Krassas GE et al., 2010)
-- INSERT INTO faq_library_ref (faq_id, article_id, sort_order) VALUES ('faq_27a2d4de33600051d2102eee4af42b86', '<resolve article_id for slug: thyroid-function-and-human-reproductive-health-recwgo03kc5xzlrpn>', 0);

-- C35: What fertility supplements have evidence behind them (CoQ10,
INSERT INTO faq (id, faq_code, slug, question, basic_answer, schema_answer, published_answer, category, seo_title, seo_description, sort_order, status) VALUES ('faq_a1173dc5e8bcf2a468a9d240746a268b', 'C35', 'what-fertility-supplements-have-evidence-behind-them-coq10-vitamin-d-dhea-inosit', 'What fertility supplements have evidence behind them (CoQ10, vitamin D, DHEA, inositol)?', 'RRM tests for specific nutritional deficiencies before recommending supplements. Evidence supports CoQ10 for egg/sperm quality, vitamin D for hormone function, methylated folate for MTHFR variants, and omega-3s for inflammation. Supplements support natural fertility when deficiencies exist but do not replace proper diagnosis.', 'RRM uses targeted testing to identify nutritional deficiencies before supplement recommendations. Evidence supports CoQ10 for reproductive cell quality, vitamin D for hormonal function, and omega-3 fatty acids for healthy inflammation responses. Supplements support natural fertility when specific deficiencies are documented.', '<p class="direct-answer">RRM uses targeted nutritional testing to identify specific deficiencies before recommending supplements, focusing on CoQ10, vitamin D, folate, and omega-3 fatty acids based on individual metabolic needs and documented evidence.</p>

<h3>RRM''s Evidence-Based Supplement Approach</h3>
<p>Restorative Reproductive Medicine evaluates nutritional status through targeted testing before any supplement recommendations. This means measuring vitamin D levels, assessing MTHFR gene variants for folate metabolism, and evaluating antioxidant markers. The goal is addressing actual nutritional barriers to conception rather than following generic protocols.</p>

<p>CoQ10 and its active form ubiquinol show measurable benefits for both egg and sperm quality in published research. Vitamin D deficiency affects 67-85% of women with PCOS and correlates with endometriosis severity. RRM clinicians correct deficiencies to optimal ranges, not just "normal" laboratory values.</p>

<p>For individuals with MTHFR variants, methylated folate forms are preferred over synthetic folic acid. Omega-3 fatty acids support healthy inflammation responses and hormone production. The guiding principle: supplements support the body''s natural reproductive processes when specific deficiencies exist, but they cannot replace proper diagnosis and treatment of underlying conditions.</p>

<ul class="evidence-list">
<li>CoQ10 supplementation improved oocyte quality markers in women over 35 and enhanced sperm concentration and motility (Bentov et al., 2014; Safarinejad, 2012)</li>
<li>Vitamin D deficiency found in 67-85% of women with PCOS, with correction improving ovulation rates (Thomson et al., 2012)</li>
<li>Myo-inositol restored ovulation in 70% of women with PCOS within 16 weeks (Costantino et al., 2009)</li>
<li>Omega-3 supplementation improved sperm quality parameters in multiple studies (Safarinejad et al., 2010)</li>
</ul>

<p class="key-takeaway">RRM supplement protocols target documented deficiencies through testing, using evidence-based nutrients to support natural reproductive function while addressing root causes of fertility challenges.</p>

<p class="disclaimer">This information is educational and not a substitute for individualized medical care. Consult an RRM clinician or healthcare provider for guidance specific to your situation.</p>', 'Condition-Specific', 'RRM Fertility Supplements: Evidence-Based Recommendations', 'Discover which fertility supplements RRM recommends based on evidence. Learn about CoQ10, vitamin D, folate, and omega-3s for reproductive health optimization.', 135, 'published');
-- MANUAL RESOLUTION NEEDED: faq_library_ref for C35 -> article slug="coenzyme-q10-supplementation-and-oocyte-aneuploidy-in-women-undergoing-ivf-icsi--recemwewsnqzb2dtq" (Bentov Y et al., 2014)
-- INSERT INTO faq_library_ref (faq_id, article_id, sort_order) VALUES ('faq_a1173dc5e8bcf2a468a9d240746a268b', '<resolve article_id for slug: coenzyme-q10-supplementation-and-oocyte-aneuploidy-in-women-undergoing-ivf-icsi--recemwewsnqzb2dtq>', 0);
-- MANUAL RESOLUTION NEEDED: faq_library_ref for C35 -> article slug="vitamin-scpdscp-in-the-aetiology-and-management-of-polycystic-ovary-syndrome-rec5arrhisfdsbcep" (Thomson RL et al., 2012)
-- INSERT INTO faq_library_ref (faq_id, article_id, sort_order) VALUES ('faq_a1173dc5e8bcf2a468a9d240746a268b', '<resolve article_id for slug: vitamin-scpdscp-in-the-aetiology-and-management-of-polycystic-ovary-syndrome-rec5arrhisfdsbcep>', 0);
-- MANUAL RESOLUTION NEEDED: faq_library_ref for C35 -> article slug="metabolic-and-hormonal-effects-of-myo-inositol-in-women-with-polycystic-ovary-sy-rec8rrc4jgfvwqscs" (Costantino D et al., 2009)
-- INSERT INTO faq_library_ref (faq_id, article_id, sort_order) VALUES ('faq_a1173dc5e8bcf2a468a9d240746a268b', '<resolve article_id for slug: metabolic-and-hormonal-effects-of-myo-inositol-in-women-with-polycystic-ovary-sy-rec8rrc4jgfvwqscs>', 0);
-- MANUAL RESOLUTION NEEDED: faq_library_ref for C35 -> article slug="effect-of-omega-3-polyunsaturated-fatty-acid-supplementation-on-semen-profile-an-rec0ckywmwzkpe32y" (Safarinejad MR, 2011)
-- INSERT INTO faq_library_ref (faq_id, article_id, sort_order) VALUES ('faq_a1173dc5e8bcf2a468a9d240746a268b', '<resolve article_id for slug: effect-of-omega-3-polyunsaturated-fatty-acid-supplementation-on-semen-profile-an-rec0ckywmwzkpe32y>', 0);

-- Total: 25 FAQs, 34 resources, 21 library refs (commented out -- need manual article_id resolution)
